unique_id,dg_exp,preds,preds_1,preds_2,preds_3,preds_4,preds_5
wagner_brd4_molecule_61a,-12.0,6.4345290332635035,6.497857683958951,6.3868440473865515,6.321918714034521,6.219148644986921,6.746876075950573
wagner_brd4_molecule_25e,-11.300000190734863,7.025912306511524,6.821600556639679,7.036675310670241,7.098528233076325,7.007103274405365,7.1656541577660064
wagner_brd4_molecule_11,-8.199999809265137,5.918822960587855,5.536027065543311,5.972912467268101,5.945019420884198,6.104821745985905,6.035334103257761
ftase_extraligs_custcore_stereo_molecule_lig_2__deprot,-12.40999984741211,5.358754445022798,5.137739405918595,5.322259610271101,5.468917094373931,5.573869268718929,5.2909868458314335
ftase_extraligs_custcore_stereo_molecule_lig_66__deprot,-12.289999961853027,4.853400843319607,4.94583597940035,4.744857069634876,4.890155654035658,4.923958119279798,4.762197394247351
ftase_extraligs_custcore_stereo_molecule_lig_68__deprot,-12.109999656677246,4.859938904344768,4.949834872894701,4.751056410793672,4.900209410515981,4.931374219408528,4.767219608110955
ftase_extraligs_custcore_stereo_molecule_lig_51_stereo,-11.399999618530272,4.884092981747402,4.961693051762839,4.756529237870574,4.893449642040063,4.990485111618799,4.818307865444735
ftase_extraligs_custcore_stereo_molecule_lig_49_stereo,-11.600000381469728,4.884366670679327,4.962679443897855,4.756529237870574,4.893449642040063,4.990867164143404,4.818307865444735
ptp1b_molecule_23477,-8.850000381469727,5.603471415426539,5.577673476264554,5.723195934915054,5.532230898078231,5.560620628265055,5.623636139609805
ptp1b_molecule_23484,-7.75,5.748130141663276,5.707258523771646,5.70672309750609,5.753967944134336,5.77211873092163,5.800582411982682
ptp1b_molecule_23467,-7.340000152587891,5.560461029393632,5.525162847633109,5.635340690166585,5.5061797074285135,5.556642591810388,5.578979309929567
ptp1b_molecule_20667,-11.420000076293944,5.787016736675804,5.728312171661495,5.763039606284198,5.81305359979339,5.829744530620725,5.800933775019217
ptp1b_molecule_23469,-7.71999979019165,5.639241241687673,5.617485189602827,5.671370346653104,5.618487349792962,5.6224370609131755,5.666426261476298
ptp1b_molecule_23483,-9.869999885559082,5.738370228572436,5.676388990700344,5.720691834305388,5.735430696615604,5.784313186735709,5.775026434505137
ptp1b_molecule_23480,-8.720000267028809,5.7385954782567445,5.66457673073742,5.71335502665521,5.692330655827452,5.825565772442973,5.797149205620667
ptp1b_molecule_23474,-9.109999656677246,5.827762602944299,5.983077415025165,5.747986165159993,5.7601456165661595,5.813373456772197,5.834230361197981
ptp1b_molecule_23473,-8.390000343322754,5.813704345106833,5.795715117741613,5.730295741935139,5.825790224628915,5.845135939455695,5.871584701772803
ptp1b_molecule_23471,-7.75,5.572566943624766,5.544834788944821,5.668606571785116,5.496307726422739,5.56214210301976,5.590943527951395
ptp1b_molecule_20669,-8.609999656677246,5.771436603343526,5.754319366170632,5.666505497017466,5.777284355762615,5.814338189819046,5.844735607947871
ptp1b_molecule_23476,-9.40999984741211,5.556024186792991,5.566239479017742,5.653746135882856,5.505155263372657,5.504830760949439,5.550149294742258
ptp1b_molecule_23466,-7.849999904632568,5.51581779523302,5.503819017759246,5.626842972732927,5.445841245717251,5.485481982320852,5.517103757634826
ptp1b_molecule_23472,-8.649999618530273,5.8134613687813035,5.7870226258708115,6.002990583057121,5.770322288311374,5.680215434684746,5.826755911982464
ptp1b_molecule_23482,-10.010000228881836,5.706792891275682,5.640615667164831,5.726101704112941,5.6585086535407685,5.750490171408432,5.758248260151437
ptp1b_molecule_23486,-12.470000267028809,5.89467542589031,5.829375968614992,5.882730202618153,5.967236797456715,5.913000908916659,5.881033251845034
ptp1b_molecule_23470,-7.71999979019165,5.62936141777709,5.630635782764142,5.702800131458356,5.554696132253347,5.637227388021444,5.6214476543881595
ptp1b_molecule_23468,-7.75,5.682759192089437,5.568484327972042,5.724363790502185,5.716275526904087,5.6676633558984175,5.737008959170451
ptp1b_molecule_23485,-11.010000228881836,5.8423864958961635,5.769446020216264,5.7991427205701775,5.875800763547548,5.889524300274032,5.878018674872794
ptp1b_molecule_23330,-10.130000114440918,5.714374772782749,5.871663190871838,5.715921653324763,5.616822046248866,5.715023715394393,5.65244325807388
ptp1b_molecule_20670,-9.079999923706056,5.562014316912602,5.580149607072379,5.654178264361494,5.509130584148616,5.504578142673763,5.562034986306762
ptp1b_molecule_23479,-9.140000343322754,5.752303512307293,5.714101912669383,5.732279067237939,5.712607414142725,5.822383621152186,5.780145546334232
ptp1b_molecule_23475,-8.720000267028809,5.559415547133293,5.5797440571545724,5.652155064017489,5.503127098773901,5.504716247905899,5.557335267814602
mcl1_extra_flips_molecule_23,-8.829999924,6.104191114963046,6.0067720149606085,6.037266584957888,6.195562338227702,6.090912973302418,6.190441663366611
mcl1_extra_flips_molecule_26,-8.239999771,6.13562203921027,5.994213167500175,6.080765422144636,6.22830716538318,6.1090156072877475,6.2658088337356075
mcl1_extra_flips_molecule_27,-6.119999886,5.8985296295887455,5.8676678304053675,5.855869012862767,5.9406770761804575,5.895676369092475,5.932757859402662
mcl1_extra_flips_molecule_28,-6.619999886,6.005300047424769,6.003053526621929,5.952552217822432,6.033121710388928,6.004566774284225,6.0332060080063314
mcl1_extra_flips_molecule_29,-6.940000057,5.996240086600403,5.936966308302936,5.987800870230344,6.06489578212496,5.957484364760066,6.034053107583705
mcl1_extra_flips_molecule_30_flip,-7.849999905,5.967880666428735,5.972785908340514,5.8642385812677364,6.014333540139606,6.00416322676524,5.9838820756305795
mcl1_extra_flips_molecule_31,-7.920000076,5.998449563481392,5.941142238452382,5.974483073029975,6.069080630474432,5.974498792145532,6.033043083304641
mcl1_extra_flips_molecule_32,-6.579999924,5.9669409718355,5.977838222244091,5.874658201474443,6.0028698207899565,6.001030427734157,5.97830818693485
mcl1_extra_flips_molecule_33,-6.880000114,5.979028887807695,6.027785282672485,5.875716613115397,6.037505725334661,5.971564866224151,5.982571951691781
mcl1_extra_flips_molecule_34,-6.869999886,5.997437579947177,5.958973614996635,5.952860585829807,6.066825748384839,5.981357299051069,6.0271706514735355
mcl1_extra_flips_molecule_35,-8.81000042,6.245610166345671,6.248407315575512,6.180515404797868,6.314062663688366,6.224115513561231,6.260949934105377
mcl1_extra_flips_molecule_36,-8.180000305,6.246432763986056,6.260853145032486,6.1575497000179595,6.258828001844948,6.270413563924473,6.284519409110419
mcl1_extra_flips_molecule_37,-8.949999809,6.502704414685186,6.5914143055427,6.350350266754124,6.552236045438092,6.559038974624866,6.460482481066149
mcl1_extra_flips_molecule_38_flip,-7.019999981,6.101021691446152,6.052881788887001,6.0028626091797115,6.224696339681624,6.0900738895934134,6.1345938298890115
mcl1_extra_flips_molecule_39,-7.03000021,6.051163098853841,5.93302143250726,5.9977639322921315,6.166940477397978,6.03052383513248,6.127565816939354
mcl1_extra_flips_molecule_40_flip,-7.25,6.206810530223061,6.165971854344669,6.017482432937635,6.3407998602544176,6.272586453700662,6.237212049877921
mcl1_extra_flips_molecule_41_flip,-7.130000114,6.129597447435922,6.0955363800495235,6.0536930322423474,6.1961864417335075,6.118094565800358,6.1844768173538744
mcl1_extra_flips_molecule_42,-8.899999619,6.078160672442241,6.0117571277050255,6.012074025125132,6.213542007777494,6.0573952853376145,6.09603491626594
mcl1_extra_flips_molecule_43_flip,-7.03000021,6.04547313558031,5.941411791985306,5.9621620879296495,6.1596169521834065,6.040772300137606,6.12340254566558
mcl1_extra_flips_molecule_44,-8.670000076,6.601175230830324,6.619688562629792,6.594718537027142,6.643996708004584,6.617935557524726,6.529536788965383
mcl1_extra_flips_molecule_45,-8.949999809,6.149332770850675,6.219928761273667,5.977279093884037,6.184561993842577,6.164970848144368,6.199923157108731
mcl1_extra_flips_molecule_46_flip,-7.599999905,6.122913600483239,6.070862993340375,6.023092561177572,6.228441910031845,6.121555577524564,6.1706149603418385
mcl1_extra_flips_molecule_47_flip,-5.78000021,6.069039499594394,5.923461583560528,5.99645427011109,6.16501056775035,6.091179138654311,6.169091937895695
mcl1_extra_flips_molecule_48_flip,-6.659999847,6.092328685051611,6.082052670828101,5.980640268738546,6.162116685048577,6.117342092426626,6.119491708216206
mcl1_extra_flips_molecule_49,-8.359999657,6.77462937031611,6.777398877524795,6.755670361292556,6.777253684026878,6.805554916532926,6.757269012203393
mcl1_extra_flips_molecule_50,-9.329999924,7.1707207739018815,7.102463003815387,7.28138296948091,7.30589601279203,7.066914077982051,7.0969478054390285
mcl1_extra_flips_molecule_51,-8.449999809,6.7467850342159235,6.652297081099998,6.6994181806565924,6.9059660670605085,6.725595209477701,6.750648632784816
mcl1_extra_flips_molecule_52,-9.229999542,6.651790135166213,6.684268408369509,6.566917209220148,6.615655265938606,6.698391642702091,6.693718149600712
mcl1_extra_flips_molecule_53,-9.960000038,7.0930659111183605,7.022103112855236,7.190404139970259,7.189053929365007,7.007990453053192,7.055777920348107
mcl1_extra_flips_molecule_54,-9.779999733,6.573650400434817,6.535138831652236,6.493294530187172,6.650907394161127,6.629631817204896,6.559279428968651
mcl1_extra_flips_molecule_56,-9.260000229,6.593821646152692,6.580440293282431,6.4242600604703926,6.5859592893037915,6.7528051384035495,6.625643449303296
mcl1_extra_flips_molecule_57,-9.039999962,6.146983722767529,6.083748011930876,6.060069172671741,6.2312834818376555,6.133507735498367,6.226310211899005
mcl1_extra_flips_molecule_58,-9.409999847,7.18943442083408,7.128227162024229,7.265855662792134,7.207920347169675,7.170097900854104,7.175071031330252
mcl1_extra_flips_molecule_60,-8.920000076,6.514403891293308,6.49945447803687,6.393372506712845,6.549097177764337,6.577462709387521,6.552632584564969
mcl1_extra_flips_molecule_61,-8.079999924,7.142280701457034,7.055750735236924,7.165266319415313,7.292680756776021,7.104530385835119,7.093175310021791
mcl1_extra_flips_molecule_62,-7.960000038,6.606496270730399,6.536231685215833,6.550509960098565,6.685823555675182,6.647860381136679,6.612055771525737
mcl1_extra_flips_molecule_63,-9.06000042,7.168867679569734,7.075330576849889,7.274340287863512,7.218933641512698,7.131289394118766,7.144444497503807
mcl1_extra_flips_molecule_64,-9.5,6.5978312942127415,6.5338758359807185,6.583627924875325,6.635886498161213,6.625748952491353,6.6100172595551
mcl1_extra_flips_molecule_65,-8.409999847,7.072748170988835,6.972340684523121,7.185101357755302,7.14782305670638,7.010850216348024,7.047625539611351
mcl1_extra_flips_molecule_66,-8.430000305,6.273952849195398,6.270583198205883,6.150046976293714,6.343229328440236,6.275794940580487,6.330109802456671
mcl1_extra_flips_molecule_67,-7.579999924,6.585684968612343,6.637174599494912,6.43984831234544,6.586996859263795,6.607507180754258,6.6568978912033065
mcl1_extra_flips_molecule_68,-7.690000057,6.567709585659324,6.491821777165873,6.543742289320567,6.608678527680685,6.562664114105203,6.631641220024295
cdk2_molecule_17,-7.039999961853027,6.416572082543469,6.655371991357116,6.338720744961153,6.209258818209309,6.383735776504423,6.495773081685343
cdk2_molecule_28,-11.109999656677246,6.746358809118343,6.947436556528937,6.417924107678333,6.836428652586132,6.892231295695393,6.63777343310292
cdk2_molecule_22,-7.860000133514404,6.7621296987264845,6.910586854488317,6.526184051623914,6.740587510833011,6.9384098390654385,6.694880237621743
cdk2_molecule_30,-9.8100004196167,6.745560156094851,6.927650931965208,6.42027279362071,6.845582264465541,6.8921529447974,6.642141845625396
cdk2_molecule_1h1r,-7.670000076293945,6.486554856744965,6.694927696638644,6.424054514686784,6.249256879747591,6.46858932650743,6.59594586614438
cdk2_molecule_1h1s,-11.25,6.727698232969769,6.940072351179482,6.388581106258479,6.81573838051902,6.866709427266661,6.627389899625198
cdk2_molecule_21,-7.829999923706055,6.845663215851145,6.961878071215639,6.759912301656665,6.838897120656484,6.975698138059396,6.691930447667544
cdk2_molecule_1oiy,-9.789999961853027,6.650886365189081,6.8475080040399865,6.36576457013682,6.630008231347424,6.8071929489924585,6.6039580714287105
cdk2_molecule_1oiu,-9.079999923706056,6.370171564756842,6.704844822663366,6.2322318618491455,6.160274992223496,6.336583352986784,6.41692279406142
cdk2_molecule_31,-9.539999961853027,6.697426446512,6.899937927792312,6.410148854698766,6.673866085538934,6.868522410436036,6.634656954093955
cdk2_molecule_29,-9.880000114440918,6.851519582185425,7.007975773961337,6.700179617489646,6.968236893591012,6.9351736351561675,6.646031990728964
cdk2_molecule_26,-8.430000305175781,6.831281514550355,6.937656115054394,6.717901560899491,6.83338691707199,6.961316548541389,6.706146431184512
cdk2_molecule_1oi9,-9.739999771118164,6.8300458554958166,6.938126447674842,6.7611363039878265,6.811493422126787,6.947325313325139,6.692147790364488
cdk2_molecule_20,-8.720000267028809,6.828212770886336,6.95828999940087,6.80670570947845,6.807188085754961,6.88406333501072,6.684816724786677
cdk2_molecule_32,-9.75,7.735254157845657,7.7359763463040165,7.588743696145941,8.233550958901333,7.688681648913559,7.429318138963435
cdk2_molecule_1h1q,-8.180000305175781,6.091152475243223,6.084679360635751,6.223985404225672,5.999187994979119,5.872962740799275,6.2749468755762985
jnk1_manual_flips_molecule_18626-1,-8.869999885559082,5.980525001307785,6.041435668343213,5.9046560786392215,5.918940366671735,5.936291422275319,6.101301470609437
jnk1_manual_flips_molecule_18628-1_flip,-8.699999809265137,6.2331480335687335,6.430700440487087,6.176315523626384,6.067252934349239,6.234919131021069,6.25655213835989
jnk1_manual_flips_molecule_18629-1,-8.670000076293945,6.035803121773287,6.08674994772706,6.086275587069832,5.946101629888787,5.930091925753729,6.129796518427029
jnk1_manual_flips_molecule_18636-1,-7.510000228881836,6.5018110191768645,6.676050355528299,6.271474561824899,6.508620528244527,6.599429350093373,6.453480300193223
jnk1_manual_flips_molecule_17124-1,-9.68000030517578,7.085489203877152,7.234051893811829,7.071837499411416,7.105824651856201,7.094438207904583,6.921293766401733
jnk1_manual_flips_molecule_18627-1,-8.479999542236328,5.940143798778396,5.9412909943546515,5.887902905422287,5.918502328662798,5.913592209890558,6.0394305555616885
jnk1_manual_flips_molecule_18638-1,-10.09000015258789,7.213054886055332,7.332881905450694,7.233829517725136,7.299821011949417,7.181329109349904,7.01741288580151
jnk1_manual_flips_molecule_18659-1,-9.470000267028809,6.565746742449714,6.74149645446331,6.364161291685162,6.540419857472639,6.632471751555776,6.550184357071681
jnk1_manual_flips_molecule_18639-1,-9.739999771118164,7.130384805409517,7.297373993745716,7.093238899376854,7.1901591935080775,7.108844528412754,6.962307412004183
jnk1_manual_flips_molecule_18634-1,-9.989999771118164,6.523228833835603,6.75360905478097,6.29922028467581,6.51372466384734,6.60055963289981,6.449030532974081
jnk1_manual_flips_molecule_18630-1,-9.140000343322754,5.862891454099453,5.885519574681493,5.824362879677829,5.84980019993355,5.8396543046264195,5.9151203115779705
jnk1_manual_flips_molecule_18637-1,-10.140000343322754,7.1285797246946085,7.282606021752571,7.101316054790168,7.167989268372929,7.117644981650966,6.973342296906413
jnk1_manual_flips_molecule_18658-1,-9.699999809265137,6.531139408692209,6.682599011628817,6.331035956188813,6.544538125955315,6.607006287634114,6.490517662053986
jnk1_manual_flips_molecule_18632-1,-9.079999923706056,6.037776326318527,6.092126932514212,6.082895720157416,5.953046988956324,5.92011144057344,6.140700549391245
jnk1_manual_flips_molecule_18633-1,-9.170000076293944,5.876782014552723,5.913340607531268,5.8294961787416995,5.866626587877746,5.8478568721198645,5.926589826493039
jnk1_manual_flips_molecule_18635-1,-7.289999961853027,6.6148323950090075,6.759716195384446,6.529663624531933,6.612041251241627,6.6896972275575495,6.483043676329481
jnk1_manual_flips_molecule_18631-1,-9.40999984741211,6.040785479443142,6.084524650255455,6.096542926944082,5.967933976550953,5.9501181224704345,6.104807720994781
jnk1_manual_flips_molecule_18660-1,-8.699999809265137,6.628141708483237,6.77077173245779,6.393675574951344,6.711254488600718,6.690956582126378,6.574050164279953
jnk1_manual_flips_molecule_18625-1,-8.109999656677246,6.1570799410658905,6.202195326813861,6.216866877869233,6.064436733002537,6.046108770437652,6.2557919972061695
jnk1_manual_flips_molecule_18624-1,-8.489999771118164,5.780512641209544,5.763214342690387,5.759113667535632,5.726933584740271,5.783477221328248,5.869824389753181
jnk1_manual_flips_molecule_18652-1,-10.68000030517578,7.224053253288822,7.354571479734787,7.258880096371509,7.293341246531921,7.185010273545713,7.0284631702601805
thrombin_core_molecule_6a,-9.18000030517578,6.335610331775419,6.343042180678762,6.59163899430795,6.2869705981145065,6.175550746150491,6.280849139625384
thrombin_core_molecule_3a,-8.319999694824219,6.074012177866438,6.213451544315445,6.042997906372583,6.002520927886578,6.027689735305978,6.083400775451602
thrombin_core_molecule_1d,-8.25,6.097793407174726,6.128196778709796,6.289604388831779,5.995173996719142,5.977639450498424,6.0983524211144875
thrombin_core_molecule_6e,-8.90999984741211,6.323816048166204,6.32398771827349,6.547330687989767,6.322049206347734,6.152253651807569,6.27345897641246
thrombin_core_molecule_6b,-8.890000343322754,6.367937679160915,6.450346882860749,6.566901230862939,6.313763666216766,6.21360517130626,6.295071444557861
thrombin_core_molecule_1b,-8.460000038146973,6.264757043916311,6.293029309522868,6.485539746934839,6.2338129455898255,6.0850452165693785,6.226358000964648
thrombin_core_molecule_1a,-7.480000019073486,5.999521157233877,6.054406357346958,6.004648244635326,5.997806210796131,5.930799176690939,6.0099457967000305
thrombin_core_molecule_5,-7.579999923706055,5.80520248983672,5.879942294109046,5.681663991994214,5.795397612235315,5.835323097614985,5.833685453230038
thrombin_core_molecule_3b,-7.860000133514404,6.192650248601426,6.279523567140632,6.225745313528729,6.117357140192279,6.1372256331780966,6.20339958896739
thrombin_core_molecule_7a,-8.220000267028809,6.280559211953401,6.379393448153364,6.44460264205728,6.131173673430195,6.215614121852881,6.232012174273283
thrombin_core_molecule_1c,-8.5600004196167,6.095385165316179,6.125288626487831,6.28859366437709,5.994261700073826,5.9712841141454325,6.097497721496716
tyk2_molecule_jmc_23,-11.699999809265137,5.480389354799191,5.281278758928146,5.858565151810779,5.463085683808082,5.35326450008664,5.445752679362308
tyk2_molecule_ejm_47,-9.699999809265137,5.536553993185005,5.3274881006636114,5.8713670616515214,5.529239759690742,5.466474289241945,5.488200754677204
tyk2_molecule_ejm_49,-7.75,5.509545994352507,5.220774146922198,5.939630887902961,5.454008334725475,5.401759334899599,5.5315572673123015
tyk2_molecule_ejm_31,-9.539999961853027,5.548264070464763,5.346644707884552,5.90771764578974,5.469522459785847,5.491946013991055,5.525489524872624
tyk2_molecule_ejm_45,-9.5600004196167,6.112212754393818,6.120842804755807,6.140516078878116,6.179622582900823,6.021912984681646,6.098169320752694
tyk2_molecule_ejm_44,-7.420000076293945,5.693755000908615,5.503905581098163,6.068626260080563,5.575641678161211,5.715596062637599,5.605005422565539
tyk2_molecule_ejm_43,-8.260000228881836,5.6283926458510045,5.48179427118867,5.996064386624342,5.526189468580217,5.5518795501599225,5.58603555270187
tyk2_molecule_ejm_50,-8.979999542236328,6.017354370425514,5.9121410501218605,6.126663334248488,6.077506755782918,5.918886918348031,6.05157379362628
tyk2_molecule_ejm_42,-9.779999732971191,6.111405201264529,6.022271454774026,6.2113646029649905,6.146008005867806,6.064101986293054,6.113279956422767
tyk2_molecule_ejm_55,-9.210000038146973,5.602324886632048,5.356742219471077,5.946109938111419,5.500979218284962,5.554411146395089,5.653381910897692
tyk2_molecule_ejm_48,-9.0,5.5538878248453205,5.342861207961222,5.880775682814737,5.537348947196977,5.482887442390436,5.525565843863234
tyk2_molecule_ejm_54,-10.529999732971191,6.081543633507437,6.0098275573261715,6.17715079892546,6.125429312104922,5.996123036794534,6.099187462386091
tyk2_molecule_jmc_28,-10.979999542236328,5.548113033376595,5.365288132217342,5.900661375134556,5.505206578846317,5.485609240951942,5.483799839732817
tyk2_molecule_jmc_27,-11.279999732971191,5.478257198838561,5.2926964495098465,5.847425509386053,5.457343836790323,5.351075504744273,5.442744693762309
tyk2_molecule_jmc_30,-10.9399995803833,5.4555114135396305,5.240183301525636,5.83837252864563,5.437139509208472,5.341507632860924,5.420354095457495
tyk2_molecule_ejm_46,-11.3100004196167,5.507630112230896,5.296944389397155,5.857364910849778,5.495693828771062,5.424670271500308,5.463477160636176
p38_molecule_2j,-10.079999923706056,8.410267714474545,8.892013234128491,7.919784365347027,8.602353416932132,8.369629348970108,8.267558206994963
p38_molecule_2gg,-10.65999984741211,8.428127648382027,8.934023217458353,7.786937349954699,8.553761756762094,8.487859800472036,8.378056117262956
p38_molecule_2q,-12.260000228881836,8.547771850473733,8.92050081955604,7.932815913602645,8.678531150151013,8.663794085500438,8.543217283558528
p38_molecule_2t,-11.850000381469728,8.455139359769571,8.900680251773027,7.820464560280852,8.597671939360668,8.57829521074406,8.378584836689257
p38_molecule_2g,-10.65999984741211,6.618681149231421,6.851150063105177,6.384037653370505,6.35741004643509,6.597412400663938,6.903395582582394
p38_molecule_2l,-12.260000228881836,8.447688142552432,8.894952733268793,7.825771903820194,8.594304685578768,8.560371974002862,8.36303941609154
p38_molecule_2ee,-12.260000228881836,8.506432861593783,8.944110741376102,7.7935937244703,8.697540772828495,8.529972152024468,8.566946917269545
p38_molecule_2aa,-9.270000457763672,7.999346434881801,8.436846024269194,7.463747736865844,8.13193826439222,8.050697161872785,7.913502987008961
p38_molecule_2o,-10.489999771118164,8.425978297885568,8.93220419418493,7.831815764698564,8.62435690658179,8.444367216568375,8.297147407394185
p38_molecule_3flw,-10.68000030517578,7.986862758497715,8.44514558482598,7.425505246070512,8.134276866884207,8.02521491310532,7.904171181602558
p38_molecule_2u,-12.260000228881836,8.657434859382683,8.994462760768712,7.9802734179953445,8.842042513832435,8.775128631746858,8.69526697257006
p38_molecule_2p,-11.199999809265137,8.427588730839881,8.927547611170658,7.83473712202418,8.63377732836492,8.441863164504287,8.300018428135356
p38_molecule_2h,-9.479999542236328,6.8614794439764655,7.154387189966228,6.959998693730451,6.388870902571359,6.675198560805378,7.12894187280891
p38_molecule_3fmk,-11.829999923706056,8.072340251964345,8.39814313592295,7.498578761314035,8.231410207375108,8.141034692141343,8.092534463068294
p38_molecule_2i,-10.050000190734863,6.6928517296571695,7.031568656759415,6.422084270340462,6.441692001085827,6.580578255432682,6.988335464667461
p38_molecule_2f,-8.479999542236328,6.634616685892887,6.8995647620125995,6.39194638181884,6.358588863115441,6.608098150284465,6.9148852722330885
p38_molecule_2x,-10.229999542236328,8.471666428016135,8.900140422364121,7.827737966326234,8.598739799360319,8.594539779167592,8.437174172862411
p38_molecule_2ff,-11.4399995803833,8.442289277238975,8.950581240819476,7.794576473234277,8.595414491908388,8.499262947872372,8.371611232360364
p38_molecule_2k,-10.550000190734863,7.587957623398532,7.42064652106486,7.456950411072432,7.799013929589,7.774476700681552,7.488700554584816
p38_molecule_2n,-11.850000381469728,8.407757912739312,8.939216358633661,7.81646030529342,8.624686360149818,8.38596158551876,8.272464954100904
p38_molecule_3flq,-9.93000030517578,8.015015330654268,8.412753774277823,7.513312990212911,8.146651183539685,8.052773618526226,7.949585086714691
p38_molecule_3fln,-10.880000114440918,8.481855604411562,8.903892074484192,7.842119128463181,8.602008345215323,8.610251821078926,8.451006652816192
p38_molecule_2e,-10.699999809265137,6.620232854786934,6.856500331380049,6.370193867597862,6.318023411291451,6.646757711480131,6.909688952185174
p38_molecule_3fmh,-10.829999923706056,8.096206966495517,8.395710909021167,7.491278124361002,8.239756344938858,8.211312257957122,8.142977196199434
p38_molecule_2c,-10.460000038146973,6.424756831024091,6.461824719781807,6.391593100423803,6.221708666766862,6.433546155534773,6.615111512613208
p38_molecule_2y,-9.779999732971191,8.02080260466089,8.359387801164457,7.455273784144506,8.164494398996915,8.143203211755251,7.981653827243325
p38_molecule_2s,-11.109999656677246,8.437730572787302,9.03093754618449,7.847082968285852,8.628179076224148,8.388205938354096,8.29424733488792
p38_molecule_2m,-10.960000038146973,8.506984239161785,8.92425366005242,7.853522211942963,8.622330448932075,8.632049106569054,8.502765768312406
p38_molecule_2bb,-9.0600004196167,7.99734531465201,8.395658673107897,7.485244715590684,8.144381668506414,8.04642747605402,7.915014040001031
p38_molecule_2v,-8.970000267028809,8.036498100800717,8.3280832863431,7.465740478255744,8.13468649310392,8.207992973052928,8.04598727324789
p38_molecule_2r,-10.789999961853027,8.474685307649391,8.93588982669112,7.840283646775751,8.656537473748674,8.568907099347946,8.371808491683462
p38_molecule_3flz,-9.489999771118164,6.1905335062664735,6.01865735457076,6.13037059885202,6.053131366776642,6.259036302129717,6.491471909003231
p38_molecule_2z,-10.359999656677246,8.019485034069284,8.352878289918426,7.448934203413793,8.16653240452904,8.15155245025266,7.9775278222325
p38_molecule_3fly,-11.420000076293944,8.038601218048523,8.337100819075133,7.48170039765514,8.130062212204319,8.185133745103027,8.059008916205002
bace_molecule_CAT-13n,-8.543000221252441,5.653457391396726,5.54096168948086,5.672052542292333,5.547962293558429,5.768843106886511,5.7374673247654995
bace_molecule_CAT-13e,-9.963000297546388,5.641997058328869,5.596127703665523,5.64534382437809,5.483499574131528,5.707503984252947,5.77751020521626
bace_molecule_CAT-4a,-7.933000087738037,5.438313746840629,5.321554645474408,5.458826467923381,5.349991992566678,5.435202206751744,5.625993421486939
bace_molecule_CAT-4m,-9.152999877929688,5.60365065278706,5.494644101763993,5.561112605549346,5.470870093047121,5.794716372771022,5.696910090803817
bace_molecule_CAT-17b,-10.02299976348877,5.678317209478232,5.594535149971485,5.573060482313784,5.5681308461048244,5.817514078536064,5.8383454904650005
bace_molecule_CAT-13j,-8.732999801635742,5.648518480632834,5.543832674067352,5.6780962043713545,5.516440912703497,5.769946073150458,5.734276538871509
bace_molecule_CAT-13d,-10.472999572753906,5.653862648077696,5.596510626598306,5.661990752762025,5.492594288574891,5.730989112311677,5.787228460141575
bace_molecule_CAT-13b,-9.123000144958496,6.547437944455732,6.284782769577862,6.83202110787315,6.446463720232311,6.5068359921745325,6.667086132420803
bace_molecule_CAT-13a,-8.843000411987305,5.9365910012869225,5.630559343916878,6.4551613081812675,5.594728063587882,6.010057512320834,5.992448778427748
bace_molecule_CAT-13h,-9.633000373840332,5.967998391899124,5.719448188098223,6.455207813768928,5.6326944050183645,6.00325900943651,6.029382543173592
bace_molecule_CAT-13o,-8.543000221252441,5.638388793106852,5.5199251739279,5.668146185288279,5.527131561015441,5.773833091730278,5.702907953572363
bace_molecule_CAT-13g,-9.093000411987305,5.668509400356886,5.627050207438577,5.641407149273374,5.495306929231615,5.771416807384083,5.807365908456781
bace_molecule_CAT-4k,-7.853000164031982,5.456741060776202,5.351963242816915,5.453784453110334,5.354102352871399,5.49083261702044,5.633022638061925
bace_molecule_CAT-17g,-9.743000030517578,5.53167590184417,5.400824365025068,5.4810879336826,5.429687438972947,5.670411640407261,5.676368131132977
bace_molecule_CAT-4l,-9.343000411987305,5.453563594835254,5.337356234694597,5.457990270478572,5.355266836648799,5.493157304996433,5.62404732735787
bace_molecule_CAT-4j,-9.02299976348877,5.461352906273333,5.3472778567130845,5.469406580249691,5.392906343274093,5.471711981806877,5.625461769322919
bace_molecule_CAT-4n,-9.093000411987305,5.524955635212615,5.367025892854766,5.5127489392181435,5.437328787960488,5.661651750400408,5.64602280562927
bace_molecule_CAT-13i,-9.27299976348877,6.29857401449426,6.381931810211465,6.159258489401714,6.336442361911076,6.236665144869679,6.3785722660773665
bace_molecule_CAT-17f,-9.42300033569336,5.512734233972,5.366897788966925,5.484775496747869,5.380953897803635,5.66329566300405,5.667748323337523
bace_molecule_CAT-4p,-10.083000183105469,5.647764282381128,5.52413012425094,5.683582419899158,5.521985800503706,5.770450159770017,5.738672907481819
bace_molecule_CAT-13c,-9.322999954223633,6.004663474983164,5.702321748411261,6.545465960254301,5.642710714658706,6.079040853474063,6.05377809811749
bace_molecule_CAT-24,-11.350000381469728,5.62342400847064,5.561807886311762,5.521823852691947,5.485713956021705,5.788098781021475,5.7596755663063135
bace_molecule_CAT-4i,-8.262999534606934,5.479315643989712,5.354295170180911,5.4703339851034505,5.391699215738348,5.550289597860758,5.629960251065094
bace_molecule_CAT-4c,-7.853000164031982,5.644961356414247,5.493214188939894,5.568644145682787,5.574768144069381,5.803369942209017,5.784810361170154
bace_molecule_CAT-17i,-9.472999572753906,5.600376374447988,5.528627884142894,5.518305181272545,5.45371122566088,5.763983516803091,5.737254064360528
bace_molecule_CAT-13k,-9.70300006866455,5.645769341302478,5.533247774658464,5.678276279173776,5.513199650921841,5.773111140101497,5.7310118616568175
bace_molecule_CAT-17a,-10.732999801635742,5.871359546249451,5.765072728410469,6.208574252579444,5.599300373680738,5.844777477407347,5.939072899169257
bace_molecule_CAT-17c,-9.86299991607666,5.523027221351202,5.396600107007195,5.479460260215687,5.391559632587793,5.668047415997384,5.679468690947948
bace_molecule_CAT-4o,-9.383000373840332,5.551290508685023,5.369289783230086,5.541642500064591,5.463695322755756,5.72402744700159,5.657797490373091
bace_molecule_CAT-17d,-9.42300033569336,5.435186428182746,5.342523726365279,5.414386996862793,5.3377493624019765,5.45211129853339,5.629160756750297
bace_molecule_CAT-4b,-9.633000373840332,5.6719808054428995,5.556105705078099,5.58600282224763,5.551366164304085,5.859844042565001,5.806585293019685
bace_molecule_CAT-13f,-9.093000411987305,5.643860723094022,5.610628569390527,5.634633156006635,5.485982248933633,5.713880180024369,5.774179461114948
bace_molecule_CAT-4d,-9.11299991607666,6.011896247019075,6.0537310122213706,5.888180107693589,5.899668495590744,6.052394108911211,6.165507510678459
bace_molecule_CAT-13m,-8.762999534606934,5.6387393174562925,5.519797129525394,5.682917466317237,5.510031469965841,5.7337242276290326,5.747226293843958
bace_molecule_CAT-17h,-10.333000183105469,5.642259789937764,5.558540889124434,5.649743846361234,5.481490291898405,5.745491175995788,5.776032746308961
bace_molecule_CAT-17e,-10.02299976348877,5.673821685049093,5.57438586616637,5.548214735839845,5.569876056522995,5.833126681710761,5.843505085005501
jnk1_molecule_6a,-8.40999984741211,5.684179584652148,5.682807126950967,5.723717175216574,5.609088807152739,5.608267550394167,5.797017263546299
jnk1_molecule_19a_neu,-6.860000133514404,5.692894808102762,5.725325728245886,5.738264755838041,5.620163540211166,5.597916429192554,5.782803587026165
jnk1_molecule_19b_neu,-7.300000190734863,5.668508068461773,5.668160609483566,5.714946889871139,5.632881246745603,5.532075579237003,5.794476016971556
jnk1_molecule_19b_charg,-7.300000190734863,5.665819982306898,5.665055697710929,5.709459916689967,5.622581982146315,5.540264929347927,5.79173738563935
jnk1_molecule_19a_charg,-6.860000133514404,5.696150415695243,5.737173818883591,5.732855527113659,5.620163540211166,5.604399199282718,5.786159992985081
egfr_molecule_21,-9.88,8.185187769303509,8.364852338501734,7.487608424965527,8.382405765643924,8.350597905571789,8.340474411834569
egfr_molecule_27neu,-9.94,8.176017960090444,8.37769117008056,7.460303290684361,8.399904470753844,8.30761034173616,8.334580527197295
egfr_molecule_27chargR,-9.94,8.012189826742325,8.325172453237101,7.382612929540434,8.163679965939012,8.001283317324035,8.188200467671045
egfr_molecule_27chargS,-9.94,8.025472402028518,8.334173821799242,7.3898176936802935,8.186661789680441,8.023656393395111,8.193052311587506
egfr_molecule_28neu,-10.7,8.162344241157118,8.364715757379347,7.4621930389422575,8.373895541687487,8.305789774883134,8.30512709289336
egfr_molecule_28charg,-10.7,8.176667222238276,8.368123829122824,7.47891282683603,8.38785680744485,8.316070332979123,8.332372314808556
egfr_molecule_29neu,-10.46,7.836357507621483,8.254727820968286,7.150467564483549,7.985710515260311,7.869152372890177,7.92172926450509
egfr_molecule_29charg,-10.46,7.835987545158775,8.256059426387766,7.149541838910981,7.985907579513635,7.866699616476408,7.92172926450509
egfr_molecule_30neu,-11.25,7.992780874337083,8.327995974681057,7.373955323846614,8.147394861928321,7.950500841168548,8.164057370060876
egfr_molecule_30charg,-11.25,7.9974783468678226,8.328971728861355,7.379220551066113,8.147907667346164,7.965334734787533,8.165957052277951
ptp1b_molecule_26charg,-7.440000057220459,5.683033468807742,5.720108171436239,5.662649512986187,5.669592689921919,5.644126574745402,5.718690394948962
ptp1b_molecule_26neu,-7.440000057220459,5.682040939375971,5.717657198548504,5.655905503149939,5.673999612888518,5.642222583729426,5.720419798563471
ptp1b_molecule_27,-9.229999542236328,5.8343068630821495,5.7901712710796325,5.721668668687021,5.8214698737018304,5.9219801137245405,5.916244388217726
ptp1b_molecule_32,-11.529999732971191,5.98049658183959,5.920010454952452,5.826239306735496,6.047830750931282,6.067314912651232,6.041087483927488
irak4_s2_molecule_17charg,-10.109999656677246,6.469897165222579,6.388951952612856,6.515525028939599,6.4604248350345665,6.354570505948192,6.6300135035776835
irak4_s2_molecule_17neu,-10.109999656677246,6.443629758288667,6.359354399421704,6.430541424428972,6.430368188761981,6.340806147122429,6.657078631708251
irak4_s2_molecule_5neu,-9.609999656677246,6.474307652357315,6.447693990788156,6.724090096717502,6.431641166879834,6.262437948706174,6.505675058694911
irak4_s2_molecule_18,-10.920000076293944,6.43463096181258,6.316211177508828,6.461329514204388,6.393938233455613,6.358752936380371,6.642922947513694
irak4_s2_molecule_6,-8.510000228881836,6.1394885248401625,6.148681442857384,6.212748035088294,6.1783099226273785,5.963697542445626,6.19400568118213
irak4_s2_molecule_5charg,-9.609999656677246,6.471634520054299,6.4464359337319355,6.723734333974116,6.428532039957603,6.262790554143528,6.4966797384643105
irak4_s2_molecule_14,-10.109999656677246,6.3828195244491175,6.3125029056346245,6.3798973119141875,6.387407808780502,6.285827209444073,6.5484623864722025
dlk_molecule_9,-8.729999542236328,5.616446754383551,5.41113920766273,5.585519815712123,5.473068970282375,5.788603922771239,5.8239018554892885
dlk_molecule_17charg,-10.4399995803833,5.474120725044081,5.271720539103389,5.535865876489171,5.281895479754444,5.585187871668502,5.695933858204898
dlk_molecule_17neu,-10.4399995803833,5.527676687078888,5.33026100683965,5.516670933269561,5.39096191344701,5.622332839784627,5.778156742053589
dlk_molecule_4charg,-9.329999923706056,5.563151416010041,5.389382042015185,5.570097782962089,5.360866836462039,5.749606068235435,5.745804350375456
dlk_molecule_4neu,-9.329999923706056,5.564882443552624,5.39059927548129,5.572205344971969,5.361214332338017,5.749590960496944,5.7508023044748935
dlk_molecule_18,-9.979999542236328,5.485721335727346,5.269394785632836,5.51016571345562,5.2816647743557725,5.6181534976167455,5.749227907575754
dlk_molecule_8,-10.510000228881836,5.452484020649676,5.268579808540011,5.49690293231698,5.274006095598736,5.56693764549006,5.655993621302591
irak4_s3_molecule_28neu,-9.5,6.258815804262203,5.982613492043315,6.390482959154878,6.09095727998354,6.401338179929571,6.428687110199705
irak4_s3_molecule_19charg,-10.600000381469728,6.261952546385356,5.984421242354028,6.397162319699711,6.0925390487905835,6.407188518327618,6.428451602754838
irak4_s3_molecule_29,-8.710000038146973,6.2706185154196605,5.978514800695128,6.3992393662683895,6.1138666523750445,6.420682159452107,6.440789598307633
irak4_s3_molecule_19neu,-10.600000381469728,6.258404021495815,5.982613492043315,6.388424045322942,6.09095727998354,6.401338179929571,6.428687110199705
irak4_s3_molecule_28charg,-9.5,6.262223269835862,5.984421242354028,6.399221233531646,6.091833752211179,6.407188518327618,6.428451602754838
irak4_s3_molecule_27,-8.710000038146973,6.689456982032093,6.450177404868258,7.061704281702132,6.343058137496623,6.670594888135346,6.921750197958103
ephx2_molecule_47charg,-11.25,6.381121129606711,6.19651221821302,6.31272509104325,6.460460896793406,6.290248558111786,6.645658883872094
ephx2_molecule_19charg,-8.239999771118164,6.00000861104421,5.920723007632704,5.852057765331352,6.068588972106457,5.939936740863421,6.2187365692871195
ephx2_molecule_19neu,-8.239999771118164,6.002895258554073,5.919998502950937,5.8520295396392585,6.07160372470979,5.94348388760784,6.227360637862539
ephx2_molecule_20,-9.140000343322754,5.9918703994895095,5.899594233553854,5.846218693764013,6.066956380673649,5.929608377733038,6.216974311722994
ephx2_molecule_47neu,-11.25,6.392963102148457,6.2010369112580115,6.346348585097187,6.466302160088861,6.299152556292811,6.6519752980054125
ephx2_molecule_33,-10.739999771118164,6.283921825369015,6.1139498276206075,5.9310260435788695,6.490194876399839,6.382366213067246,6.502072166178513
jak1_molecule_17,-10.869999885559082,5.899748805186491,5.673578035566704,5.8398402408757875,5.839933528810745,5.899687704348021,6.245704516331195
jak1_molecule_18charg,-11.300000190734863,6.247894699773343,6.250714515277451,6.121147714663128,6.250916733091842,6.0601624754145265,6.556532060419771
jak1_molecule_18neu,-11.300000190734863,6.251162636139986,6.254627294546935,6.126670244207769,6.25655241037724,6.061394429768335,6.556568801799648
jak1_molecule_jmc_25,-11.40999984741211,6.3164375657858045,6.374793551129522,6.1774957384046685,6.147146505915394,6.301513565601459,6.5812384678779825
jak1_molecule_jmc_34,-13.06999969482422,6.508583807679253,6.759881156116824,6.354344175578134,6.3561465239978485,6.311260030980375,6.761287151723087
jak1_molecule_16charg,-10.539999961853027,5.878841842078521,5.656843443228188,5.7974642686566105,5.817096914252539,5.884350943533743,6.238453640721527
jak1_molecule_16neu,-10.539999961853027,5.868020848914501,5.627604090014308,5.785999658428671,5.813296508006319,5.874750347401681,6.238453640721527
jak1_molecule_jmc_22,-11.350000381469728,6.244627241336073,6.303888901933225,6.132928790901477,6.045840887391084,6.226247479682551,6.51423014677203
tyk2_molecule_ejm_47,-9.789999961853027,5.634214438997498,5.412737765005958,5.900399075507592,5.6693425008435865,5.621495469931072,5.567097383699277
tyk2_molecule_jmc_32charg,-11.65999984741211,5.474531793109064,5.292886680775468,5.796233084442677,5.463851172735276,5.3449627854219806,5.4747252421699155
tyk2_molecule_jmc_31,-10.920000076293944,5.465459214511536,5.265524567656226,5.791313898939022,5.458854621033769,5.337109875497681,5.474493109430982
tyk2_molecule_jmc_32neu,-11.65999984741211,5.491846618773586,5.306187536909069,5.813787879482171,5.483804583877572,5.3602172163016455,5.49523587729747
tyk2_molecule_ejm_52neu,-7.489999771118164,5.613005704210692,5.403641718570096,5.875517876125486,5.6509832840054495,5.572172301389407,5.562713340963022
tyk2_molecule_ejm_52charg,-7.489999771118164,5.611694084669432,5.402842041884082,5.882659131422366,5.643938217257935,5.576565256585203,5.552465776197572
tyk2_molecule_ejm_46,-11.420000076293944,5.6043937343528345,5.383920662144514,5.891554401541211,5.636457242530355,5.578022529157652,5.5320138363904405
itk_molecule_17,-11.270000457763672,5.867076901433984,6.074474540641281,5.954136084265181,5.626713435527759,5.723707490002667,5.956352956733034
itk_molecule_1neu,-12.56999969482422,5.859031138079393,6.054057999406607,5.98572759571724,5.6048062405293475,5.708506434461815,5.942057420281954
itk_molecule_1charg,-12.56999969482422,5.855605370373354,6.053797180572468,5.964405678074295,5.599280291710914,5.7190809329420755,5.941462768567012
itk_molecule_18,-12.770000457763672,5.848034042797422,6.026930292448604,5.916016845796641,5.581721242790066,5.740018720413343,5.9754831125384555
itk_molecule_19,-13.06999969482422,5.576300710185261,5.442754955604148,5.765696483366272,5.356709413352237,5.644429721252969,5.671912977350681
thrombin_whole_map_molecule_11,-5.840000152587891,6.194752092750625,6.262722455078919,6.226583724195619,6.189433438426313,6.081768324225764,6.213252521826515
thrombin_whole_map_molecule_1,-6.800000190734863,5.8047254030735544,5.873993822334993,5.680631465861747,5.814468389339407,5.8220824388270085,5.832450899004619
thrombin_whole_map_molecule_3,-5.659999847412109,5.874285671011833,5.950330488078428,5.718852611483331,5.871622884550072,5.928368537113897,5.902253833833438
thrombin_whole_map_molecule_jmb2009-4,-11.529999732971191,5.9964182883021255,5.977644029540425,6.103452208096218,5.936556063260399,5.873076840113104,6.091362300500481
thrombin_whole_map_molecule_10,-7.670000076293945,6.154091476747941,6.194438570830584,6.157486145859498,6.174857743764744,6.02573065675551,6.217944266529369
thrombin_whole_map_molecule_2,-6.139999866485596,5.8217902040736815,5.8591992805656,5.670089132317998,5.827002054561995,5.862000836778376,5.89065971614444
cdk2_molecule_39neu,-8.369999885559082,6.340432647474285,6.604564690225571,6.260008849993891,6.102172218594117,6.30879910261927,6.426618375938572
cdk2_molecule_39charg,-8.369999885559082,6.321257199378023,6.584496380905579,6.225382572126059,6.08504566193519,6.292998999426739,6.418362382496546
cdk2_molecule_34,-9.880000114440918,6.316054911815003,6.583254437834414,6.215770532193581,6.076549556407537,6.28625042473676,6.418449607902727
cdk2_molecule_25,-9.829999923706056,6.419191647172944,6.647452073361835,6.359982803844945,6.182276351373394,6.3964449030664,6.5098021042181475
hsp90_frag_2rings_molecule_18,-8.960000038146973,6.217552118271859,6.169466133709346,6.579343486998828,6.046196615281071,6.048259905457006,6.244494449913054
hsp90_frag_2rings_molecule_17,-9.920000076293944,5.635833342443812,5.453560183612855,5.702476079128767,5.752214417221983,5.575656462967623,5.695259569287829
hsp90_frag_2rings_molecule_19,-10.260000228881836,6.213563113549592,6.166951301752098,6.572684616253292,6.0432115762959375,6.034285546802028,6.250682526644602
hsp90_frag_2rings_molecule_15,-9.880000114440918,5.656562575345694,5.4264551433294415,5.738320415368199,5.748767093398409,5.65897889278845,5.710291331843966
hsp90_frag_2rings_molecule_14,-8.720000267028809,5.519192836828114,5.268728818847844,5.642333951700313,5.669165416065349,5.412589603607313,5.603146393919753
hsp90_frag_2rings_molecule_16,-8.119999885559082,5.661154565720195,5.4404768027012675,5.730579464932748,5.755734445773546,5.670233932669299,5.708748182524115
frag_liga_auto_molecule_12,-9.050000190734863,6.098791780555132,6.022612039578629,6.2306505296451835,6.049922501052299,6.027706335323933,6.163067497175614
frag_liga_auto_molecule_9,-6.380000114440918,4.803147574784768,4.8616202069256165,4.663862901655898,4.836946912671843,4.872395839883077,4.780912012787404
frag_liga_auto_molecule_5,-4.800000190734863,4.747560105865216,4.854474770491209,4.675272782738296,4.770566355768131,4.783327323150867,4.654159297177575
frag_liga_auto_molecule_6,-5.300000190734863,4.9032400287981694,4.87962210159446,4.709544895786988,4.9375840937671835,5.0430054662654795,4.946443586576738
frag_liga_auto_molecule_11,-9.079999923706056,5.45130808456918,5.260965368144975,5.61402271442055,5.502242535716987,5.385914598041671,5.493395206521717
frag_liga_auto_molecule_10,-6.539999961853027,4.728326906855344,4.838776588336931,4.632087678190871,4.72998903315963,4.754228038156914,4.686553196432376
frag_liga_auto_molecule_8,-5.829999923706055,4.743526002804999,4.8830418068177375,4.62574052944984,4.750125047394056,4.745107222861842,4.713615407501517
frag_liga_auto_molecule_3,-6.03000020980835,4.749539558159706,4.900526689673033,4.674390472930414,4.721280677594735,4.754333562172938,4.697166388427414
frag_liga_auto_molecule_7,-5.25,4.832335316117427,4.922613233909072,4.69873740722009,4.835892295481772,4.917670030650562,4.786763613325639
frag_liga_auto_molecule_13,-10.670000076293944,6.0965562602970875,6.021024274698404,6.238839617736341,6.043482142318761,6.021855368999697,6.1575798977322345
frag_liga_auto_molecule_4,-6.5,4.7654121636889455,4.899769757261761,4.71509717611676,4.741398923044632,4.762587086750964,4.7082078752706105
hsp90_frag_single_ring_molecule_10,-8.3100004196167,5.8739341789789865,5.567292620666474,6.290152931594684,5.796823633723938,5.819910572960514,5.895491135949323
hsp90_frag_single_ring_molecule_3,-8.3100004196167,5.374578532678861,5.256008708238831,5.493474955751847,5.451916740079255,5.279525451659992,5.39196680766438
hsp90_frag_single_ring_molecule_9,-7.360000133514404,5.342511275044312,5.153562738525354,5.5482989393332955,5.374862089274218,5.256391539666839,5.379441068421856
hsp90_frag_single_ring_molecule_8,-8.029999732971191,5.243583706681081,5.131429496661395,5.35621539644525,5.2709063491126855,5.123187410104315,5.336179881081757
hsp90_frag_single_ring_molecule_11,-8.119999885559082,5.355218269189874,5.164270754415598,5.52208266289528,5.336412758340153,5.298937760365037,5.454387409933303
hsp90_frag_single_ring_molecule_12,-8.59000015258789,5.902195787336455,5.5785609609856035,6.332914823314868,5.796370766176394,5.849185530782131,5.953946855423277
hsp90_frag_single_ring_molecule_2,-6.929999828338623,5.23715822431095,5.112993553870203,5.399615509609378,5.299227934103712,5.096565774844494,5.277388349126964
jak2_set1_molecule_2_3E63,-7.90701150894165,5.807010303669659,5.750983644156394,6.003093449641026,5.678509427604587,5.74991994815049,5.852545048795795
jak2_set1_molecule_9,-8.363882064819336,6.8659066333810745,6.991993339585221,7.021200759777992,6.766258216460287,6.946538490896983,6.603542360184891
jak2_set1_molecule_8,-8.774560928344727,7.184709638181275,7.245775143908307,7.192557412044874,7.231148734018546,7.299136620748637,6.954930280186007
jak2_set1_molecule_5,-7.789802551269531,5.797291591909738,5.728097212957615,5.999961002701379,5.664447684901068,5.744065557474244,5.849886501514383
jak2_set1_molecule_10,-7.143977165222168,7.269978833269124,7.320727682710211,7.274453816907186,7.360613530838166,7.382733641161404,7.011365494728657
jak2_set1_molecule_4a,-6.864231586456299,5.789377736913635,5.730926210437806,5.9489430407488015,5.659578847224315,5.751340110590723,5.856100475566532
jak2_set1_molecule_4b,-6.864231586456299,6.0374787453107075,6.234629782426395,6.003318189061696,5.739256687966259,6.168046536967239,6.0421425301319465
jak2_set1_molecule_6,-6.198638439178467,7.4907359549860075,7.507955566161041,7.337285389336642,7.622278146931773,7.687170446901823,7.298990225598761
jak2_set1_molecule_3,-5.235617160797119,6.069311773871964,6.299185505541285,6.06224030415573,5.773924393421454,6.1691939450130535,6.0420147212283
jak2_set1_molecule_1_3E62,-5.986692905426025,5.454084234198541,5.162339059336694,5.753821543556785,5.392451106618146,5.402831063328059,5.558978398153026
jak2_set1_molecule_7,-8.860579490661621,7.379294981079501,7.484758805304412,7.2209946407105985,7.541536846037392,7.521436516586016,7.1277480967590865
frag_mup1_molecule_IBT,-9.09000015258789,5.746485474431824,5.68603625360786,5.727666961005401,5.834135226688777,5.712085275459836,5.77250365539725
frag_mup1_molecule_MT,-5.639999866485596,4.756730914947786,4.833208306691167,4.69409929623776,4.799639535926146,4.75115996739089,4.705547468492968
frag_mup1_molecule_PT,-8.199999809265137,5.739832310478925,5.68334819124146,5.766260820208719,5.798418291389837,5.694189431491001,5.75694481806361
frag_mup1_molecule_SBT_R,-8.420000076293945,5.771824044364294,5.711160851578749,5.766611697198096,5.8407757678290855,5.748346242028158,5.79222566318738
frag_mup1_molecule_SBT_S,-8.420000076293945,5.7782813610662735,5.722930418414281,5.771794523117379,5.8435560933831034,5.7535685047552585,5.7995572656613446
frag_mup1_molecule_IPT,-7.849999904632568,4.830393300302573,4.877129164915745,4.730514613901816,4.8871429074027075,4.9029992058535,4.754180609439093
frag_mup1_molecule_ET,-6.960000038146973,5.71141349179412,5.6587850149607375,5.705985600852908,5.7850759367764075,5.661337910837637,5.745882995542913
frag_p38_molecule_4,-5.400000095367432,6.187701891453997,6.07926033109043,6.233475778140678,6.225274953420045,6.1361128760823815,6.264385518536448
frag_p38_molecule_1_1W7H,-3.940000057220459,5.799213156737423,5.720376120689688,5.743344933207901,5.8207310370915994,5.875143299642489,5.836470393055436
frag_p38_molecule_6,-5.039999961853027,6.273819888947027,6.063149934456489,6.358922015602751,6.313010627776376,6.243921655618846,6.390095211280672
frag_p38_molecule_5_1WBW,-5.940000057220459,5.981768272330749,5.770113446430114,6.008600091089902,5.996959179988185,5.998809261465446,6.134359382680097
frag_p38_molecule_7,-6.300000190734863,6.409197223333114,6.316545529394088,6.559927948009399,6.386407391051718,6.371509449539477,6.411595798670883
frag_p38_molecule_3,-4.090000152587891,5.763274934170161,5.694669366425261,5.719816442048887,5.78104152224238,5.817435126070563,5.803412214063715
t4lysozyme_uvt_molecule_meta_methyl_ethyl_benzene,-5.079999923706055,5.585328252041802,5.595638923694174,5.571393008420185,5.674733784102521,5.471757520775422,5.613118023216708
t4lysozyme_uvt_molecule_methyl_benzene,-5.480000019073486,4.789712087230624,4.806525271932992,4.660708158859105,4.840535219611995,4.950233517732781,4.690558268016249
t4lysozyme_uvt_molecule_ethyl_benzene,-5.71999979019165,5.533966261301947,5.554689632369477,5.5398822425550724,5.616464770454578,5.414036446301573,5.544758214829033
t4lysozyme_uvt_molecule_ortho_methyl_ethyl_benzene,-4.53000020980835,5.552711339927458,5.573130197178742,5.540690128642014,5.647816320647384,5.417174691104836,5.5847453620643135
t4lysozyme_uvt_molecule_m-xylene,-4.71999979019165,4.865990396610007,4.8380178941653025,4.713111944197114,4.911514723002534,5.037721566543964,4.829585855141124
t4lysozyme_uvt_molecule_p-xylene,-4.630000114440918,4.828017142851683,4.826693233983784,4.688576533480797,4.883400327511438,4.9352042658237405,4.806211353458657
t4lysozyme_uvt_molecule_o-xylene,-4.570000171661377,4.821211834870857,4.8202608518083805,4.682016444054735,4.8623891430154575,4.944942614845888,4.796450120629824
t4lysozyme_uvt_molecule_butyl_benzene,-6.659999847412109,5.830857950132203,5.786105932675857,5.8664692182968246,5.886110825723438,5.797353307291589,5.818250466673307
t4lysozyme_uvt_molecule_propyl_benzene,-6.510000228881836,5.7553199667983606,5.788394500542789,5.794810510629198,5.771882751758745,5.719980635219072,5.701531435842
t4lysozyme_uvt_molecule_para_methyl_ethyl_benzene,-5.380000114440918,5.563004539470154,5.584780906455381,5.565468477896487,5.655170156224073,5.410493407866836,5.599109748907994
t4lysozyme_uvt_molecule_benzene,-5.159999847412109,4.7249004498466665,4.800772919090257,4.647472666481502,4.764538703526594,4.786851910553312,4.624866049581668
t4lysozyme_uvt_molecule_isobutyl_benzene,-6.440000057220459,5.593500790602865,5.632504038710651,5.599384643082746,5.695904279344548,5.444479245982708,5.595231745893669
frag_mcl1_noweak_molecule_2,-5.329999923706055,4.683226337727032,4.758880180601631,4.653936559243301,4.681864350235284,4.674807074274992,4.646643524279951
frag_mcl1_noweak_molecule_3,-6.389999866485596,5.278826966028984,5.199960406685214,5.545755143760607,5.182376927215924,5.106130615194823,5.35991173728835
frag_mcl1_noweak_molecule_4,-5.809999942779541,5.218075133819596,5.107955646676382,5.454936298117002,5.143631354608713,5.062815489797815,5.3210368798980685
frag_mcl1_noweak_molecule_5,-6.039999961853027,5.319479603107761,5.187479712298747,5.601672830161915,5.268502047528206,5.155099084669294,5.384644340880649
frag_mcl1_noweak_molecule_7,-5.880000114440918,5.262752323004941,5.131504456974132,5.514867868438257,5.282511879736143,5.007069154304891,5.377808255571276
frag_mcl1_noweak_molecule_8,-6.369999885559082,5.320242967979155,5.170739245787429,5.57126895180667,5.266643167063831,5.156091138358898,5.436472336878951
frag_mcl1_noweak_molecule_9,-5.480000019073486,5.167778101043017,5.025396710834345,5.3393698123063125,5.172114329653959,5.029249036673353,5.272760615747115
frag_mcl1_noweak_molecule_10,-5.039999961853027,5.462458787228468,5.32185302426808,5.677226403695468,5.349382843128518,5.4033359622256185,5.560495702824654
frag_mcl1_noweak_molecule_11,-5.550000190734863,4.850996256402837,4.761227110175623,4.807562543335586,4.831824316749823,4.969949183042203,4.884418128710947
frag_mcl1_noweak_molecule_14,-5.610000133514404,4.724471223275681,4.681218329008929,4.583408703400594,4.747378357965151,4.791235041610435,4.819115684393298
frag_mcl1_noweak_molecule_15,-5.309999942779541,5.4362221810167295,5.396584246253206,5.560086347384278,5.316415368800016,5.334673907099291,5.573351035546861
frag_mcl1_noweak_molecule_13_flipped,-5.210000038146973,4.79395355767029,4.789305989219567,4.582286197454894,4.811185910014337,4.861840615372497,4.925149076290151
jak2_set2_extra_molecule_13_3E64,-9.696937561035156,6.311608250584835,6.5915905674731015,6.431003903280142,5.930485110146332,6.353817143773143,6.2511445282514595
jak2_set2_extra_molecule_21,-8.340335845947266,7.406020457679375,7.549907675894286,7.182755688914457,7.7614101335258505,7.4444757387652505,7.091553051297032
jak2_set2_extra_molecule_20,-8.067665100097656,7.527513588399751,7.719189509378805,7.4952789806843825,7.779836222770828,7.495614698757853,7.147648530406885
jak2_set2_extra_molecule_18,-8.325143814086914,6.300642685289022,6.534191803769759,6.378911930265656,6.018657110993361,6.270207981698366,6.3012445997179665
jak2_set2_extra_molecule_14,-7.789802551269531,6.252598831594236,6.479201888405134,6.4358818742995485,5.8314236371479735,6.304391800860951,6.212094957257568
jak2_set2_extra_molecule_12,-7.434834003448486,6.670653031635029,6.9195795427405855,6.577734455046889,6.58982687471903,6.790274884956416,6.475849400712228
jak2_set2_extra_molecule_15,-7.379123210906982,6.259276685071801,6.499876627654288,6.450736095326109,5.831113437218311,6.306668014205333,6.207989250954964
jak2_set2_extra_molecule_22_flip,-10.107617378234863,7.441398454231442,7.510677074132138,7.481783506690359,7.6315585450978105,7.466879853227032,7.116093292009877
3RKZ_lig62to70_alpha05_molecule_lignad_63,-9.31999969482422,5.961247925077215,5.668969236432016,6.357241334911162,5.681254463870804,6.089421910135743,6.00935268003635
3RKZ_lig62to70_alpha05_molecule_ligand_69,-13.140000343322754,6.190820128786409,6.137218763023365,6.534480837515954,5.636673746937728,6.23253298141118,6.4131943150438175
3RKZ_lig62to70_alpha05_molecule_ligand_62,-6.670000076293945,6.0334189171965305,5.800632103206592,6.441138677588065,5.685330476932101,6.140828040951633,6.099165287304262
3RKZ_lig62to70_alpha05_molecule_lignad_65,-9.279999732971191,5.999938449052879,5.697666161180066,6.4491883129979035,5.7178918764556785,6.110104014120771,6.02484188050997
3RKZ_lig62to70_alpha05_molecule_lignad_68,-8.449999809265137,6.009344064786542,5.7085247172409685,6.4495977316222115,5.717312997618428,6.131376277838958,6.039908599612149
3RKZ_lig62to70_alpha05_molecule_ligand_64,-8.890000343322754,6.06534078639272,5.837099159880898,6.472423772911477,5.6979206396544635,6.190615421725675,6.128644937791086
3RKZ_lig62to70_alpha05_molecule_ligand_70,-12.739999771118164,6.183944016711474,6.131976454674757,6.530009926051184,5.634585197371012,6.229578569079315,6.393569936381104
MHT1_lig3_alpha05_molecule_5AN26_ligand,-7.570000171661377,6.294606206812771,6.035989283505272,6.372505670435517,6.271854975608946,6.381202847812591,6.41147825670153
MHT1_lig3_alpha05_molecule_5ANT_A_ligand,-8.550000190734863,6.364559839911801,6.097923942909013,6.5002706373265635,6.31636115993031,6.42767526096984,6.480568198423279
MHT1_lig3_alpha05_molecule_5ANU_ligand,-12.960000038146973,5.790069392391686,5.596668595147816,5.821969058850242,5.565158623364132,5.91112484084668,6.05542584374956
2B8V_lig24and25_alpha05_molecule_ligand25_S,-7.53000020980835,6.43634493545556,6.435317131862505,6.5748580698490695,6.32193938187822,6.3472983852538825,6.502311708434119
2B8V_lig24and25_alpha05_molecule_ligand24_S,-5.440000057220459,6.339629028476798,6.036898363040375,6.658221371383674,6.261365780436028,6.427715759379408,6.3139438681445075
ck2_custcore_hotlys_molecule_ligand_15,-10.359999656677246,7.555042251733248,8.133595736744622,6.523105138744121,7.56975456523145,7.876534949065635,7.6722208688804105
ck2_custcore_hotlys_molecule_ligand_14,-13.039999961853027,6.20218969573543,6.3131467000057215,6.078677271512611,5.985709445588075,6.115453791895218,6.517961269675526
2E9P_lig4to7_alpha05_molecule_ligand_5,-11.18000030517578,7.7003459102957,7.553681929993847,7.7809188939352865,7.7742556730353565,7.899348958746055,7.4935240957679525
2E9P_lig4to7_alpha05_molecule_ligand_7,-10.270000457763672,7.663580394006068,7.469530025380384,7.754342420372165,7.73425807814067,7.842906883102501,7.516864563034624
2E9P_lig4to7_alpha05_molecule_ligand_4,-10.880000114440918,6.365460090904918,6.330508136861851,6.789831049286785,6.091973960905933,6.217420547114497,6.397566760355524
2E9P_lig4to7_alpha05_molecule_ligand_6,-11.09000015258789,7.619451640721747,7.3969355800085586,7.736216219556773,7.681165509683478,7.844281755656924,7.438659138703005
2Q15_lig17to21_alpha05_molecule_ligand_20_S,-10.210000038146973,5.75241159943613,5.612130006794257,5.6669992843943815,5.617713678182648,5.9122142874461385,5.953000740363221
2Q15_lig17to21_alpha05_molecule_ligand_21,-10.56999969482422,5.788817122922576,5.616676333833127,5.7073196381679425,5.630394870740614,5.975471083731987,6.014223688139209
2Q15_lig17to21_alpha05_molecule_ligand_18,-10.81999969482422,6.294360227424427,6.136801706712871,6.219298451887598,6.298059273916525,6.351330817317474,6.466310887287667
2Q15_lig17to21_alpha05_molecule_ligand_17_enu,-9.81999969482422,5.714942219156497,5.569195679601257,5.635914961009,5.566215462146818,5.876570223462036,5.926814769563374
2Q15_lig17to21_alpha05_molecule_ligand_19,-11.289999961853027,5.75080111351347,5.605059213106031,5.664649126665675,5.617713678182648,5.914145186731656,5.952438362881338
hsp90_3hvd_custcore_molecule_lig_3B27,-7.039999961853027,5.321157488601572,5.224171489189366,5.506693672913889,5.31182145991502,5.177022381141469,5.3860784398481165
hsp90_3hvd_custcore_molecule_18_minimized,-13.177300453186035,6.183244318656878,6.051141775081907,6.60123004967229,5.974661488421195,6.122521918141671,6.1666663619673265
hsp90_3hvd_custcore_molecule_8__3VHA,-10.15248966217041,6.020463269760823,5.579054306559125,6.389824203342697,5.882345122283049,6.052478542425895,6.198614174193349
hsp90_3hvd_custcore_molecule_13,-11.26364040374756,6.369482357471536,6.253300155140735,6.686826878107335,6.115166448468315,6.355039188864263,6.437079116777027
hsp90_3hvd_custcore_molecule_9,-9.71030044555664,6.0182118484479155,5.577879302150575,6.403028792256211,5.874092231352494,6.048064636053816,6.187994280426484
hsp90_3hvd_custcore_molecule_16__3VHD,-12.74081039428711,6.203030894611098,6.114465343143016,6.600197818251665,5.98870977325208,6.130708476331637,6.181073062077092
hsp90_3hvd_custcore_molecule_11__3VHC,-12.194700241088867,6.358996484509117,6.248536599646438,6.6795303746397465,6.090836843512868,6.347621690790951,6.4284569139555785
hsp90_3hvd_custcore_molecule_12,-11.158180236816406,6.389801064238963,6.284442475435107,6.692293761745165,6.134792843266747,6.362322818708454,6.475153422039342
hsp90_3hvd_custcore_molecule_7,-9.497720718383787,6.022243999287871,5.579313381885554,6.400867963345075,5.875147035855359,6.058899734455464,6.196991880897897
hsp90_3hvd_custcore_molecule_17__top_conformer,-12.927749633789062,6.215424346747184,6.127081842296965,6.642035577683409,5.998728666717368,6.126240705759981,6.183034941278203
Fxa_2ei8_molecule_Edoxaban,-12.59000015258789,6.000819518429447,5.703306361176662,7.039676000186878,5.587056220676233,5.765746038817909,5.908312971289551
Fxa_2ei8_molecule_4d,-11.720000267028809,6.381455082596379,6.378574556333677,7.221830285221224,5.890417870728433,6.116441219375706,6.300011481322858
Fxa_2ei8_molecule_4c,-11.789999961853027,6.381455082596379,6.378574556333677,7.221830285221224,5.890417870728433,6.116441219375706,6.300011481322858
TPSB2_3v7t_molecule_1,-10.460000038146973,6.1357895574697405,5.9133329247386985,6.278691706514475,6.164848974360167,6.081827235909963,6.240246945825403
TPSB2_3v7t_molecule_2,-9.84000015258789,6.1302534803628275,5.902017324494294,6.272185956995216,6.160796192629431,6.087218158149338,6.2290497695458615
Bace1_4zsp_molecule_31,-8.350000381469727,5.450103920502903,5.378129625871014,5.606511566007472,5.4103504086436764,5.375528567990711,5.479999434001643
Bace1_4zsp_molecule_7,-7.710000038146973,5.435429347905911,5.381017086781798,5.629822035750831,5.338273534375825,5.368142947610538,5.45989113501057
Bace1_4zsp_molecule_6,-7.829999923706055,5.3961111422415,5.357361690422713,5.595590371430877,5.336871624862355,5.298986350798909,5.391745673692643
EZH2_5ij7_corehop_molecule_22,-9.6899995803833,6.397008853615378,6.415218656469769,6.579267246937917,6.253770996608523,6.374339733835788,6.362447634224894
EZH2_5ij7_corehop_molecule_31,-10.270000457763672,6.223722596588905,6.266227145394512,6.551217967484538,6.0333303023986335,6.102832057560483,6.165005510106359
EZH2_5ij7_corehop_molecule_29,-10.270000457763672,6.190971065652395,6.247533726557855,6.502816988005658,6.031401740568698,6.055861915819693,6.11724095731007
EZH2_5ij7_corehop_molecule_27,-8.369999885559082,6.430183654229464,6.443657431455839,6.611408692873402,6.26207086893466,6.389963392775966,6.44381788510745
CHK1_3u9n_corehop_molecule_17,-9.715999603271484,5.963984921462822,5.668870905552631,5.92075935651431,5.896432621922339,6.098096761265824,6.235764962059007
CHK1_3u9n_corehop_molecule_1,-9.699999809265137,6.207896819877039,6.061111832249673,6.171267942005881,6.017708666670443,6.225792275942929,6.56360338251627
CHK1_3u9n_corehop_molecule_21,-9.142000198364258,6.239044433737855,6.082764079812798,6.225054812631825,6.08845901811769,6.265173242295053,6.533771015831914
CHK1_3u9n_corehop_molecule_20,-9.208000183105469,6.205958947121198,6.048916973298192,6.1676089789317485,6.018887994565895,6.218427261497176,6.575953527312982
CHK1_3u9n_corehop_molecule_19,-8.54800033569336,6.3195770615289,6.282957845326126,6.206224065789477,6.119248147616192,6.408741728590035,6.580713520322672
a2a_hip278_molecule_4g,-11.064042091369627,5.617461021133252,5.179218563145252,5.872882228893531,5.767307369398636,5.699650899432581,5.568246044796262
a2a_hip278_molecule_4h,-10.654767990112305,6.017046195460712,5.528782541963633,6.4783269078242,6.143090451839556,5.859056523753469,6.0759745519227035
a2a_hip278_molecule_4jS,-10.886690139770508,5.997529313730316,5.510921559732882,6.480781911194703,6.125225581212364,5.858168043304976,6.012549473206649
a2a_hip278_molecule_4kU,-11.541528701782228,5.931679653884973,5.451999223777882,6.466097949378811,6.0127655294825795,5.781011431223531,5.946524135562065
a2a_hip278_molecule_4lD,-11.377819061279297,5.846152552935805,5.4796617250787945,6.426311663397303,5.740732674146533,5.687016540791211,5.897040161265186
a2a_hip278_molecule_4i,-10.313706398010254,6.109951333914592,5.621085055133725,6.60079447227475,6.222478559495244,5.963146329414329,6.142252253254909
a2a_hip278_molecule_4a,-9.41330337524414,4.820087856869764,4.762377791394006,4.776914650686493,4.9408142031059405,4.793911479070244,4.82642116009213
a2a_hip278_molecule_4b_D,-9.959002494812012,5.085097192687026,4.871584268082261,4.992705003476592,5.241030336093172,5.167283592149708,5.152882763633396
a2a_hip278_molecule_4c,-11.459673881530762,5.179621562665934,5.05646453983908,5.0625384151625195,5.309467712389059,5.206943537621062,5.262693608317952
a2a_hip278_molecule_4d,-10.504701614379885,5.607561193881517,5.172991833478197,5.839146127312053,5.781268170319893,5.6824186099128084,5.561981228384632
a2a_hip278_molecule_4o,-11.35667324066162,4.855722804133931,4.768728734411718,4.811105841913079,4.946374871752866,4.865545156656006,4.886859415935989
a2a_hip278_molecule_4f,-11.44603157043457,5.966689099835344,5.50772779249986,6.444593840892823,6.097443939196458,5.835374020884488,5.948305905703095
a2a_hip278_molecule_4e_D,-12.073585510253906,5.115064155749914,4.87062592032926,5.0495275318978745,5.241071807183492,5.166577654405945,5.247517864932996
a2a_hip278_molecule_4m_D,-10.550403594970703,5.048720102969641,4.8710076855983955,4.9668726039081985,5.1903540008281706,5.106315783513727,5.109050440999713
a2a_hip278_molecule_4q,-8.886704444885254,4.820112633646815,4.76605903669813,4.770646514109733,4.926313377481256,4.796962199858046,4.8405820400869075
a2a_hip278_molecule_4n,-11.550395965576172,5.171356292966719,4.975250460443119,5.1159050300025,5.284983741491374,5.224178654827687,5.256463578068917
a2a_hip278_molecule_4r_U,-11.461993217468262,5.640686495884878,5.404434009855511,5.879017987775944,5.667200578642936,5.438913801556258,5.813866101593739
a2a_hip278_molecule_4o_deprotonated,-11.35667324066162,4.854663354864264,4.775981121436155,4.812700685688253,4.95964446599233,4.864438349853641,4.860552151350941
a2a_hip278_molecule_4eD_deprotonated,-12.073585510253906,5.111739826223667,4.879946032663336,5.026300438751999,5.249462875774241,5.170560357103638,5.232429426825121
a2a_hip278_molecule_4f_deprotonated,-11.44603157043457,5.960778140644197,5.498106498607523,6.436327748851381,6.106751945584073,5.824771782165118,5.937932728012888
ox2_hip_custcore_molecule_set_1__1,-10.978231430053713,5.725161083455243,5.752187601675538,5.557878265560558,5.610134037935885,5.655613665418555,6.049991846685677
ox2_hip_custcore_molecule_set_1__2,-10.049724578857422,5.300648181849198,5.3467356166585915,4.740619032515234,5.237931488443201,5.5727635545795255,5.605191217049436
ox2_hip_custcore_molecule_set_1__3,-8.59611988067627,5.257421417240712,5.206245804336227,4.8977134054958515,5.155717213399162,5.392024766134009,5.635405896838314
ox2_hip_custcore_molecule_set_1__4,-10.603745460510254,5.641040462007309,5.688939184482451,5.44917124156751,5.529938984506811,5.562819863292234,5.97433303618754
ox2_hip_custcore_molecule_set_1__5,-10.885735511779783,5.727254952347189,5.773654733023351,5.638945155395487,5.588117346366621,5.606167806931035,6.0293897200194495
ox2_hip_custcore_molecule_set_1__6,-10.013026237487791,5.794902348380438,5.752000728371184,5.54625736339644,5.727924429604552,5.782398726270245,6.165930494259768
ox2_hip_custcore_molecule_set_1__7,-11.577681541442873,5.817740014420478,5.916438417665298,5.689475559548659,5.678797902411655,5.724332282027892,6.079655910448885
ox2_hip_custcore_molecule_set_1__8,-10.151361465454102,5.735480565418951,5.757321026000132,5.589659956536183,5.626163419629722,5.659396104668305,6.044862320260409
ox2_hip_custcore_molecule_set_1__9,-8.624086380004883,5.244508662559566,5.329630141978495,4.927171341105618,5.162102148093694,5.3227991584396985,5.480840523180324
ox2_hip_custcore_molecule_set_1__10,-10.316571235656738,6.310439744761768,6.40747640514513,6.093032051381294,6.312858586593136,6.2497921390565505,6.489039541632733
ox2_hip_custcore_molecule_set_1__11,-11.125433921813965,5.676367293560089,5.734534495748164,5.4613869490210485,5.537777148526766,5.630004895744398,6.018132978760067
ox2_hip_custcore_molecule_set_1__12,-10.54126262664795,5.635710392625713,5.6571982966541885,5.4468894151894345,5.530707682423571,5.561636696327531,5.982119872533838
ox2_hip_custcore_molecule_set_1__13,-8.972378730773926,5.671508563055622,5.615621976704177,5.668249069151171,5.569784775993853,5.50456010846298,5.999326884965928
ox2_hip_custcore_molecule_set_1__14,-11.169498443603516,6.508059627407635,6.458710386991257,6.586363085332904,6.338563544018123,6.5463547474527815,6.610306373243115
ox2_hip_custcore_molecule_set_1__15,-6.821234703063965,5.181523827766183,5.163174338623194,4.87834883432819,5.090306275195402,5.267843785938352,5.507945904745781
ox2_hip_custcore_molecule_set_1__16,-10.950536727905272,5.723584745417125,5.72140861323359,5.5257680164720995,5.635937727827593,5.67524679790206,6.059562571650281
ox2_hip_custcore_molecule_set_1__17,-6.883717060089111,5.61925751106962,5.635024829019625,5.458530573187625,5.508203177593087,5.539308349422775,5.955220626124982
ox2_hip_custcore_molecule_set_1__18,-8.276204109191895,5.7039127242599745,5.710982003479452,5.4708027178544825,5.598432746613542,5.65092929236259,6.088416860989804
ox2_hip_custcore_molecule_set_1__19,-7.515090465545654,5.701502189384983,5.691728218047122,5.496832046890587,5.534099284299638,5.6822190561720625,6.102632341515503
ox2_hip_custcore_molecule_set_1__20,-10.399927139282228,5.683696361652478,5.701170344474422,5.480250456921988,5.575611910455877,5.629557788673267,6.031891307736836
ox2_hip_custcore_molecule_set_1__21,-8.688343048095703,5.129899127708138,5.218369783736639,4.694382337324207,5.019306179523313,5.301987233478375,5.415450104478157
ox2_hip_custcore_molecule_set_1__22,-10.420527458190918,5.630877609683058,5.6716384448256365,5.45451659906046,5.530013563989653,5.543631579253343,5.954587861286196
ox2_hip_custcore_molecule_set_1__23,-10.080965995788574,5.589111051661146,5.607685856278705,5.496145575974229,5.492493439161354,5.435543200398507,5.913687186492935
ox2_hip_custcore_molecule_set_1__24,-10.443309783935549,5.734645321038488,5.817202380841299,5.516025709623361,5.6082314587249416,5.69551418761272,6.036252868390119
ox2_hip_custcore_molecule_set_1__25,-11.097330093383787,5.837104777511152,5.854648348130502,5.600378687579073,5.705953467553335,5.8195497881413845,6.2049935961514695
ox2_hip_custcore_molecule_set_1__26,-11.387232780456545,5.755983169123622,5.831370314059624,5.555147588504656,5.631423336598631,5.707281395310895,6.054693211144303
ox2_hip_custcore_molecule_set_1__27,-10.95654010772705,5.6716574212518935,5.699992081231281,5.4868993763134455,5.586758190141611,5.593425720971624,5.991211737601507
ox2_hip_custcore_molecule_set_2__1,-9.413166999816896,5.944294382528963,5.737566038210737,6.180331443167055,5.71139731372839,5.92375621336589,6.168420904172742
ox2_hip_custcore_molecule_set_2__2,-8.611808776855469,5.7009630871465795,5.716881989093463,5.496624467030527,5.575363877636097,5.661171765847083,6.054773336125728
ox2_hip_custcore_molecule_set_2__3,-9.46992015838623,5.984604045618314,5.80607254063473,6.193815892695864,5.7216718549879895,5.954966130731169,6.2464938090418185
ox2_hip_custcore_molecule_set_2__4,-9.716166496276855,6.0199704183661105,5.839484102720729,6.359324207682532,5.757877635942151,5.940080379096949,6.203085766388187
ox2_hip_custcore_molecule_set_2__5_adjust,-10.85299301147461,6.0860211282973395,5.865925191886138,6.251725352683805,5.820422758024146,6.072063580659667,6.41996875823294
ox2_hip_custcore_molecule_set_2__6,-10.490240097045898,5.92683057609245,5.736344536181462,6.137100418868281,5.691136193000112,5.909120904003578,6.160450828408817
ox2_hip_custcore_molecule_set_2__7,-7.945237636566162,6.0884325923663365,5.8399651345695345,6.258089156061024,5.830008051491238,6.099092774366384,6.415007845343506
ox2_hip_custcore_molecule_set_2__8,-10.95654010772705,5.952205461096807,5.749075184563199,6.160860069549802,5.719513284301831,5.934919698095761,6.196659068973439
ox2_hip_custcore_molecule_set_2__9,-10.010706901550291,6.456657731458732,5.954408935674354,6.494616725994683,6.493122321353326,6.584677914785335,6.756462759485966
ox2_hip_custcore_molecule_set_2__10,-6.852475643157959,6.609997544028731,6.14348557108514,6.674227081939058,6.556254388415339,6.816558640253023,6.859462038451091
ox2_hip_custcore_molecule_set_2__11,-9.472103118896484,5.222384180245012,5.312598233720407,4.721052926778912,5.15408157459702,5.472929305607304,5.451258860521418
ox2_hip_custcore_molecule_set_2__12,-9.990925788879396,6.3202455860736375,5.935325772150776,6.417028495684336,6.379964001585969,6.33054691125166,6.53836274969545
ox2_hip_custcore_molecule_set_2__13,-10.815340042114258,5.523292445597003,5.323194121103181,5.570847550563212,5.26984858943007,5.785934291581396,5.666637675307162
ox2_hip_custcore_molecule_set_2__14,-10.7535400390625,5.95860808069089,5.7486832958626595,6.182292519330112,5.7128071974157555,5.950079817832216,6.199177573013709
ox2_hip_custcore_molecule_set_2__15,-9.641133308410645,5.824901087030531,5.780817394299763,5.552139935203297,5.711634592824846,5.840716916807064,6.239196596017685
ox2_hip_custcore_molecule_set_2__16,-9.674556732177734,6.062138064794901,5.932105954812281,6.294684861220043,5.757912852948015,6.049297308690296,6.276689346303871
ox2_hip_custcore_molecule_set_2__17,-9.98465061187744,6.244675185597234,5.785183141347098,6.538707167141671,6.28775677237586,6.1271236427319815,6.484605204389558
ox2_hip_custcore_molecule_set_2__18,-9.408119201660156,6.0687242696311845,5.891842950893005,6.335772913454014,5.78521009067139,6.060589284026436,6.270206109111079
ox2_hip_custcore_molecule_set_2__19,-9.02353858947754,5.2185105536486445,5.3162370076602175,4.697622559626594,5.152328289867448,5.471267845060314,5.455097066028651
ox2_hip_custcore_molecule_set_2__20,-11.045079231262209,5.931358397883907,5.555980483897227,5.80870516978576,6.007522674847013,6.208997676825074,6.075585984064457
ox2_hip_custcore_molecule_set_2__21,-10.565683364868164,6.0514909683318985,5.922970253218594,6.382732417260615,5.7580701330129775,5.931114401980333,6.2625676361869695
ox2_hip_custcore_molecule_set_2__22,-8.531181335449219,6.308579042773203,5.897441643521661,6.456709483133343,6.351988633743889,6.315030475652842,6.521724977814277
ox2_hip_custcore_molecule_set_2__23,-10.52380084991455,5.9582145270632205,5.7715583713128655,6.201218859082509,5.713579219587556,5.89624915235814,6.208467032975029
ox2_hip_custcore_molecule_set_2__24,-9.534994125366213,5.785017369616641,5.922136244430914,5.673252761746214,5.622439714637742,5.651707853502128,6.055550273766209
p2y1_meta_sub_molecule_16,-11.216630935668944,5.431164842293528,5.173725197262403,5.544427578721873,5.409835968178944,5.512147213518125,5.515688253786299
p2y1_meta_sub_molecule_11a,-7.774801731109619,5.261634282363675,5.038171641697364,5.443966948882922,5.264758030623384,5.245845324098703,5.315429466516
p2y1_meta_sub_molecule_6e,-9.403467178344728,5.314149884007882,5.0705316660647615,5.508048947506687,5.297848499115758,5.304726524559374,5.389593782792829
p2y1_meta_sub_molecule_11c,-10.20659351348877,5.352531982510703,5.077269541002192,5.485023351021157,5.315733351686364,5.4596280106158,5.425005658228001
p2y1_meta_sub_molecule_6b,-9.99706745147705,5.309458336993831,5.0638540145357425,5.494721251315156,5.298913447638716,5.302783824388972,5.3870191470905695
p2y1_meta_sub_molecule_1,-9.720174789428713,5.32995685529004,5.092569489535715,5.506693149907821,5.314350637070391,5.341275911132913,5.39489508880336
p2y1_meta_sub_molecule_6a,-9.231863975524902,5.279041309226213,5.036108754903262,5.4686205512150545,5.264727381927322,5.269358724661254,5.356391133424166
p2y1_meta_sub_molecule_6f,-9.329582214355469,5.290048894860809,5.049840721541609,5.481860131312771,5.281728203456371,5.273888197407631,5.362927220585664
p2y1_meta_sub_molecule_6h,-9.984593391418455,5.307662666246038,5.055419096598901,5.485631972210477,5.316449421539633,5.278564215466737,5.402248625414446
p2y1_meta_sub_molecule_6d,-8.4812650680542,5.284557630002604,5.0412973968567885,5.4779566302285865,5.267724120792509,5.271669625359507,5.364140376775634
p2y1_meta_sub_molecule_6i,-10.24363613128662,5.342803078385129,5.074889483519869,5.587570679337478,5.322696175694792,5.30345344206542,5.425405611308085
p2y1_meta_sub_molecule_6g,-9.769577026367188,5.28689173093012,5.041216652535437,5.477248598226363,5.2768808528466025,5.274827948666046,5.36428460237615
p2y1_meta_sub_molecule_6n,-8.517489433288574,5.287824768098291,5.051386541660063,5.480863584892151,5.269758769964616,5.27478441463802,5.362330529336605
p2y1_meta_sub_molecule_6m,-8.589093208312988,5.33145062100248,5.076138213366946,5.558629781724023,5.3151480365790755,5.29153417344864,5.415802899893719
p2y1_meta_sub_molecule_6p,-9.653029441833496,5.296905865664084,5.055029609963394,5.49629690863781,5.281188820894305,5.274085032774714,5.377928956050196
p2y1_meta_sub_molecule_6k,-10.303940773010254,5.340570675620481,5.106589342699667,5.514619036087124,5.356119728229951,5.322012952084908,5.403512319000756
p2y1_meta_sub_molecule_6o,-8.446208000183105,5.2660326609250605,5.022187326756494,5.4481356161570025,5.2463996295585975,5.258843798714434,5.354596933438776
p2y1_meta_sub_molecule_6q,-9.238834381103516,5.350961457583788,5.100456882440594,5.556616141299816,5.325951807848986,5.337493294701895,5.4342891616276505
p2y1_meta_sub_molecule_6l,-10.474388122558594,5.347124154451199,5.0900908360555,5.530084516385795,5.332139492368412,5.325636818217886,5.457669109228403
p2y1_meta_sub_molecule_6j,-8.873682975769043,5.325551732365367,5.058045089470161,5.525069374943792,5.313367696328816,5.310231285996475,5.421045215087595
p2y1_ortho_sub_molecule_16,-11.216630935668944,5.350471321075776,5.044574000486936,5.523040919209877,5.3357904160607035,5.443308553948843,5.405642715672525
p2y1_ortho_sub_molecule_11b,-10.565719604492188,5.33685508060543,5.036458588286092,5.4735282449213445,5.351753639604866,5.433984696627603,5.388550233587244
p2y1_ortho_sub_molecule_17,-11.046183586120604,5.357931828607931,5.076756340155965,5.545061891392857,5.361455586212824,5.40693997176399,5.39944535351402
p2y1_ortho_sub_molecule_14,-9.21816349029541,5.291697402524164,5.053249199843025,5.496650298150273,5.30360411856165,5.328853740295485,5.2761296557703865
p2y1_ortho_sub_molecule_11e,-9.704582214355469,5.679079721380914,5.615180673073322,5.706615995430131,5.622009286334003,5.633908725381231,5.817683926685886
p2y1_ortho_sub_molecule_11d,-10.303940773010254,5.330065290581745,5.035873804338761,5.469571047119344,5.3515955108391,5.415877364747818,5.377408725863701
p2y1_ortho_sub_molecule_11f,-9.228408813476562,5.30247239067681,5.0274711134324725,5.4854644148189236,5.346247344733368,5.288782798956302,5.364396281442986
p2y1_ortho_sub_molecule_18,-11.125299453735352,5.3526257464844065,5.062922514812488,5.580913035028769,5.357060159751737,5.371274568423555,5.390958454405483
p2y1_ortho_sub_molecule_12,-11.125299453735352,5.340333696631491,5.064818511923595,5.502479878529479,5.350888220872137,5.398254798774742,5.385227073057498
p2y1_ortho_sub_molecule_11a,-7.774801731109619,4.917886263261641,4.796874656722366,4.866762502523538,5.026613316743953,5.00041942732144,4.898761412996909
p2y1_ortho_sub_molecule_19,-10.635504722595217,5.331811788320079,5.030687243924731,5.494491922342358,5.328317556684751,5.417579511075168,5.387982707573383
p2y1_ortho_sub_molecule_13,-10.5032958984375,5.273639495719836,5.042276996113088,5.47778587934375,5.283047296048983,5.308465881937017,5.256621425156338
bace_keranen_p2_molecule_29,-9.989999771118164,5.97333736182585,5.551362231435476,6.330449057917668,5.753989633167951,6.072940696982703,6.157945189625452
bace_keranen_p2_molecule_30,-10.359999656677246,6.566510441573594,6.172291014684447,6.787284657425436,6.445594442707302,6.76320400722695,6.664178085823832
bace_keranen_p2_molecule_31,-10.359999656677246,6.492402761248324,5.9876788936361045,6.777605822178232,6.417562977736837,6.718154629532733,6.561011483157719
bace_keranen_p2_molecule_32,-10.359999656677246,6.671185967063067,6.247940393809986,6.940336897120172,6.577478785406876,6.824734711739657,6.765439047238644
bace_keranen_p2_molecule_33,-10.239999771118164,5.99136726766562,5.571204149377184,6.346048975412917,5.788679609887309,6.112128354875444,6.138775248775243
bace_keranen_p2_molecule_34,-10.149999618530272,5.916021627433503,5.5747604537652355,6.211221975354851,5.698376245117859,6.008955395923197,6.086794067006377
bace_keranen_p2_molecule_35,-9.8100004196167,5.968599256958922,5.632718295616525,6.30407417466303,5.757246796113629,6.018041188278856,6.130915830122569
bace_keranen_p2_molecule_36_out,-10.359999656677246,5.994222350225926,5.556051552370414,6.317068609620546,5.762931663552396,6.191197211242474,6.143862714343798
bace_keranen_p2_molecule_37_out,-10.5600004196167,6.020185756397516,5.584473902525416,6.363457469596734,5.798117330907422,6.1931069983875515,6.161773080570455
bace_keranen_p2_molecule_39_out,-9.68000030517578,5.962403797085618,5.553083809269807,6.310974838409789,5.752541634960479,6.065675912735498,6.129742790052519
bace_keranen_p2_molecule_38_out,-10.489999771118164,5.979510646296528,5.548329084449163,6.35222179258412,5.787907894596396,6.064351606156466,6.1447428536965
bace_keranen_p2_molecule_28_out,-10.489999771118164,5.954168192978832,5.537941059151913,6.328822034287184,5.741371196339059,6.051389393553573,6.111317281562431
bace_ciordia_retro_molecule_1a,-6.084681987762451,5.730166246551901,5.4735495388843125,6.229662520804345,5.415982331289493,5.719913452532982,5.811723389248376
bace_ciordia_retro_molecule_11,-8.703369140625,5.825324340439857,5.542116203323352,6.260556776981635,5.574209242582291,5.846016295458417,5.9037231838535895
bace_ciordia_retro_molecule_12,-10.45694637298584,6.0421818145643025,5.729214092704828,6.537431347621565,5.698305922720712,6.117721795789711,6.128235913984692
bace_ciordia_retro_molecule_13,-9.64326286315918,5.911463388470522,5.568535901170264,6.320664920021787,5.60700948723697,6.043096683095574,6.0180099508280165
bace_ciordia_retro_molecule_14,-9.8362398147583,5.990851223763572,5.610488862542062,6.355564406294745,5.698742817888922,6.151864098616679,6.137595933475451
bace_ciordia_retro_molecule_15,-7.917439460754394,5.893234484362988,5.575389667023438,6.265729627429241,5.613468057817952,5.96786672903155,6.043718340512762
bace_ciordia_retro_molecule_16,-7.057740211486816,5.978509265290607,5.604190863559255,6.319429276765697,5.7047485220530705,6.144194633589471,6.119983030485541
bace_ciordia_retro_molecule_17,-10.365072250366213,6.100883006536305,5.822562507867775,6.604401617614822,5.735253381168837,6.163761601125539,6.178435924904557
bace_ciordia_retro_molecule_18,-9.900985717773438,6.0249537166529565,5.645549137980521,6.375697513100685,5.76134297057416,6.188112903935564,6.1540660576738535
bace_ciordia_retro_molecule_19,-9.910837173461914,6.010829062023289,5.632580931699123,6.37631463416835,5.731833665867955,6.166586802957674,6.146829275423344
bace_ciordia_retro_molecule_20,-10.167583465576172,6.084270590573079,5.774304847542407,6.56550028719353,5.7718940337781754,6.150992554837429,6.158661229513857
bace_ciordia_retro_molecule_21,-10.215289115905762,6.062375335427164,5.7537840989047275,6.555675473116119,5.727627045636827,6.130687907366165,6.14410215211198
bace_ciordia_retro_molecule_22,-7.606921672821045,5.951895052613219,5.589267336590771,6.315953115987212,5.7194750601094455,6.0254195285009144,6.109360221877751
bace_ciordia_retro_molecule_23,-9.818963050842283,6.278185557284472,6.196270682967668,6.470621443654638,6.01320902866677,6.260757459025224,6.45006917210806
bace_ciordia_retro_molecule_24,-9.785843849182127,5.931322675219211,5.567321975342277,6.362320372309938,5.646444380045375,6.053721898526815,6.026804749871645
bace_ciordia_retro_molecule_25,-8.870043754577637,5.930850530644355,5.587959114867661,6.3270430326060305,5.63453757555603,6.070757261838374,6.033955668353676
bace_ciordia_retro_molecule_26,-10.365072250366213,5.9993313689438565,5.595288412091624,6.391564913567735,5.719606620591999,6.1422986741984476,6.147898224269478
bace_ciordia_retro_molecule_27,-9.612375259399414,5.926599310257762,5.568484750028463,6.349996137344431,5.6444446738015195,6.048493639489042,6.0215773506253525
bace_ciordia_retro_molecule_28,-8.997004508972168,5.802717083643451,5.554283028551147,6.310381590373409,5.462852270922543,5.793738938401921,5.892329589968234
bace_ciordia_retro_molecule_29,-8.735666275024414,6.268663186219621,5.97580970287062,6.628767843260081,6.0860690482266895,6.401278368498096,6.2513909682426165
bace_ciordia_retro_molecule_30,-6.947381496429443,5.8914716573767745,5.61537430354653,6.338266935281793,5.4699479914234175,5.970147244401423,6.063621812230706
bace_ciordia_retro_molecule_31,-9.533543586730955,5.829590591980104,5.532741496942469,6.27263006619527,5.5609903618788215,5.861535347483507,5.92005568740045
bace_ciordia_retro_molecule_32,-7.721524715423584,5.833658257462217,5.5324032492474915,6.273545830093052,5.572930802670278,5.86096863812033,5.928442767179936
bace_ciordia_retro_molecule_33,-7.13992166519165,5.837792028290673,5.543767047789328,6.262749474579955,5.581697807402142,5.867077477730284,5.933668333951661
bace_ciordia_retro_molecule_34,-10.24935531616211,6.038432649818331,5.720623001279131,6.552332028957897,5.673474982534376,6.118610942379017,6.1271222939412295
bace_ciordia_retro_molecule_35,-9.881757736206056,5.928035285765384,5.5526665229450325,6.3855656228490805,5.622645788657766,6.051469625880398,6.027828868494645
bace_ciordia_retro_molecule_36,-10.97872543334961,5.926772176680112,5.574149305571305,6.346969771604241,5.6053110629511425,6.072658660182372,6.034772083091501
bace_ciordia_retro_molecule_37,-9.450016021728516,5.856270704459005,5.543172666504431,6.286385196053836,5.589878123626647,5.8744395190818075,5.987478017028306
bace_ciordia_retro_molecule_38,-9.384933471679688,5.922783206320794,5.553829297631218,6.373600430170926,5.61786072469472,6.047114380317536,6.021511198789569
bace_ciordia_retro_molecule_39,-9.360767364501951,5.827119728072715,5.522357200835972,6.280870504036966,5.546221057242682,5.867414835779738,5.918735042468214
bace_ciordia_retro_molecule_40,-8.64596939086914,5.823077581086784,5.529608497354187,6.303102524351876,5.556684538608737,5.808481880582217,5.917510464536899
bace_ciordia_retro_molecule_41,-9.109971046447754,5.95826256788484,5.492893973691208,6.544444041824222,5.654181536197834,6.109953240171199,5.989840047539737
bace_ciordia_retro_molecule_30_protonated,-6.947381496429443,5.832073651867608,5.58690688749403,6.361420254863985,5.4927256315062305,5.791524343077201,5.927791142396601
bace_p3_arg368_in_molecule_8a,-7.789851188659668,5.7537663846710885,5.501534529547347,6.092928337278492,5.450448010211772,5.783431708263755,5.940489338054073
bace_p3_arg368_in_molecule_8b,-8.512900352478027,5.760106967728021,5.5823940880231735,6.122902976559505,5.52858618755165,5.709526509199168,5.857125077306604
bace_p3_arg368_in_molecule_8c,-8.308263778686523,5.60445651167394,5.367976090881646,5.871825506456957,5.426994447158701,5.623096912853391,5.732389601019008
bace_p3_arg368_in_molecule_8d,-8.349190711975098,5.7547851990815,5.491534784640604,5.9688572206898165,5.588149315508431,5.83417171314931,5.891212961419338
bace_p3_arg368_in_molecule_8e,-8.417403221130371,6.280224348673867,5.943294499541906,6.642122865068522,6.130095819672904,6.27119936940602,6.414409189679988
bace_p3_arg368_in_molecule_8f,-7.462430953979492,6.492924554073776,6.197713199305264,6.784198457691831,6.35656876041872,6.632949532482867,6.493192820470193
bace_p3_arg368_in_molecule_8g,-10.35463523864746,6.337055420331717,6.019129083933338,6.693227813362882,6.201421147390107,6.371427772591301,6.4000712843809575
bace_p3_arg368_in_molecule_17a,-10.94126033782959,6.06978717511783,5.574216303557032,6.957204313820076,5.556321350614017,6.101999149719863,6.159194757878166
bace_p3_arg368_in_molecule_17b,-11.5824556350708,6.094645703486124,5.704584242429644,6.9931306690281065,5.6842471230252904,6.003393208553318,6.08787327439426
bace_p3_arg368_in_molecule_17c,-11.74616527557373,5.9341053048245325,5.511506940232816,6.6832234376703505,5.598036348074687,5.927615947660011,5.950143850484795
bace_p3_arg368_in_molecule_17d,-11.391462326049805,6.056889784479674,5.5740203378759805,6.739848286783511,5.70390439174703,6.17378594250763,6.092889963484218
bace_p3_arg368_in_molecule_17e,-11.95080280303955,6.363758738704368,6.120380261327539,6.734411417916941,6.205114312130377,6.318422448619517,6.440465253527472
bace_p3_arg368_in_molecule_17f,-11.637025833129885,6.576883768336596,6.4276350489284075,6.823996467420543,6.414942524203317,6.697938855183768,6.519905945946943
bace_p3_arg368_in_molecule_17g,-11.118612289428713,6.406761390960879,6.184405370952928,6.756377912455637,6.253623119045094,6.40340292857101,6.435997623779724
bace_p3_arg368_in_molecule_27a,-9.154098510742188,5.937773118232536,5.521109451632641,6.570703091245237,5.527688589539366,6.054191487305928,6.015172971439505
bace_p3_arg368_in_molecule_27b,-9.972644805908203,6.109478987710891,5.729884897372274,7.001752848484259,5.707311710465468,6.012577068953893,6.095868413278563
bace_p3_arg368_in_molecule_27c,-10.013572692871094,5.7152849457979,5.521806189481212,5.961064930823127,5.519580808925256,5.780709237991927,5.793263561767981
bace_p3_arg368_in_molecule_27d,-9.276880264282228,6.078957496038638,5.60840985859859,6.765479654655591,5.715981960049657,6.196154612096613,6.108761394792738
bace_p3_arg368_in_molecule_27e,-9.358736038208008,6.2375972166774,6.156864291722729,6.2655165413992915,6.166300332378343,6.241578292331039,6.357726625555601
bace_p3_arg368_in_molecule_27f,-9.099527359008787,6.619036657814695,6.485447024373457,6.90658251321285,6.403453781372462,6.746877012961377,6.552822957153327
bace_p3_arg368_in_molecule_27g,-12.250936508178713,6.418864802767234,6.207343648067988,6.773734558654355,6.24724546542998,6.412240809550528,6.453759532133322
bace_ciordia_prospective_molecule_spiro16,-8.180000305175781,5.543094040309879,5.427229901162971,5.6324004602006825,5.5500122739002045,5.488130633140111,5.617696933145426
bace_ciordia_prospective_molecule_spiro5,-7.760000228881836,5.606352399945391,5.425029901033352,5.706961752276097,5.5617619767634165,5.608476281670923,5.729532087983168
bace_ciordia_prospective_molecule_spiro2,-7.03000020980835,5.36911254764735,5.229568286203308,5.560464215809829,5.402602446749252,5.226188266844447,5.426739522629915
bace_ciordia_prospective_molecule_spiro10,-8.5,6.198272730924613,6.1871953547902745,6.257806475236334,6.1685534801555,6.083708419433332,6.2940999250076235
bace_ciordia_prospective_molecule_spiro3,-8.979999542236328,5.70411230905478,5.667995877019531,5.822679521748818,5.657599925365077,5.627669423709426,5.7446167974310525
bace_ciordia_prospective_molecule_spiro6,-9.529999732971191,5.583880754644857,5.430948986825102,5.726099231183393,5.580725551834419,5.553182956741351,5.628447046640018
bace_ciordia_prospective_molecule_spiro4,-7.619999885559082,5.634304170228215,5.471788853589934,5.7247416802730555,5.607313555915606,5.637315257881888,5.730361503480589
bace_ciordia_prospective_molecule_spiro1,-7.519999980926514,5.483557171800176,5.321481576932849,5.609659248817037,5.471494935272173,5.448952228629771,5.566197869349049
bace_ciordia_prospective_molecule_spiro15,-9.050000190734863,5.6641164105178445,5.605636169005311,5.823512123065087,5.620568897960183,5.568198364453844,5.702666498104796
renin_customcore_molecule_b1i5k_xray,-11.867584228515623,6.839596754905676,6.687574251153288,7.164460629187303,6.589989680570722,6.828825389449808,6.927133824167264
renin_customcore_molecule_b1i5j,-11.456809043884276,6.344604916284009,6.313404903814841,6.180519645642329,6.344592192484546,6.368133012103125,6.516374827375202
renin_customcore_molecule_b1i2n,-10.976457595825195,6.233290878053957,6.1310055587970265,6.057043699427976,6.251067040270565,6.2676304353847465,6.459707656389469
renin_customcore_molecule_b1i5i,-11.456809043884276,6.344506788675504,6.329505358031827,6.1650103853087055,6.338286778296358,6.341533847396411,6.548197574344221
renin_customcore_molecule_b1i5h,-10.805927276611328,7.155912194102648,6.669857380891356,7.106765013072427,7.216140921273526,7.446203469371146,7.340594185904783
renin_customcore_molecule_b1i5l,-9.65300178527832,6.3167060396622565,6.279404430448687,6.138448617518521,6.30600691949166,6.3236323109997725,6.5360379198526415
renin_customcore_molecule_b1i5n,-10.243584632873535,6.645280603192921,6.421633341364271,6.339503401037731,6.729579967372827,6.860646340106558,6.875039966083218
renin_customcore_molecule_b1a2m,-9.60566234588623,5.911772699056507,5.882737290398212,5.611236742044959,5.945792499934092,5.983306729952143,6.135790232953127
renin_customcore_molecule_b1i2o,-10.565683364868164,6.316320608956786,6.226022649815274,6.18568605785771,6.407247984671238,6.248598759936689,6.514047592503016
renin_customcore_molecule_b1i5o,-10.03608226776123,6.859616700181249,6.589382673929756,6.921163083109952,6.750957398308229,7.007446398141854,7.029133947416449
renin_customcore_molecule_b1i4i,-8.79079818725586,6.514839317125807,6.375124461850647,6.316652010820409,6.511913635327899,6.620956043616374,6.749550434013709
renin_customcore_molecule_b1i4e,-10.188878059387209,6.217174556465949,6.094721208727349,6.034610412647466,6.23221540752585,6.275601723009008,6.44872403042007
renin_customcore_molecule_b1i4g,-8.354374885559082,6.301800264004681,6.098333941699831,6.161580316932534,6.248904343322151,6.337080474763779,6.66310224330511
renin_customcore_molecule_b1i1,-7.394491195678711,5.018667604528246,4.9589124256733434,4.684584222951822,4.959190065318576,5.270001743410586,5.2206495652869025
renin_customcore_molecule_b1i2a,-8.699529647827148,5.057979398854436,4.976721618894967,4.7525332212561056,5.021647937207997,5.294580951469212,5.244413265443899
renin_customcore_molecule_b1i2e,-10.474414825439451,5.482821563273189,5.050239876721796,5.727416636849145,5.312142906602554,5.739816858265942,5.584491537926509
renin_customcore_molecule_b1i2i,-9.814119338989258,5.674523018496326,5.467310346235624,5.552557018800132,5.60578926789436,5.765159006287193,5.981799453264324
renin_customcore_molecule_b1i2j,-11.324613571166992,5.529570321624071,5.03972209045499,5.733905636027927,5.337479123450676,5.781165678641,5.755579079545761
renin_customcore_molecule_b1i5c,-11.867584228515623,5.96233285690246,5.504750076468082,6.306221964228291,5.735328710959549,6.0434480100216135,6.221915522834762
renin_customcore_molecule_b1i5b,-8.007719993591309,6.464160544299018,5.78565502580143,6.577134224964835,6.477908598075849,6.812329191713333,6.66777568093964
renin_customcore_molecule_b1i2k,-10.63553237915039,5.525048483438207,5.03930510870508,5.7328853034687866,5.333052257822077,5.773778921408207,5.746220825786876
renin_customcore_molecule_b1i2h,-9.823533058166504,5.125798018856145,4.981931090907342,4.82753769123223,5.125694386860663,5.373016429739647,5.3208104955408455
renin_customcore_molecule_b1i2g,-8.338004112243652,5.2043447227926425,5.027929187429937,4.885762060569301,5.21421563481913,5.464429272103459,5.429387459041384
renin_customcore_molecule_b1i4b,-8.390936851501465,5.184415066732469,5.060737219991957,4.821708779364711,5.1654689670130765,5.4339417956169545,5.440218571675647
renin_customcore_molecule_b1i5a,-10.395288467407228,6.41927549338816,5.713460612796159,6.565675218728985,6.429709929877205,6.703667530490026,6.6838641750484244
renin_customcore_molecule_b1i2d,-8.413992881774902,5.27898076214546,5.068303835887441,4.948081083589242,5.323446385829002,5.569044506929512,5.486027998492105
renin_customcore_molecule_b1i4a,-7.235419750213623,5.052155880082279,4.963021404748638,4.753558979954313,5.010233046980331,5.305374723719414,5.228591245008699
renin_customcore_molecule_b1i5d,-11.216565132141112,5.87424754464404,5.420911372957072,6.3094956418854915,5.618860782698631,5.864578217523929,6.157391708155074
renin_customcore_molecule_b1i2c,-6.883717060089111,5.175663552686286,4.991511826136504,4.85453656830508,5.158093155433757,5.4086836836520895,5.465492529904
hne_molecule_6,-7.032558917999268,6.467404206835708,6.152108806176455,6.468549049155587,6.26918348839137,6.698521181818061,6.748658508637068
hne_molecule_14,-10.325488090515137,6.9306630610958475,6.293056918142378,7.114374931969085,6.862204107887395,7.297885318838734,7.0857940286416445
hne_molecule_15,-12.27822208404541,7.038745760993427,6.395676045414729,7.0955896522877575,7.130873856249186,7.339663483096173,7.231925767919294
hne_molecule_16,-11.838635444641112,7.069348807605719,6.464487967914684,7.1585504234019375,7.137355182803383,7.349762048939488,7.236588414969101
hne_molecule_17,-11.41401481628418,6.920084779740636,6.2532957392338355,6.983103974015311,7.0028486295393115,7.296953501670125,7.064222054244596
hne_molecule_18,-10.75852870941162,6.414831993891764,5.8272619980388605,6.9706041250714454,6.2579553813935735,6.524494145068631,6.49384431988631
hne_molecule_19,-11.53597927093506,6.735378972384346,6.371307798265841,6.984525102718376,6.579399637963553,6.878591454212995,6.86307086876097
hne_molecule_20,-10.5032958984375,6.4430422612076965,5.818652418156614,7.028201709491366,6.236273669823635,6.574855893078009,6.557227615488862
hne_molecule_21,-12.27822208404541,6.778001393849964,6.46751040946974,7.014853323755656,6.599724876684354,6.958814246221146,6.849104113118928
hne_molecule_22,-11.36131477355957,6.378305907855045,5.7512977757346135,6.944927354730177,6.230285622698533,6.5094258343165565,6.455592951795345
hne_molecule_23,-10.371087074279783,6.677079942225264,6.264838167739632,6.907985767292727,6.527420014371602,6.878381819623501,6.806773942098857
hne_molecule_25,-11.999752044677734,6.516857147364723,5.905260123540001,7.026978171244184,6.357226831493407,6.650506990021593,6.6443136205244295
hne_molecule_26,-12.580878257751465,6.406806009251189,5.824194524954524,6.950033713392979,6.248295614013073,6.53811965417737,6.473386539717999
hne_molecule_27,-14.488014221191406,6.556611574216097,6.008388718070362,7.029257522889328,6.3936480784972325,6.6927354166154585,6.659028135008101
hne_molecule_28,-12.643302917480469,6.5931558854181755,6.200244270954643,7.039240058339939,6.378790571904486,6.660412350496601,6.68709217539521
hne_molecule_29,-13.897701263427734,6.663806282606208,6.275792863525234,7.114486934065807,6.432579678407417,6.7387128559357015,6.757459081096882
hne_molecule_30,-13.099580764770508,6.740187579655027,6.6205341015025,6.732368407302382,6.450637122544551,7.088198262628484,6.809200004297219
hne_molecule_21_neutral,-12.27822208404541,6.777699002394999,6.46751040946974,7.013341366480829,6.599724876684354,6.958814246221146,6.849104113118928
hne_molecule_19_neutral,-11.53597927093506,6.735378972384346,6.371307798265841,6.984525102718376,6.579399637963553,6.878591454212995,6.86307086876097
hne_molecule_16_neutral,-11.838635444641112,7.069348807605719,6.464487967914684,7.1585504234019375,7.137355182803383,7.349762048939488,7.236588414969101
hfaah_molecule_6MRG_ligand,-10.287250518798828,6.3483748432371545,6.260548852893197,6.3698138860029365,6.351519041774097,6.262059394984007,6.497933040531539
hfaah_molecule_fig_3,-10.59958553314209,5.9905049278380025,5.869268961190663,5.842601122200952,6.047104212771667,6.110150813260428,6.083399529766303
hfaah_molecule_2,-8.665205001831055,5.90848508593489,5.886110079225252,5.784973599044129,5.972589517147712,5.953358951082171,5.945393283175185
hfaah_molecule_4,-11.324654579162598,5.948914077514315,5.912828608863301,5.8483998871062335,6.020188314232865,5.986694057335536,5.976459520033637
hfaah_molecule_6,-10.420489311218262,5.88920289772773,5.832289229366762,5.785757940050029,5.951390114495748,5.9227992003075505,5.953778004418562
hfaah_molecule_9,-10.565720558166504,6.03826505996452,5.882540177271247,5.915347969468953,6.099647766189549,6.159124923883751,6.1346644630090985
hfaah_molecule_11,-12.122775077819824,5.957410207337747,5.914259937878557,5.869295604364206,6.019266221339823,6.000898845798716,5.983330427307437
hfaah_molecule_12,-11.046184539794922,5.8895561293796295,5.834242706827389,5.78339995970883,5.947128307009924,5.926689235113763,5.956320438238241
hfaah_molecule_15,-8.590265274047852,5.861997334090866,5.831662080057385,5.753924556760443,5.930537971355131,5.908550277958564,5.8853117843228056
hfaah_molecule_14,-7.842516899108887,5.8714102343005665,5.835315702665152,5.7519560655958,5.938417460002541,5.908907893983189,5.922454049256154
hfaah_molecule_19,-7.972322940826416,6.0230991400719125,5.945562108573616,5.886012883173416,6.1164883894073,6.111151687203486,6.0562806320017435
hfaah_molecule_20,-6.821234703063965,5.99836942713561,5.873891513353485,5.89492557802357,6.140324330325843,6.022840735486154,6.059864978488995
hfaah_molecule_22,-9.97237777709961,6.3960881423948175,6.2672555932175005,6.449810879397122,6.417817226274034,6.401011919714429,6.444545093371002
hfaah_molecule_23,-10.67374324798584,6.3407332687535405,6.071920199917555,6.381698092499931,6.412284033528156,6.3540436669358,6.48372035088626
hfaah_molecule_24,-11.627310752868652,6.452115343988188,6.205082198562294,6.509569814720141,6.494185030195443,6.469986445977859,6.581753230485202
hfaah_molecule_25,-12.03799057006836,6.655799295808959,6.437304822707433,6.678411159543646,6.787267085066738,6.670592592543093,6.705420819183886
hfaah_molecule_26,-10.67374324798584,6.414622926718917,6.249260927878869,6.448979872343378,6.479053364369809,6.4181575058795435,6.477662963122985
hfaah_molecule_27,-11.187724113464355,6.397772859224691,6.086440087501053,6.44807961178405,6.47093411440254,6.4128692038532575,6.570541278582557
hfaah_molecule_28,-11.589073181152344,6.119645989491703,6.080943667973466,6.135223258460231,6.176384287074905,6.052069979480525,6.153608754469383
hfaah_molecule_29,-10.805952072143556,6.23509933798919,6.045396475661477,6.310780357055456,6.30544800586636,6.165539693242199,6.34833215812046
hfaah_molecule_30,-9.903937339782717,6.4567957111508765,6.243547035363807,6.4785814419865275,6.604847754840236,6.383641218066513,6.573361105497299
hfaah_molecule_31,-11.290130615234377,6.460849346896071,6.232615530035951,6.446376666479071,6.6314120867462965,6.396232825278055,6.597609625940976
hfaah_molecule_33__Saha_2018_,-9.73618984222412,6.607785936154568,6.415985558541664,6.641477479639049,6.686249852026562,6.488917115779945,6.806299674785617
hfaah_molecule_39,-10.71462059020996,6.62270862169446,6.41667380315773,6.657028037297065,6.7103867286384835,6.5032824543216385,6.826172085057383
hiv_prot_ekegren_molecule_1,-11.759520530700684,6.012913527113638,5.897075052538782,6.487001341429816,5.852851525757888,5.800182614643925,6.02745710119778
hiv_prot_ekegren_molecule_9,-10.5032958984375,6.053619060980109,5.906173503754944,6.502135380883775,5.945922396083632,5.847309065839262,6.06655495833893
hiv_prot_ekegren_molecule_10,-10.805952072143556,6.0606169942700445,5.905624608702334,6.499994153254225,5.945743993446039,5.863410645958649,6.088311569988975
hiv_prot_ekegren_molecule_11__2cen_,-11.324654579162598,6.058471747475607,5.904527184460332,6.499718230958017,5.943388602041995,5.8591736224943585,6.085551097423331
hiv_prot_ekegren_molecule_12,-11.268184661865234,6.056897313027808,5.894983987679338,6.500480570385879,5.9485044662162725,5.8620135433268326,6.078503997530715
hiv_prot_ekegren_molecule_13,-10.857505798339844,6.009165505772735,5.898247718093604,6.488140862256855,5.848405659660827,5.800585919597464,6.010447369254927
hiv_prot_ekegren_molecule_14,-10.67374324798584,6.016621719115564,5.909217611098944,6.491252729187913,5.867803590515447,5.797564713229175,6.017269951546344
hiv_prot_ekegren_molecule_15,-10.976399421691896,6.023508886153607,5.911633664892077,6.489982578869972,5.865819264372161,5.81029926566775,6.03980965696608
hiv_prot_ekegren_molecule_16,-11.061184883117676,6.016397543991373,5.90810781175061,6.490816055119842,5.867671512547461,5.797600002857567,6.0177923376813895
hiv_prot_ekegren_molecule_17,-11.48725414276123,6.238365890106302,5.959982505850424,6.693104701862667,6.141711489317349,6.0904314134438895,6.306599340057178
hiv_prot_ekegren_molecule_18,-11.838635444641112,6.0624511463701705,5.88698632339883,6.508998753906494,5.958864584265378,5.8695433174782785,6.087862752801876
hiv_prot_ekegren_molecule_19,-10.857505798339844,6.217353641228138,5.954955942754005,6.727880128399517,6.112450604427895,6.062528232232264,6.228953298327008
hiv_prot_ekegren_molecule_20,-11.53597927093506,6.144538050915776,5.927011098591157,6.620651893451269,6.047229815983895,5.963185811516418,6.164611635036143
cdk8_koehler_molecule_12,-9.83295726776123,5.562562884684072,5.233533414810973,5.8063864896323825,5.572596287425435,5.503813805881116,5.696484425670448
cdk8_koehler_molecule_13,-11.19720458984375,5.466321206935191,5.092295280139354,5.75074139840405,5.504691091317723,5.381198350168083,5.602679914646747
cdk8_koehler_molecule_14,-11.031554222106934,5.542391898806348,5.229322634610476,5.8106270528522375,5.539125986514778,5.474781087151156,5.658102732903088
cdk8_koehler_molecule_15,-9.720175743103027,5.61337913421307,5.315296013855455,5.9012731148371325,5.5982351212199895,5.554389871474729,5.697701549678044
cdk8_koehler_molecule_16,-10.635504722595217,6.176968618991093,6.025835105613264,6.2395649427590225,6.22684608750926,6.128060311466699,6.2645366476072235
cdk8_koehler_molecule_17,-10.395273208618164,5.515201102333946,5.195805404221883,5.791402122253904,5.5589966980563945,5.403505090597775,5.626296196539776
cdk8_koehler_molecule_19,-10.224825859069824,5.553446941725594,5.255630614680457,5.795178717717734,5.5471615936470435,5.491049795749398,5.678213986833335
cdk8_koehler_molecule_20,-10.28314971923828,6.204324544375494,6.021484784218999,6.248084379567395,6.247701636650765,6.214805397634645,6.289546523805665
cdk8_koehler_molecule_21,-9.862342834472656,5.511121122711236,5.190930647653209,5.784502564735404,5.56346672640915,5.383877849578941,5.63282782517948
cdk8_koehler_molecule_22,-11.290130615234377,5.510428201547924,5.201159892752776,5.777316015172583,5.5064090872857046,5.433871529368378,5.63338448316018
galectin3_extra_molecule_18a,-6.327748299,6.394489216532823,5.904876150369907,6.715384522018359,6.384256675277138,6.391804961944432,6.5761237730542765
galectin3_extra_molecule_18b,-7.460412979,6.387166631505477,5.899714315824046,6.706346580137641,6.367609579637647,6.389123850431663,6.573038831496387
galectin3_extra_molecule_18d,-6.764764786,6.3871947278672385,5.897497158592606,6.707089834855579,6.368100156664793,6.388978333155988,6.574308156067228
galectin3_extra_molecule_18e,-6.472980022,6.552613348225418,6.040696825882439,6.837483680711006,6.5789264532009515,6.603425458474636,6.7025343228580585
galectin3_extra_molecule_18f,-5.532726765,6.656457828670367,6.0895300352552475,6.943597733934663,6.717481479486497,6.686680090759863,6.844999803915561
galectin3_extra_molecule_18g,-6.472980022,6.473063803778072,6.025097649316152,6.7901365597383405,6.4585145189148445,6.477961038309627,6.6136092526114
galectin3_extra_molecule_18h,-5.999876022,6.520665942450885,6.094801673551854,6.844940599871691,6.470268092705845,6.5454495744935155,6.647869771631522
galectin3_extra_molecule_18i,-4.806076527,6.693547643647773,6.310661523515888,6.821963210163728,6.708366215539697,6.690991225533805,6.935756043485744
galectin3_extra_molecule_17m,-4.104710579,6.048778312008736,6.028943662553728,5.998304425044048,6.086659825532342,6.009477247727215,6.1205063991863415
galectin3_extra_molecule_17q,-4.9898386,5.952398923163609,5.78613624152286,5.967653500694339,6.012836950743789,5.9716841936051415,6.0236837292519185
galectin3_extra_molecule_17r,-4.749606609,5.959325615442815,5.76387038028089,5.990584277423243,6.030168561843178,5.9646518609824986,6.04735299668426
galectin3_extra_molecule_17n,-4.914099216,5.980348674750867,5.784781302224111,5.998750580804524,6.0261613565726275,5.993152009544031,6.098898124609042
galectin3_extra_molecule_17p,-5.046308517,5.953633493328493,5.782229352859288,5.947267907371937,6.009142063111377,5.961592285801903,6.06793585749796
galectin3_extra_molecule_17o,-5.1087327,5.93175114670925,5.78637636476992,5.9064702226823185,5.977097478855235,5.950210656676324,6.038601010562453
galectin3_extra_molecule_17f,-6.581002712,6.249311039415266,5.89591963859549,6.546994966043836,6.254010704411517,6.1349797489535725,6.414650139071918
galectin3_extra_molecule_17e,-6.896974087,6.30667585763244,5.908235756063219,6.625542439461694,6.29376927901555,6.199147850602688,6.506683963019051
galectin3_extra_molecule_17g,-7.208675861,6.350124721691718,5.901580603177421,6.680502548135327,6.3071314572563395,6.328275797694597,6.533133202194903
galectin3_extra_molecule_17a,-5.532726765,5.9707156577732805,5.81196476611753,5.9648175718514125,6.034304397589463,5.990021725140213,6.052469828167784
galectin3_extra_molecule_17j,-6.440945625,6.154800867867046,6.0058668691775345,6.177857082398403,6.249674203653534,6.109857569434953,6.2307486146708
galectin3_extra_molecule_17l,-5.943406105,5.996305797264247,5.820066218697636,5.996616045055791,6.055467839780412,6.026192022015127,6.083186860772272
galectin3_extra_molecule_17c,-6.354085445,6.242343198400219,5.897943177298644,6.528244084108048,6.258332782600107,6.128970943427721,6.398225004566572
galectin3_extra_molecule_17k,-6.621879578,6.461509361182701,6.200836902362356,6.725384583031092,6.449188710426186,6.268957138103438,6.663179471990429
galectin3_extra_molecule_17b,-5.506390095,5.9911382207623705,5.7922282994889445,5.9883937986836635,6.057975573395349,6.031167167880534,6.0859262643633585
galectin3_extra_molecule_17h_flip,-6.327748299,6.054801180056787,5.888060052319285,6.050936872484651,6.146994839549125,6.0811541719806605,6.106859963950211
galectin3_extra_molecule_17i,-5.943406105,6.39701683397171,6.151384847783694,6.662644252298719,6.43267882130204,6.1913206045976255,6.547055643876473
galectin3_extra_molecule_17d,-6.150896072,6.001891200045867,5.820066218697636,6.000569334760452,6.07134103700533,6.028279767885927,6.08919964187999
btk_extra_flip_molecule_2,-7.687934875488281,5.023875439859524,4.8603679868600915,5.3491113651557045,5.047869218369433,4.800684518771586,5.061344110140806
btk_extra_flip_molecule_7,-9.084606170654297,6.094164825953903,6.0161693821740245,6.317593803212741,5.781877992510481,6.053255005919634,6.301927945952634
btk_extra_flip_molecule_8,-9.606385231018066,6.317163943700454,6.567463756996126,6.483703143018928,5.91473669196671,6.3102769199568565,6.3096392065636495
btk_extra_flip_molecule_9_flip,-8.33090591430664,6.244149915089519,6.412149981480952,6.413112023130334,5.8566212458063225,6.193060824242007,6.3458055007879794
btk_extra_flip_molecule_10,-10.870059967041016,6.584902345429728,6.7208685753168655,6.534518409815649,6.485222399440679,6.678853591856874,6.50504875071857
btk_extra_flip_molecule_11,-11.524829864501951,7.137704610655248,7.101993769135936,7.118704290242667,7.155096877889929,7.31279203801448,6.999936077993231
cr_bace1_molecule_4,0.4099999964237213,5.539610043940256,5.354764355451106,5.703666010261737,5.52085581970954,5.504712382282843,5.614051651996053
cr_bace1_molecule_1,-0.9900000095367432,5.501375451811563,5.30278833713126,5.660892368106979,5.498614335671367,5.486330406435427,5.55825181171278
cr_bace1_molecule_3,-0.8899999856948853,5.523216102907749,5.374302232158484,5.683698091967454,5.515102763742452,5.468795592355447,5.574181834314905
cr_bace1_molecule_7,0.9100000262260436,5.427508230779041,5.325807287260292,5.592320174970583,5.438927286381884,5.280992356531591,5.499494048750855
cr_bace1_molecule_9R,0.7099999785423279,5.5535062070292565,5.383627009796346,5.695783979863738,5.557917338802811,5.472498218110649,5.657704488572742
cr_bace1_molecule_5,0.9100000262260436,5.439894468851958,5.306395925035115,5.5862999349969105,5.4659232470849926,5.400455140633868,5.440398096508899
cr_bace1_molecule_10,-0.2899999916553497,5.450402381372254,5.327431394778574,5.533257973661469,5.405699795818865,5.416942611477433,5.5686801311249265
cr_bace1_molecule_6,-1.7899999618530271,5.547274905783559,5.35520863909809,5.627073972318312,5.472993534825016,5.5462224597392735,5.734875922937107
cr_bace1_molecule_2,-0.1899999976158142,5.572174526819198,5.349311894240881,5.702397693113903,5.567956409886964,5.5915286885083555,5.649677948345886
cr_bace1_molecule_9S,1.809999942779541,5.5495235295576775,5.380106747905481,5.679268237941847,5.542260619121223,5.47615767791016,5.669824364909681
cr_bace1_molecule_8,-0.5899999737739563,5.417816787319372,5.315049955675337,5.5898797400052,5.432561669271284,5.279204819768603,5.472387751876434
hc_bace1_molecule_22256_26_0_ligand,-6.960000038146973,6.3140393798805725,6.369724744147482,6.248106223574538,6.268305775455959,6.304365884414018,6.379694271810867
hc_bace1_molecule_22250_20_0_ligand,-8.109999656677246,6.170660818553165,6.320202246792231,6.192830876736422,6.126051651430774,6.068872429833348,6.145346887973044
hc_bace1_molecule_22251_21_0_ligand,-9.40999984741211,6.191748858214782,6.333070549919768,6.226703894515277,6.1405696714011055,6.084920442538118,6.173479732699648
hc_bace1_molecule_19677_19_0_ligand,-9.829999923706056,6.302508527793782,6.392639106151289,6.206444828756459,6.269461575624495,6.2934721394689745,6.350524988967688
hc_bace1_molecule_22254_24_0_ligand,-9.470000267028809,6.098936225018583,6.273422568955797,6.06657099067439,6.056498019439468,6.016663126896809,6.081526419126452
hc_bace1_molecule_22252_22_0_ligand,-10.010000228881836,6.077180332375709,6.292245222159356,6.0241929523307025,6.024626001257788,5.994522797130215,6.050314689000489
hc_bace1_molecule_22253_23_0_ligand,-8.75,6.128788416228453,6.305756831100965,6.1126463699943905,6.1162668206027675,6.0427304038176155,6.066541655626525
fxa_yoshikawa_set_molecule_5f,-11.570840835571287,6.56596192861147,6.4171174050660165,7.311297687159034,5.984974997507068,6.511627685520032,6.604791867805203
fxa_yoshikawa_set_molecule_5g,-10.17173194885254,6.726906801153211,6.4768434236678605,7.640810465187086,6.031063999414054,6.670159949856866,6.81565616764019
fxa_yoshikawa_set_molecule_5e,-8.26799201965332,6.556256803407031,6.404011889352653,7.2930556527142,5.981906060521363,6.498883708747283,6.603426705699657
fxa_yoshikawa_set_molecule_5i,-10.805952072143556,7.422810639344841,7.427962588608159,7.58983220372526,7.178936942149854,7.680634420866395,7.236687041374544
fxa_yoshikawa_set_molecule_5b,-7.364122867584228,6.556649545085411,6.390563248021386,7.293043254023446,6.001029624858482,6.497189312376955,6.601422286146788
fxa_yoshikawa_set_molecule_5h,-12.7782621383667,7.992403083839082,7.772873700825721,8.155056310354894,7.976037734390579,8.174600684087594,7.883446989536626
fxa_yoshikawa_set_molecule_5a,-11.24702262878418,6.566813289688935,6.41620838392718,7.317496336313374,6.015331170521701,6.498915186978807,6.586115370703614
fxa_yoshikawa_set_molecule_5k,-11.336624145507812,6.588921707125303,6.4605568144417935,7.337616819568162,6.015052828546062,6.501219502074127,6.630162570996365
fxa_yoshikawa_set_molecule_5d,-11.44223403930664,6.570283572008632,6.425944479523063,7.31080606853622,5.996407590559592,6.515574844788674,6.602684876635612
fxa_yoshikawa_set_molecule_5c,-11.627310752868652,6.559024676490836,6.3929277351018765,7.2988570562917605,5.996296471485,6.505625254858898,6.6014168647166445
fxa_yoshikawa_set_molecule_8e,-11.169207572937012,6.5523398778239965,6.385403415877926,7.376462631854482,5.934835383754072,6.491388259958307,6.573609697675192
fxa_yoshikawa_set_molecule_8b,-8.129011154174805,6.697655871702844,6.439099535069882,7.650819533651845,5.985268218037895,6.679175561661337,6.733916510093259
fxa_yoshikawa_set_molecule_8d,-7.691995143890381,6.554863460533895,6.3792718072652725,7.376014524544553,5.940013360099713,6.506059939984848,6.572957670775088
fxa_yoshikawa_set_molecule_8c,-7.805192470550537,6.692884813128711,6.444017169690259,7.639851418274732,5.987769551702634,6.6649814195695605,6.7278045064063665
fxa_yoshikawa_set_molecule_8g,-9.903937339782717,6.557554883256533,6.391345470589467,7.383098109168432,5.940618901460682,6.498719343860467,6.573992591203618
fxa_yoshikawa_set_molecule_A_cor,-11.784735679626465,6.564300720485981,6.4280098794663845,7.3520380254519155,5.974068882090756,6.5009123358075485,6.566474479613304
fxa_yoshikawa_set_molecule_8f,-9.769577980041504,6.57797689636128,6.446053830224414,7.349415288119444,5.993097355665517,6.539065005449041,6.562253002347977
fxa_yoshikawa_set_molecule_8a,-9.441705703735352,6.41655516795412,5.967814058561904,7.392950906992796,5.8828074913330415,6.352582399491556,6.4866209833913
fxa_yoshikawa_set_molecule_8h,-12.078866958618164,8.069918958745212,7.920630236547653,8.262201788153854,7.998266844456339,8.246898212632987,7.921597711935229
fxa_yoshikawa_set_molecule_8i,-9.97237777709961,7.0111657516740165,7.187226408850771,7.490181766762364,6.274194403975253,7.123638518851077,6.980587659930613
fxa_yoshikawa_set_molecule_8j,-11.53597927093506,7.001192642775064,7.162804021260429,7.507677009990323,6.2324081884986295,7.08878309022738,7.0142909038985515
fxa_yoshikawa_set_molecule_8k,-11.348840713500977,6.991329635077259,7.162400727416764,7.496438834050292,6.212724370108787,7.079512864895344,7.0055713789151035
fxa_yoshikawa_set_molecule_8l,-11.24702262878418,7.004566244974742,7.180271873158706,7.506138925956202,6.218763911920875,7.096857823042529,7.020798690795397
fxa_yoshikawa_set_molecule_8m,-11.838635444641112,6.985982612777489,7.171842414115669,7.484992955696012,6.21600523481433,7.061574521934238,6.995497937327204
fxa_yoshikawa_set_molecule_8n,-10.138808250427246,7.307702537251569,7.413900177239234,7.698447388520411,6.759188506492381,7.46007043269585,7.206906181309968
fxa_yoshikawa_set_molecule_8o,-10.67374324798584,6.356881505898097,6.12015470449096,6.983256914485138,5.865018785881847,6.377747929625018,6.438229195007522
fxa_yoshikawa_set_molecule_8p,-11.589073181152344,6.3377818506712105,6.119776436161893,6.951084336620583,5.823864023408672,6.361495804818929,6.432688652345975
cr_bace2_molecule_22,1.2599999904632568,5.554643334490068,5.398421331555597,5.737378145813182,5.547598718708839,5.505592781600129,5.58422569477259
cr_bace2_molecule_16,-0.3400000035762787,5.4820532814142044,5.314295409579783,5.6581128097838445,5.496267574127866,5.42969679465659,5.511893818922937
cr_bace2_molecule_11,-1.2400000095367432,5.485583592450593,5.291996520505316,5.66382286252635,5.490319508324432,5.450702635540056,5.531076435356809
cr_bace2_molecule_21,1.4600000381469729,5.610059902938303,5.48488683836595,5.813315373445425,5.574272339666816,5.539767803357033,5.638057159856292
cr_bace2_molecule_24,3.1600000858306885,5.531732081128742,5.360838673140795,5.698590918243837,5.524557149600778,5.494570200594201,5.580103464064098
cr_bace2_molecule_12,-0.5400000214576721,5.4841162643849,5.319511806772386,5.655258150074327,5.493891932954041,5.442514559960805,5.509404872162935
cr_bace2_molecule_20,-0.9399999976158142,5.512858136722926,5.355671217070433,5.678475109877444,5.506355635553915,5.474870808510998,5.548917912601835
cr_bace2_molecule_19,-1.1399999856948853,5.504659939262143,5.34587318023808,5.669115057381869,5.507963704204515,5.463058056932497,5.537289697553755
cr_bace2_molecule_13,-1.2400000095367432,5.485507013424171,5.327342270290328,5.6607501659915815,5.4896323474925675,5.4363741093332765,5.513436174013106
cr_bace2_molecule_23,1.3600000143051147,5.647101495680768,5.4182949666154405,5.759810475038233,5.625713960780326,5.697726398159605,5.733961677810234
cr_bace2_molecule_15,-0.7400000095367432,5.481740702160718,5.3122494152180675,5.657291810527648,5.49574566811083,5.432635196787197,5.510781420159852
cr_bace2_molecule_14,-1.0399999618530271,5.501762109138115,5.332053005237044,5.6788312598704165,5.501968186128027,5.459431417448991,5.536526677006099
fxa_set3_molecule_20814_6,-10.529999732971191,6.059544191778921,5.998762127951237,6.4102036866505125,5.828864558616359,5.855612227468402,6.204278358208092
fxa_set3_molecule_20539_10,-11.18000030517578,6.027674531448599,5.971609834310884,6.385642154194241,5.732875172305344,5.806948078940723,6.241297417491802
fxa_set3_molecule_20820_11,-10.829999923706056,6.091104009169988,6.041045535942818,6.410985510481483,5.804850432972862,5.850332241802048,6.348306324650733
fxa_set3_molecule_20819_8,-11.18000030517578,6.032588322325408,5.970089435049231,6.3837899609276345,5.752396733716643,5.808436864693246,6.248228617240286
fxa_set6_molecule_21083,-6.530872344970703,6.037843681148059,5.849735586335371,6.448147900012283,5.66730441392897,6.092067536021646,6.131962969442024
fxa_set6_molecule_21084,-7.469595909118652,6.058260590238767,5.875050488210607,6.422130229276451,5.753561399927675,6.092756251256757,6.1478045825223395
fxa_set6_molecule_21085,-8.053603172302246,6.087874671669308,5.870747304126146,6.550774477216369,5.743937757004187,6.094710789096727,6.1792030309031105
fxa_set6_molecule_21086,-11.29120922088623,6.048370261049895,5.865835166472145,6.44977728315009,5.751328912130735,6.0679938098832835,6.10691613361322
fxa_set6_molecule_20524_2j95_cys,-11.423027992248535,6.046159277901808,5.853603039163818,6.464827816713811,5.738042296084186,6.040978592204251,6.133344645342972
fxa_set6_molecule_21087,-11.832493782043455,6.028000465868304,5.836139804748335,6.455431646938793,5.703399990999512,6.04894476775181,6.096086118903073
fxa_set5_molecule_20705_cys,-10.90999984741211,6.705215131744682,6.902683714479062,7.345564317009988,6.009952951291602,6.601953753910803,6.665920922031954
fxa_set5_molecule_21331,-10.770000457763672,6.70865251878341,6.913019228038382,7.367961008445239,6.025560584073159,6.594917222290457,6.641804551069809
hc_bace2_molecule_37_0_ligand,-6.789999961853027,6.137532950139546,6.29953773390634,6.244271130541002,6.103756227651068,5.98483513453229,6.055264524067026
hc_bace2_molecule_35_0_ligand,-7.960000038146973,6.295673652871444,6.411889644460559,6.250467456363172,6.241574546005207,6.29275410536705,6.281682512161232
hc_bace2_molecule_39_0_ligand,-8.970000267028809,6.338769932226863,6.425086139854016,6.346656885507939,6.260561020224704,6.328045319867414,6.333500295680244
hc_bace2_molecule_34_0_ligand,-8.0,6.377674490269873,6.424748125163781,6.370060704898433,6.271413654580575,6.374637780786649,6.447512185919932
hc_bace2_molecule_40_0_ligand,-8.0,6.4046796681025,6.4451426291374805,6.4478637620232275,6.316024558349583,6.364555153306846,6.449812237695366
hc_bace2_molecule_30_0_ligand,-8.1899995803833,6.139934048880986,6.30084472359411,6.254695774488899,6.103768570454716,5.985590864616343,6.054770311250864
hc_bace2_molecule_33_0_ligand,-8.270000457763672,6.331616705764914,6.434527428447664,6.316744706546162,6.270140193256228,6.311961829832502,6.324709370742016
hc_bace2_molecule_41_0_ligand,-8.149999618530273,6.325365654495034,6.424276410940594,6.339762908641271,6.277496927585726,6.287514085736971,6.297777939570605
hc_bace2_molecule_42_0_ligand,-8.319999694824219,6.473971654455323,6.4571675086916995,6.4765880154483435,6.356974243966746,6.54957837205138,6.529550132118446
hc_bace2_molecule_44_0_ligand,-8.359999656677246,6.384771313456353,6.41819210512621,6.415540217885176,6.300818761823839,6.353069106046843,6.436236376399701
fxa_set4_molecule_1s,-9.579999923706056,6.178384874947532,6.032863573391854,6.603891435111137,5.825702767329543,6.164767410575789,6.264699188329339
fxa_set4_molecule_21080_1j,-9.229999542236328,6.162308577218045,5.983671217481313,6.607582463272135,5.77586005168628,6.173043313827737,6.271385839822763
fxa_set4_molecule_21030_1o,-8.899999618530273,6.266972175954619,6.112274337429751,6.821704678985199,5.819813354237351,6.253467029186794,6.327601479933999
fxa_set4_molecule_21028_1r,-9.449999809265137,6.229981942572768,6.123583728501979,6.753401073072853,5.780752712282423,6.211389518832748,6.280782680173834
fxa_set4_molecule_21027_1q,-7.309999942779541,6.17218693309852,6.031396089415125,6.637383554151872,5.777921045375177,6.16240797284646,6.251826003703966
fxa_set4_molecule_1t,-9.199999809265137,6.196129515010792,6.074568109817491,6.6159992323007035,5.833414063511617,6.186848741805286,6.2698174276188645
fxa_set4_molecule_16352_1e,-10.630000114440918,6.193888384206565,6.076416452418951,6.617573687897141,5.823111173937338,6.186507194794301,6.265833411985088
fxa_set4_molecule_21081_1k,-7.53000020980835,6.212259499545265,6.109754994412757,6.613455579878533,5.840733930832683,6.211768422652356,6.285584569949996
fxa_set4_molecule_21031_1p,-8.300000190734863,6.210481976181397,6.036887764524036,6.693268005034439,5.812476058119668,6.206508765009934,6.303269288218903
fxa_set4_molecule_16353_1d,-9.960000038146973,6.200772161015542,6.102536338326548,6.613193489114261,5.830161840070695,6.189737410117417,6.268231727448789
fxa_set4_molecule_21082_1l,-7.389999866485596,6.198434757349679,6.083547639611145,6.623091173004167,5.825600057276287,6.194650830228222,6.26528408662857
chk1_set2_molecule_17374_cys,-12.49643898010254,7.384671701277876,7.345386188005117,7.19825029224602,7.684623968109258,7.499690571951047,7.195407486077935
chk1_set2_molecule_17509,-11.380305290222168,7.781567350284864,7.458354924157405,7.3204374758355995,8.063335839138476,7.972698769820202,8.093009742472633
chk1_set3_molecule_23882,-10.881742477416992,5.158254376647418,5.099321436211841,5.415464449675354,5.203311208233266,4.890331028218302,5.18284376089832
chk1_set3_molecule_23703_cys,-11.092443466186523,5.170052470432959,5.099841183957853,5.454996962864669,5.205723990417163,4.908102847381469,5.1815973675436435
chk1_set3_molecule_23864,-11.423027992248535,5.150362710330482,5.075740818005802,5.425589263945892,5.175461723102246,4.920670770958565,5.154350975639903
chk1_set3_molecule_23863,-11.183505058288574,5.1291677799866084,5.047813055859965,5.402260397908114,5.140621552213933,4.906971056160711,5.1481728377903195
chk1_set7_molecule_19997,-10.774039268493652,7.792997749658359,7.662544948117195,7.826966319478213,7.959809490924464,7.914348589613914,7.601319400158011
chk1_set7_molecule_19998,-8.94359302520752,7.792891233298005,7.663434439379394,7.825797955077486,7.95997576315933,7.914348589613914,7.600899419259895
chk1_set7_molecule_19934_cys,-10.726755142211914,7.792891233298005,7.663434439379394,7.825797955077486,7.95997576315933,7.914348589613914,7.600899419259895
chk1_set6_molecule_23708_cys,-9.6899995803833,6.207896819877039,6.061111832249673,6.171267942005881,6.017708666670443,6.225792275942929,6.56360338251627
chk1_set6_molecule_13,-6.420000076293945,7.736216384019198,7.32007153806704,7.533543558008275,7.7244796840247805,8.192180657466952,7.910806482528946
chk1_set6_molecule_15,-7.510000228881836,6.228945576767814,6.099443180343803,6.166897908335177,6.0374996135082135,6.303971654329894,6.536915527321983
chk1_set4_molecule_23704_cys,-11.29120922088623,5.15722870373507,5.086430606719405,5.445311005022178,5.173879269564002,4.885468769008363,5.195053868361402
chk1_set4_molecule_23873,-10.825439453125,5.164232343654461,5.088781305887101,5.4599278582609765,5.1825879489863995,4.899245963426574,5.190618641711254
chk1_set5_molecule_20315,-10.94398307800293,6.427375464594306,6.503626611365162,6.6894244670734455,6.052659331604807,6.441824793922946,6.449342119005165
chk1_set5_molecule_19939_cys,-11.592971801757812,6.422908310150632,6.490139713056419,6.674870890409337,6.078346041798741,6.407467947537144,6.4637169579515215
chk1_set5_molecule_19940,-12.241960525512695,6.429974724091787,6.4965868277273024,6.714727107343006,6.067295919636937,6.426929220487465,6.44433454526422
pb_bace3_molecule_22316,-7.876320838928223,6.241745002463963,6.367882141857065,6.400415109737388,6.087589988949363,6.170128270262286,6.182709501513718
pb_bace3_molecule_22320,-7.502553939819336,6.232115218942282,6.329574190873676,6.416960597077374,6.062005435015388,6.156353153519208,6.195682718225768
pb_bace3_molecule_22319,-6.840160369873047,6.240111673383581,6.3417537762906395,6.419558967787782,6.078147102968062,6.15727798508368,6.203820534787736
pb_bace3_molecule_19678_cys,-8.607325553894043,6.2297067355465625,6.362166290622399,6.3745679961482935,6.073516537513346,6.162188704850117,6.176094148598657
chk1_set1_molecule_19967,-10.534516334533691,7.4318414372010935,7.4375635340953385,7.228672550307431,7.762947245766365,7.542067655229832,7.187956200606498
chk1_set1_molecule_17353_cys,-11.092443466186523,7.372545719959598,7.3915449444301,7.185081433187096,7.69102651614508,7.4925185281542275,7.10255717788149
chk1_set1_molecule_19971,-10.340457916259766,7.336054332330937,7.316573674904733,7.140576335569719,7.67392760238287,7.46742550528002,7.081768543517344
pfkfb3_automap_molecule_43,-7.997664928436279,6.065960143009807,6.0037935470951505,6.306226952891481,5.877523374570659,5.990320872579439,6.151935967912306
pfkfb3_automap_molecule_30_flip_b,-9.198190689086914,7.650075309950234,7.939972406550845,7.192162117235202,7.515079709975114,7.781281637435088,7.821880678554921
pfkfb3_automap_molecule_65,-9.487896919250488,6.4036935941113935,6.5471729271371215,6.486845781463396,6.110950041196363,6.4264367864659215,6.447062434294165
pfkfb3_automap_molecule_49,-7.934291839599609,6.071742883956729,5.998210254289825,6.317937909419163,5.897169368478375,5.989599795487148,6.155797092109134
pfkfb3_automap_molecule_24,-8.869909286499023,7.172762094806545,7.6337493539862065,6.888254391145349,6.544980853560687,7.238062023026755,7.558763852313724
pfkfb3_automap_molecule_67,-10.24363613128662,7.288490613815908,7.339312208354182,6.971368183855256,7.551715407468353,7.504626282561768,7.075430986839985
pfkfb3_automap_molecule_62_flip,-7.691737651824951,7.0001713367131755,6.902659816738954,7.010438195821016,6.989655450867186,7.20414472301954,6.893958497119185
pfkfb3_automap_molecule_56,-10.565720558166504,8.065259737887505,8.202653962176262,7.363465861548266,8.267438287188767,8.249703082019733,8.243037496504494
pfkfb3_automap_molecule_59,-8.1151704788208,6.688723667183707,6.761420411593878,6.805756495557405,6.312017242590386,6.724239845963744,6.8401843402131215
pfkfb3_automap_molecule_38,-8.758760452270508,6.032054684141872,5.863112731609009,6.340843475299893,5.885521242703663,6.016722866204686,6.054073104892104
pfkfb3_automap_molecule_31,-9.282472610473633,7.1850511646490345,7.570939708404904,6.8994949794925535,6.601596953220159,7.265340639162549,7.587883542965009
pfkfb3_automap_molecule_48,-8.006359100341797,6.1737180028301575,6.028553297003009,6.3861265058991865,6.017782167805761,6.182204947609091,6.253923095833742
pfkfb3_automap_molecule_58,-9.133153915405272,6.682344497387848,6.7433914833927115,6.79931968441339,6.3298947747375065,6.704061006973746,6.835055537421891
pfkfb3_automap_molecule_41,-7.387692451477051,6.129389234118223,5.945775145943767,6.398436096988388,5.968050164623146,6.080776596666322,6.253908166369496
pfkfb3_automap_molecule_29,-9.646018028259276,7.168206694133609,7.669946615058178,6.8457596636067555,6.591343297873628,7.191949115652485,7.5420347784769985
pfkfb3_automap_molecule_54,-8.179586410522461,7.189432105620918,7.646887522994936,6.9206641427336715,6.62664154820843,7.212934695587329,7.540032618580223
pfkfb3_automap_molecule_47,-8.333451271057129,6.300063889673679,6.2841729642334085,6.449934607100981,6.236834405071848,6.16019630283876,6.3691811691234
pfkfb3_automap_molecule_26,-9.169439315795898,7.119161090817455,7.5973412033058985,6.811459106628138,6.5313794811921255,7.15398156281563,7.501644100145483
pfkfb3_automap_molecule_55,-10.635504722595217,8.060542936098447,8.196191230486889,7.3468333776051455,8.28143349429356,8.231331384539278,8.246925193567359
pfkfb3_automap_molecule_20,-8.51645278930664,6.0995619561941785,5.879703955450161,6.306612726938473,5.982736078737789,6.094285608657935,6.234471411186537
pfkfb3_automap_molecule_57,-10.474388122558594,7.130290056694818,7.553100605482282,6.8820222081177445,6.593735794160864,7.136856382592225,7.485735293120975
pfkfb3_automap_molecule_42,-8.466802597045898,6.030369124019432,5.854218944658442,6.272589467471136,5.910781567601678,6.014593748239202,6.099661892126706
pfkfb3_automap_molecule_35,-10.138808250427246,7.154135069853221,7.601776454617699,6.8624096436058375,6.60866516254942,7.185375667202649,7.512448421290503
pfkfb3_automap_molecule_44,-9.948675155639648,6.065714450794711,5.975612326767534,6.312934777227898,5.903294148914132,5.998681549924177,6.138049451139815
pfkfb3_automap_molecule_63,-8.561636924743652,6.424847558221371,6.600599996057183,6.501218092470987,6.1144416425282415,6.455948546208483,6.452029513841962
pfkfb3_automap_molecule_69,-10.71462059020996,7.294246746615267,7.295195083290444,7.004275161846572,7.571019061180825,7.517318520904363,7.083425905854127
pfkfb3_automap_molecule_52,-10.395273208618164,7.214246087234284,7.630970819624252,6.844173673771275,6.927361615521445,7.1658063645986445,7.502917962655808
pfkfb3_automap_molecule_19,-7.550787448883057,6.75324655169225,6.847456038080215,6.778497115606154,6.314228768405126,6.677737030723178,7.148313805646574
pfkfb3_automap_molecule_68,-9.778227806091309,7.310264921067019,7.385782781443777,6.992532485359408,7.557450965838852,7.512698129886049,7.10286024280701
pfkfb3_automap_molecule_33,-8.606922149658203,7.141529164022262,7.535360041666709,6.89605215046431,6.535327656202256,7.220112902147606,7.520793069630427
pfkfb3_automap_molecule_70,-10.30394172668457,7.463618693956455,7.332845865155021,7.213280553135001,7.712618824167772,7.691668438034429,7.367679789290049
pfkfb3_automap_molecule_53,-6.997636318206787,7.29077914076164,7.670744488974381,6.881840834237529,7.064588059598872,7.276267719517023,7.560454601480395
pfkfb3_automap_molecule_64,-9.42227840423584,6.419583145771808,6.548776944113592,6.5000267672017955,6.14313086310371,6.4416344852358725,6.4643466692040725
pfkfb3_automap_molecule_39,-7.197502136230469,5.909603867585493,5.719878748288375,6.203647004833214,5.791816561276805,5.854699375302343,5.977977648226731
pfkfb3_automap_molecule_37,-9.99706745147705,7.378539172595575,7.98335394959137,7.074352727904797,6.7215476890902845,7.406279468157267,7.707162028234157
pfkfb3_automap_molecule_23,-7.914463996887207,6.720985963748535,6.763729420482508,6.771136571303913,6.2993370364350865,6.653966820395802,7.116759970125366
pfkfb3_automap_molecule_60_adjust,-8.143735885620117,7.08980275102981,7.120617134302761,6.957017194856522,7.040345258464348,7.293914384623053,7.037119782902364
pfkfb3_automap_molecule_34,-9.97237777709961,7.0936311263586,7.507262078283033,6.823522139142619,6.527112798490079,7.14707973663477,7.463178879242502
pfkfb3_automap_molecule_36,-7.440536022186279,7.1907293609050695,7.649361399552242,6.912995434349735,6.6323645778442675,7.22336567520727,7.535559717571834
pfkfb3_automap_molecule_46,-7.859359264373779,6.034586377173695,5.820923134715064,6.388303627991787,5.934750475961269,5.978687353258064,6.050267293942292
shp2_molecule_SHP099-1_Example_7,-9.75264835357666,7.071019204259224,7.013898953355793,6.981362692874194,6.612114360812672,7.4529770462288045,7.2947429680246545
shp2_molecule_Example_22,-9.238834381103516,8.295078912897948,7.910489235422994,8.335760692552345,8.30521220400613,8.565462269922616,8.358470162585654
shp2_molecule_Example_29,-7.622783184051514,6.439410181897111,5.772804702652873,6.653720191863577,6.366474880841185,6.689942621491567,6.714108512636348
shp2_molecule_11,-6.354085445404053,7.1608698563735045,7.12693187377506,7.094301502662975,6.727419034204556,7.514649916947072,7.341046954277861
shp2_molecule_4,-5.822068691253662,7.333039657994448,7.270895952870531,7.648249058664127,6.844984563061751,7.486155648346635,7.414913067029197
shp2_molecule_Example_2,-8.27622127532959,7.137483333082857,7.106398228605201,7.083944902231451,6.726964518496143,7.495029394343564,7.275079621737925
shp2_molecule_Example_14,-9.778227806091309,7.000439665457575,7.012517686506181,7.06891679511069,6.819995210606747,7.016402788514319,7.084365846549945
shp2_molecule_Example_26,-8.959051132202148,8.219124895241059,7.761818485852031,8.337776581760998,8.199869755141599,8.508731906145874,8.287427747304791
shp2_molecule_SHP836-2,-6.713211536407471,7.726085918466069,7.539819247674751,7.814089553184086,7.631276081051885,8.021409726594339,7.623834983825285
shp2_molecule_Example_6,-9.06926441192627,7.794476853467673,7.53404772278491,7.8577270806598465,7.642906067939459,8.15180084925382,7.785902546700323
shp2_molecule_Example_1,-8.988177299499512,7.28479462007283,7.133708356282356,7.607607261145562,6.714480236213191,7.532440507513272,7.435736739209773
shp2_molecule_3,-5.462942123413086,6.787533802009797,6.550431650813527,6.972346789703932,6.636527016192203,6.873245557346498,6.905117995992823
shp2_molecule_Example_9,-8.794095039367676,6.892789387604092,6.948255407047314,6.666571716667281,6.7998997695286265,7.023240371606716,7.025979673170523
shp2_molecule_Example_8,-9.71232795715332,7.333558102139158,7.271732876961883,7.231492446674943,7.167281525234653,7.550678685962033,7.446604975862276
shp2_molecule_7,-7.076467037200928,7.3926110755121055,7.237556813967368,7.766429636141582,6.837972723130102,7.63781306046988,7.4832831438515965
shp2_molecule_Example_24,-9.07721710205078,8.283748370709558,7.847332270566031,8.36773210541626,8.310161251066262,8.584930799552454,8.308585426946786
shp2_molecule_Example_28,-8.457352638244629,6.639674499781845,6.1985190103011565,6.673480395939672,6.514794663827231,6.923960956974497,6.887617471866668
shp2_molecule_10,-7.1542816162109375,6.685766209528036,6.192414853628482,6.917221015068668,6.540974954120789,6.884150480462239,6.894069744360002
shp2_molecule_Example_25,-8.869909286499023,8.319830591885395,7.954422431065285,8.355716030373552,8.343655561115366,8.591739513961624,8.353619422911152
shp2_molecule_Example_27,-8.51852798461914,7.744975812765297,7.575110647697105,7.816915718985648,7.646892808372459,8.015294293746816,7.670665595024456
shp2_molecule_6,-8.030035018920898,6.782114022613177,6.8590413173429035,6.894824542457214,6.2145924483141135,6.9624733662277745,6.979638438723878
shp2_molecule_Example_30,-9.157095909118652,7.067713472296975,7.000255170894557,6.995359858537468,6.630834302709848,7.436668625449339,7.275449403893664
shp2_molecule_Example_5,-7.5630927085876465,7.90108501025652,7.609656527064689,8.112540300240555,7.7692762399732365,8.196603477518979,7.817348506485141
shp2_molecule_Example_4,-8.201089859008789,6.577014559379194,6.05131614643218,6.696379472029402,6.490294166324255,6.868706094137243,6.778376917972895
shp2_molecule_Example_23,-8.740339279174805,8.263542019474176,7.827139830080964,8.318555709076822,8.270064815298566,8.56004112462401,8.341908618290523
shp2_molecule_Example_3,-8.215871810913086,6.627692962448781,6.192439517943884,6.861359248298247,6.4533942422414805,6.792072716655191,6.839199087105102
cmet_molecule_CHEMBL3402753_200,-9.139049530029297,6.741767671864618,6.9452242330095295,6.583171151500045,6.631915730449045,6.633189963048421,6.915337281316049
cmet_molecule_CHEMBL3402747_3400,-7.460412979125977,7.87184337159448,8.08100887445903,7.319282392185074,8.063118063701047,8.024913825170374,7.870893702456873
cmet_molecule_CHEMBL3402744_300,-8.89881706237793,6.2915595238881385,6.337539435273046,6.0362957668822235,6.220428916890125,6.380437497068973,6.483096003326327
cmet_molecule_CHEMBL3402745_200,-9.139049530029297,6.373409460667258,6.436990112339427,6.130221690883134,6.293609384451697,6.4315980996666635,6.574628015995362
cmet_molecule_CHEMBL3402750_400,-8.72836971282959,7.089694133778598,7.540855178211089,6.664302944795289,6.864476077348935,7.14977829309666,7.229058175441013
cmet_molecule_CHEMBL3402743_42,-10.063709259033203,6.520367650962032,6.596923327132757,6.387277354691476,6.387700379563636,6.551727687056996,6.678209506365298
cmet_molecule_CHEMBL3402752_30000,-6.170323371887207,6.952904659397108,7.398857719587063,6.631556074569651,6.68035492685436,6.954710414212217,7.099044161762242
cmet_molecule_CHEMBL3402755_4200,-7.33521556854248,7.29556320314996,7.807593749444587,6.701143087079618,7.254812448051304,7.373325366786482,7.34094136438781
cmet_molecule_CHEMBL3402749_500,-8.596160888671875,7.4489150530776485,7.834795187111664,7.003285514073137,7.376496207151808,7.524745266433264,7.505253090618365
cmet_molecule_CHEMBL3402765_11-charged-pKa-8.1,-10.857505798339844,6.54922898300155,6.640188403509022,6.545414209066306,6.436046650406976,6.455262434476279,6.669233217549164
cmet_molecule_CHEMBL3402742_23,-10.420489311218262,6.608567290449317,6.775067246215755,6.474736244480976,6.429356583516887,6.659176962381074,6.704499415651891
cmet_molecule_CHEMBL3402754_40,-10.09261703491211,7.032374922723212,7.528203645506689,6.639185207094479,6.774851019482662,7.0300900641536455,7.189544677378589
cmet_molecule_CHEMBL3402748_5300,-7.197390079498291,6.70671571253622,6.944007882650898,6.538023643333154,6.613798306317751,6.604001344670472,6.833747385708829
cmet_molecule_CHEMBL3402741_400,-8.72836971282959,6.64816357471004,6.774948921624209,6.543891395064026,6.465633995459151,6.711562293814251,6.744781267588568
cmet_molecule_CHEMBL3402763_90,-9.612153053283691,6.665002809620448,6.81887879527646,6.477608714805308,6.497893005498798,6.737654892545075,6.792978639976599
cmet_molecule_CHEMBL3402764_90,-9.612153053283691,6.39551402124187,6.462613919957588,6.205760228647364,6.250221453943239,6.44528406283241,6.61369044082875
cmet_molecule_CHEMBL3402751_2100,-7.745894908905029,6.997335022700857,7.489542902817998,6.636777170485752,6.740752645602564,6.968341536220746,7.1512608583772215
cmet_molecule_CHEMBL3402756_2.7_redocked,-11.689735412597656,7.107655313382702,7.451205022256934,6.7213097996419675,6.977861991454315,7.157848456273606,7.230051297286691
cmet_molecule_CHEMBL3402762_1_redocked,-12.27822208404541,7.156834795716549,7.522038626740857,6.819633689114418,6.976966264649484,7.21479494714435,7.250740450933637
cmet_molecule_CHEMBL3402760_1_redocked,-12.27822208404541,7.0641213229207995,7.420770853245395,6.6667177264532915,6.919162268714281,7.143996166619913,7.169959599571116
cmet_molecule_CHEMBL3402757_6.5_redocked,-11.169207572937012,7.08154587369588,7.421102083529307,6.699345707528148,6.948794874047799,7.1488551806350555,7.189631522739089
cmet_molecule_CHEMBL3402761_1_redocked,-12.27822208404541,7.134614137359648,7.45036436699669,6.747003180367581,6.971848833360601,7.252661466453743,7.251192839619624
cmet_molecule_CHEMBL3402758_10_redocked,-10.91397476196289,6.842574474524893,6.911805230669648,6.626365573781639,6.823479580859422,6.853757674358522,6.997464312955234
cmet_molecule_CHEMBL3402759_5.7_redocked,-11.24702262878418,7.075794269304372,7.428266129946391,6.683332377726502,6.923616068394615,7.15540313355777,7.188353636896581
eg5_extraprotomers_molecule_CHEMBL1078774,-10.662470817565918,6.261621829552494,6.209242419578084,6.700272355469529,5.971758233655191,6.107199349134914,6.319636789924751
eg5_extraprotomers_molecule_CHEMBL1093087,-10.59618091583252,5.88916146040973,5.982526952818929,5.986957377118771,5.842011238234182,5.624916780357118,6.009394953519654
eg5_extraprotomers_molecule_CHEMBL1082249,-11.283177375793455,5.855727207050616,6.0069656708607875,5.909350654042962,5.839272542630271,5.663837813138133,5.859209354580922
eg5_extraprotomers_molecule_CHEMBL1089393,-8.429832458496094,5.5938842594165825,5.4561470122327815,5.863270952372132,5.5021320057805445,5.4589106808015915,5.6889606458958655
eg5_extraprotomers_molecule_CHEMBL1078691,-10.24935531616211,6.044921887074688,5.90808330567557,6.517607451984501,5.7951443149731,5.91959835499968,6.084176007740591
eg5_extraprotomers_molecule_CHEMBL1086409,-9.931042671203612,5.982601463154571,5.902009036472014,6.373535414266443,5.799881951360772,5.798502513487856,6.039078400185772
eg5_extraprotomers_molecule_CHEMBL1082248,-11.696293830871582,5.738958735847693,5.7050312778279295,5.840299591122925,5.684495530192306,5.650084007421439,5.814883272673866
eg5_extraprotomers_molecule_CHEMBL1084678,-11.191304206848145,5.916638919474271,6.046649257416266,6.023660204300446,5.867312683321924,5.652919228279768,5.992653224052952
eg5_extraprotomers_molecule_CHEMBL1084115,-9.497721672058104,5.641417304226302,5.503321971824733,5.774630144736539,5.571779430719673,5.624846235087047,5.732508738763514
eg5_extraprotomers_molecule_CHEMBL1084431,-9.863131523132324,5.8354657894833295,5.927681186804093,5.9158418040878455,5.816553526222421,5.609200351275499,5.908052079026789
eg5_extraprotomers_molecule_CHEMBL1085895,-10.921920776367188,5.885404045640565,5.984387364776073,5.975076263423225,5.856095504448879,5.629787700397051,5.9816733951576
eg5_extraprotomers_molecule_CHEMBL1084677,-11.524834632873535,5.894639799910634,5.979200814240363,5.970701824055679,5.848959442325497,5.663592326347814,6.010744592583819
eg5_extraprotomers_molecule_CHEMBL1077227,-11.391841888427734,5.806783522345482,5.790662316995404,5.912220047632141,5.703423332125036,5.735751327256841,5.891860587717983
eg5_extraprotomers_molecule_CHEMBL1086410,-11.524834632873535,5.805755625937528,5.7875344233423585,5.899294120920188,5.715528770205552,5.726763108642199,5.899657706577345
eg5_extraprotomers_molecule_CHEMBL1083517,-11.524834632873535,5.996069241973283,5.927080657344079,6.40333073937698,5.788155304960746,5.805270416867227,6.056509091317381
eg5_extraprotomers_molecule_CHEMBL1096003,-11.93795108795166,6.169737490307987,6.351814371215567,6.3514271544856955,6.091480888197556,5.869263785514031,6.1847012521270885
eg5_extraprotomers_molecule_CHEMBL1077204,-11.111719131469728,5.889580660999508,5.975114079484506,5.9843142921735755,5.843251015572007,5.646328272017599,5.998895645749853
eg5_extraprotomers_molecule_CHEMBL1083836,-10.921920776367188,5.685891281797318,5.642419189711379,5.763526391955502,5.60501827142499,5.601386272628446,5.817106283266268
eg5_extraprotomers_molecule_CHEMBL1085666,-10.5656099319458,5.659295058712219,5.568390922870732,5.775202267042934,5.616177398965503,5.551930292690392,5.784774411991533
eg5_extraprotomers_molecule_CHEMBL1085692,-11.391841888427734,5.9386666834177415,6.050165597448523,6.014383490751689,5.904511166780214,5.722947155479081,6.0013260066292
eg5_extraprotomers_molecule_CHEMBL1084143,-11.93795108795166,6.010906466162545,6.179353193786608,6.094053689982623,5.93868694105785,5.767342128587495,6.075096377398156
eg5_extraprotomers_molecule_CHEMBL1096002,-11.191304206848145,6.112286685706762,6.2896270514599335,6.295700658426443,6.029742692514294,5.810731265212164,6.135631760920981
eg5_extraprotomers_molecule_CHEMBL1089056,-9.497721672058104,5.652548328917677,5.497168981388448,5.804616328988748,5.578699928048456,5.610527764789613,5.7717286413731195
eg5_extraprotomers_molecule_CHEMBL1093088,-11.283177375793455,5.768405640527115,5.622017450533209,5.798444190463055,5.653135024305421,5.768364614727587,6.0000669226063
eg5_extraprotomers_molecule_CHEMBL1084676,-10.778188705444336,5.952127860273267,5.989217770054315,6.022807600354096,5.906823969325857,5.749405153341798,6.092384808290269
eg5_extraprotomers_molecule_CHEMBL1084935,-10.59618091583252,6.056760869516918,6.2160815692613065,6.175419852928511,5.944898255125633,5.83769195352936,6.109712716739782
eg5_extraprotomers_molecule_CHEMBL1078998,-10.432616233825684,5.634333653208967,5.484174284843763,5.801253134396569,5.543195175560917,5.605417925522393,5.737627745721191
eg5_extraprotomers_molecule_CHEMBL1088740,-8.75107479095459,5.585671909053412,5.405516314890171,5.685999163991335,5.523348987773095,5.59228964799079,5.721205430621664
eg5_extraprotomers_molecule_CHEMBL1084143_1,-11.93795108795166,5.907114607001359,6.0579695193555985,5.955445103715798,5.894596761068288,5.7040798100424785,5.923481840824631
eg5_extraprotomers_molecule_CHEMBL1096003_1,-11.93795108795166,6.068185793646611,6.22995786234064,6.220856353464739,6.014123321751122,5.789942290466048,6.086049140210511
eg5_extraprotomers_molecule_CHEMBL1096002_1,-11.191304206848145,6.223591436559859,6.4133949300673585,6.342282203768277,6.1515996032983296,5.931461553505705,6.279218892159625
eg5_extraprotomers_molecule_CHEMBL1084676_1,-10.778188705444336,5.952395947103165,5.981947329251064,6.048125773318953,5.914540434464645,5.700376820205868,6.116989378275295
eg5_extraprotomers_molecule_CHEMBL1084677_1,-11.524834632873535,5.828692384427979,5.897251798584637,5.883225914315624,5.809585933007758,5.620565551145512,5.932832725086366
eg5_extraprotomers_molecule_CHEMBL1084935_1,-10.59618091583252,6.063964258341807,6.221304235234936,6.164015550449289,5.954584289413655,5.836436833196247,6.1434803834149045
syk_4puz_fullmap_molecule_CHEMBL3265014,-10.40023136138916,6.8326430289796605,6.964854181433784,6.822411848265519,6.477352762807252,6.723751514486458,7.1748448379052885
syk_4puz_fullmap_molecule_CHEMBL3265036,-10.417919158935549,6.681125027440492,6.552630301875858,6.9620622654907605,6.320696582833599,6.52538702226006,7.044848964742186
syk_4puz_fullmap_molecule_CHEMBL3265020,-11.003335952758787,6.8017850204879124,6.971080954360164,6.8103161705371695,6.439036565657076,6.65068515810323,7.137806253781923
syk_4puz_fullmap_molecule_CHEMBL3265023,-10.477216720581056,6.839822213946588,6.942695127024348,6.8369845842709465,6.452964460302726,6.78139985918055,7.185067038954374
syk_4puz_fullmap_molecule_CHEMBL3265033,-11.838635444641112,6.776012219360803,6.91853226899441,6.838597058385531,6.421177569277204,6.528661492511787,7.173092707635078
syk_4puz_fullmap_molecule_CHEMBL3265027,-10.329894065856934,6.391762426069077,6.349982822278824,6.578214947187802,6.04581843588233,6.249348332694341,6.7354475923020845
syk_4puz_fullmap_molecule_CHEMBL3265028,-11.010265350341797,6.588695071004049,6.530907084033062,6.719730158642927,6.288749019880507,6.493855013533054,6.910234078930696
syk_4puz_fullmap_molecule_CHEMBL3265032,-11.068829536437988,6.753484811590742,6.829546088715589,6.875543426424522,6.340768735407513,6.575755931050536,7.14580987635555
syk_4puz_fullmap_molecule_CHEMBL3265031,-12.078866958618164,6.7655349666963644,6.850927662062613,6.8956619361143945,6.368505846269624,6.5663733740363455,7.146206014998848
syk_4puz_fullmap_molecule_CHEMBL3265037,-12.764640808105469,6.900649637337736,6.935429002434345,7.013464074723584,6.509245896633092,6.7992774352125664,7.24583177768509
syk_4puz_fullmap_molecule_CHEMBL3265026,-11.36131477355957,6.955468903219085,7.064781464901448,6.976156520439802,6.578089939492308,6.845433928718982,7.312882662542884
syk_4puz_fullmap_molecule_CHEMBL3265012,-10.546293258666992,6.771587572530002,6.928776681662368,6.7785204487856925,6.448209755163009,6.628300152247341,7.074130824791601
syk_4puz_fullmap_molecule_CHEMBL3265029,-11.125299453735352,6.685913230620523,6.784868677960619,6.745574293594683,6.317151758657289,6.529422646486625,7.052548776403397
syk_4puz_fullmap_molecule_CHEMBL3265035,-11.07657527923584,6.817318789611734,6.9733777264652606,6.855549974368219,6.546018635681815,6.535458385651633,7.176189225891745
syk_4puz_fullmap_molecule_CHEMBL3265024,-11.784735679626465,7.246608564060051,7.748474773880044,6.923754448719709,6.684119476994944,7.325096374186669,7.551597746518891
syk_4puz_fullmap_molecule_CHEMBL3265018,-11.187724113464355,6.7782611212311465,6.907524942249552,6.803802125906189,6.413502424559389,6.6458440757359245,7.120632037704682
syk_4puz_fullmap_molecule_CHEMBL3265008,-9.784358024597168,6.734995030403693,6.936473820553615,6.736409484092819,6.406807484455917,6.534962528962982,7.060321833953138
syk_4puz_fullmap_molecule_CHEMBL3265016,-11.689735412597656,6.80298603257244,6.9715459808661295,6.808796130397403,6.434209396733144,6.6539329883221425,7.146445666543378
syk_4puz_fullmap_molecule_CHEMBL3265025_flip,-10.199455261230469,7.833859337600212,8.22474781010045,7.354348590010869,7.725821156633693,8.031083191988829,7.833295939267221
syk_4puz_fullmap_molecule_CHEMBL3265013,-9.81322193145752,7.183345685027362,7.694939537431233,6.860884811847037,6.643472699949727,7.236336759508226,7.481094616400586
syk_4puz_fullmap_molecule_CHEMBL3259820,-10.575678825378418,6.739446948328116,6.904100085733632,6.727068436072624,6.36270640927699,6.604953777689066,7.098406032868264
syk_4puz_fullmap_molecule_CHEMBL3265006,-9.95804214477539,6.74971496602843,6.883120852195239,6.77654692263176,6.321106495250867,6.628180524176045,7.139620035888239
syk_4puz_fullmap_molecule_CHEMBL3265030_n,-11.471863746643066,6.763158892131725,6.872385388728505,6.895199941008212,6.378508056985265,6.5357258669471054,7.1339752069895415
syk_4puz_fullmap_molecule_CHEMBL3265022,-10.791322708129885,6.860618501630427,6.962842108221493,6.867353634313778,6.471346452582683,6.777467846092963,7.224082466941215
syk_4puz_fullmap_molecule_CHEMBL3265019,-10.777045249938965,6.794687617479353,6.939237823503847,6.803430170604569,6.458392871566788,6.66845156417308,7.103925657548484
syk_4puz_fullmap_molecule_CHEMBL3265009,-10.297627449035645,6.795803282740261,6.973605141529783,6.786632492568769,6.435922872502172,6.653415238118867,7.1294406689817125
syk_4puz_fullmap_molecule_CHEMBL3265021,-10.890737533569336,6.778646957769645,6.907022059036551,6.812778759767332,6.423765151000544,6.639466362568711,7.110202456475088
syk_4puz_fullmap_molecule_CHEMBL3265005,-10.323298454284668,6.681271711464102,6.839309514473212,6.717213432992557,6.286067774565588,6.506931127956274,7.056836707332877
syk_4puz_fullmap_molecule_CHEMBL3265017,-11.48725414276123,6.779099891103421,6.907524942249552,6.804510050832724,6.414535531158469,6.648296893571676,7.120632037704682
syk_4puz_fullmap_molecule_CHEMBL3265010,-10.132436752319336,6.801687124448419,6.9636371243696065,6.777636624267674,6.426663788451653,6.696792195549516,7.143705889603647
syk_4puz_fullmap_molecule_CHEMBL3265034,-11.48725414276123,6.612187260782514,6.567320120774328,6.892470184355706,6.244158167967308,6.432316383908963,6.9246714469062685
syk_4puz_fullmap_molecule_CHEMBL3265011_flip,-8.637885093688965,7.152791689950748,7.700990867250009,6.8600275304886615,6.5760624978779605,7.167093323310672,7.459784230826438
syk_4puz_fullmap_molecule_CHEMBL3265015_flip,-9.47731590270996,7.12115402700379,7.592299454933182,6.837077867680854,6.537360110184578,7.205388488968804,7.433644213251528
syk_4puz_fullmap_molecule_CHEMBL3265002,-10.617273330688477,7.702253406104736,8.092636442666494,7.189687197762725,7.625949584009964,7.8110939841802765,7.79189982190422
syk_4puz_fullmap_molecule_docked_CHEMBL3264998,-11.712096214294434,7.134015433687833,7.602849601342402,6.8572401415605055,6.647658086688609,7.099268606665844,7.463060732181802
syk_4puz_fullmap_molecule_CHEMBL3264997,-10.983019828796388,7.117590421093229,7.60024528798268,6.847757734863469,6.5126219126473055,7.147742662423326,7.4795845075493625
syk_4puz_fullmap_molecule_docked_CHEMBL3264994,-9.804960250854492,6.686843704688985,6.833063789804233,6.755993471932293,6.27566529822729,6.497273228941378,7.07222273453973
syk_4puz_fullmap_molecule_CHEMBL3264995,-12.381524085998535,7.163213348381139,7.669282986812257,6.8564194332702435,6.5832363942807905,7.177073972815962,7.53005395472644
syk_4puz_fullmap_molecule_docked_CHEMBL3265004,-10.857505798339844,7.187755565569961,7.696931758490241,6.8781978387452005,6.614321300846306,7.216206430021908,7.533120499746147
syk_4puz_fullmap_molecule_CHEMBL3265001,-12.03799057006836,7.61980303523948,8.062827571378275,6.981780669553888,7.503927999983616,7.768795922637107,7.781683012644512
syk_4puz_fullmap_molecule_CHEMBL3264996,-10.665895462036133,7.1551040976041715,7.669577367852799,6.830662125513449,6.585319317685033,7.140186287219722,7.549775389749851
syk_4puz_fullmap_molecule_docked_CHEMBL3264999_adjust,-11.41401481628418,7.08930674456794,7.571227779214136,6.81830113488044,6.492870234422912,7.120780204849113,7.443354369473106
syk_4puz_fullmap_molecule_redocked_CHEMBL3265000_ground_state,-11.811073303222656,7.094279726777134,7.548498474696659,6.834564448169663,6.4982563820126575,7.13296349578515,7.45711583322154
syk_4puz_fullmap_molecule_redocked_CHEMBL3265000,-11.811073303222656,7.0966467097488435,7.569196671782803,6.811835909926312,6.505333303439749,7.118707842878564,7.478159820716785
syk_4puz_fullmap_molecule_CHEMBL3265003_tautomer_1,-10.820952415466309,7.194878120963234,7.7059199439060455,6.8635197664329874,6.620634381189848,7.2348226242843126,7.54949388900298
syk_4puz_fullmap_molecule_CHEMBL3265003_tautomer_2,-10.820952415466309,7.195369894452169,7.7059199439060455,6.8635197664329874,6.620634381189848,7.237281491728985,7.54949388900298
hif2a_automap_molecule_338,-10.75852870941162,5.466481666402475,5.269633325961454,5.262296116903732,5.61207281404743,5.65213561017072,5.536270464929042
hif2a_automap_molecule_43,-8.699462890625,6.164723970308694,5.9186661600670885,5.931680352109675,6.381373546070697,6.3366988008095975,6.255200992486412
hif2a_automap_molecule_235,-10.123006820678713,5.263079981011403,5.1880527774633824,5.071806967214129,5.314244615362484,5.402984179652189,5.338311365364828
hif2a_automap_molecule_234,-10.347848892211914,5.807627389503308,5.520748498929993,5.537635464987901,6.108272010409915,6.029242401039643,5.842238572149087
hif2a_automap_molecule_30,-10.565720558166504,5.517718045676317,5.3556860463723694,5.384835782632566,5.624573441111361,5.677728768218866,5.545766190046426
hif2a_automap_molecule_1,-11.324654579162598,5.599788364837733,5.376647821781364,5.404424121703763,5.7393271116256255,5.802480658118079,5.6760621109598315
hif2a_automap_molecule_237,-9.549728393554688,5.372321881845595,5.297746443986769,5.112274944974246,5.471403876346307,5.5272490263959595,5.452935117524691
hif2a_automap_molecule_227,-10.75852870941162,5.475867799801721,5.324064872486498,5.253850939486225,5.592271712874896,5.6684422575086515,5.540709216652332
hif2a_automap_molecule_266,-10.533686637878418,5.964691277693808,5.786237691958733,6.145981070336522,5.9581638435465685,5.92970049490783,6.003373287719387
hif2a_automap_molecule_206,-10.123006820678713,6.4682668686981275,6.24086834766927,6.477742606873767,6.673669203845277,6.366358751297298,6.582695433805024
hif2a_automap_molecule_67,-10.17173194885254,5.3719040465981465,5.161149812491835,5.100984553012029,5.524524807785849,5.59046227585331,5.482398783847709
hif2a_automap_molecule_156,-9.73618984222412,5.2573970157378795,5.175966288616522,5.100763190334708,5.329177389160307,5.3687583869285325,5.312319823649327
hif2a_automap_molecule_31,-8.842347145080566,5.762345827352119,5.311345125092469,5.9949922271844995,5.928939004814584,5.910656087968286,5.665796691700751
hif2a_automap_molecule_289,-10.91397476196289,5.733663988567496,5.4356251877596735,5.450277986642216,6.045824279255357,5.973502899998484,5.763089589181754
hif2a_automap_molecule_61,-10.107617378234863,6.366748257678877,6.1737992147270555,6.0992454734241575,6.422219482463608,6.666933720290936,6.471543397488627
hif2a_automap_molecule_167,-10.67374324798584,6.310509472856858,6.120340648772917,6.065088601965761,6.352087849444327,6.598145158095829,6.416885106005456
hif2a_automap_molecule_165,-9.235339164733888,5.727950027686101,5.4632212759885945,5.396748717602154,6.062541316205474,5.951353100570493,5.765885728063794
hif2a_automap_molecule_41,-9.787005424499512,6.4641580981727556,6.056868254627041,6.22792557161883,6.741750918083853,6.737006674005942,6.557239072528115
hif2a_automap_molecule_7b,-7.394513607025146,5.923797879622088,5.377977730132694,6.1312834912374035,6.079353010314152,6.150639002492655,5.879736163933528
hif2a_automap_molecule_54,-9.30949592590332,6.659208375922819,6.183881176792235,6.389133401216683,7.102459850220603,6.924360529950695,6.696206921433877
hif2a_automap_molecule_215,-10.59958553314209,6.37359678941044,6.175844031898941,6.183803939616824,6.404615185558929,6.65511460031167,6.44860618966584
hif2a_automap_molecule_57,-10.67374324798584,5.500777151827468,5.323254746896306,5.28755354140363,5.661326032323002,5.673540624172897,5.558210814341503
hif2a_automap_molecule_42,-8.93969440460205,6.4018243849887,6.025111585702377,6.15244232355939,6.681166650855858,6.667004377397612,6.483396987428261
hif2a_automap_molecule_252,-9.71232795715332,5.479564399110541,5.297001193641406,5.257346730627126,5.6393898645017,5.654072700755338,5.550011506027133
hif2a_automap_molecule_336,-9.823477745056152,5.4349150489060385,5.205124288595931,5.246701427914111,5.571528224688111,5.633533577401405,5.517687725930636
hif2a_automap_molecule_290,-10.565720558166504,5.480685814699501,5.3136473044682955,5.254408674514332,5.630592254277816,5.658372619515176,5.546408220721886
hif2a_automap_molecule_155,-10.5032958984375,5.5018526203407365,5.320537605879454,5.284812845060704,5.666745570258616,5.68055908865362,5.5566079918512905
hif2a_automap_molecule_164,-6.764764785766602,5.596801634009603,5.414142668025542,5.236245790849015,5.9206343824736,5.76680350446011,5.6461818242397515
hif2a_automap_molecule_7a,-9.99706745147705,5.984252196423396,5.4669975352368505,6.188751882604305,6.130147890696416,6.217963999693053,5.917399673886359
hif2a_automap_molecule_224,-9.660125732421877,5.415331621801077,5.290606537735897,5.105239944561724,5.355010627582004,5.758992813643316,5.566808185482444
hif2a_automap_molecule_84,-7.5754475593566895,6.071775339662823,5.793596975816939,6.229328097562855,6.120895293535492,5.989368776968481,6.225687554430343
hif2a_automap_molecule_254,-9.549728393554688,5.754681691013593,5.4693836252363415,5.489077676646816,6.074410089690068,5.960084714339093,5.7804523491556425
hif2a_automap_molecule_23,-7.067420959472656,5.502335795692299,5.337456189730592,5.29854447866419,5.646262877579117,5.683010051173187,5.546405381314409
hif2a_automap_molecule_251,-10.24363613128662,5.756759093242896,5.473519389976518,5.489077676646816,6.074826397677183,5.962074755294146,5.784297246619816
hif2a_automap_molecule_256,-10.67374324798584,5.480982840683344,5.299753068909873,5.257346730627126,5.639806172488814,5.654205715630813,5.553802515760095
hif2a_automap_molecule_50,-9.696937561035156,6.020578672215445,5.553182193234904,6.188294111502589,6.127503091227052,6.272755326806044,5.961158638306637
hif2a_automap_molecule_231,-10.022831916809082,5.716745615839856,5.441279470706411,5.429304606130669,6.0263255122692065,5.9280551360780525,5.758763354014943
hif2a_automap_molecule_15,-11.046184539794922,5.507324687876299,5.343995512204553,5.283751000494071,5.660125751359834,5.690897250846418,5.557853924476619
hif2a_automap_molecule_124,-10.123006820678713,5.349492582564889,5.26430006540088,5.218222868338084,5.427060061309233,5.473893975785913,5.363985941990336
hif2a_automap_molecule_25,-10.28314971923828,5.303428742469457,5.213341175681519,5.160729324398836,5.341541518129068,5.428703130171984,5.372828563965877
hif2a_automap_molecule_163,-11.010265350341797,5.7480218897060675,5.489098994548831,5.424739169956988,6.085702309207167,5.96357960064952,5.77698937416783
tnks2_fullmap_molecule_1a,-8.550562858581543,5.63237080446756,5.585817304996694,5.84914477179518,5.542813906236172,5.510010618571489,5.674067420738264
tnks2_fullmap_molecule_1b,-9.937170028686523,5.880740468049436,5.7536174977609695,6.051905260021825,5.742441651025791,5.869926340499228,5.985811590939365
tnks2_fullmap_molecule_3a,-10.996485710144045,5.914650505251322,5.882068491627209,6.261639220389373,5.717216191020515,5.816209676200194,5.896118947019317
tnks2_fullmap_molecule_3b,-11.519288063049316,6.688829791176585,6.899986850805721,6.531314915499414,6.644105615014523,6.840829024047544,6.527912550515722
tnks2_fullmap_molecule_5f,-10.26306438446045,6.037543913553344,6.10489738848843,6.242990414001491,5.847492221788824,5.9222195351585505,6.070120008329429
tnks2_fullmap_molecule_5l,-10.09261703491211,6.740502038292699,6.945374667658843,6.6839654388115655,6.74746323660026,6.785516781455188,6.540190066937642
tnks2_fullmap_molecule_5g,-10.805952072143556,6.091775194379577,6.153163762511641,6.280532827188975,5.926786422293173,5.951126189135495,6.147266770768597
tnks2_fullmap_molecule_5e,-10.107617378234863,6.874413966108103,7.08450802440315,6.86945742770164,6.810252941090783,6.924286726624184,6.683564710720759
tnks2_fullmap_molecule_5i,-12.078866958618164,6.098690729027313,6.148707917479807,6.400643742505782,5.8718970115209,5.9394539229423655,6.132751050687709
tnks2_fullmap_molecule_5b,-10.474388122558594,6.354129212765035,6.671860565078488,6.337731671154917,6.013795249623616,6.372846419423541,6.37441215854461
tnks2_fullmap_molecule_5h,-10.04976749420166,6.1778617981425565,6.154964938354605,6.4564132169683495,5.949555168561146,6.073233951076285,6.255141715752399
tnks2_fullmap_molecule_5a,-10.75852870941162,5.910712545314089,5.898737770900613,6.183108949081086,5.723214805427973,5.833345016127063,5.91515618503371
tnks2_fullmap_molecule_5k,-10.963377952575684,7.1234162756842725,7.178089192532323,6.9262301914916655,7.264150256026283,7.258546053334957,6.99006568503613
tnks2_fullmap_molecule_5p,-10.5032958984375,6.728545537016624,6.859692539302892,6.551069252486139,6.750986067154782,6.816144187639339,6.664835638499962
tnks2_fullmap_molecule_5j,-11.08442211151123,7.191461790558838,7.272584721038257,6.98575725956679,7.372351979955266,7.2988905358997584,7.02772445633412
tnks2_fullmap_molecule_5d,-10.8850679397583,6.637383420823497,6.831219541496006,6.431353591789839,6.663638197065832,6.7456785078800685,6.515027265885739
tnks2_fullmap_molecule_5m,-12.6889009475708,7.193689043938683,7.295513539896675,7.083210044188381,7.281547128118314,7.304290577291953,7.0038839301980955
tnks2_fullmap_molecule_5n,-10.71462059020996,6.73542842654575,6.8727565362227905,6.560021983826408,6.7774047009653495,6.81312440851582,6.653834503198381
tnks2_fullmap_molecule_5c,-9.960407257080078,6.60157416444724,6.972399245744376,6.7397330506402655,6.163061149500572,6.562528583898079,6.5701487924529065
tnks2_fullmap_molecule_7,-8.396805763244629,6.675912915074069,6.916832843833884,6.48705298966156,6.650582261265434,6.7704074164878785,6.554689064121589
tnks2_fullmap_molecule_8a_neutral,-10.805952072143556,7.081447794135269,7.035934495304658,6.670635273840857,7.021759898004681,7.442353290716612,7.236556012809538
tnks2_fullmap_molecule_8b_neutral,-11.929967880249023,7.717998322245599,7.615238748339226,7.2750212480632745,7.793464799626362,8.028920461157492,7.877346354041644
tnks2_fullmap_molecule_8c_adjust,-10.123006820678713,7.203587661829668,7.140803450971089,7.08977890007487,7.34827643073728,7.334124008985311,7.104955518379789
tnks2_fullmap_molecule_8d,-12.489546775817873,7.277043993438147,7.263729277825512,7.168791766812655,7.387490536653641,7.392757788630383,7.1724505972685435
tnks2_fullmap_molecule_8e_adjust_neutral,-10.24363613128662,7.449888059625039,7.341150383819408,7.189543079375487,7.531915024929763,7.678424587370234,7.508407222630304
tnks2_fullmap_molecule_8f_neutral,-11.811073303222656,7.545696488838056,7.536380378838126,7.2744392678167475,7.582427264110326,7.748936697073182,7.586298836351893
tnks2_fullmap_molecule_8d_neutral_equitorial,-12.489546775817873,7.277603831800315,7.265674984344505,7.168398697737335,7.384872986807097,7.393950272046955,7.175122218065684
tnks2_fullmap_molecule_8c_neutral_equitorial,-10.123006820678713,7.2043053618980135,7.142749157490083,7.090601684677392,7.346041478389559,7.334507349756109,7.107627139176928
tnks2_fullmap_molecule_5o_adjust,-12.03799057006836,7.176062053213397,7.299038608021802,7.10293550137866,7.287560793932644,7.194637955696421,6.9961374070374545
tnks2_fullmap_molecule_8f,-11.811073303222656,6.8110729170354976,7.077382515700962,6.691964931939165,6.74048858874637,6.890446821627138,6.655081727163852
tnks2_fullmap_molecule_8b,-11.929967880249023,7.211622187589128,7.303811239978518,6.780886241600437,7.097257054932409,7.532062589225986,7.344093812208291
tnks2_fullmap_molecule_8e,-10.24363613128662,6.339311283261423,6.596130999316525,6.432195538182864,6.018921956353173,6.264234255437242,6.385073667017309
tnks2_fullmap_molecule_8a,-10.805952072143556,6.688375698281638,6.784017369346522,6.537240031385485,6.243681860341929,6.870910721095756,7.006028509238495
cdk8_5cei_new_helix_loop_extra_molecule_43,-11.93795108795166,7.302944985777503,7.310646655120889,7.0959435786796305,7.233451531808948,7.47617410507016,7.398509058207886
cdk8_5cei_new_helix_loop_extra_molecule_22,-10.28548812866211,7.24881019173233,7.273840710760273,7.149411973394549,7.086797640923175,7.307508392188514,7.426492241395143
cdk8_5cei_new_helix_loop_extra_molecule_30,-11.696293830871582,7.225333004314377,7.264620242008464,7.071432683761235,7.115208922583736,7.343540417365238,7.331862755853213
cdk8_5cei_new_helix_loop_extra_molecule_21,-9.754467964172363,7.031829713747641,6.826962756856467,7.078318457904893,6.903127112731163,7.1728643836774895,7.177875857568194
cdk8_5cei_new_helix_loop_extra_molecule_24,-10.344158172607422,6.720904068635042,6.4772163141873085,6.861945019541207,6.624859521219463,6.897394274204901,6.743105214022331
cdk8_5cei_new_helix_loop_extra_molecule_38,-11.391841888427734,7.175898560013243,7.091971306338741,7.068912976397907,7.072956990691201,7.322370786202261,7.323280740436106
cdk8_5cei_new_helix_loop_extra_molecule_31,-11.93795108795166,7.250707902558995,7.296408318460603,7.105331964400844,7.123425691175751,7.367108458902429,7.361265079855345
cdk8_5cei_new_helix_loop_extra_molecule_41,-11.283177375793455,7.140701176183043,7.088598328091202,7.008541099213563,6.956849799910065,7.301478021523457,7.348038632176933
cdk8_5cei_new_helix_loop_extra_molecule_29,-9.256064414978027,6.8647690063464255,6.778808559504336,6.907450183483114,6.821593500364696,7.044456250980364,6.7715365373996175
cdk8_5cei_new_helix_loop_extra_molecule_26,-10.215289115905762,7.434118557598525,7.5325938269950825,7.359559602241429,7.199025752821711,7.5055285893606,7.573885016573802
cdk8_5cei_new_helix_loop_extra_molecule_20,-10.698603630065918,6.915705456936263,6.5625764678517235,7.164552733300675,6.8258554210538325,7.048687324262044,6.97685533821304
cdk8_5cei_new_helix_loop_extra_molecule_35,-11.524834632873535,7.253482612343636,7.265484350067014,7.096979068580689,7.224091362668286,7.353641777102213,7.327216503299981
cdk8_5cei_new_helix_loop_extra_molecule_40,-11.191304206848145,7.111359713408814,7.054689188794553,6.996467450978204,6.9397150221445205,7.292525519876861,7.273401385249933
cdk8_5cei_new_helix_loop_extra_molecule_19,-10.737068176269531,6.747877877107236,6.50874315334442,6.878885655027828,6.649577465403129,6.9308017429564295,6.771381368804368
cdk8_5cei_new_helix_loop_extra_molecule_33,-11.111719131469728,6.779748474200213,6.6839365407366085,6.811373499147981,6.685239061253152,6.944059454913965,6.774133814949353
cdk8_5cei_new_helix_loop_extra_molecule_27,-8.463898658752441,6.837117418143642,6.590175311445394,7.016385413074829,6.698843350556213,6.9838066228636215,6.896376392778152
cdk8_5cei_new_helix_loop_extra_molecule_13,-11.283177375793455,7.1110320204295006,7.8572210698718425,6.589349520012069,6.865040943527756,7.049750605959602,7.193797962776233
cdk8_5cei_new_helix_loop_extra_molecule_39,-11.524834632873535,7.388960612583114,7.169060063615476,7.387272613152324,7.199473621255409,7.5527373272233005,7.63625943766906
cdk8_5cei_new_helix_loop_extra_molecule_32,-9.549580574035645,6.654942086704038,6.402824821847989,6.750987563296825,6.5561682336435,6.8649916476341,6.699738167097775
cdk8_5cei_new_helix_loop_extra_molecule_37,-11.524834632873535,7.1864750744848225,7.132558166116282,7.032215295900831,7.049374642691397,7.331294975976329,7.386932291739273
cdk8_5cei_new_helix_loop_extra_molecule_23,-9.01440715789795,6.926402568541812,6.732966859729857,6.966391185033703,6.829091506012717,7.15383391963983,6.9497293722929525
cdk8_5cei_new_helix_loop_extra_molecule_15,-7.687934875488281,6.7828035233133495,6.667079717575502,6.649085550590196,6.844495358994965,7.057841561755041,6.695515427651039
cdk8_5cei_new_helix_loop_extra_molecule_34,-11.191304206848145,7.0758887841622,6.956301475916949,6.995406705802277,6.951251288990473,7.269086374052074,7.207398076049223
cdk8_5cei_new_helix_loop_extra_molecule_25,-9.793952941894531,6.823729140703284,6.606487840718453,6.99110818652876,6.720237722605093,7.028944617055682,6.77186733660843
cdk8_5cei_new_helix_loop_extra_molecule_14,-8.337959289550781,5.910186762921801,5.7904888415928175,5.86577710925266,5.9091897575592025,6.019149511713488,5.96632859449084
cdk8_5cei_new_helix_loop_extra_molecule_36,-11.283177375793455,7.28728106203126,7.214141127746296,7.168277765222457,7.178227145739572,7.473766635628141,7.401992635819839
cdk8_5cei_new_helix_loop_extra_molecule_18_flipped,-10.97872543334961,6.86550232125205,6.668007451500955,7.048823445648524,6.73789091814763,7.049479488949094,6.823310302014052
cdk8_5cei_new_helix_loop_extra_molecule_16_flipped,-9.290130615234377,6.443820936401584,6.380230893404252,6.420472333586984,6.473976643707958,6.5359834917556565,6.408441319553079
cdk8_5cei_new_helix_loop_extra_molecule_17_flipped,-8.992732048034668,6.893402417886516,6.724037853656371,6.832220741766606,6.92444935556053,6.9847371774992375,7.001566960949831
cdk8_5cei_new_helix_loop_extra_molecule_44_flipped,-11.524834632873535,7.377648802595168,7.513924294825184,7.439754470194727,7.136420128719497,7.4246270459486885,7.373518073287741
cdk8_5cei_new_helix_loop_extra_molecule_45_flipped,-11.191304206848145,7.510654179987185,7.613773048536368,7.536176799312605,7.284793486629772,7.573984760612458,7.544542804844719
cdk8_5cei_new_helix_loop_extra_molecule_42_flipped,-11.524834632873535,7.512118612831062,7.684482415639162,7.559674295955756,7.291951794187482,7.5135685865244035,7.51091597184851
urokinase_molecule_10302__1GJ7__no_water_pose_,-10.82235622406006,5.968157711023942,6.093549797362303,6.455306846722943,5.621105980202125,5.609436607931679,6.061389322900659
urokinase_molecule_11417__no_water_pose_,-10.5656099319458,5.749030195870278,5.772499155657224,6.111016909435388,5.526847920178161,5.458576592204186,5.876210401876432
urokinase_molecule_7806__no_water_pose_,-8.651498794555664,5.492823266106894,5.327646404528339,5.928617917479401,5.324766309507035,5.254207591908495,5.628878107111206
urokinase_molecule_8696__no_water_pose_,-9.802173614501951,5.496984451811266,5.342515644611865,5.934741191240714,5.335469072653583,5.254147379512295,5.61804897103787
scyt_dehyd_molecule_3d,-9.19326877593994,5.620375925069416,5.444837970693323,5.561685733189358,5.722252489110392,5.703470791554841,5.669632640799166
scyt_dehyd_molecule_8d,-10.628399848937988,5.620010102119858,5.445277072057322,5.558399095319966,5.718440799955568,5.704421064970066,5.673512478296365
scyt_dehyd_molecule_2d,-13.481749534606934,5.618386584581465,5.4454538682705245,5.561549662633592,5.710397628313691,5.706240818798098,5.668290944891419
scyt_dehyd_molecule_4d,-15.34340000152588,5.622892824326401,5.452583144360937,5.560919170227532,5.72280694536744,5.70320976967337,5.674945092002726
scyt_dehyd_molecule_5d,-13.253490447998049,5.616643879790612,5.445180980133584,5.56309049471798,5.707626500143947,5.704351113479699,5.662970310477846
scyt_dehyd_molecule_6d,-9.405847549438477,5.617959875300379,5.445198392902781,5.561513725951069,5.710087266262723,5.707193120018772,5.66580687136655
scyt_dehyd_molecule_7d,-15.251520156860352,5.620331117196509,5.4529435665703945,5.562323931756153,5.7162733807081985,5.702720320019716,5.667394386928079
brd41_ASH106_molecule_cmpd_5__1-Butenyl_,-7.639999866485596,6.074930148901335,5.764396407849029,6.212980084713161,6.0403025723820996,6.1632897591230975,6.193681920439288
brd41_ASH106_molecule_cmpd_2__methyl_,-9.59000015258789,5.3632828935075905,5.054390836689173,5.601698792356128,5.226859939240784,5.553786439835777,5.379678459416091
brd41_ASH106_molecule_cmpd_3__Allyl_,-7.090000152587891,6.095976272375848,5.758284543672613,6.2537843248464675,6.055290420070494,6.193875225076851,6.218646848212815
brd41_ASH106_molecule_cmpd_9__methoxyethyl_,-7.21999979019165,6.234089701788863,5.893275274999353,6.325750783449286,6.177585957399039,6.408617393858006,6.365219099238628
brd41_ASH106_molecule_cmpd_6__ethyl_,-8.59000015258789,6.147540107716475,5.8391726413783775,6.323777964898545,6.070081952556879,6.2586504207722875,6.246017558976287
brd41_ASH106_molecule_cmpd_8__n-Butyl_,-7.659999847412109,6.120383964034535,5.834385370645109,6.302906970730132,6.0579749569778985,6.170219493909375,6.236433027910161
brd41_ASH106_molecule_cmpd_7__n-propyl_,-7.019999980926514,6.120883850240615,5.841702799259843,6.275527326696432,6.0501799205074756,6.21470707491876,6.222302129820564
brd41_ASH106_molecule_cmpd_4__Crotyl_,-8.640000343322754,6.147418703103236,5.839838035937461,6.319631397136063,6.07377796942463,6.244799133618789,6.259046979399235
hsp90_woodhead_molecule_4,-8.930000305175781,5.944300650554928,5.721530716699111,6.278876436703947,5.622027763688581,5.867228091057237,6.231840244625769
hsp90_woodhead_molecule_1,-12.720000267028809,5.92413144034925,5.752325112482753,6.337003361257765,5.580911554596384,5.828900666947419,6.12151650646193
hsp90_woodhead_molecule_3,-8.079999923706055,6.0325850152776415,5.734660419100848,6.421284128521733,5.636219380595695,5.98946358012111,6.3812975680488195
hsp90_woodhead_molecule_2,-10.739999771118164,6.2886424365073195,6.189324127652363,6.5771406138030075,5.936956838554357,6.159492400896078,6.580298201630791
throm_nozob_hip75_molecule_2d_pose_2,-6.630871772766113,5.967768974064063,6.046263660906717,5.950441484732584,5.948640178846622,5.896322301186027,5.997177244648369
throm_nozob_hip75_molecule_2c_pose_2,-7.285645008087158,5.979223006578936,6.058495978535781,5.972088626639827,5.9527514914016235,5.908195789797871,6.004583146519576
throm_nozob_hip75_molecule_7b,-7.409305095672607,6.261876353893376,6.2966324216062075,6.481735094585834,6.221489421010087,6.082983287974909,6.226541544289842
throm_nozob_hip75_molecule_7c_pose_1,-8.008489608764648,6.1451153212922796,6.216483037426869,6.176078969818384,6.165533562911897,6.029774778237963,6.137706258066285
throm_nozob_hip75_molecule_7f,-6.122768878936768,6.155575941492129,6.166599977104652,6.388895833744249,6.035339135164015,6.032277321995133,6.154767439452596
throm_nozob_hip75_molecule_2b_pose_1,-7.285645008087158,6.206145213657918,6.265072989738914,6.110791803840733,6.167940186749899,6.266126880004937,6.22079420795511
throm_nozob_hip75_molecule_1a_pose_2,-7.409305095672607,5.994609842338074,6.051256917403107,5.9956367198932785,5.990753393159618,5.9240028906862925,6.011399290548069
throm_nozob_hip75_molecule_7e_pose_1,-5.654734134674072,6.183915317843345,6.187096556032835,6.402810047516991,6.068627118208465,6.046164993892276,6.214877873566159
throm_nozob_hip75_molecule_6a_pose_1,-9.910837173461914,6.335610331775419,6.343042180678762,6.59163899430795,6.2869705981145065,6.175550746150491,6.280849139625384
throm_nozob_hip75_molecule_5,-6.793628215789795,5.80520248983672,5.879942294109046,5.681663991994214,5.795397612235315,5.835323097614985,5.833685453230038
throm_nozob_hip75_molecule_1c_pose_2,-8.579615592956543,5.968698696622582,6.054600434586763,5.9507656969830744,5.945849579358047,5.89877562425997,5.993502147925055
throm_nozob_hip75_molecule_2a_pose_2,-6.616480827331543,6.002894515623566,6.051391652429838,6.000330679320703,6.004561413750828,5.927979234895771,6.030209597720687
throm_nozob_hip75_molecule_7a_pose_2,-7.624663829803467,6.750488364074448,6.52387141953374,7.125021902445636,6.682931033741547,6.799839544523459,6.620777920127859
throm_nozob_hip75_molecule_3b_pose_1,-7.254891872406006,6.192650248601426,6.279523567140632,6.225745313528729,6.117357140192279,6.1372256331780966,6.20339958896739
throm_nozob_hip75_molecule_6d_pose_2,-8.73290729522705,6.363532528821223,6.404258605943646,6.631901690893219,6.259452209446437,6.164610656373489,6.357439481449329
throm_nozob_hip75_molecule_6c_pose_1,-9.01440715789795,6.427441738715002,6.391392267686879,6.6027131043549705,6.437154359327798,6.33240153378993,6.373547428415435
throm_nozob_hip75_molecule_3a_xtal_pose,-8.120434761047363,6.074012177866438,6.213451544315445,6.042997906372583,6.002520927886578,6.027689735305978,6.083400775451602
throm_nozob_hip75_molecule_1b_pose_2,-9.256064414978027,6.140720522479187,6.213374212964794,6.168077520194441,6.16109203472793,6.022150666909353,6.138908177599419
throm_nozob_hip75_molecule_6b_pose_2,-9.03689956665039,6.6518300744456145,6.646372075604764,7.154034227305624,6.397667308786792,6.502359921451215,6.558716839079669
throm_nozob_hip75_molecule_6e_pose_1,-8.647159576416016,6.323663602936389,6.32698346963275,6.53876403390147,6.315905863841397,6.155239542884772,6.281425104421554
throm_nozob_hip75_molecule_1d_pose_2,-8.601290702819824,5.969811105942258,6.051318304157334,5.953183351742015,5.94703962246875,5.900424232100995,5.997090019242188
taf12_molecule_cmpd_5__1-Butenyl_,-10.0,6.048288408810005,5.859020172271376,6.2336197709758965,5.953895118544374,6.014517136138788,6.180389846119593
taf12_molecule_cmpd_2__methyl_,-9.859999656677246,5.46374445863805,5.332364915383526,5.688723229130824,5.409625893598874,5.349631252231324,5.538377002845703
taf12_molecule_cmpd_3__Allyl_,-8.34000015258789,6.053485318087439,5.842628782720175,6.230981570296623,5.995618874930696,5.983245842194875,6.214951520294825
taf12_molecule_cmpd_9__methoxyethyl_,-7.690000057220459,6.222735651480855,5.969180645352108,6.344980397579203,6.156971354367364,6.241218186768099,6.401327673337504
taf12_molecule_cmpd_6__ethyl_,-8.529999732971191,6.083798589254482,5.900780344261784,6.254035394717327,6.025444456865621,6.018886525102903,6.219846225324774
taf12_molecule_cmpd_8__n-Butyl_,-8.279999732971191,6.092528443701386,5.926452605090664,6.286074698040263,6.006335198411021,6.045794788338763,6.197984928626214
taf12_molecule_cmpd_7__n-propyl_,-8.119999885559082,6.095175260775503,5.927492701985254,6.282000100942251,6.005593289734474,6.058863467876287,6.201926743339252
taf12_molecule_cmpd_4__Crotyl_,-8.710000038146973,6.0872816295237335,5.904607967295263,6.257650494739888,6.0271509988717105,6.015329986043847,6.231668700667957
chk1_molecule_21__Xtal_,-13.06863021850586,7.519956342095071,7.489258720650299,7.364759749391455,7.826341807555243,7.55900048268159,7.360420950196771
chk1_molecule_22,-13.06863021850586,7.55672062936313,7.501336700646604,7.459171496479095,7.881400635951393,7.5533905494122635,7.388303764326292
chk1_molecule_24_pose_2,-13.177300453186035,7.58928680905767,7.547842470796294,7.433832637579552,7.883048949460917,7.646989136015761,7.434720851435822
chk1_molecule_14_docked,-10.870059967041016,7.469584035701902,7.460442053471466,7.348192233210673,7.757433653088581,7.482666683947851,7.299185554790944
chk1_molecule_18_docked,-9.549579620361328,8.16411954984748,8.308838099028913,7.663384143413091,8.350471712521074,8.21054612594415,8.287357668330177
chk1_molecule_13_docked,-9.920853614807127,7.549673638196628,7.511757435221551,7.386181909771545,7.801690565089885,7.598631674659436,7.45010660624073
chk1_molecule_20,-10.082300186157228,7.388437726618403,7.313976371453682,7.195373405352851,7.755770541146504,7.447181146365462,7.2298871687735184
chk1_molecule_12_docked,-8.612431526184082,7.870830299505914,7.711505075451523,7.586669377915312,8.009980498991677,8.00508234863739,8.040914196533665
chk1_molecule_16_docked,-11.781579971313477,8.160990705545547,8.30909026491819,7.691884340911703,8.328828357645659,8.22219441208656,8.25295615216563
chk1_molecule_19,-10.249360084533691,8.156884101018184,8.31188611004424,7.679629026265019,8.320679438842225,8.214618011215784,8.257607918723647
chk1_molecule_17_torsion_adjust,-10.323949813842772,8.13725018111116,8.269669904912897,7.656483827634871,8.36885356400736,8.168402882452503,8.22284072654817
chk1_molecule_15_docked,-10.043829917907717,7.462846767958217,7.417482397463391,7.356435111162032,7.778186226896496,7.471481886037271,7.290648218231896
chk1_molecule_11_docked,-10.978730201721191,7.465846185021609,7.4625927532067,7.335584678594312,7.762243196633701,7.484431136245344,7.284379160427985
hsp90_kung_molecule_cmpd_16,-10.329999923706056,7.260986618341856,7.330867196047399,7.371704705827128,7.140456030398341,7.418698649681401,7.043206509755008
hsp90_kung_molecule_cmpd_9,-7.920000076293945,5.992851983708382,5.7339641495450175,6.170189572821054,5.954362198685849,6.124920407852532,5.980823589637455
hsp90_kung_molecule_cmpd_13,-10.149999618530272,6.428209831275448,6.377292945938797,6.801535576935216,6.154751145484831,6.3982892697273295,6.40918021829107
hsp90_kung_molecule_cmpd_14,-7.820000171661377,6.507252962003628,6.503382819355368,6.891491806094224,6.143969002175934,6.489117308115729,6.508303874276886
hsp90_kung_molecule_cmpd_15,-9.609999656677246,7.303329340234986,7.370494803439091,7.419272319619589,7.1628169191717115,7.49067772510445,7.073384933840087
hsp90_kung_molecule_cmpd_7,-9.40999984741211,5.664301643069066,5.576034376605938,5.849709096265797,5.549348177487338,5.652682752315282,5.693733812670975
hsp90_kung_molecule_cmpd_17,-10.739999771118164,7.302884871951866,7.340557187665525,7.372560305000841,7.228017469692571,7.381828661848946,7.191460735551452
hsp90_kung_molecule_cmpd_11,-9.1899995803833,6.44624348286588,6.377071290281142,6.83709312612622,6.177737872969897,6.413727365904816,6.425587759047324
hsp90_kung_molecule_cmpd_12,-9.1899995803833,6.451469612433667,6.393276640238317,6.828137735291278,6.169795619460559,6.429414996417412,6.436723070760771
hsp90_kung_molecule_cmpd_10,-9.1899995803833,6.383561924126058,6.425357684935836,6.780135878973067,5.985067107563451,6.364449912088343,6.362799037069589
hsp90_kung_molecule_cmpd_8,-6.860000133514404,5.679866249029727,5.592019056314759,5.842792570268212,5.56377193407813,5.692311601981889,5.708436082505645
