unique_id,dg_exp,preds,preds_1,preds_2,preds_3,preds_4,preds_5
wagner_brd4_molecule_61a,-12.0,6.969414159396038,6.922220266105816,6.970506902750614,6.949210818266707,6.964699861896891,7.040432947960163
wagner_brd4_molecule_25e,-11.300000190734863,7.075255543751686,7.02103778082874,7.079029347867006,7.1852626030741735,6.9063163996231465,7.184631587365365
wagner_brd4_molecule_11,-8.199999809265137,6.479398314981654,6.3820855212579035,6.618733607716355,6.4541845858562565,6.464612733321502,6.477375126756257
ftase_extraligs_custcore_stereo_molecule_lig_2__deprot,-12.40999984741211,5.886643248865819,5.985604310070673,5.76416582857324,5.9355154928491105,6.053311031082542,5.6946195817535274
ftase_extraligs_custcore_stereo_molecule_lig_66__deprot,-12.289999961853027,6.412239532849325,6.478773169699003,6.426691651281604,6.542196282131605,6.125461508094576,6.488075053039846
ftase_extraligs_custcore_stereo_molecule_lig_68__deprot,-12.109999656677246,6.414403473063932,6.468893683664244,6.434517672831752,6.540460858489264,6.145717821467175,6.482427328867225
ftase_extraligs_custcore_stereo_molecule_lig_51_stereo,-11.399999618530272,6.701512733643294,6.803229891019092,6.792149459944451,6.765003236119477,6.363675825465904,6.783505255667548
ftase_extraligs_custcore_stereo_molecule_lig_49_stereo,-11.600000381469728,6.7010022406164,6.8006685455725675,6.806705302599894,6.762667430945876,6.3735817160565436,6.7613882079071175
ptp1b_molecule_23477,-8.850000381469727,6.6205770200556415,6.556998140968746,6.538701852495919,6.782203738884805,6.632208303020089,6.592773064908647
ptp1b_molecule_23484,-7.75,7.040981867595863,7.130608115529513,6.792110908278691,7.205415733927583,7.056838586075514,7.019935994168016
ptp1b_molecule_23467,-7.340000152587891,5.7322794877044405,5.623971980487072,5.739165749527831,5.783000924100031,5.76751625133801,5.7477425330692595
ptp1b_molecule_20667,-11.420000076293944,7.6755606398331935,7.7060641862405825,7.514429176405751,7.8760317517938745,7.5366321413992265,7.744645943326533
ptp1b_molecule_23469,-7.71999979019165,5.92466449905362,5.920028700985596,5.874966686121789,5.901201061131292,6.100449477670132,5.826676569359291
ptp1b_molecule_23483,-9.869999885559082,7.324960721044185,7.354269860580424,7.144754216116973,7.576227332956356,7.198717943377256,7.35083425218992
ptp1b_molecule_23480,-8.720000267028809,6.7215775509840014,6.566806820427485,6.612477589927214,6.740832616059848,6.665658505346046,7.022112223159415
ptp1b_molecule_23474,-9.109999656677246,6.606690547324826,6.530720391271354,6.579183586562877,6.824632740283544,6.507736741740146,6.5911792767662085
ptp1b_molecule_23473,-8.390000343322754,5.921133926452379,5.782738025315541,5.948364046766086,5.965706967257747,6.042000380236084,5.866860212686443
ptp1b_molecule_23471,-7.75,5.817300267538251,5.8049888223269,5.7843793572162285,5.823590208961733,5.893455540870208,5.780087408316186
ptp1b_molecule_20669,-8.609999656677246,6.072243124876861,6.054238573274284,6.053778633896179,6.118724047010783,6.2011731387490565,5.933301231454003
ptp1b_molecule_23476,-9.40999984741211,6.394239323218843,6.2301224596390945,6.159739498058936,6.5134607292217686,6.510030774958596,6.557843154215812
ptp1b_molecule_23466,-7.849999904632568,5.810895811657285,5.72142219831244,5.803982125956183,5.877820105895815,5.852016005146436,5.799238622975554
ptp1b_molecule_23472,-8.649999618530273,6.220407304887553,6.2981156877185605,6.013571882817802,6.4437220903208825,6.354877815939551,5.991749047640967
ptp1b_molecule_23482,-10.010000228881836,7.153762867901004,7.1579594139017715,6.971112733727417,7.3250776044308985,7.07975814100648,7.234906446438455
ptp1b_molecule_23486,-12.470000267028809,7.792682716406442,7.830886918619857,7.793281063049158,7.991063082801377,7.517300706293146,7.8308818112686716
ptp1b_molecule_23470,-7.71999979019165,5.842890623291642,5.916965271509244,5.806900687106976,5.8160919146670045,5.8986987496545416,5.775796493520441
ptp1b_molecule_23468,-7.75,5.8664913241865095,5.8690924892825445,5.8792947281968795,5.865873416154589,5.945717976411381,5.772478010887156
ptp1b_molecule_23485,-11.010000228881836,7.691857972467692,7.70453030129769,7.55964360294269,7.874782027919176,7.551392320955629,7.7689416092232735
ptp1b_molecule_23330,-10.130000114440918,6.729222230684385,6.518126881554856,6.89011153715282,6.764950633186906,6.618152362321604,6.85476973920574
ptp1b_molecule_20670,-9.079999923706056,6.697867287322737,6.645693371810327,6.645384791858033,6.80142640207307,6.712212942456624,6.684618928415629
ptp1b_molecule_23479,-9.140000343322754,6.743572297947191,6.609710095622124,6.60618526909945,6.7914290889336515,6.670333149535591,7.040203886545132
ptp1b_molecule_23475,-8.720000267028809,6.649250116086298,6.572139801205479,6.549706521956917,6.825892528041222,6.653208616468183,6.645303112759694
mcl1_extra_flips_molecule_23,-8.829999924,6.205493970412187,6.2320305881741325,6.2122554629443805,6.316090294112067,6.127161132487854,6.139932374342497
mcl1_extra_flips_molecule_26,-8.239999771,6.207701351826611,6.2146142079727,6.216699711879823,6.319986219562933,6.138951703728533,6.148254915989064
mcl1_extra_flips_molecule_27,-6.119999886,5.904020407413719,5.91159145139901,5.834751401381122,5.813136346993275,6.0647571039827755,5.895865733312412
mcl1_extra_flips_molecule_28,-6.619999886,6.25058103659231,6.364891383688673,6.181586159754586,6.244583105624072,6.302031465544387,6.159813068349829
mcl1_extra_flips_molecule_29,-6.940000057,6.205033114433908,6.253894064120291,6.188760121131526,6.1783461957334564,6.217656049385302,6.186509141798965
mcl1_extra_flips_molecule_30_flip,-7.849999905,6.2934652003129266,6.334142340693752,6.314582778879169,6.302958395448597,6.339371688006002,6.176270798537115
mcl1_extra_flips_molecule_31,-7.920000076,6.2028251599504305,6.2770675125657265,6.148892459101853,6.144451795050343,6.244872848157982,6.198841184876252
mcl1_extra_flips_molecule_32,-6.579999924,6.238611153007514,6.244312583628754,6.292603676972046,6.2416776102946,6.244054200297093,6.17040769384508
mcl1_extra_flips_molecule_33,-6.880000114,6.116231131410986,6.176111238863541,6.118896317596512,6.161142901812562,6.069884674391419,6.055120524390892
mcl1_extra_flips_molecule_34,-6.869999886,6.220253332743667,6.2521168406539065,6.230723751715951,6.2024406754296715,6.230575084906471,6.185410311012333
mcl1_extra_flips_molecule_35,-8.81000042,6.43594302476518,6.376422524146381,6.3660390359538725,6.613423050082291,6.379268813136576,6.444561700506784
mcl1_extra_flips_molecule_36,-8.180000305,6.398698575884458,6.3304232035282455,6.26657510296246,6.557794436801918,6.365519688888389,6.473180447241275
mcl1_extra_flips_molecule_37,-8.949999809,6.771068531916006,6.6782545824029,6.8516947998000575,6.930135990864343,6.635159026825033,6.760098259687702
mcl1_extra_flips_molecule_38_flip,-7.019999981,6.2432973213558,6.232264906826904,6.245688869264455,6.344811924914396,6.1911433158708675,6.202577589902376
mcl1_extra_flips_molecule_39,-7.03000021,6.23384409756365,6.236906146670238,6.230093498920361,6.349369644612879,6.175196541447874,6.177654656166898
mcl1_extra_flips_molecule_40_flip,-7.25,6.235873049802919,6.267592748607844,6.222901373679428,6.3165419754665635,6.1934981020350195,6.17883104922574
mcl1_extra_flips_molecule_41_flip,-7.130000114,6.3101286361149125,6.3269431134912315,6.2746530581448665,6.381109795588815,6.296138931986896,6.27179828136275
mcl1_extra_flips_molecule_42,-8.899999619,6.207637517316636,6.2233478083823135,6.212277490552682,6.324223098650881,6.119238506434604,6.159100682562696
mcl1_extra_flips_molecule_43_flip,-7.03000021,6.16977877006802,6.182206426796614,6.181777040253711,6.281208119844038,6.082788575939116,6.120913687506621
mcl1_extra_flips_molecule_44,-8.670000076,6.428741694162676,6.375758523677278,6.48568659066385,6.532661560454839,6.405053783784377,6.344548012233041
mcl1_extra_flips_molecule_45,-8.949999809,6.962963464919258,6.91106564766364,7.028655574778661,6.907927565732665,6.885186704226009,7.08198183219532
mcl1_extra_flips_molecule_46_flip,-7.599999905,6.901673439053335,6.809262535353553,6.979344938173548,6.870289286352421,6.840518681576951,7.0089517538102
mcl1_extra_flips_molecule_47_flip,-5.78000021,6.229617909926392,6.254494457976758,6.253333472175577,6.341207023932987,6.141941024220736,6.157113571325906
mcl1_extra_flips_molecule_48_flip,-6.659999847,6.210844290588299,6.202804198400262,6.212051601161165,6.3450350133226285,6.1544401233092,6.139890516748239
mcl1_extra_flips_molecule_49,-8.359999657,6.476568885507227,6.424934396451043,6.362701639069632,6.6625743846990675,6.461640775531699,6.470993231784693
mcl1_extra_flips_molecule_50,-9.329999924,6.893552496304548,6.808016717109521,6.889209804544039,7.104995067041159,6.8304283920419016,6.835112500786118
mcl1_extra_flips_molecule_51,-8.449999809,6.296322117306099,6.325264226258486,6.284453277085591,6.450450723738855,6.19201048959584,6.229431869851724
mcl1_extra_flips_molecule_52,-9.229999542,6.466053581716677,6.420655014335967,6.369803102715135,6.611806688824574,6.41073402486183,6.517269077845883
mcl1_extra_flips_molecule_53,-9.960000038,7.031702104539716,7.043640094204014,7.000433770092517,7.189964042069401,6.972832878967588,6.951639737365053
mcl1_extra_flips_molecule_54,-9.779999733,6.280882661342548,6.310865148997187,6.261142544280334,6.416713535386129,6.176112644691161,6.239579433357933
mcl1_extra_flips_molecule_56,-9.260000229,6.764425681359344,6.675816037249696,6.847058097644346,6.92737962893085,6.6225709814506954,6.749303661521134
mcl1_extra_flips_molecule_57,-9.039999962,6.245773716550351,6.217516918459687,6.248412985521517,6.388067970133991,6.154792902692739,6.220077805943823
mcl1_extra_flips_molecule_58,-9.409999847,7.037398913846767,7.047159652310751,6.993295588552064,7.22060579748113,6.976688824909467,6.949244705980422
mcl1_extra_flips_molecule_60,-8.920000076,6.76830938405895,6.698254786257508,6.851629896488971,6.915284699087874,6.624777489408254,6.751600049052145
mcl1_extra_flips_molecule_61,-8.079999924,7.0565765194573675,7.10602889691873,7.015350974367142,7.206773851503544,6.981103083471621,6.973625791025799
mcl1_extra_flips_molecule_62,-7.960000038,6.279815237676513,6.305134871595408,6.2620798325135425,6.424295110852277,6.185742561063501,6.221823812357838
mcl1_extra_flips_molecule_63,-9.06000042,7.073249751669541,7.1416508548945945,7.0248395356250874,7.214187765304566,7.007924217283317,6.977646385240144
mcl1_extra_flips_molecule_64,-9.5,6.305450072131664,6.32794305147154,6.273120431171785,6.435242343671675,6.2218999238630825,6.269044610480233
mcl1_extra_flips_molecule_65,-8.409999847,7.040895180066535,7.073869013082401,7.023348662414627,7.203520343381729,6.972691186082195,6.931046695371722
mcl1_extra_flips_molecule_66,-8.430000305,6.239572927294144,6.236886144289918,6.262410523499584,6.362711773973244,6.142873472423956,6.192982722284016
mcl1_extra_flips_molecule_67,-7.579999924,6.7583660373275,6.6418035794485935,6.8343672500898185,6.927644738762049,6.639492088359367,6.748522529977672
mcl1_extra_flips_molecule_68,-7.690000057,6.238212021730317,6.28264088392411,6.206419927098798,6.34797524081533,6.155557742937777,6.198466313875569
cdk2_molecule_17,-7.039999961853027,5.67853613484109,5.46763755912268,5.538661068128297,5.614453172135047,5.484106412442676,6.287822462376748
cdk2_molecule_28,-11.109999656677246,7.330065126957325,7.417814185003088,7.519014578496129,7.433786203678412,7.412557902999924,6.867152764609074
cdk2_molecule_22,-7.860000133514404,6.335972676267688,6.2432762125069114,6.548570287792183,6.2775837141548925,6.179076383229626,6.431356783654823
cdk2_molecule_30,-9.8100004196167,7.2323470564681145,7.241449835788248,7.450389113578446,7.294501218983336,7.261758137222124,6.913636976768423
cdk2_molecule_1h1r,-7.670000076293945,6.017212654353133,5.966779925765416,6.008560637684356,5.994837827889375,5.915526824270227,6.200358056156293
cdk2_molecule_1h1s,-11.25,7.251203717018116,7.31489662260668,7.375783594988045,7.41556044354853,7.305918716962002,6.843859206985323
cdk2_molecule_21,-7.829999923706055,6.168244567906458,6.0900493649678635,6.325416080360559,6.130452268255203,6.054056060321488,6.2412490656271755
cdk2_molecule_1oiy,-9.789999961853027,6.919773617996128,6.9636954804213795,6.967742673482944,6.976668664369106,6.872127309588507,6.818633962118701
cdk2_molecule_1oiu,-9.079999923706056,6.965739648489754,6.979439561669183,7.0886659732853685,7.082150526779179,6.960655884860521,6.717786295854514
cdk2_molecule_31,-9.539999961853027,6.999002514661887,7.001542710755131,7.086423123914569,7.058515664101554,7.015718088260291,6.8328129862778955
cdk2_molecule_29,-9.880000114440918,7.132269705187147,7.158914151146581,7.296789107544146,7.202180323289684,7.1604495692217585,6.843015374733571
cdk2_molecule_26,-8.430000305175781,6.229180820823163,6.18622132047843,6.3049012146123316,6.240611357119664,6.147861107340248,6.26630910456514
cdk2_molecule_1oi9,-9.739999771118164,6.823782664099674,6.946671914114662,6.949820769681681,6.999826743381353,6.267826466293479,6.954767427027202
cdk2_molecule_20,-8.720000267028809,6.51488696525611,6.545365496418887,6.595818618446417,6.585518587293479,6.210584508960925,6.637147615160842
cdk2_molecule_32,-9.75,7.236878421039715,7.282201093325545,7.362786424496199,7.221695149807326,7.315943468693149,7.0017659688763585
cdk2_molecule_1h1q,-8.180000305175781,6.158193204442175,6.0980923717429505,6.144080039416586,6.17002578486465,6.070710446138807,6.308057380047882
jnk1_manual_flips_molecule_18626-1,-8.869999885559082,6.611430083636547,6.667602054770705,6.487412373108851,6.5848867774562,6.726206257654451,6.591042955192531
jnk1_manual_flips_molecule_18628-1_flip,-8.699999809265137,6.727730889591932,6.7214842973020215,6.67595405039675,6.680498026469799,6.834481846783685,6.726236227007403
jnk1_manual_flips_molecule_18629-1,-8.670000076293945,6.728902219899396,6.750616037328035,6.726933924881742,6.666546009414456,6.8126229898645025,6.687792138008249
jnk1_manual_flips_molecule_18636-1,-7.510000228881836,6.985269387512003,7.014973075633654,6.974616962369629,6.950460183042333,7.058142735780588,6.928153980733811
jnk1_manual_flips_molecule_17124-1,-9.68000030517578,7.367980811592115,7.339119870400112,7.353054990722221,7.443343608346733,7.39490013921198,7.30948544927953
jnk1_manual_flips_molecule_18627-1,-8.479999542236328,6.6488594177498825,6.688156728748241,6.531738067314712,6.62233075996587,6.73382440302123,6.668247129699358
jnk1_manual_flips_molecule_18638-1,-10.09000015258789,7.574183104804385,7.608905454646228,7.409090094119086,7.675859936110616,7.728992752261531,7.448067286884469
jnk1_manual_flips_molecule_18659-1,-9.470000267028809,7.269714578308753,7.220570940622628,7.2810907037909445,7.377549886843352,7.304469563302378,7.164891796984463
jnk1_manual_flips_molecule_18639-1,-9.739999771118164,7.42550309571165,7.391325637629354,7.381927637944746,7.498654717744558,7.492959734410695,7.362647750828898
jnk1_manual_flips_molecule_18634-1,-9.989999771118164,7.364536135505648,7.334917232754242,7.3389076034750165,7.455319462192391,7.393950300829325,7.299586078277268
jnk1_manual_flips_molecule_18630-1,-9.140000343322754,6.661688917706042,6.70816299624657,6.593950940771441,6.636817419526616,6.7660698967279735,6.603443335257609
jnk1_manual_flips_molecule_18637-1,-10.140000343322754,7.375183897770592,7.360275072775669,7.337156635368336,7.355255099651471,7.469029758241324,7.354202922816164
jnk1_manual_flips_molecule_18658-1,-9.699999809265137,7.214157469459519,7.236712062911607,7.196986813443912,7.268247687684748,7.242737480374774,7.126103302882555
jnk1_manual_flips_molecule_18632-1,-9.079999923706056,6.749088998944539,6.7621365034698115,6.754127297740507,6.702482869550478,6.835914239436826,6.690784084525076
jnk1_manual_flips_molecule_18633-1,-9.170000076293944,6.678310640392195,6.710858882495579,6.601272467149024,6.661970098464101,6.798223143551685,6.619228610300585
jnk1_manual_flips_molecule_18635-1,-7.289999961853027,7.197302711659657,7.1676424004621335,7.231720546323882,7.2369144816574895,7.261067074462929,7.08916905539185
jnk1_manual_flips_molecule_18631-1,-9.40999984741211,6.7938169179860495,6.80585850461035,6.729763425562761,6.766033361098238,6.885992670062907,6.7814366285959915
jnk1_manual_flips_molecule_18660-1,-8.699999809265137,7.441390879769145,7.483234977143545,7.3373604571626405,7.533375029678696,7.545594241518072,7.30738969334277
jnk1_manual_flips_molecule_18625-1,-8.109999656677246,6.6267231402489895,6.6758736114859385,6.51449489984488,6.565123514493797,6.720131425389959,6.657992250030376
jnk1_manual_flips_molecule_18624-1,-8.489999771118164,6.620482647007154,6.651479018035989,6.549654142834721,6.611340755152688,6.744776910392502,6.545162408619869
jnk1_manual_flips_molecule_18652-1,-10.68000030517578,7.803285276225097,7.894098325953441,7.815004898064134,7.950547873380366,7.98387630099148,7.372898982736066
thrombin_core_molecule_6a,-9.18000030517578,6.750161232889193,6.7784255355712775,6.356556755898582,6.705813722893398,7.005987583536771,6.904022566545934
thrombin_core_molecule_3a,-8.319999694824219,6.965691152594653,6.799319950863024,6.821610647205302,7.002792851059764,7.27727540386903,6.9274569099761365
thrombin_core_molecule_1d,-8.25,6.678670842330247,6.614503151106705,6.308729149617977,6.724992619596792,6.988254707617814,6.756874583711947
thrombin_core_molecule_6e,-8.90999984741211,6.8095368130012375,6.783082059382434,6.418915060130051,6.773336525931199,7.079841918207439,6.992508501355062
thrombin_core_molecule_6b,-8.890000343322754,6.856782953480355,6.824575331304186,6.449395356529629,6.82742648609865,7.166316416830579,7.0162011766387335
thrombin_core_molecule_1b,-8.460000038146973,6.700025179898955,6.700538590698777,6.336070043014085,6.690937697000407,6.989339807843812,6.7832397609376915
thrombin_core_molecule_1a,-7.480000019073486,6.681467993305115,6.6313194372370114,6.296743688511354,6.743356729152016,6.999759280565092,6.736160831060104
thrombin_core_molecule_5,-7.579999923706055,6.593265120095017,6.551957959249183,6.17883875858003,6.666418574813103,6.93747911938866,6.631631188444113
thrombin_core_molecule_3b,-7.860000133514404,7.029038707194506,6.896461522425779,6.875125004428895,7.05330245585427,7.347539890644888,6.972764662618699
thrombin_core_molecule_7a,-8.220000267028809,7.104802398790561,6.957922966655826,6.9482387029122235,7.119780449736303,7.333051398919779,7.165018475728672
thrombin_core_molecule_1c,-8.5600004196167,6.680654998658854,6.621632832417086,6.31315620200831,6.727860548500648,6.985150898390004,6.7554745119782185
tyk2_molecule_jmc_23,-11.699999809265137,8.150870128976237,8.136282153140856,8.158754327113314,8.154123470669846,8.160401255203912,8.144789438753268
tyk2_molecule_ejm_47,-9.699999809265137,7.432141331768446,7.531000281937594,7.367232930922483,7.412973016690508,7.37536765752452,7.47413277176712
tyk2_molecule_ejm_49,-7.75,6.572179138094486,6.2809223457685635,6.605354109043013,6.5603145599783925,6.535499326020042,6.878805349662422
tyk2_molecule_ejm_31,-9.539999961853027,6.738557849109625,6.771437791410847,6.679401718943928,6.803831499964183,6.738006524339203,6.7001117108899635
tyk2_molecule_ejm_45,-9.5600004196167,7.587772722472922,7.570175058657513,7.560102910553082,7.571116406707162,7.733868876053409,7.503600360393443
tyk2_molecule_ejm_44,-7.420000076293945,6.672552028792649,6.7000290846667205,6.6543671775028805,6.700096529336891,6.648551868161296,6.659715484295461
tyk2_molecule_ejm_43,-8.260000228881836,6.6611880204568195,6.718005502151874,6.631060474686574,6.642536524396613,6.65892235818859,6.655415242860444
tyk2_molecule_ejm_50,-8.979999542236328,6.65207605238564,6.678272737973384,6.607262542630913,6.822286660121738,6.558423377891587,6.5941349433105785
tyk2_molecule_ejm_42,-9.779999732971191,6.729345964151607,6.739122211946975,6.720845163594211,6.85535293858603,6.721636202568128,6.609773304062686
tyk2_molecule_ejm_55,-9.210000038146973,6.712284428512225,6.743992988330496,6.641779268820314,6.773413929544647,6.734201726631432,6.668034229234238
tyk2_molecule_ejm_48,-9.0,7.4122126752661375,7.475055084274596,7.346153208212943,7.385731370255924,7.358785661773761,7.495338051813461
tyk2_molecule_ejm_54,-10.529999732971191,6.865963331305634,6.929281644325007,6.85644056014673,6.995823540439363,6.9119129416682235,6.636357969948853
tyk2_molecule_jmc_28,-10.979999542236328,8.076509090517153,8.088291088398002,8.088167960855891,8.04191362683798,8.098624782256442,8.065547994237447
tyk2_molecule_jmc_27,-11.279999732971191,8.123638452974768,8.120427958108552,8.143490767268661,8.086715627957432,8.1442824180417,8.123275493497497
tyk2_molecule_jmc_30,-10.9399995803833,8.149024213337388,8.111056178625944,8.169971954798527,8.132678139780408,8.17757505396575,8.153839739516304
tyk2_molecule_ejm_46,-11.3100004196167,8.072988592078776,8.0686514820046,8.139887991534904,8.030833710385378,8.153315996297028,7.9722537801719655
p38_molecule_2j,-10.079999923706056,7.733398013243165,7.7623299135160435,7.724216062921371,7.830573039543694,7.73577464987368,7.614096400361035
p38_molecule_2gg,-10.65999984741211,7.705266858832758,7.728263133414703,7.667829754506883,7.83530710397899,7.662610187528956,7.63232411473426
p38_molecule_2q,-12.260000228881836,7.94541859786658,7.993577593634028,7.943639024625783,7.904036249384551,7.97987163784234,7.905968483846199
p38_molecule_2t,-11.850000381469728,7.720591376843177,7.781612346527436,7.70034657800607,7.823904859320952,7.742604902464433,7.554488197896997
p38_molecule_2g,-10.65999984741211,7.2153358698682055,7.258991803097151,7.156596037042367,7.280083433184437,7.2074229882636365,7.173585087753437
p38_molecule_2l,-12.260000228881836,7.75358358231251,7.768116496579618,7.743251397590324,7.833139058448284,7.754476492024656,7.668934466919665
p38_molecule_2ee,-12.260000228881836,7.768152258404671,7.747701656519583,7.817885459982528,7.86693603474117,7.709160916851741,7.699077223928329
p38_molecule_2aa,-9.270000457763672,6.804214326890234,6.549659701794663,6.918828144537849,6.788900184314304,6.844427670195941,6.919255933608414
p38_molecule_2o,-10.489999771118164,7.625302280321098,7.697097991746582,7.620085340044085,7.719852951828425,7.5384806977122825,7.550994420274114
p38_molecule_3flw,-10.68000030517578,7.5208825909438035,7.593488271992654,7.555221461316042,7.457939636828743,7.475437530262147,7.522326054319431
p38_molecule_2u,-12.260000228881836,7.932227460410125,7.921324135877047,7.96096939541679,7.93153612440936,7.972499082237382,7.87480856411005
p38_molecule_2p,-11.199999809265137,7.604294461484415,7.697002962465276,7.602446423629983,7.675907728327467,7.516263477142484,7.529851715856861
p38_molecule_2h,-9.479999542236328,7.559870452465266,7.6361991181175535,7.550285772599866,7.714113576168854,7.505399576299732,7.3933542191403285
p38_molecule_3fmk,-11.829999923706056,7.6246463730837535,7.653256055866407,7.699746392703448,7.628041445284828,7.530140221524326,7.612047750039757
p38_molecule_2i,-10.050000190734863,7.227569774894711,7.236122705156762,7.219286463426684,7.319681557000589,7.1893457956691265,7.173412353220392
p38_molecule_2f,-8.479999542236328,7.226506095714717,7.271611549756377,7.187722299209719,7.293649909628633,7.202821846539174,7.1767248734396825
p38_molecule_2x,-10.229999542236328,7.757450688799952,7.763825735638001,7.707664733366831,7.858512363003803,7.7634361079670935,7.69381450402403
p38_molecule_2ff,-11.4399995803833,8.183517400802485,8.201654033244257,8.20692327457637,8.104793337587859,8.13778053378528,8.26643582481866
p38_molecule_2k,-10.550000190734863,7.687206807928281,7.6562596706108925,7.6876080099661275,7.821124319945008,7.6509061453592935,7.620135893760084
p38_molecule_2n,-11.850000381469728,7.6925381320091235,7.695351064930462,7.7035071153215355,7.716625012078746,7.7231146942833755,7.624092773431498
p38_molecule_3flq,-9.93000030517578,7.587160844892796,7.57611698502437,7.650608921626976,7.576633926178565,7.5346156581041335,7.5978287335299335
p38_molecule_3fln,-10.880000114440918,7.7580983754373465,7.760367226079153,7.727623457770288,7.869199605884547,7.761996360439981,7.671305227012763
p38_molecule_2e,-10.699999809265137,7.222171226997863,7.28603697451331,7.223839523688237,7.268286081480992,7.189111176745551,7.143582378561226
p38_molecule_3fmh,-10.829999923706056,7.6482276827957945,7.689055047097878,7.690060240246248,7.664401322928552,7.555604210034141,7.642017593672155
p38_molecule_2c,-10.460000038146973,7.246989647855171,7.279791358454362,7.1538405101624,7.343035093741095,7.253379001284774,7.20490227563323
p38_molecule_2y,-9.779999732971191,7.622150139413742,7.615408577825425,7.712326761562292,7.61948898830449,7.546327529311334,7.617198840065168
p38_molecule_2s,-11.109999656677246,7.723484406368006,7.737593049976003,7.7498579743344,7.761281356371694,7.741208941305073,7.627480709852863
p38_molecule_2m,-10.960000038146973,8.022390395042757,8.0967929565883,7.986931474252256,7.9816257883100805,8.069808652040278,7.976793104022871
p38_molecule_2bb,-9.0600004196167,7.518664360837571,7.541252939906259,7.575858655362981,7.452925978064508,7.445211577764175,7.578072653089927
p38_molecule_2v,-8.970000267028809,7.596643337967416,7.596132509111762,7.653785164023678,7.613088060874259,7.5128974560446,7.607313499782773
p38_molecule_2r,-10.789999961853027,7.798646647641017,7.795775631845655,7.846286960735027,7.861284736489267,7.793370039027919,7.696515870107216
p38_molecule_3flz,-9.489999771118164,7.065077491634751,7.087526110930904,7.003767087987658,7.169665615173959,6.976334447143947,7.088094196937287
p38_molecule_2z,-10.359999656677246,7.612340438396123,7.619132255630956,7.693980793194215,7.591116233668176,7.539274104114455,7.618198805372816
p38_molecule_3fly,-11.420000076293944,7.649561141191276,7.662603938369497,7.6924989441990155,7.671858099195409,7.602317067194783,7.618527656997674
bace_molecule_CAT-13n,-8.543000221252441,6.573352061550892,6.526529171056337,6.673310588120354,6.628126287944408,6.570173473274898,6.468620787358464
bace_molecule_CAT-13e,-9.963000297546388,6.900445569129121,6.906799737149731,6.899479362445898,6.833631207145531,6.935841257372428,6.92647628153202
bace_molecule_CAT-4a,-7.933000087738037,6.139694576430462,6.120506267219631,6.195613660630313,6.162212250605029,6.147000264643451,6.0731404390538835
bace_molecule_CAT-4m,-9.152999877929688,6.500551290376573,6.578553813475345,6.558069463937552,6.542272301408825,6.469375578512409,6.354485294548736
bace_molecule_CAT-17b,-10.02299976348877,6.729195671908045,6.640546570139285,6.692749162716288,6.746746727753204,6.777723206224363,6.788212692707088
bace_molecule_CAT-13j,-8.732999801635742,6.533069352454186,6.595279730612737,6.619125073266213,6.593506392793278,6.454060555241815,6.403375010356886
bace_molecule_CAT-13d,-10.472999572753906,6.848818710551882,6.859023287106272,6.80403553137844,6.810292363414606,6.886226306355297,6.8845160645047905
bace_molecule_CAT-13b,-9.123000144958496,6.265830773037409,6.236696759423309,6.417962492199598,6.384681057998887,6.028999154405283,6.260814401159969
bace_molecule_CAT-13a,-8.843000411987305,6.453159211756197,6.524586812920787,6.494203459334716,6.471121233642003,6.399897154744911,6.375987398138571
bace_molecule_CAT-13h,-9.633000373840332,6.801599994467506,6.827479503015774,6.699154099724764,6.780892469312775,6.853647570175608,6.846826330108612
bace_molecule_CAT-13o,-8.543000221252441,6.475565738385439,6.412817214458387,6.605566539478196,6.579968118705962,6.385506047493429,6.393970771791216
bace_molecule_CAT-13g,-9.093000411987305,6.8912796836949894,6.915776857628808,6.837028337300208,6.899452308089372,6.905801430686166,6.898339484770389
bace_molecule_CAT-4k,-7.853000164031982,6.290358468668297,6.380308249088036,6.392328738846971,6.27697987787785,6.222017221276454,6.180158256252176
bace_molecule_CAT-17g,-9.743000030517578,7.099948115060151,7.078660312652991,7.1194292169412945,7.083488567943447,7.132527671578936,7.085634806184086
bace_molecule_CAT-4l,-9.343000411987305,6.3708805082642925,6.414949553570993,6.485805978693742,6.319072850727998,6.245879886807303,6.388694271521426
bace_molecule_CAT-4j,-9.02299976348877,6.220958105135203,6.290656078349268,6.300400518056581,6.224805676200409,6.173349735326063,6.115578517743691
bace_molecule_CAT-4n,-9.093000411987305,6.521241151653629,6.571186281833202,6.608964789533182,6.6271524688757815,6.384946776452065,6.413955441573914
bace_molecule_CAT-13i,-9.27299976348877,6.66274770962089,6.727181680191057,6.533855234203465,6.638590379722494,6.721618019601479,6.692493234385952
bace_molecule_CAT-17f,-9.42300033569336,7.082805005584959,7.077705322548765,7.102097066630081,7.022893770108445,7.114523951758679,7.096804916878828
bace_molecule_CAT-4p,-10.083000183105469,6.500785690857455,6.522921555773762,6.595001689545938,6.523045941865959,6.456843503316158,6.406115763785454
bace_molecule_CAT-13c,-9.322999954223633,6.479583903671798,6.563500694151756,6.547093962411993,6.4763443074813285,6.483495432772291,6.327485121541626
bace_molecule_CAT-24,-11.350000381469728,7.246478792167382,7.133583658132916,7.283974652478497,7.237625763249614,7.397180350213549,7.180029536762333
bace_molecule_CAT-4i,-8.262999534606934,6.181502076535604,6.1928091705399515,6.229437339808284,6.217977149090861,6.127982111507582,6.139304611731342
bace_molecule_CAT-4c,-7.853000164031982,6.277721427124989,6.353258925416442,6.378329809810871,6.26417454108356,6.320219618239336,6.072624241074736
bace_molecule_CAT-17i,-9.472999572753906,7.037010562744745,7.029409397829142,6.96738686517669,7.02364288216121,7.11837550191951,7.046238166637171
bace_molecule_CAT-13k,-9.70300006866455,6.565923792342619,6.595319662151239,6.644750448285472,6.614746293082125,6.5459099846183255,6.428892573575929
bace_molecule_CAT-17a,-10.732999801635742,6.9710825347749745,7.033746076139175,6.8541583615606045,6.905781691595632,7.105798751440277,6.955927793139192
bace_molecule_CAT-17c,-9.86299991607666,6.932353570547607,6.956287577894306,6.835221243160032,6.8962239447998614,6.977822694390839,6.996212392492997
bace_molecule_CAT-4o,-9.383000373840332,6.612202769543011,6.692877928348902,6.81605345030432,6.678836553693302,6.5011414541498365,6.372104461218691
bace_molecule_CAT-17d,-9.42300033569336,6.760298297481654,6.749225893706886,6.854715775824745,6.751073498069722,6.790552083298367,6.655924236508552
bace_molecule_CAT-4b,-9.633000373840332,6.495529275144937,6.581202772881469,6.60455100246497,6.5294337217055185,6.513931009191153,6.24852786948158
bace_molecule_CAT-13f,-9.093000411987305,6.76535023439947,6.64408979519441,6.61825750768963,6.7721436181722,6.9180150154065085,6.874245235534599
bace_molecule_CAT-4d,-9.11299991607666,6.405339113053264,6.4913786896811425,6.5697208431490495,6.4804406903847,6.403956649285571,6.081198692765856
bace_molecule_CAT-13m,-8.762999534606934,6.545217481606461,6.480162107915911,6.667246442541703,6.579738180308094,6.553579398194676,6.445361279071924
bace_molecule_CAT-17h,-10.333000183105469,7.047189684698623,7.078027452195857,7.057908542395043,6.93032658291626,7.126718752269475,7.042967093716481
bace_molecule_CAT-17e,-10.02299976348877,6.953179815511334,6.902602793834097,6.9424108009617,6.942869082150663,7.0017983708559965,6.976218029754212
jnk1_molecule_6a,-8.40999984741211,5.84613136715045,6.043525945102868,5.918143541923727,5.701893720143003,5.736607016386241,5.830486612196414
jnk1_molecule_19a_neu,-6.860000133514404,5.911145695552023,6.094556163698319,5.981244141261238,5.7812296813209665,5.805957227604726,5.892741263874867
jnk1_molecule_19b_neu,-7.300000190734863,6.0023560114249594,6.120082469190311,6.080832915034395,5.842576388113625,5.923687055966416,6.044601228820049
jnk1_molecule_19b_charg,-7.300000190734863,5.978830034880493,6.1088662576002974,6.047411365939776,5.8195822372604935,5.901808823822158,6.016481489779735
jnk1_molecule_19a_charg,-6.860000133514404,5.9321448549182465,6.0867300759017295,6.026547355727256,5.811900737913943,5.838744781670871,5.896801323377428
egfr_molecule_21,-9.88,7.264508541520544,7.2623946002650674,7.255372296008158,7.277604579283997,7.264344204966573,7.26282702707892
egfr_molecule_27neu,-9.94,7.492343772571438,7.633086538472858,7.406528144361974,7.400659914444834,7.5587287620730725,7.46271550350445
egfr_molecule_27chargR,-9.94,7.512420497637396,7.650501413360819,7.417004768867163,7.424986001075098,7.550523075216154,7.5190872296677504
egfr_molecule_27chargS,-9.94,7.500641904549158,7.623417120126196,7.41166115300194,7.422540558586924,7.529090973105186,7.516499717925544
egfr_molecule_28neu,-10.7,7.295158662332388,7.290334652264175,7.283244737833625,7.301081327986725,7.2941327673367296,7.306999826240683
egfr_molecule_28charg,-10.7,7.31900104992768,7.372266005105064,7.296286212388968,7.313166819783277,7.281309431296271,7.331976781064819
egfr_molecule_29neu,-10.46,7.3686241259247085,7.31229905443243,7.331838093196471,7.384293666186921,7.312926409803211,7.501763406004513
egfr_molecule_29charg,-10.46,7.380202992932962,7.339791137760636,7.352628511895854,7.3769575824743105,7.323188288807371,7.508449443726638
egfr_molecule_30neu,-11.25,7.3314561671512495,7.293668836810604,7.304752893477874,7.330200417254364,7.347022172955368,7.381636515258039
egfr_molecule_30charg,-11.25,7.3492090060065465,7.317662165420652,7.3275465673140046,7.342074336839852,7.358202360512339,7.4005595999458835
ptp1b_molecule_26charg,-7.440000057220459,6.3974441273085345,6.25677464491329,6.153563472318767,6.843235857850556,6.36100156078149,6.372645100678573
ptp1b_molecule_26neu,-7.440000057220459,6.597081717972458,6.503021342913542,6.56047483524401,6.791592698903159,6.5070047701395035,6.623314942662074
ptp1b_molecule_27,-9.229999542236328,6.7829397866739,6.6395783751807445,6.696396269910855,6.797447776944433,6.6860854178777425,7.095191093455725
ptp1b_molecule_32,-11.529999732971191,7.780702065554029,7.841746045454567,7.556154392295143,8.010853748383528,7.622207098713237,7.872549042923672
irak4_s2_molecule_17charg,-10.109999656677246,7.610524043019177,7.629218217926169,7.6863295830056355,7.5420607899836005,7.570734060820186,7.6242775633602955
irak4_s2_molecule_17neu,-10.109999656677246,7.612522119087311,7.629947179351666,7.699615192198823,7.567005250987659,7.564333558824345,7.60170941407406
irak4_s2_molecule_5neu,-9.609999656677246,7.618840255398605,7.671756201050927,7.555279362839735,7.572175239555339,7.598469115655734,7.696521357891293
irak4_s2_molecule_18,-10.920000076293944,7.561256573480973,7.5901661721501394,7.642072694696888,7.4826739600070775,7.522981694477165,7.568388346073596
irak4_s2_molecule_6,-8.510000228881836,7.463716491722903,7.477121726953221,7.492291339686206,7.41311789708239,7.422480155679378,7.513571339213321
irak4_s2_molecule_5charg,-9.609999656677246,7.566330798147059,7.604966868820723,7.502159232055015,7.529112282847686,7.537142335087084,7.65827327192479
irak4_s2_molecule_14,-10.109999656677246,7.62033321627364,7.654726229472024,7.679623656727679,7.550836082071918,7.564935767858109,7.651544345238468
dlk_molecule_9,-8.729999542236328,7.042700896589039,7.118575401031356,6.973151673039746,7.10122332523929,7.04420518075152,6.976348902883284
dlk_molecule_17charg,-10.4399995803833,7.220598239652001,7.3105523471108524,7.235579187759185,7.251087064671588,7.193637845359243,7.112134753359139
dlk_molecule_17neu,-10.4399995803833,7.231457578934547,7.327443477740366,7.238246482723118,7.278365244342758,7.176009670265375,7.137223019601119
dlk_molecule_4charg,-9.329999923706056,7.0032905565130275,7.066851670920977,6.948317576039111,7.041903202147731,7.006648562854227,6.952731770603093
dlk_molecule_4neu,-9.329999923706056,7.0053300423792395,7.071972393126084,6.949756942589282,7.04074797681397,7.010620533239784,6.953552366127072
dlk_molecule_18,-9.979999542236328,7.176043818963615,7.263671770485027,7.184320531586268,7.2313499121503515,7.132169441821436,7.068707438774989
dlk_molecule_8,-10.510000228881836,7.20030310721706,7.285137074869097,7.212464227979723,7.238683284701171,7.170585241399772,7.094645707135535
irak4_s3_molecule_28neu,-9.5,7.431919173425864,7.453995534413952,7.581258066028869,7.312165013087517,7.446461002778673,7.3657162508203085
irak4_s3_molecule_19charg,-10.600000381469728,7.474011819877352,7.487069179130702,7.549728549138857,7.376778238222499,7.516015368268976,7.440467764625723
irak4_s3_molecule_29,-8.710000038146973,7.59556685272681,7.613620400236783,7.689620344740593,7.488010891861702,7.594560750303168,7.5920218764918035
irak4_s3_molecule_19neu,-10.600000381469728,7.4251375273818905,7.445074300019647,7.584820970803366,7.298755322588499,7.427627214876,7.369409828621942
irak4_s3_molecule_28charg,-9.5,7.471190126232427,7.485480676657044,7.5457531089126775,7.373174836146473,7.513464175676337,7.438077833769605
irak4_s3_molecule_27,-8.710000038146973,7.503179459866817,7.519849097952403,7.644918637225087,7.401519102588422,7.524931136282819,7.4246793252853545
ephx2_molecule_47charg,-11.25,7.865657919023628,7.938148790197959,7.683131423675671,7.874895340269457,7.938404475726589,7.893709565248466
ephx2_molecule_19charg,-8.239999771118164,7.154028915365538,7.174101118684774,7.337427508956896,7.229168990780469,7.031565307748155,6.997881650657397
ephx2_molecule_19neu,-8.239999771118164,7.168342482013864,7.186660292055422,7.3604511857690404,7.265796471758017,7.04129532036942,6.987509140117427
ephx2_molecule_20,-9.140000343322754,7.097036425833096,7.156141533676391,7.1986921370905,7.164621702448475,7.006103373420762,6.959623382529352
ephx2_molecule_47neu,-11.25,7.788999498506106,7.790124523769079,7.685526332509866,7.807724738578161,7.854809678302528,7.806812219370899
ephx2_molecule_33,-10.739999771118164,7.827093491396896,7.80947284771372,7.801263975728073,7.902002448935761,7.806013411418305,7.816714773188618
jak1_molecule_17,-10.869999885559082,7.514291534055706,7.326803588635393,7.591207171626257,7.60102133767682,7.472737770507924,7.579687801832138
jak1_molecule_18charg,-11.300000190734863,7.726443130272886,7.525805456911908,7.818628454986039,7.9746558041597915,7.838488413358355,7.474637521948338
jak1_molecule_18neu,-11.300000190734863,7.778313866550951,7.539092666384889,7.84490705191416,7.989428011288784,7.849138054034492,7.669003549132433
jak1_molecule_jmc_25,-11.40999984741211,7.715594940551506,7.5271325927790285,7.7732419296639685,7.711433107366306,7.762629901397157,7.803537171551069
jak1_molecule_jmc_34,-13.06999969482422,8.292870650588895,7.787810029237503,8.471780033717353,8.489901349498087,8.455685324493047,8.25917651599849
jak1_molecule_16charg,-10.539999961853027,7.441962180925778,7.295522257554066,7.482347391720781,7.474068135789039,7.432930096897225,7.524943022667775
jak1_molecule_16neu,-10.539999961853027,7.378186300913384,7.239027815122693,7.420636618447422,7.450794588420974,7.364585721727766,7.4158867608480605
jak1_molecule_jmc_22,-11.350000381469728,7.756792378377218,7.502826512873608,7.837974258850139,7.770729423438125,7.805022026870602,7.86740966985362
tyk2_molecule_ejm_47,-9.789999961853027,7.539705562689443,7.634496199436833,7.5183235223987905,7.492946005182716,7.4607385715860595,7.592023514842816
tyk2_molecule_jmc_32charg,-11.65999984741211,8.024367929045773,8.022525245979889,8.07251364529324,7.989236321085819,8.027710326866192,8.009854106003727
tyk2_molecule_jmc_31,-10.920000076293944,8.039211792837932,8.038699535771059,8.082690772600554,7.99378157543534,8.055950436787981,8.024936643594732
tyk2_molecule_jmc_32neu,-11.65999984741211,8.016153831856167,8.004553135363778,8.060208678973536,7.973994717177362,8.03172916398249,8.010283463783667
tyk2_molecule_ejm_52neu,-7.489999771118164,7.949527283336373,7.958776966826376,8.052031539164764,7.856201953057013,7.959775621508019,7.920850336125693
tyk2_molecule_ejm_52charg,-7.489999771118164,7.902679913598826,7.901374600591567,7.964902922178196,7.813876814869141,7.929490994538377,7.903754235816848
tyk2_molecule_ejm_46,-11.420000076293944,8.043846501548895,8.054052187900053,8.12874110667982,7.981281479899384,8.063129775763045,7.992027957502168
itk_molecule_17,-11.270000457763672,8.238986773919711,8.23251658095574,8.143901706691858,8.154032867067063,8.315880322432765,8.348602392451129
itk_molecule_1neu,-12.56999969482422,8.23237314648766,8.224937290272324,8.116872834280208,8.139602209346169,8.327785323337356,8.352668075202248
itk_molecule_1charg,-12.56999969482422,8.244937205877697,8.244629761861068,8.13536990505897,8.142930803949584,8.34440000434209,8.35735555417677
itk_molecule_18,-12.770000457763672,8.19905837675556,8.188427559957878,8.100082113187984,8.13892986334665,8.296208182478802,8.271644164806485
itk_molecule_19,-13.06999969482422,8.234912920733958,8.18321871529764,8.169056672930209,8.198347437790607,8.286175133727923,8.337766643923416
thrombin_whole_map_molecule_11,-5.840000152587891,6.730791068759819,6.712196810291104,6.618347773344052,6.688817016647216,7.021302571307291,6.613291172209434
thrombin_whole_map_molecule_1,-6.800000190734863,6.349471972745447,6.365263999449974,6.0979127898796275,6.398522380883231,6.718103198951414,6.167557494562988
thrombin_whole_map_molecule_3,-5.659999847412109,6.821316264662434,6.76117035442052,6.730740573437686,6.820497327637885,7.116024536701915,6.678148531114167
thrombin_whole_map_molecule_jmb2009-4,-11.529999732971191,6.439549660829513,6.440046837930895,6.152348194315274,6.464843556822587,6.795781774640892,6.344727940437924
thrombin_whole_map_molecule_10,-7.670000076293945,6.480010490567212,6.472661915752541,6.045700007960239,6.551637429039113,6.8069460257782675,6.523107074305897
thrombin_whole_map_molecule_2,-6.139999866485596,6.350661248111047,6.3623094737911705,5.988800367900856,6.430451079242879,6.786981541070746,6.1847637785495815
cdk2_molecule_39neu,-8.369999885559082,6.979651192404129,7.087521354630114,7.002788520829474,7.037901620746537,6.839931807268318,6.930112658546197
cdk2_molecule_39charg,-8.369999885559082,6.886631769682029,6.996234931649764,6.9197155386948825,6.905155512561401,6.8116851216272005,6.800367743876895
cdk2_molecule_34,-9.880000114440918,6.933108138494047,7.059313655208252,6.967540393762196,6.947944984120508,6.878578901185103,6.812162758194175
cdk2_molecule_25,-9.829999923706056,6.686213199138193,6.812396778103913,6.813170916686461,6.8335520753039125,6.092250999898338,6.879695225698343
hsp90_frag_2rings_molecule_18,-8.960000038146973,7.481864102353529,7.444302879317309,7.608007057431798,7.390394752062572,7.448781297118716,7.517834525837249
hsp90_frag_2rings_molecule_17,-9.920000076293944,7.512056722952424,7.507433850627224,7.641384830409855,7.4156715270576505,7.484434199374887,7.511359207292508
hsp90_frag_2rings_molecule_19,-10.260000228881836,7.612370179030355,7.625848093952495,7.798668948152916,7.486116112471576,7.568240783464892,7.582976957109897
hsp90_frag_2rings_molecule_15,-9.880000114440918,7.3664574110971675,7.34166543509792,7.452233189957429,7.293162216286826,7.336945745552843,7.408280468590818
hsp90_frag_2rings_molecule_14,-8.720000267028809,7.244746056563821,7.170200998722614,7.3404697239716,7.166669018895324,7.198075620186263,7.348314921043305
hsp90_frag_2rings_molecule_16,-8.119999885559082,7.4908542767977835,7.484726271334535,7.625169430487676,7.413668784029274,7.47640853463929,7.454298363498143
frag_liga_auto_molecule_12,-9.050000190734863,6.532080765874231,6.89202753848561,6.30609653858355,6.2360530019795215,6.726555996165981,6.499670754156496
frag_liga_auto_molecule_9,-6.380000114440918,4.414767425391917,4.346848348915238,4.626677112873723,4.293061986438648,4.507479406533845,4.29977027219813
frag_liga_auto_molecule_5,-4.800000190734863,3.963584656127181,3.9895252411098396,4.176644050235404,3.9119197392863643,3.996927630210783,3.7429066197935144
frag_liga_auto_molecule_6,-5.300000190734863,4.23685874608239,4.260448313054468,4.436870629502493,4.275733907392409,4.167537810423281,4.043703070039301
frag_liga_auto_molecule_11,-9.079999923706056,5.388395561782551,5.592824855731858,5.551951181067447,5.341336003176506,5.249311025989469,5.206554742947477
frag_liga_auto_molecule_10,-6.539999961853027,4.272939220454015,4.233108693658615,4.450128861676305,4.071559154516523,4.429148976909857,4.180750415508774
frag_liga_auto_molecule_8,-5.829999923706055,6.367035825301234,6.239932151232725,6.432304491117882,6.401218881519303,6.328884817315805,6.432838785320456
frag_liga_auto_molecule_3,-6.03000020980835,4.059442202020451,3.9999429173979335,4.158153187573927,4.026845512503667,4.2921554895166345,3.8201139031100952
frag_liga_auto_molecule_7,-5.25,4.393955161342921,4.510519215961855,4.458107250493923,4.368780698155141,4.349205785445242,4.283162856658446
frag_liga_auto_molecule_13,-10.670000076293944,6.692593591563447,7.091030647148518,6.423762060820931,6.45263755448967,6.903649791229078,6.591887904129038
frag_liga_auto_molecule_4,-6.5,4.068416698575812,4.06183802580215,4.284633408415002,4.064872674867817,4.057390652504012,3.8733487312900814
hsp90_frag_single_ring_molecule_10,-8.3100004196167,7.321221247527018,7.2902925652719555,7.4636910951374125,7.275685976860274,7.2461792753499115,7.330257325015541
hsp90_frag_single_ring_molecule_3,-8.3100004196167,6.743168265644483,6.773770474914322,6.76232027315202,6.6407169126278776,6.765586853803727,6.773446813724469
hsp90_frag_single_ring_molecule_9,-7.360000133514404,7.1271044848822935,7.114881112831426,7.225017610883255,7.079625563361999,7.039455206417752,7.176542930917032
hsp90_frag_single_ring_molecule_8,-8.029999732971191,6.06593777862389,6.424849612897344,5.9163515997285,5.816549952030885,6.499821950500523,5.672115777962198
hsp90_frag_single_ring_molecule_11,-8.119999885559082,7.148745483398227,7.144811096800695,7.245070773985596,7.08810645250758,7.09140986831378,7.174329225383488
hsp90_frag_single_ring_molecule_12,-8.59000015258789,7.315444771332947,7.311699073534516,7.428395383902561,7.2365955615776585,7.280440648830094,7.32009318881991
hsp90_frag_single_ring_molecule_2,-6.929999828338623,6.206540341136908,6.495728339157748,6.067664716736905,6.056120388185478,6.484391483057971,5.928796778546434
jak2_set1_molecule_2_3E63,-7.90701150894165,5.70135204654447,5.647633451605507,5.872039307115481,5.728987644151623,5.695495328839422,5.562604501010322
jak2_set1_molecule_9,-8.363882064819336,6.0172368679212465,5.996301188159504,6.103572574689633,6.087901085951802,5.978643548239343,5.919765942565954
jak2_set1_molecule_8,-8.774560928344727,6.193675194510583,6.42916209604021,6.103450282246843,6.200963565651042,6.259391319557012,5.975408709057807
jak2_set1_molecule_5,-7.789802551269531,5.800249220146957,5.751246716767147,6.137108325258798,5.7315358701517,5.720414615696039,5.660940572861099
jak2_set1_molecule_10,-7.143977165222168,5.937657927706445,5.950977038845694,6.0763850745023165,5.978150182383817,5.829470700683658,5.853306642116744
jak2_set1_molecule_4a,-6.864231586456299,5.64822973751435,5.5963752560375175,5.902044670166487,5.593609331329764,5.575617840640465,5.573501589397515
jak2_set1_molecule_4b,-6.864231586456299,5.618204459425661,5.573531335312535,5.868666693006228,5.586967100282111,5.531744861137744,5.530112307389682
jak2_set1_molecule_6,-6.198638439178467,6.756677826076086,6.930029917516914,6.721700707387162,6.605168148052898,6.768110538554801,6.758379818868654
jak2_set1_molecule_3,-5.235617160797119,5.846095591033943,5.702510331478529,6.204876896840071,5.839533007151315,5.852407804417575,5.631149915282225
jak2_set1_molecule_1_3E62,-5.986692905426025,4.491624621419565,4.487852698292794,4.528706545641461,4.646316881017023,4.405449648799675,4.389797333346873
jak2_set1_molecule_7,-8.860579490661621,6.802894024987337,6.997555012233905,6.779951117929304,6.664386755574663,6.760950490119171,6.811626749079645
frag_mup1_molecule_IBT,-9.09000015258789,4.748138760086658,4.8153936095017,4.718568769003966,4.5497360519159695,5.010624534758875,4.646370835252778
frag_mup1_molecule_MT,-5.639999866485596,4.717709046305217,4.845298259953135,4.735723511877545,4.57232621028207,4.937203301130991,4.4979939482823434
frag_mup1_molecule_PT,-8.199999809265137,4.73831771182125,4.822850169618095,4.727812268913837,4.638407577489424,4.927151236735123,4.57536730634977
frag_mup1_molecule_SBT_R,-8.420000076293945,4.786562661907266,4.881198621094293,4.764283857728222,4.554337534854633,5.0565046007421035,4.676488695117078
frag_mup1_molecule_SBT_S,-8.420000076293945,4.814794587153882,4.9075888316511636,4.772224214146993,4.582480859544283,5.061911823882585,4.749767206544385
frag_mup1_molecule_IPT,-7.849999904632568,4.7970310834547325,4.913244570044508,4.803376259379365,4.560944539609672,5.048201152717651,4.659388895522465
frag_mup1_molecule_ET,-6.960000038146973,4.635920982172843,4.74560974007486,4.6485534136618325,4.448864979800497,4.887209972445481,4.449366804881541
frag_p38_molecule_4,-5.400000095367432,5.574438774601797,5.909607318646224,5.3682648207005625,5.523482150160339,5.721578450428475,5.3492611330733855
frag_p38_molecule_1_1W7H,-3.940000057220459,3.784525984715406,3.7184544120364476,3.8446419540678005,3.7103171682068012,4.06716670448452,3.582049684781461
frag_p38_molecule_6,-5.039999961853027,6.035242446379622,6.266300780903176,5.993255898962333,5.888108207615321,6.086284538947753,5.942262805469534
frag_p38_molecule_5_1WBW,-5.940000057220459,5.546425004520422,5.904456705095644,5.335773243387639,5.390629427315252,5.673979367009244,5.427286279794329
frag_p38_molecule_7,-6.300000190734863,6.40370002538815,6.506593670679072,6.346488659838002,6.3540467713037385,6.599359118682205,6.212011906437731
frag_p38_molecule_3,-4.090000152587891,3.8429286024988967,3.74011314203498,3.9640196471238833,3.8113772732105913,4.024438042374076,3.6746949077509545
t4lysozyme_uvt_molecule_meta_methyl_ethyl_benzene,-5.079999923706055,4.725450093890221,4.386927646145313,4.692884078026959,4.984182955939006,4.849814152562725,4.7134416367771
t4lysozyme_uvt_molecule_methyl_benzene,-5.480000019073486,4.085327163904424,4.006381954447898,4.26727931026917,4.120751582861898,4.062678770747132,3.969544201196023
t4lysozyme_uvt_molecule_ethyl_benzene,-5.71999979019165,4.225467713193931,4.1351604044146555,4.451870515009684,4.216292128997641,4.247777102201112,4.076238415346561
t4lysozyme_uvt_molecule_ortho_methyl_ethyl_benzene,-4.53000020980835,4.626229356982629,4.288857765211967,4.592369541107187,4.86787627126305,4.8210450430395335,4.560998164291407
t4lysozyme_uvt_molecule_m-xylene,-4.71999979019165,4.614887475103175,4.308285414247951,4.495101724788001,4.891182552048904,4.790312413268342,4.589555271162678
t4lysozyme_uvt_molecule_p-xylene,-4.630000114440918,4.653577048076223,4.369987958223578,4.530855338842262,4.912123530525109,4.816138007108609,4.638780405681554
t4lysozyme_uvt_molecule_o-xylene,-4.570000171661377,4.510639186794403,4.221934127054671,4.386232999816079,4.751777335638915,4.772915145039408,4.420336326422945
t4lysozyme_uvt_molecule_butyl_benzene,-6.659999847412109,4.77465107396592,4.754828550811044,4.900864582587004,4.901337907391094,4.584494334793499,4.7317299942469635
t4lysozyme_uvt_molecule_propyl_benzene,-6.510000228881836,4.386399492240066,4.33619662976489,4.585070127615042,4.392055370628923,4.320250996502163,4.298424336689312
t4lysozyme_uvt_molecule_para_methyl_ethyl_benzene,-5.380000114440918,4.76389193960002,4.455931497849336,4.729755346371916,5.0143353744011225,4.8671946053722905,4.752242874005435
t4lysozyme_uvt_molecule_benzene,-5.159999847412109,4.434013037050498,4.34656564674159,4.595083610808666,4.53169021283652,4.406259564907693,4.290466149958023
t4lysozyme_uvt_molecule_isobutyl_benzene,-6.440000057220459,5.131304295885491,5.163583085612847,5.032667552045158,5.1833586467458,5.226027932701345,5.0508842623223105
frag_mcl1_noweak_molecule_2,-5.329999923706055,4.1671109066601435,4.120089878066033,4.224135026796308,4.142538441246721,4.232684388779431,4.116106798412228
frag_mcl1_noweak_molecule_3,-6.389999866485596,4.399694012064214,4.267202161362244,4.495777216108349,4.419725271390017,4.456356285794202,4.359409125666254
frag_mcl1_noweak_molecule_4,-5.809999942779541,4.535013016100615,4.5786836908192905,4.5950780616882065,4.480100692398291,4.509596085100257,4.511606550497036
frag_mcl1_noweak_molecule_5,-6.039999961853027,4.788344394869922,4.835663925073131,4.75760049365588,4.75391894260353,4.722843608845936,4.871695004171135
frag_mcl1_noweak_molecule_7,-5.880000114440918,4.623026073327147,4.714585554645159,4.56140423877983,4.652414376473735,4.600369166124934,4.586357030612078
frag_mcl1_noweak_molecule_8,-6.369999885559082,4.618101177647665,4.699545792641565,4.560535168013091,4.666179593108924,4.607263296297735,4.55698203817701
frag_mcl1_noweak_molecule_9,-5.480000019073486,4.951114016287197,5.155127049444613,4.761379580565846,5.0916378403459746,4.902038629477386,4.8453869816021635
frag_mcl1_noweak_molecule_10,-5.039999961853027,5.678013751813741,5.918710523454284,5.399686697210172,5.699387371786324,5.736398305199566,5.635885861418361
frag_mcl1_noweak_molecule_11,-5.550000190734863,4.463671331730839,4.569409671018303,4.425575064020586,4.5317809872982675,4.392896827917301,4.39869410839974
frag_mcl1_noweak_molecule_14,-5.610000133514404,4.2785552635658375,4.317804553770719,4.281624478152702,4.2931607519648525,4.2857841407708595,4.214402393170056
frag_mcl1_noweak_molecule_15,-5.309999942779541,5.87378756622594,5.974967538018372,5.793041033227385,5.874199247266304,6.011638913886694,5.715091098730944
frag_mcl1_noweak_molecule_13_flipped,-5.210000038146973,4.301901186725472,4.339901400368558,4.4158802072368495,4.237368261416752,4.387793511161643,4.128562553443563
jak2_set2_extra_molecule_13_3E64,-9.696937561035156,6.572992760000616,6.631826504521517,6.3317276623977525,6.575464003811574,6.640506492696629,6.68543913657561
jak2_set2_extra_molecule_21,-8.340335845947266,6.630841803651428,6.510627071742426,6.581331531042046,6.58913806443135,6.783093289307255,6.6900190617340645
jak2_set2_extra_molecule_20,-8.067665100097656,6.569936622382355,6.459099551682234,6.57744238421188,6.525378943056611,6.654212402007401,6.6335498309536485
jak2_set2_extra_molecule_18,-8.325143814086914,6.297153382066659,6.292946164786518,6.21605292757759,6.332966442575137,6.405832477632785,6.2379688977612675
jak2_set2_extra_molecule_14,-7.789802551269531,6.378151630674585,6.4862128391383616,6.194471872307734,6.369081404480007,6.353620661843671,6.487371375603153
jak2_set2_extra_molecule_12,-7.434834003448486,6.589066725257243,6.657760177483417,6.34994712830829,6.57041783773888,6.723652224221205,6.643556258534422
jak2_set2_extra_molecule_15,-7.379123210906982,6.419818166183347,6.531637553335447,6.2289617258522485,6.404983305895806,6.39424054964555,6.539267696187682
jak2_set2_extra_molecule_22_flip,-10.107617378234863,6.575074282900031,6.535461750250717,6.482505070054632,6.560081373029145,6.679625457646256,6.6176977635194065
3RKZ_lig62to70_alpha05_molecule_lignad_63,-9.31999969482422,7.357022036126395,7.409930695682405,7.43921354272981,7.276494908269481,7.354663433689777,7.3048076002605065
3RKZ_lig62to70_alpha05_molecule_ligand_69,-13.140000343322754,7.304460602556434,7.385104884787607,7.309597465425564,7.261034231563505,7.296261397937701,7.270305033067792
3RKZ_lig62to70_alpha05_molecule_ligand_62,-6.670000076293945,7.202921489141002,7.211914323784517,7.215963957105949,7.1857722781982245,7.212645612601944,7.188311274014381
3RKZ_lig62to70_alpha05_molecule_lignad_65,-9.279999732971191,7.316795902473315,7.359969230391504,7.350232168529235,7.322126690034813,7.311710024252666,7.239941399158357
3RKZ_lig62to70_alpha05_molecule_lignad_68,-8.449999809265137,7.3477272980664825,7.390031559099837,7.342239849649317,7.349312879146052,7.354815793611151,7.302236408826051
3RKZ_lig62to70_alpha05_molecule_ligand_64,-8.890000343322754,7.410954765463439,7.466193548226442,7.497016483610237,7.308718261624992,7.431280407922013,7.3515651259335115
3RKZ_lig62to70_alpha05_molecule_ligand_70,-12.739999771118164,7.319352219940546,7.395889040971124,7.323134490942122,7.275973758650529,7.3100452491022985,7.291718560036661
MHT1_lig3_alpha05_molecule_5AN26_ligand,-7.570000171661377,6.442070623318362,6.540731415485611,6.605845248058371,6.392206124876,6.319224490257214,6.352345837914614
MHT1_lig3_alpha05_molecule_5ANT_A_ligand,-8.550000190734863,6.6100524811064485,6.594374583434277,6.690502428819212,6.6284410222583015,6.554589707377995,6.5823546636424615
MHT1_lig3_alpha05_molecule_5ANU_ligand,-12.960000038146973,6.818336367880756,6.975404829009886,6.773289302676966,6.655917940262129,6.75437971644307,6.932690051011726
2B8V_lig24and25_alpha05_molecule_ligand25_S,-7.53000020980835,6.873491846845704,6.691815202906543,6.785854761751205,7.075307783958937,6.915645073843005,6.8988364117688326
2B8V_lig24and25_alpha05_molecule_ligand24_S,-5.440000057220459,6.560789231306048,6.388719310459601,6.654946000228253,6.643031470693858,6.507781811317697,6.609467563830828
ck2_custcore_hotlys_molecule_ligand_15,-10.359999656677246,7.566102816186863,7.611624408803359,7.515986046274772,7.604291360445998,7.567694473618183,7.530917791792002
ck2_custcore_hotlys_molecule_ligand_14,-13.039999961853027,7.645920567121185,7.786546065981575,7.49968700362948,7.565014124488594,7.778239231014321,7.600116410491955
2E9P_lig4to7_alpha05_molecule_ligand_5,-11.18000030517578,8.244093537367993,8.273242193342284,8.28925149703567,8.272687298492722,8.073016456069526,8.312270241899768
2E9P_lig4to7_alpha05_molecule_ligand_7,-10.270000457763672,8.13182420848889,8.14294491213129,8.227012642384253,8.167700175212628,7.954541368044607,8.16692194467167
2E9P_lig4to7_alpha05_molecule_ligand_4,-10.880000114440918,7.844545102090807,7.824319270232535,7.9014056114329785,7.685022127916105,7.853344781593208,7.9586337192792085
2E9P_lig4to7_alpha05_molecule_ligand_6,-11.09000015258789,8.130267733020279,8.164453238194941,8.188827548751576,8.163689195576042,7.944158916905652,8.190209765673183
2Q15_lig17to21_alpha05_molecule_ligand_20_S,-10.210000038146973,7.090651195136148,7.143577245204759,7.0076883622821065,7.105405501908289,7.027721058783017,7.168863807502565
2Q15_lig17to21_alpha05_molecule_ligand_21,-10.56999969482422,7.013279717290173,7.084500472569817,6.904287136706035,7.003660768185581,6.967348415461559,7.106601793527872
2Q15_lig17to21_alpha05_molecule_ligand_18,-10.81999969482422,7.257337429340801,7.315343020900245,6.954969810255943,7.385176504676439,7.212469001329228,7.418728809542151
2Q15_lig17to21_alpha05_molecule_ligand_17_enu,-9.81999969482422,6.93969009513705,6.933599755967974,6.8309042097060555,7.081216883271332,6.8534011686777205,6.99932845806217
2Q15_lig17to21_alpha05_molecule_ligand_19,-11.289999961853027,7.091117613862734,7.137640988838936,6.999658129559082,7.108413159435391,7.029116874471309,7.180758917008953
hsp90_3hvd_custcore_molecule_lig_3B27,-7.039999961853027,5.434403378934977,5.410554870068515,5.382864332865063,5.464663285970523,5.64973028449536,5.264204121275427
hsp90_3hvd_custcore_molecule_18_minimized,-13.177300453186035,7.273749720329666,7.289336472761092,7.295309655533109,7.272561396849765,7.196881852971827,7.3146592235325345
hsp90_3hvd_custcore_molecule_8__3VHA,-10.15248966217041,7.118639431107884,7.1787251093489495,7.123367071084271,7.041366854473879,7.0549020248567285,7.194836095775591
hsp90_3hvd_custcore_molecule_13,-11.26364040374756,7.320899490137248,7.2905384030754705,7.387960824368494,7.266466954011813,7.267302656651143,7.392228612579323
hsp90_3hvd_custcore_molecule_9,-9.71030044555664,7.117652642224433,7.186805521816329,7.103904954818463,7.03454568856635,7.064376552671162,7.198630493249859
hsp90_3hvd_custcore_molecule_16__3VHD,-12.74081039428711,7.276144844735851,7.310607131967613,7.300231378200172,7.259704358667664,7.1902546011945745,7.3199267536492325
hsp90_3hvd_custcore_molecule_11__3VHC,-12.194700241088867,7.263219057267529,7.25454834981285,7.388925317991459,7.223308618970158,7.190727814438685,7.25858518512449
hsp90_3hvd_custcore_molecule_12,-11.158180236816406,7.3281029398810755,7.3145047561583025,7.3865191312836105,7.259442523452561,7.275893702560061,7.404154585950843
hsp90_3hvd_custcore_molecule_7,-9.497720718383787,7.11949180946131,7.188022549611131,7.118477018237504,7.032292306770038,7.048118339091789,7.210548833596088
hsp90_3hvd_custcore_molecule_17__top_conformer,-12.927749633789062,7.2907177206265485,7.302666877135921,7.341198845112764,7.276819481399363,7.192331473730839,7.340571925753855
Fxa_2ei8_molecule_Edoxaban,-12.59000015258789,6.823852253825436,6.833584222596309,6.791702281014273,6.824885486049199,6.731320475426052,6.937768804041344
Fxa_2ei8_molecule_4d,-11.720000267028809,6.791801808225921,6.797061051637448,6.719831268158301,6.83407520204612,6.697046485153765,6.910995034133969
Fxa_2ei8_molecule_4c,-11.789999961853027,6.791801808225921,6.797061051637448,6.719831268158301,6.83407520204612,6.697046485153765,6.910995034133969
TPSB2_3v7t_molecule_1,-10.460000038146973,6.189244333387673,6.398597927660725,6.373722597621184,6.017498275613942,5.915364184732338,6.241038681310176
TPSB2_3v7t_molecule_2,-9.84000015258789,6.182915892774927,6.428683035477391,6.348309608385985,6.005352234486689,5.923688902905976,6.208545682618597
Bace1_4zsp_molecule_31,-8.350000381469727,5.815769843926617,5.594275173120616,5.926664459759441,5.931705420461028,5.697244625094947,5.928959541197052
Bace1_4zsp_molecule_7,-7.710000038146973,6.012214388319949,5.811906615811379,6.151230936164327,6.118904015359804,5.840856584335801,6.138173789928433
Bace1_4zsp_molecule_6,-7.829999923706055,5.8131161085216885,5.625158916684918,5.925046696476112,5.915056857705456,5.6965461775685995,5.903771894173362
EZH2_5ij7_corehop_molecule_22,-9.6899995803833,7.308409281322248,7.331423088883472,7.267543400846268,7.361520471490345,7.243824259614875,7.3377351857762845
EZH2_5ij7_corehop_molecule_31,-10.270000457763672,6.5994908592822314,6.496997430518069,6.2861379795473376,6.745306769677228,6.818108129185839,6.6509039874826845
EZH2_5ij7_corehop_molecule_29,-10.270000457763672,6.716113120678273,6.579017922577246,6.327937680748427,6.809286089163083,6.974649919410014,6.88967399149259
EZH2_5ij7_corehop_molecule_27,-8.369999885559082,7.26499427825741,7.321403320765312,7.188483556075934,7.3534629878279105,7.200259463098615,7.261362063519277
CHK1_3u9n_corehop_molecule_17,-9.715999603271484,6.982855552744828,6.976140938566458,6.996369772854765,6.912592032521814,6.99883896159021,7.0303360581909
CHK1_3u9n_corehop_molecule_1,-9.699999809265137,6.927618681013553,7.003967624020128,6.934779885122131,6.818905242962125,6.975180769180941,6.905259883782442
CHK1_3u9n_corehop_molecule_21,-9.142000198364258,6.83703113755533,6.912245517074801,6.831379615067878,6.7712822115322755,6.868623493465429,6.801624850636263
CHK1_3u9n_corehop_molecule_20,-9.208000183105469,6.8652240770122415,6.952013098465534,6.868809908990325,6.797903258344723,6.887964422775286,6.819429696485342
CHK1_3u9n_corehop_molecule_19,-8.54800033569336,6.742095303430631,6.790517654479059,6.737855414333872,6.681458014466736,6.715979785497434,6.784665648376055
a2a_hip278_molecule_4g,-11.064042091369627,5.354322518624017,5.084828581804074,5.334510123559523,5.493202927506913,5.388707999066094,5.47036296118348
a2a_hip278_molecule_4h,-10.654767990112305,5.95537846936028,5.6299219395756115,6.224531330165084,5.869967337604109,5.970852057896609,6.081619681559988
a2a_hip278_molecule_4jS,-10.886690139770508,5.890772576179666,5.614067178328775,6.1735584551979805,5.819350262412018,5.849816522774847,5.997070462184707
a2a_hip278_molecule_4kU,-11.541528701782228,5.346790603815128,5.0859043625834115,5.274792242140089,5.429814910602582,5.454745865042375,5.488695638707184
a2a_hip278_molecule_4lD,-11.377819061279297,5.685839384133838,5.374322428233622,5.817327095841774,5.603274997312443,5.7465310551900775,5.887741344091273
a2a_hip278_molecule_4i,-10.313706398010254,6.528744127494193,6.757671622916342,6.480122391845505,6.358345643251979,6.554521813966459,6.49305916549068
a2a_hip278_molecule_4a,-9.41330337524414,5.227870061108339,4.8789609298229015,5.261193689983457,5.429517176853447,5.408006260923064,5.161672247958828
a2a_hip278_molecule_4b_D,-9.959002494812012,5.006279349668263,4.7275722954061665,4.85831513342878,5.050891800007218,5.375038084463622,5.019579435035531
a2a_hip278_molecule_4c,-11.459673881530762,5.113543334820015,4.841687188774756,5.026187798847424,5.180719496643162,5.445778719895691,5.073343469939043
a2a_hip278_molecule_4d,-10.504701614379885,5.423521759669761,5.09454331906351,5.395448863034743,5.540205889795935,5.578858267211509,5.508552459243107
a2a_hip278_molecule_4o,-11.35667324066162,5.306559184978928,4.921023948025416,5.372245159980867,5.50323032464021,5.463783521632858,5.2725129706152885
a2a_hip278_molecule_4f,-11.44603157043457,5.859931149110689,5.4822021741031906,6.090976154094639,5.851873698769581,5.896218841460646,5.978384877125385
a2a_hip278_molecule_4e_D,-12.073585510253906,5.127601104847451,4.799426234348281,4.958355686593355,5.298344922807816,5.42379729517904,5.158081385308763
a2a_hip278_molecule_4m_D,-10.550403594970703,4.961474881873097,4.691932916189649,4.849258993460193,5.039184852192167,5.196979940433951,5.030017707089524
a2a_hip278_molecule_4q,-8.886704444885254,5.170286552266934,4.814630177031989,5.260934943564166,5.4096941557134235,5.229772310393504,5.136401174631586
a2a_hip278_molecule_4n,-11.550395965576172,5.079362718158423,4.836102910158573,5.04375347126378,5.146597638358599,5.275080130520513,5.095279440490653
a2a_hip278_molecule_4r_U,-11.461993217468262,5.749982528424077,5.49412409033751,5.8206344180118785,5.608806593479525,5.983072349207717,5.843275191083754
a2a_hip278_molecule_4o_deprotonated,-11.35667324066162,5.211962142545937,4.869401597800376,5.259798910924291,5.302915943685673,5.423719679300761,5.203974581018581
a2a_hip278_molecule_4eD_deprotonated,-12.073585510253906,5.043673596293206,4.76537160674912,4.878560496002058,5.102368011176282,5.396815481850238,5.07525238568833
a2a_hip278_molecule_4f_deprotonated,-11.44603157043457,5.802901368214192,5.434717822701605,6.010892265622391,5.775975331713368,5.858836758410361,5.934084662623237
ox2_hip_custcore_molecule_set_1__1,-10.978231430053713,7.340467813467302,7.33502409947551,7.36290275204871,7.387060568912901,7.2646676637550724,7.35268398314432
ox2_hip_custcore_molecule_set_1__2,-10.049724578857422,7.014722541927706,6.953009561023704,7.149671634696561,6.989787827004026,6.835690925214668,7.145452761699575
ox2_hip_custcore_molecule_set_1__3,-8.59611988067627,7.258402577244692,7.249300452241665,7.281034409025184,7.172609677309111,7.265590711573593,7.323477636073908
ox2_hip_custcore_molecule_set_1__4,-10.603745460510254,7.1919069722924815,7.194137939872882,7.262168399242919,7.171147289105451,7.010087993305961,7.321993239935193
ox2_hip_custcore_molecule_set_1__5,-10.885735511779783,7.3975799746426745,7.352546932054503,7.412692190579273,7.324736873804408,7.4155004673111335,7.482423409464057
ox2_hip_custcore_molecule_set_1__6,-10.013026237487791,7.288514016329816,7.274354679821384,7.360351636029814,7.320379592123878,7.090327577325356,7.397156596348652
ox2_hip_custcore_molecule_set_1__7,-11.577681541442873,7.4943154862013674,7.453904628007429,7.482736483365301,7.454518398417987,7.553671936624318,7.526745984591796
ox2_hip_custcore_molecule_set_1__8,-10.151361465454102,7.410279605997081,7.426084205881365,7.465588576327859,7.479336902198132,7.234423151868247,7.445965193709806
ox2_hip_custcore_molecule_set_1__9,-8.624086380004883,6.82924645840494,6.916910294379229,6.920873297539066,6.75423339165259,6.683156189370702,6.871059119083109
ox2_hip_custcore_molecule_set_1__10,-10.316571235656738,6.9804176296640374,7.039428254290381,7.069485990396155,6.954631791907643,6.779940268376705,7.0586018433493045
ox2_hip_custcore_molecule_set_1__11,-11.125433921813965,7.419361646901109,7.421929492309934,7.366072820735392,7.442919349332577,7.420422639996486,7.445463932131157
ox2_hip_custcore_molecule_set_1__12,-10.54126262664795,7.3426828245723454,7.298114062694612,7.355014038221546,7.283504468683774,7.3420282718982195,7.434753281363579
ox2_hip_custcore_molecule_set_1__13,-8.972378730773926,7.298504518790201,7.312108976279483,7.337659518756693,7.362888489417671,7.1242343833593464,7.35563122613781
ox2_hip_custcore_molecule_set_1__14,-11.169498443603516,7.145026694913705,7.136769893545026,7.260821460843672,7.134892804284156,6.948347541231089,7.24430177466458
ox2_hip_custcore_molecule_set_1__15,-6.821234703063965,7.329634640056852,7.322542394252833,7.285405236301007,7.3113335188635125,7.370205460930234,7.358686589936677
ox2_hip_custcore_molecule_set_1__16,-10.950536727905272,7.295748277414947,7.276361212240742,7.315047532565866,7.3418452400597705,7.216489779828783,7.328997622379571
ox2_hip_custcore_molecule_set_1__17,-6.883717060089111,6.968386303094493,7.001415316618597,7.05331921773996,6.93837442353598,6.802385255557301,7.046437302020627
ox2_hip_custcore_molecule_set_1__18,-8.276204109191895,7.509312725665268,7.351008041063403,7.581654716424864,7.539689339093213,7.5244987722057575,7.5497127595391
ox2_hip_custcore_molecule_set_1__19,-7.515090465545654,7.278467896903999,7.1904842534190925,7.334727438280248,7.308080276226542,7.168713456024144,7.390334060569967
ox2_hip_custcore_molecule_set_1__20,-10.399927139282228,7.466439084048777,7.379939599265782,7.4404494259674845,7.479738862828904,7.471239197080142,7.5608283351015695
ox2_hip_custcore_molecule_set_1__21,-8.688343048095703,6.858562252393019,6.942646195068842,6.958427624007981,6.75885817215098,6.734139368824248,6.898739901913046
ox2_hip_custcore_molecule_set_1__22,-10.420527458190918,7.103672005575797,7.108461036467181,7.237782063610307,7.063010449979931,6.897329153655179,7.211777324166385
ox2_hip_custcore_molecule_set_1__23,-10.080965995788574,6.994434660172996,6.995995284232019,7.248630028754868,6.883766424903138,6.7945399819847845,7.04924158099017
ox2_hip_custcore_molecule_set_1__24,-10.443309783935549,7.421307797765358,7.362594634450539,7.4282046299439095,7.366736204305415,7.46382081807617,7.4851827020507615
ox2_hip_custcore_molecule_set_1__25,-11.097330093383787,7.461990785543759,7.410572283991256,7.4495752588291495,7.445848820237868,7.487668219156159,7.516289345504361
ox2_hip_custcore_molecule_set_1__26,-11.387232780456545,7.524099249073798,7.448613641188064,7.5158799967486996,7.538958437789058,7.5368980781409265,7.580146091502246
ox2_hip_custcore_molecule_set_1__27,-10.95654010772705,7.134681372088167,7.142747381831769,7.248058159375947,7.095782207569874,6.920127423171121,7.266691688492126
ox2_hip_custcore_molecule_set_2__1,-9.413166999816896,7.173258344504619,7.131535008337203,7.333633054300261,7.140651496069213,6.95498135529475,7.305490808521668
ox2_hip_custcore_molecule_set_2__2,-8.611808776855469,7.361403843357086,7.414650554981177,7.358666527495242,7.360215227295386,7.2435261011577765,7.429960805855848
ox2_hip_custcore_molecule_set_2__3,-9.46992015838623,7.414398320418394,7.413089958662057,7.461325566097686,7.440605709481942,7.240958899040288,7.516011468810001
ox2_hip_custcore_molecule_set_2__4,-9.716166496276855,7.138361191738224,7.083800175764422,7.291606182577812,7.119959970284693,6.914758668497738,7.281680961566451
ox2_hip_custcore_molecule_set_2__5_adjust,-10.85299301147461,7.513188537206491,7.408039267127433,7.4965984466955815,7.5124332790062,7.554360818803503,7.594510874399744
ox2_hip_custcore_molecule_set_2__6,-10.490240097045898,7.156109160289423,7.104998953620582,7.303082042581895,7.130131838888337,6.932990920775938,7.309342045580367
ox2_hip_custcore_molecule_set_2__7,-7.945237636566162,7.390029615515738,7.407804173193073,7.45353116638914,7.418352293315348,7.206283547319405,7.464176897361725
ox2_hip_custcore_molecule_set_2__8,-10.95654010772705,7.208182443036087,7.153610449436373,7.339093753468943,7.177211747856131,7.02281446267264,7.348181801746352
ox2_hip_custcore_molecule_set_2__9,-10.010706901550291,7.3718655233951695,7.377797593819218,7.403371382261846,7.433495945849943,7.204934339481248,7.439728355563589
ox2_hip_custcore_molecule_set_2__10,-6.852475643157959,7.578141099348855,7.474301638645435,7.608703428908116,7.586404771269266,7.653596673389711,7.567698984531752
ox2_hip_custcore_molecule_set_2__11,-9.472103118896484,6.833374766455172,6.81047313381401,7.017055365625052,6.669965535415145,6.678419276468231,6.990960520953425
ox2_hip_custcore_molecule_set_2__12,-9.990925788879396,7.453882243247284,7.402618919726988,7.533169284179849,7.563870646250002,7.208678761494024,7.561073604585552
ox2_hip_custcore_molecule_set_2__13,-10.815340042114258,6.8649704617763545,6.756366245830749,7.048788937658296,6.741750982686957,6.712878512967825,7.065067629737947
ox2_hip_custcore_molecule_set_2__14,-10.7535400390625,7.1204602378928,7.117904470141533,7.269321389189376,7.058342249367645,6.920440401611459,7.2362926791539905
ox2_hip_custcore_molecule_set_2__15,-9.641133308410645,7.516955902329708,7.482383928660354,7.450834316801644,7.490547230648874,7.579923490789212,7.581090544748456
ox2_hip_custcore_molecule_set_2__16,-9.674556732177734,7.59648784382923,7.489519263222788,7.5788113420445065,7.623666086154465,7.68035009057668,7.6100924371477126
ox2_hip_custcore_molecule_set_2__17,-9.98465061187744,7.423911977939833,7.438530978061457,7.471392863177239,7.414135034845039,7.27763874117316,7.517862272442269
ox2_hip_custcore_molecule_set_2__18,-9.408119201660156,7.583214140858611,7.5053254646738,7.589360586895446,7.582799990612525,7.594848573910556,7.643736088200732
ox2_hip_custcore_molecule_set_2__19,-9.02353858947754,6.844026019710656,6.783907733989734,7.018283563972297,6.726692076359077,6.6562900537483864,7.034956670483782
ox2_hip_custcore_molecule_set_2__20,-11.045079231262209,7.369793462399036,7.380167857178123,7.3949786589897375,7.355762930922029,7.172455653844932,7.5456022110603564
ox2_hip_custcore_molecule_set_2__21,-10.565683364868164,7.461078636035532,7.354958838734159,7.477138635006219,7.3212757413642,7.541713646162065,7.610306318911017
ox2_hip_custcore_molecule_set_2__22,-8.531181335449219,7.417325701663825,7.520062638122245,7.411448673216842,7.389932530985089,7.227169119793045,7.538015546201907
ox2_hip_custcore_molecule_set_2__23,-10.52380084991455,7.441851081518493,7.379246498490264,7.460066565874562,7.297878105556673,7.488514213447787,7.583550024223181
ox2_hip_custcore_molecule_set_2__24,-9.534994125366213,7.045356595267148,7.0430940401661974,7.230710109325098,6.934444643200939,6.857372897899688,7.161161285743827
p2y1_meta_sub_molecule_16,-11.216630935668944,5.942671434308045,5.4879835140215425,6.104064054118059,6.20737473932648,6.068385943446416,5.845548920627732
p2y1_meta_sub_molecule_11a,-7.774801731109619,5.087330568536476,4.8060371341484185,5.2633283849338985,5.10546447442804,5.281878552066388,4.979944297105637
p2y1_meta_sub_molecule_6e,-9.403467178344728,5.252846392956914,4.794087948795226,5.43710977776184,5.40369176652791,5.427308844801567,5.202033626898028
p2y1_meta_sub_molecule_11c,-10.20659351348877,5.682550572729182,5.535875842861277,5.7517933698571575,5.806234096634179,5.730009003423867,5.5888405508694365
p2y1_meta_sub_molecule_6b,-9.99706745147705,5.3881542349248885,5.255121695074616,5.50009488563351,5.440643733579728,5.4352872233625344,5.309623636974049
p2y1_meta_sub_molecule_1,-9.720174789428713,5.487140746278558,5.3446724477044345,5.599404661532905,5.558282994716675,5.562008971623945,5.371334655814829
p2y1_meta_sub_molecule_6a,-9.231863975524902,5.200759166064513,4.808958665466419,5.369565661665176,5.3075019733568345,5.332946668201887,5.184822861632245
p2y1_meta_sub_molecule_6f,-9.329582214355469,5.344605285195397,4.883006440757317,5.514651131515883,5.542407462754148,5.517382060893734,5.265579330055899
p2y1_meta_sub_molecule_6h,-9.984593391418455,5.336345037471199,4.988479643541133,5.4678720722896434,5.414869826912567,5.53006904528831,5.28043459932434
p2y1_meta_sub_molecule_6d,-8.4812650680542,5.27708306019949,4.824550383894634,5.4842477665763525,5.456110221881774,5.4064131267720335,5.214093801872659
p2y1_meta_sub_molecule_6i,-10.24363613128662,5.611464814474283,5.342789641790394,5.6942495348048086,5.690150374966864,5.704851143601773,5.625283377207579
p2y1_meta_sub_molecule_6g,-9.769577026367188,5.274883767715586,4.863851700026748,5.4234963286054505,5.379858293555209,5.485321878751476,5.221890637639048
p2y1_meta_sub_molecule_6n,-8.517489433288574,5.351059702238393,4.901216023408877,5.54759103601113,5.53115444898052,5.510977554535587,5.264359448255853
p2y1_meta_sub_molecule_6m,-8.589093208312988,5.557087280381267,5.274540309117316,5.628082113066321,5.648780512532565,5.6691471980951995,5.564886269094934
p2y1_meta_sub_molecule_6p,-9.653029441833496,5.4859703810686,5.377430925147118,5.5867974407798,5.531855313363899,5.550611904722214,5.3831563213299685
p2y1_meta_sub_molecule_6k,-10.303940773010254,5.411727309142881,4.99744227000411,5.581331005834175,5.498531703010107,5.577425535511222,5.40390603135479
p2y1_meta_sub_molecule_6o,-8.446208000183105,5.527265951384699,5.218987047060246,5.692568221991625,5.556495194721247,5.67705094246869,5.491228350681686
p2y1_meta_sub_molecule_6q,-9.238834381103516,5.317538891239719,4.842748400049773,5.506316614425619,5.453806952009295,5.544231563848358,5.240590925865556
p2y1_meta_sub_molecule_6l,-10.474388122558594,5.442153277662102,5.0663602035747735,5.589762581008305,5.573227245112241,5.5810676161195305,5.400348742495665
p2y1_meta_sub_molecule_6j,-8.873682975769043,5.422664495582383,4.949379539176103,5.619528065482819,5.579266046140372,5.573506638547285,5.391642188565335
p2y1_ortho_sub_molecule_16,-11.216630935668944,5.499162006540619,5.106263683881081,5.634961056246249,5.59784662897328,5.681553890300674,5.475184773301813
p2y1_ortho_sub_molecule_11b,-10.565719604492188,5.426633622708744,4.9992344832322795,5.591745492013928,5.59034103169009,5.623623848413628,5.328223258193793
p2y1_ortho_sub_molecule_17,-11.046183586120604,5.528094549614067,5.271688646766057,5.6196253367297615,5.594521599347321,5.714580694509182,5.440056470718013
p2y1_ortho_sub_molecule_14,-9.21816349029541,5.50650694846345,5.241749150506152,5.593001929538617,5.631649740094241,5.679414943319476,5.386718978858767
p2y1_ortho_sub_molecule_11e,-9.704582214355469,5.306695080863295,4.965902379170895,5.458945112449578,5.456699206522908,5.446658821822312,5.205269884350783
p2y1_ortho_sub_molecule_11d,-10.303940773010254,5.431482144452926,5.052434486190233,5.5577340166275215,5.6024902908130585,5.646562644146362,5.298189284487457
p2y1_ortho_sub_molecule_11f,-9.228408813476562,5.2700892216706325,4.926878313043395,5.429083301270405,5.364108629882242,5.465592377171766,5.164783486985356
p2y1_ortho_sub_molecule_18,-11.125299453735352,5.649957062120054,5.51678151697125,5.673918321761527,5.65977828233476,5.822482639940862,5.576824549591874
p2y1_ortho_sub_molecule_12,-11.125299453735352,5.464126926530577,5.211096111413218,5.547467271191226,5.566190916661202,5.657669288469282,5.338211044917954
p2y1_ortho_sub_molecule_11a,-7.774801731109619,5.156001052290474,4.938091098621513,5.381037874971437,5.103138174845799,5.203960885710202,5.153777227303419
p2y1_ortho_sub_molecule_19,-10.635504722595217,5.445292553018676,5.092021067952472,5.540880708676073,5.546540196562406,5.682635279709634,5.364385512192795
p2y1_ortho_sub_molecule_13,-10.5032958984375,5.422869357476438,5.1587350536105525,5.514741248703737,5.517751396904897,5.61829481109829,5.304824277064716
bace_keranen_p2_molecule_29,-9.989999771118164,6.471963322734939,6.555478414557572,6.583319925060108,6.357498243391948,6.4575154538868444,6.406004576778221
bace_keranen_p2_molecule_30,-10.359999656677246,5.88732439952353,5.888639622563366,6.169575215498326,5.905326821253239,5.746658318416042,5.726422019886678
bace_keranen_p2_molecule_31,-10.359999656677246,6.170108016759845,6.232122826352839,6.394131118375145,6.163629857235158,5.970784699622259,6.089871582213825
bace_keranen_p2_molecule_32,-10.359999656677246,6.400405156385139,6.436869484189905,6.596897148184242,6.391693858646461,6.1496978322233105,6.426867458681778
bace_keranen_p2_molecule_33,-10.239999771118164,6.335015833647255,6.459442669030423,6.46578790684107,6.2546169745014994,6.27523371361959,6.21999790424369
bace_keranen_p2_molecule_34,-10.149999618530272,6.787328871396444,6.733002192315764,6.91318978873164,6.880403005007186,6.882254016774915,6.527795354152713
bace_keranen_p2_molecule_35,-9.8100004196167,6.984289884926817,6.8761620971041655,7.012679813870921,7.087507776599102,7.0820399491328,6.863059787927093
bace_keranen_p2_molecule_36_out,-10.359999656677246,6.3475609146749425,6.411199631342102,6.596614265712317,6.314032820340733,6.34397141526492,6.071986440714639
bace_keranen_p2_molecule_37_out,-10.5600004196167,6.316138115067389,6.38355641109843,6.514297425684471,6.263497094627288,6.384614987809345,6.034724656117409
bace_keranen_p2_molecule_39_out,-9.68000030517578,6.4238785875022915,6.46159319968936,6.596266182665904,6.377989320001756,6.389722321458869,6.293821913695567
bace_keranen_p2_molecule_38_out,-10.489999771118164,6.540542891523657,6.576607808520694,6.758991778731432,6.493964647008783,6.537262787129394,6.335887436227985
bace_keranen_p2_molecule_28_out,-10.489999771118164,6.41682334964314,6.55182493017872,6.5697854581239685,6.270497804740121,6.3775430002916815,6.314465554881207
bace_ciordia_retro_molecule_1a,-6.084681987762451,5.43705122428952,5.366314739303533,5.468707796889722,5.295988435012514,5.74584262201365,5.308402528228179
bace_ciordia_retro_molecule_11,-8.703369140625,6.622296322326948,6.627844108743195,6.584194886048938,6.682095136052757,6.64874214651867,6.568605334271173
bace_ciordia_retro_molecule_12,-10.45694637298584,7.078357559545671,7.253378862002375,7.079758771431997,7.079971050646691,7.071394549224132,6.90728456442316
bace_ciordia_retro_molecule_13,-9.64326286315918,7.052962102700986,7.2308735429352815,7.014782247720362,7.040031951795896,6.949919220434876,7.029203550618517
bace_ciordia_retro_molecule_14,-9.8362398147583,6.766954813890749,7.074050608268403,6.782023878630733,6.726423016075632,6.624587080960578,6.627689485518399
bace_ciordia_retro_molecule_15,-7.917439460754394,6.750470302087765,6.796037564994372,6.766630020207115,6.775345142547695,6.715202809347013,6.699135973342634
bace_ciordia_retro_molecule_16,-7.057740211486816,6.778116814839912,7.0600157575218025,6.839257458207692,6.726036934526843,6.636738453668695,6.628535470274529
bace_ciordia_retro_molecule_17,-10.365072250366213,7.392238995655309,7.620177235426947,7.353610389962192,7.234909761467771,7.567025953784057,7.185471637635577
bace_ciordia_retro_molecule_18,-9.900985717773438,7.24691293816615,7.5713272520488415,7.180744507478028,7.039786352432719,7.348625092849379,7.094081486021779
bace_ciordia_retro_molecule_19,-9.910837173461914,7.312027014792771,7.578561461647296,7.218969246172028,7.210417561442995,7.4781618311132,7.074024973588339
bace_ciordia_retro_molecule_20,-10.167583465576172,7.389167339922574,7.623889806967719,7.353358178901172,7.223858483496994,7.54224925198768,7.2024809782593
bace_ciordia_retro_molecule_21,-10.215289115905762,7.459139811562319,7.648660792254133,7.419104828045006,7.400195040751199,7.644577610881499,7.18316078587976
bace_ciordia_retro_molecule_22,-7.606921672821045,6.685383966926795,6.748273587514797,6.735460724237373,6.731917996867229,6.633642094486609,6.5776254315279665
bace_ciordia_retro_molecule_23,-9.818963050842283,6.761340702012002,7.043419208470495,6.79341723579033,6.736789343592469,6.592218890960074,6.6408588312466446
bace_ciordia_retro_molecule_24,-9.785843849182127,7.070188598757676,7.237164378316816,6.99877497496199,7.035216112548512,7.07580983736261,7.003977690598453
bace_ciordia_retro_molecule_25,-8.870043754577637,6.837645700341045,7.0832641304585096,6.85459897482442,6.814897352861926,6.713862498380524,6.721605545179842
bace_ciordia_retro_molecule_26,-10.365072250366213,6.976389630552612,7.095144340716614,6.995443374070995,6.960018632810074,6.94216532178403,6.889176483381343
bace_ciordia_retro_molecule_27,-9.612375259399414,7.035203818346702,7.185065601780061,7.032547964197589,7.026713321672078,6.987306237513774,6.94438596657001
bace_ciordia_retro_molecule_28,-8.997004508972168,6.560218035421653,6.481450273340701,6.520667596358359,6.602005945931803,6.774606235078924,6.422360126398476
bace_ciordia_retro_molecule_29,-8.735666275024414,5.715741094308552,5.699371551037349,5.68201437271005,5.563519150907797,5.931532473835637,5.702267923051923
bace_ciordia_retro_molecule_30,-6.947381496429443,6.357854521011545,6.277020225588536,6.251182933180406,6.330596936374313,6.658920657109434,6.271551852805038
bace_ciordia_retro_molecule_31,-9.533543586730955,6.807307892392636,6.8729065801554245,6.847805404714208,6.80064513565053,6.757802359886825,6.757379981556192
bace_ciordia_retro_molecule_32,-7.721524715423584,6.715773592747096,6.7783931011882,6.659044588067565,6.73858389533741,6.720100429934403,6.682745949207903
bace_ciordia_retro_molecule_33,-7.13992166519165,6.8168304637558155,6.8884818066169755,6.86024234678988,6.8102212946764835,6.756863491546642,6.768343379149093
bace_ciordia_retro_molecule_34,-10.24935531616211,7.1826957608141555,7.3809612224455305,7.286657895728017,7.110971571441742,7.1229079130889765,7.0119802013665105
bace_ciordia_retro_molecule_35,-9.881757736206056,7.191607462116051,7.413467246979241,7.253359579533377,7.091949405412046,7.0919234197309535,7.107337658924638
bace_ciordia_retro_molecule_36,-10.97872543334961,7.076496662968768,7.346617752439551,7.191897276609451,7.029292723367499,6.82641031486077,6.988265247566572
bace_ciordia_retro_molecule_37,-9.450016021728516,7.0476252406216044,7.288033193401176,7.147144345750501,6.968075302758664,6.893634113811866,6.9412392473858135
bace_ciordia_retro_molecule_38,-9.384933471679688,7.150721160146302,7.357666684259008,7.252190874144511,7.073496572842005,7.013452575232557,7.056799094253435
bace_ciordia_retro_molecule_39,-9.360767364501951,6.879267660662275,6.963407850167421,6.984976890717143,6.853380914066477,6.75818756141818,6.836385086942155
bace_ciordia_retro_molecule_40,-8.64596939086914,6.596244943511809,6.651657565952841,6.757712014369664,6.498022965338225,6.553333059017285,6.52049911288103
bace_ciordia_retro_molecule_41,-9.109971046447754,6.7587137329438765,6.890284906668937,6.811896384549133,6.807444159354135,6.617095480679454,6.6668477334677165
bace_ciordia_retro_molecule_30_protonated,-6.947381496429443,6.412554209134202,6.36739596570571,6.288135901680648,6.346991504261519,6.742301083635943,6.31794659038719
bace_p3_arg368_in_molecule_8a,-7.789851188659668,6.7091303191337825,6.857924848094493,7.047830602068186,6.602450597548737,6.535717319152493,6.501728228805001
bace_p3_arg368_in_molecule_8b,-8.512900352478027,6.906697243453664,7.019010922707108,7.2231238717516035,6.795615186443394,6.828663546566125,6.667072689800083
bace_p3_arg368_in_molecule_8c,-8.308263778686523,6.971954344227984,7.055612842442723,7.2449728392747526,6.930985600387376,6.759169385559966,6.869031053475102
bace_p3_arg368_in_molecule_8d,-8.349190711975098,6.84531283821908,6.974710199012064,7.2153272419053405,6.714108372700939,6.673002927410022,6.649415450067035
bace_p3_arg368_in_molecule_8e,-8.417403221130371,7.203596300444732,7.24012543392929,7.377093581603767,7.152774639764481,7.11698837060769,7.130999476318438
bace_p3_arg368_in_molecule_8f,-7.462430953979492,6.929425783251408,6.996965871436264,7.181206288391458,6.914205445953269,6.75273030379049,6.802021006685563
bace_p3_arg368_in_molecule_8g,-10.35463523864746,7.101782700209955,7.106676620827071,7.313205010145146,7.173581678437934,6.874492949767025,7.0409572418726
bace_p3_arg368_in_molecule_17a,-10.94126033782959,7.273596730786908,7.383389652077537,7.427055433042204,7.184629565926518,7.2290577820258575,7.143851220862419
bace_p3_arg368_in_molecule_17b,-11.5824556350708,7.552316297875964,7.711125474962915,7.691432484310996,7.428390200399137,7.602448365244394,7.328184964462378
bace_p3_arg368_in_molecule_17c,-11.74616527557373,7.514683378472066,7.615033978612539,7.625025349366722,7.387062655859599,7.535690526088002,7.4106043824334655
bace_p3_arg368_in_molecule_17d,-11.391462326049805,7.45707165696013,7.529475987009777,7.620861225472532,7.424062147657825,7.3909538122410945,7.3200051124194205
bace_p3_arg368_in_molecule_17e,-11.95080280303955,7.489365435969451,7.592608855445286,7.531850031979979,7.487564112720987,7.417490406617898,7.417313773083105
bace_p3_arg368_in_molecule_17f,-11.637025833129885,7.355849597260752,7.427393413901256,7.4669128596122425,7.282805151731965,7.2928254195651805,7.309311141493114
bace_p3_arg368_in_molecule_17g,-11.118612289428713,7.492239067483337,7.5376503940787245,7.574443803373148,7.465250318823545,7.411233592421186,7.472617228720075
bace_p3_arg368_in_molecule_27a,-9.154098510742188,7.308308834565521,7.426238695458567,7.44719792381519,7.201866605264689,7.243756338957341,7.22248460933182
bace_p3_arg368_in_molecule_27b,-9.972644805908203,7.561508300740881,7.727179084511612,7.700013840567667,7.432692367818786,7.545988427855778,7.401667782950563
bace_p3_arg368_in_molecule_27c,-10.013572692871094,7.504945943703854,7.5381283152750695,7.564334992805997,7.317555972302502,7.54961623617186,7.555094201963833
bace_p3_arg368_in_molecule_27d,-9.276880264282228,7.4783034356243805,7.55575536086196,7.625333966015766,7.4043481003054366,7.401866791344288,7.404212959594453
bace_p3_arg368_in_molecule_27e,-9.358736038208008,7.463790636007002,7.538957340965894,7.454158572699837,7.419615388926458,7.479953394102051,7.426268483340773
bace_p3_arg368_in_molecule_27f,-9.099527359008787,7.385021836208539,7.461246359949849,7.474102340805046,7.281356958862709,7.321937154484481,7.386466366940608
bace_p3_arg368_in_molecule_27g,-12.250936508178713,7.522504987389503,7.5550350492777785,7.590837787564313,7.475832618807561,7.439256943049491,7.551562538248372
bace_ciordia_prospective_molecule_spiro16,-8.180000305175781,7.07795939815599,7.134539191177258,7.005886020887334,6.942985290042418,7.153007747005514,7.153378741667422
bace_ciordia_prospective_molecule_spiro5,-7.760000228881836,6.963786137620926,6.94883856911829,7.073842647469913,6.949977533474452,6.867229503502022,6.979042434539951
bace_ciordia_prospective_molecule_spiro2,-7.03000020980835,6.428970130630506,6.339688590586228,6.680915880911272,6.439254227698417,6.301690911781077,6.383301042175539
bace_ciordia_prospective_molecule_spiro10,-8.5,7.1387544993471606,7.1602566106430885,7.2571175113041235,7.092091611600071,7.150049589833035,7.034257173355485
bace_ciordia_prospective_molecule_spiro3,-8.979999542236328,7.164283317017751,7.31609929957183,7.053260061637826,6.998880348722145,7.211260952600374,7.241915922556579
bace_ciordia_prospective_molecule_spiro6,-9.529999732971191,7.181094222739884,7.203119139997902,7.308025489012889,7.142692968398007,7.2062899940161795,7.045343522274447
bace_ciordia_prospective_molecule_spiro4,-7.619999885559082,6.742343260039425,6.710202098513366,6.779221968303294,6.762097070268887,6.710467366532164,6.749727796579417
bace_ciordia_prospective_molecule_spiro1,-7.519999980926514,6.6692132469509335,6.709550747664617,6.780647633736639,6.641640581847384,6.5429565810574655,6.6712706904485595
bace_ciordia_prospective_molecule_spiro15,-9.050000190734863,7.247959445768975,7.26866033161916,7.209031125712914,7.239055737177741,7.32215963777886,7.200890396556205
renin_customcore_molecule_b1i5k_xray,-11.867584228515623,8.053491282851056,8.26031361569754,8.431056532176926,8.234408817767022,8.300377658867506,7.041299789746286
renin_customcore_molecule_b1i5j,-11.456809043884276,7.977241277936668,8.04517438479107,8.222630288856825,8.035148668876408,8.15112092479575,7.4321321223632815
renin_customcore_molecule_b1i2n,-10.976457595825195,7.577124282097226,7.693120706985126,7.712794815322714,7.486375368519077,7.432590238972519,7.5607402806866935
renin_customcore_molecule_b1i5i,-11.456809043884276,7.878119127709749,7.855491723651032,8.005261585913576,7.8846835217434235,7.921177524201068,7.723981283039652
renin_customcore_molecule_b1i5h,-10.805927276611328,7.570100741814308,7.7316527297174,7.554515156432214,7.535393763078554,7.5274972103994005,7.501444849443972
renin_customcore_molecule_b1i5l,-9.65300178527832,7.542400471575374,7.620946969570993,7.605185256380526,7.477734224032744,7.490395085096546,7.51774082279606
renin_customcore_molecule_b1i5n,-10.243584632873535,7.593634566240854,7.59444553788934,7.6674012332152515,7.604716355128324,7.611304273232325,7.49030543173903
renin_customcore_molecule_b1a2m,-9.60566234588623,6.473801667733099,6.569372534188383,6.116144812805018,6.5060775350595685,6.530284590933649,6.647128865678881
renin_customcore_molecule_b1i2o,-10.565683364868164,7.2964613315646005,7.411982962259705,7.394111876443605,7.015049092141487,7.277192585323884,7.38397014165432
renin_customcore_molecule_b1i5o,-10.03608226776123,7.3369867494557,7.3955190234431445,7.369081820956304,7.257120076780904,7.270032069650624,7.393180756447519
renin_customcore_molecule_b1i4i,-8.79079818725586,6.865196682027458,7.14322018315434,6.8390798312913015,6.742820104348801,6.805625265429839,6.795238025913005
renin_customcore_molecule_b1i4e,-10.188878059387209,7.129152562492993,7.153472691128915,7.37658415882717,7.113158802819965,6.832936741484526,7.169610418204391
renin_customcore_molecule_b1i4g,-8.354374885559082,7.007207633341807,7.019957013872566,7.272156306190702,6.936502335001557,6.770534349741702,7.036888161902508
renin_customcore_molecule_b1i1,-7.394491195678711,6.689393143927764,6.594969317659876,6.418640536149082,6.869343962372091,6.746863755737221,6.817148147720549
renin_customcore_molecule_b1i2a,-8.699529647827148,6.370107493293962,6.349015575516398,6.071358490939169,6.525889296660503,6.419117965137236,6.485156138216502
renin_customcore_molecule_b1i2e,-10.474414825439451,6.635860749447351,6.5427412804972995,6.630168811123516,6.731529105694643,6.581112597475451,6.69375195244585
renin_customcore_molecule_b1i2i,-9.814119338989258,7.058065284918809,7.012850059005808,7.1592491900232735,7.053101671719982,6.893739507488786,7.171385996356194
renin_customcore_molecule_b1i2j,-11.324613571166992,6.994712495650158,7.015468252204904,7.099230146884329,6.994009378591747,6.777578968010057,7.087275732559755
renin_customcore_molecule_b1i5c,-11.867584228515623,7.741094886831116,7.893469231826115,7.816843423151415,7.729535094606423,7.8310039383807455,7.434622746190878
renin_customcore_molecule_b1i5b,-8.007719993591309,6.994655020291103,7.36176319149132,6.9678255217749285,6.826474653536349,6.896450370173468,6.92076136447945
renin_customcore_molecule_b1i2k,-10.63553237915039,7.053473697961492,7.0652251407035385,7.180358910779584,7.059030486487437,6.826857511795681,7.13589644004122
renin_customcore_molecule_b1i2h,-9.823533058166504,6.5492539185617575,6.518326166420759,6.428370420098289,6.707714323834482,6.465428504350469,6.626430178104784
renin_customcore_molecule_b1i2g,-8.338004112243652,6.533530144341549,6.439449904953351,6.496382263044976,6.626353663128631,6.483837149299241,6.621627741281546
renin_customcore_molecule_b1i4b,-8.390936851501465,6.518475551120775,6.486873710691124,6.392027882874572,6.70324016661275,6.434769565694689,6.57546642973074
renin_customcore_molecule_b1i5a,-10.395288467407228,7.372215489975619,7.50415497020519,7.341985868336212,7.284021480982747,7.354170316784221,7.376744813569726
renin_customcore_molecule_b1i2d,-8.413992881774902,6.4724536019757135,6.403466945677537,6.488449697096663,6.524206716047216,6.461946587829248,6.484198063227909
renin_customcore_molecule_b1i4a,-7.235419750213623,6.3077873748815545,6.271010441164466,6.063137804712752,6.415208466603026,6.373135630127046,6.416444531800488
renin_customcore_molecule_b1i5d,-11.216565132141112,7.4647098950360755,7.602567975031284,7.56074140962113,7.484746900950165,7.16367863974267,7.511814549835129
renin_customcore_molecule_b1i2c,-6.883717060089111,6.372438393996413,6.398067904921134,6.3233552067062,6.632497176210725,6.1441279437081535,6.364143738435857
hne_molecule_6,-7.032558917999268,6.687002305388302,6.6300828622008146,6.758127950328916,6.700176714224274,6.802812581736187,6.543811418451318
hne_molecule_14,-10.325488090515137,6.518648500116454,6.582395375459908,6.471202557743174,6.428490692196053,6.522545247542845,6.5886086276402915
hne_molecule_15,-12.27822208404541,6.582291680236525,6.6353550863668,6.495510394404265,6.574103497066113,6.62201579343116,6.584473629914294
hne_molecule_16,-11.838635444641112,6.6153894165513165,6.652402874614558,6.507217524351506,6.603648823050882,6.65934378151809,6.65433407922155
hne_molecule_17,-11.41401481628418,6.56675932687894,6.553409122019852,6.5095394386065975,6.491475307704054,6.6697339527982695,6.609638813265934
hne_molecule_18,-10.75852870941162,6.509130102246468,6.5695244099534875,6.450032309082864,6.4485778316992,6.486675507395416,6.590840453101375
hne_molecule_19,-11.53597927093506,6.49942786486109,6.550198999551182,6.439293403452249,6.446834495042738,6.491878277199132,6.568934149060151
hne_molecule_20,-10.5032958984375,6.8805438675422295,6.938430355212204,6.655625916423536,6.944665822915142,6.9349713977307035,6.929025845429562
hne_molecule_21,-12.27822208404541,6.541372555207502,6.616923959977829,6.469413284867767,6.471474014268087,6.563507864252859,6.585543652670972
hne_molecule_22,-11.36131477355957,6.413003770415483,6.472114369195543,6.378229286389049,6.364327908492676,6.41382262144934,6.43652466655081
hne_molecule_23,-10.371087074279783,6.424642897513057,6.469993937481277,6.3799338421187555,6.377902421533281,6.459589351527138,6.435794934904833
hne_molecule_25,-11.999752044677734,6.42005329394874,6.483404226383301,6.366677137729578,6.373688119837454,6.429711811339759,6.446785174453606
hne_molecule_26,-12.580878257751465,6.513774244323957,6.543627333415996,6.4814337732289795,6.44801982994063,6.479241881270561,6.616548403763623
hne_molecule_27,-14.488014221191406,6.497938961323749,6.554218707356337,6.449401617367832,6.403756954206772,6.4860240534604685,6.596293474227338
hne_molecule_28,-12.643302917480469,6.471455242204416,6.547083529744097,6.449410883376089,6.398614914295766,6.469507972732645,6.4926589108734865
hne_molecule_29,-13.897701263427734,6.474345201143741,6.566281680798668,6.426077330776119,6.399229969033785,6.472372517909414,6.5077645072007195
hne_molecule_30,-13.099580764770508,6.483372892870134,6.579758577163335,6.412239796226873,6.445850574272053,6.473622001949351,6.505393514739064
hne_molecule_21_neutral,-12.27822208404541,6.540216252421303,6.615213247587493,6.470339225511996,6.469099680547694,6.5614935196662625,6.584935588793064
hne_molecule_19_neutral,-11.53597927093506,6.49942786486109,6.550198999551182,6.439293403452249,6.446834495042738,6.491878277199132,6.568934149060151
hne_molecule_16_neutral,-11.838635444641112,6.6153894165513165,6.652402874614558,6.507217524351506,6.603648823050882,6.65934378151809,6.65433407922155
hfaah_molecule_6MRG_ligand,-10.287250518798828,7.184477387186627,7.244209503624754,7.254161761877748,7.246459384618746,7.190737385933029,6.9868188998788545
hfaah_molecule_fig_3,-10.59958553314209,6.429322864247257,6.413172705058096,6.44107685051959,6.5962249817710665,6.431860955193509,6.264278828694028
hfaah_molecule_2,-8.665205001831055,6.253262345969714,6.164931730921338,6.308566102020022,6.437174712266575,6.200263358923047,6.1553758257175835
hfaah_molecule_4,-11.324654579162598,6.372737206473531,6.314535487279543,6.392501061598366,6.531461248234297,6.360264057963531,6.264924177291916
hfaah_molecule_6,-10.420489311218262,6.3430323770190356,6.277517002563764,6.351017488630951,6.540215785420095,6.320680990941157,6.225730617539215
hfaah_molecule_9,-10.565720558166504,6.54318046282228,6.505025960584262,6.572869037043988,6.696708690030923,6.462979909435746,6.478318717016478
hfaah_molecule_11,-12.122775077819824,6.461501481705983,6.361426150767345,6.508475518865704,6.667912858372079,6.306194092917015,6.463498787607769
hfaah_molecule_12,-11.046184539794922,6.3720446700230875,6.311378123221679,6.386756819319056,6.574516183519765,6.361170903213236,6.226401320841702
hfaah_molecule_15,-8.590265274047852,6.387558395801177,6.300557185939108,6.458894848455348,6.550424860396016,6.246016912511474,6.381898171703939
hfaah_molecule_14,-7.842516899108887,6.29699577496112,6.209958537187507,6.317027095661247,6.514248007696454,6.240000310347828,6.203744923912561
hfaah_molecule_19,-7.972322940826416,6.279064892701846,6.158833870346866,6.391105315645441,6.423353911458007,6.210942353018603,6.2110890130403105
hfaah_molecule_20,-6.821234703063965,6.520225272773432,6.52713145341761,6.572846741472435,6.606082764019153,6.540246027555328,6.354819377402633
hfaah_molecule_22,-9.97237777709961,6.983808286548468,7.15997930900296,7.010583267794793,6.9916979796987775,6.880140393372584,6.876640482873224
hfaah_molecule_23,-10.67374324798584,6.898106402047891,6.996703272745776,6.930083466826668,6.909694934391417,6.844700960430879,6.809349375844718
hfaah_molecule_24,-11.627310752868652,7.013652814864102,7.0792931454177195,7.05444741872668,7.092627881417574,6.770633248219651,7.071262380538883
hfaah_molecule_25,-12.03799057006836,7.172732982894317,7.337766148326479,7.242886868610891,7.243015291990154,6.880220894217761,7.159775711326301
hfaah_molecule_26,-10.67374324798584,7.1326109440231376,7.295195435726218,7.185690466250537,7.162301855789243,6.898788874657099,7.121078087692586
hfaah_molecule_27,-11.187724113464355,6.962897006081721,7.035634669678261,7.018544601018579,6.969730421930337,6.814477978491978,6.976097359289449
hfaah_molecule_28,-11.589073181152344,7.063936974077268,7.1667445276632815,7.03768960555979,7.042727620619946,7.046911465509134,7.0256116510341915
hfaah_molecule_29,-10.805952072143556,6.911027314576502,7.03098575823773,6.909679857960121,6.894476695484834,6.892649048627604,6.827345212572224
hfaah_molecule_30,-9.903937339782717,6.92212851060556,7.023460269517172,6.916154268959706,6.962933593757426,6.8373935524041904,6.8707008683893065
hfaah_molecule_31,-11.290130615234377,6.928763466312736,7.042755033530311,6.917621053838183,6.94513149601134,6.8669389981978615,6.871370749985982
hfaah_molecule_33__Saha_2018_,-9.73618984222412,7.110051957920971,7.199350984237225,7.033028651365123,7.091463699889823,7.133078131542974,7.0933383225697115
hfaah_molecule_39,-10.71462059020996,7.184315693396118,7.262730044078123,7.083843832071525,7.196602301604987,7.142997279207444,7.235405010018512
hiv_prot_ekegren_molecule_1,-11.759520530700684,6.780214744653081,6.636418400263649,6.811385983290782,6.884225410449951,6.7722788787913695,6.796765050469657
hiv_prot_ekegren_molecule_9,-10.5032958984375,6.809248313799634,6.660407976673295,6.82103231808295,6.923280643618918,6.785500776243349,6.856019854379656
hiv_prot_ekegren_molecule_10,-10.805952072143556,7.051019926695767,6.85842250034511,7.080342680867612,7.138167849262353,7.145664121512025,7.032502481491729
hiv_prot_ekegren_molecule_11__2cen_,-11.324654579162598,6.94322021102267,6.796760591220291,6.983208164106593,7.044977993513756,6.935114979216444,6.95603932705627
hiv_prot_ekegren_molecule_12,-11.268184661865234,7.01098388681587,6.808534071313535,7.020329626700234,7.115817340000034,7.106033951426688,7.004204444638856
hiv_prot_ekegren_molecule_13,-10.857505798339844,6.83274173728695,6.6613044073781165,6.8526805664316255,6.9683062750516775,6.813407373653412,6.868010063919919
hiv_prot_ekegren_molecule_14,-10.67374324798584,6.826082780967266,6.679454493396031,6.851987800188537,6.9304888486830105,6.802203350960527,6.866279411608226
hiv_prot_ekegren_molecule_15,-10.976399421691896,6.878838398393509,6.729441072052257,6.909758144900393,7.005744647424607,6.837899397293322,6.911348730296966
hiv_prot_ekegren_molecule_16,-11.061184883117676,6.825633682596454,6.68102990446406,6.851987800188537,6.928656335755361,6.8048139871718725,6.861680385402439
hiv_prot_ekegren_molecule_17,-11.48725414276123,7.471223394489603,7.224137470100302,7.404062499701368,7.58166030420463,7.551691536439775,7.594565162001939
hiv_prot_ekegren_molecule_18,-11.838635444641112,7.138436210560103,6.9928282866076055,7.1405475955462325,7.22843887233315,7.2493343020737955,7.081031996239728
hiv_prot_ekegren_molecule_19,-10.857505798339844,6.839677502485992,6.6834753024745615,6.853037952712716,6.957526930251671,6.800324870498157,6.904022456492857
hiv_prot_ekegren_molecule_20,-11.53597927093506,6.843604850563902,6.675074015282173,6.850371352782773,6.951465014415102,6.834626063071984,6.906487807267479
cdk8_koehler_molecule_12,-9.83295726776123,7.504455347196554,7.509357328298623,7.66125215874725,7.337984338159826,7.5064815539732335,7.507201356803837
cdk8_koehler_molecule_13,-11.19720458984375,7.661437423243908,7.699591159648739,7.762211812400629,7.557495216424627,7.533092318950889,7.754796608794653
cdk8_koehler_molecule_14,-11.031554222106934,7.80384867934674,7.911768847198607,7.935742830942295,7.361527981636289,7.881459687293616,7.928744049662896
cdk8_koehler_molecule_15,-9.720175743103027,7.454829200904532,7.446729356881399,7.553576756857237,7.311881815513528,7.5251533959338195,7.436804679336683
cdk8_koehler_molecule_16,-10.635504722595217,7.746165821188744,7.813512196786852,7.852014797029254,7.404647343108131,7.801172033184732,7.859482735834755
cdk8_koehler_molecule_17,-10.395273208618164,7.413792079875077,7.534547879723621,7.344764053447393,7.410230822376015,7.41805842126011,7.361359222568245
cdk8_koehler_molecule_19,-10.224825859069824,7.576839937780645,7.602084579221282,7.713848380217039,7.38748009237147,7.57707825018077,7.603708386912666
cdk8_koehler_molecule_20,-10.28314971923828,7.559129030925524,7.566445684016517,7.682119755841902,7.401512149933951,7.544318188150269,7.60124937668498
cdk8_koehler_molecule_21,-9.862342834472656,7.31472971479594,7.415649640757221,7.260126564115384,7.293592046918396,7.3021474282793815,7.302132893909316
cdk8_koehler_molecule_22,-11.290130615234377,7.878603770750852,8.024420677427338,8.024436449465863,7.3463841125558424,7.955556490534487,8.042221123770723
galectin3_extra_molecule_18a,-6.327748299,4.743114350370837,4.527361609456991,4.651278150557865,4.809076552492356,4.801320611034949,4.926534828312023
galectin3_extra_molecule_18b,-7.460412979,4.739817693576957,4.523721134190739,4.651220169083075,4.812030833166912,4.765832337835662,4.946283993608396
galectin3_extra_molecule_18d,-6.764764786,4.749453631958467,4.543994516395597,4.668651700606207,4.820179700061218,4.772923981306293,4.9415182614230195
galectin3_extra_molecule_18e,-6.472980022,4.824243051576754,4.596604617563467,4.790957597680325,4.952079844097418,4.799839956379406,4.981733242163154
galectin3_extra_molecule_18f,-5.532726765,4.891467721090646,4.644533902975743,4.851736848221861,5.161666535180224,4.797946095631701,5.001455223443703
galectin3_extra_molecule_18g,-6.472980022,5.291432255155852,5.1646276836054295,5.514643552676407,5.254344318061346,5.329705536852668,5.193840184583416
galectin3_extra_molecule_18h,-5.999876022,5.009885326846463,4.8652077885887275,5.021487955434126,5.040021532147434,5.021867671430896,5.100841686631137
galectin3_extra_molecule_18i,-4.806076527,6.394783685595341,6.157511731617669,6.136830183659893,6.651153157089452,6.586792692322558,6.441630663287127
galectin3_extra_molecule_17m,-4.104710579,5.698067659223999,5.602260537057951,5.544557259621655,5.886833001379998,5.818835598012167,5.637851900048224
galectin3_extra_molecule_17q,-4.9898386,4.705991964052094,4.487506104111914,4.679082798307155,4.81015031141346,4.6904579122858925,4.862762694142051
galectin3_extra_molecule_17r,-4.749606609,4.7154153625956905,4.520934697179243,4.696297506060955,4.779269267374953,4.707374934732896,4.873200407630404
galectin3_extra_molecule_17n,-4.914099216,4.537542679998912,4.333436781937587,4.4724260808818075,4.6268968423436885,4.509897524386446,4.745056170445024
galectin3_extra_molecule_17p,-5.046308517,4.732245259213199,4.397189954788479,4.631726753794549,4.831662956682471,4.865372996288545,4.935273634511948
galectin3_extra_molecule_17o,-5.1087327,4.728250074230528,4.418920289865678,4.659712360733773,4.837758086377209,4.829325914381983,4.895533719793994
galectin3_extra_molecule_17f,-6.581002712,4.60281712924017,4.4023027575877505,4.533324636877476,4.710839138888113,4.50622857859166,4.8613905342558486
galectin3_extra_molecule_17e,-6.896974087,4.591268796837543,4.3996398769410385,4.512454772604175,4.651554750140798,4.488214172185797,4.9044804123159045
galectin3_extra_molecule_17g,-7.208675861,4.60752728428161,4.436198262073008,4.620955503280751,4.621420336854941,4.457354670771678,4.901707648427671
galectin3_extra_molecule_17a,-5.532726765,4.667526045365951,4.457189020191095,4.661298205648061,4.733081455566602,4.689002032816737,4.797059512607259
galectin3_extra_molecule_17j,-6.440945625,4.641982095106556,4.418012988042888,4.5730607415187805,4.749371443960081,4.603557999157119,4.8659073028539135
galectin3_extra_molecule_17l,-5.943406105,4.648317917115153,4.432569728034065,4.578594528563246,4.7634534070588845,4.604603521193417,4.862368400726154
galectin3_extra_molecule_17c,-6.354085445,4.620873006410055,4.406712788458497,4.562084852282427,4.733976063785112,4.545376717605344,4.856214609918897
galectin3_extra_molecule_17k,-6.621879578,4.601336223262411,4.40827259154726,4.563347051095646,4.6518087786964,4.5107661437733535,4.872486551199397
galectin3_extra_molecule_17b,-5.506390095,4.6463480040622285,4.4003293499048635,4.5912449749898165,4.764322367613168,4.593779711790324,4.88206361601297
galectin3_extra_molecule_17h_flip,-6.327748299,4.652514276764115,4.415454991737747,4.633369811225942,4.76262635896574,4.578183929143985,4.872936292747162
galectin3_extra_molecule_17i,-5.943406105,4.63281787398073,4.4019838800923266,4.560516496947938,4.7265567033513705,4.60689326988232,4.868139019629695
galectin3_extra_molecule_17d,-6.150896072,4.6492725829728885,4.4283331408790465,4.599228943357827,4.76180040742212,4.577022511982954,4.879977911222493
btk_extra_flip_molecule_2,-7.687934875488281,5.21120225552202,5.319980140105119,5.236218004070946,4.967777068282915,5.252114573958576,5.27992149119254
btk_extra_flip_molecule_7,-9.084606170654297,5.673564897330911,6.040383695700187,5.324707856312514,5.4145516151687385,5.654238225509575,5.9339430939635385
btk_extra_flip_molecule_8,-9.606385231018066,6.8161226904887595,6.8052112600625865,6.763204902362001,6.647666291799466,6.614273434013068,7.250257564206678
btk_extra_flip_molecule_9_flip,-8.33090591430664,5.49702168718701,5.1634047426080825,5.501792445314825,5.287793901908563,5.452192761373675,6.079924584729904
btk_extra_flip_molecule_10,-10.870059967041016,5.787442468159419,5.451147421981908,5.956177850664139,5.526964817446826,5.789988598082859,6.212933652621368
btk_extra_flip_molecule_11,-11.524829864501951,7.180561023671632,7.31443098322239,7.063192709136536,7.116437066919465,6.62442254847507,7.7843218106046965
cr_bace1_molecule_4,0.4099999964237213,6.880774483749216,6.771115601994698,6.998850209506163,6.963588781445684,7.018106912043101,6.652210913756435
cr_bace1_molecule_1,-0.9900000095367432,6.90688350904127,6.85439890401773,7.012425392179844,7.0098195317075325,7.014502064741219,6.643271652560024
cr_bace1_molecule_3,-0.8899999856948853,6.604935197323262,6.652056633313611,6.464978538009882,6.785659481919592,6.570890626596368,6.551090706776857
cr_bace1_molecule_7,0.9100000262260436,7.295336776778724,7.365933638406071,7.280585861171901,7.374667863024834,7.153193934259858,7.302302587030954
cr_bace1_molecule_9R,0.7099999785423279,7.048468608484988,6.984233209760239,7.128795399711869,6.947989427932557,7.077330637384347,7.1039943676359325
cr_bace1_molecule_5,0.9100000262260436,6.732231261996532,6.761176042903874,6.56269426230349,6.853904077265981,6.721461873998902,6.761920053510414
cr_bace1_molecule_10,-0.2899999916553497,7.06580968468312,7.08726546762331,7.169573901338345,6.988808821204757,6.933329181180212,7.150071052068972
cr_bace1_molecule_6,-1.7899999618530271,7.161315557039073,7.070303436192324,7.190957139952294,7.211096886443241,7.278594192992626,7.055626129614879
cr_bace1_molecule_2,-0.1899999976158142,6.562426896378857,6.616182298200383,6.427936983786257,6.717841770575509,6.552863191924749,6.497310237407385
cr_bace1_molecule_9S,1.809999942779541,7.056198111938,6.975903751789466,7.116402545844868,6.9790052434847745,7.13588478368144,7.073794234889458
cr_bace1_molecule_8,-0.5899999737739563,6.971791136075336,7.017952203016269,7.048829536740155,6.951879050606118,6.79778013986938,7.0425147501447585
hc_bace1_molecule_22256_26_0_ligand,-6.960000038146973,7.1230494765513495,7.165892490375451,7.130903241549014,7.117344492746532,7.019192478322761,7.181914679762991
hc_bace1_molecule_22250_20_0_ligand,-8.109999656677246,7.133103201150426,7.116957283166948,7.144317101837734,7.184839841777974,7.144347882964226,7.075053896005254
hc_bace1_molecule_22251_21_0_ligand,-9.40999984741211,7.128218892457165,7.094385824570432,7.131879465010252,7.198058666208768,7.118661645593164,7.098108860903204
hc_bace1_molecule_19677_19_0_ligand,-9.829999923706056,7.127956135747202,7.146120482554429,7.129857748808731,7.160530622907519,7.0657059355386025,7.137565888926727
hc_bace1_molecule_22254_24_0_ligand,-9.470000267028809,7.187672069466227,7.234203938756751,7.254050328234524,7.144648868189291,7.149423996215612,7.156033215934954
hc_bace1_molecule_22252_22_0_ligand,-10.010000228881836,7.020816015247737,7.03636376858042,7.041688290678371,7.0109914234542945,7.094489486783692,6.920547106741906
hc_bace1_molecule_22253_23_0_ligand,-8.75,7.106969851185305,7.056687507482743,7.137598300965712,7.1178397337578145,7.17712151310871,7.045602200611544
fxa_yoshikawa_set_molecule_5f,-11.570840835571287,6.92007072446251,6.948162977351736,6.817926124254833,6.879673472573862,6.912361713315931,7.0422293348161915
fxa_yoshikawa_set_molecule_5g,-10.17173194885254,6.8887844825594415,6.936255401664784,6.7618667601106575,6.89085792031851,6.893085701960927,6.961856628742331
fxa_yoshikawa_set_molecule_5e,-8.26799201965332,6.911598600303892,6.942410924734511,6.811460860938951,6.82904854613118,6.913393473559705,7.06167919615511
fxa_yoshikawa_set_molecule_5i,-10.805952072143556,6.898011660515938,6.908038810500523,6.767663244353809,6.898730018641619,6.870618937958966,7.045007291124771
fxa_yoshikawa_set_molecule_5b,-7.364122867584228,6.898753930151971,6.958067612534071,6.779476000312069,6.824116863182124,6.904480889528876,7.02762828520271
fxa_yoshikawa_set_molecule_5h,-12.7782621383667,6.9057340103460065,6.903735925830483,6.7564389297948475,6.909551494661834,6.887265263041418,7.07167843840145
fxa_yoshikawa_set_molecule_5a,-11.24702262878418,6.869568439935243,6.937597206936728,6.735922760085108,6.812053849639719,6.876367125817387,6.985901257197271
fxa_yoshikawa_set_molecule_5k,-11.336624145507812,6.918036920384293,6.917953450944676,6.747699713663206,6.923279715462292,6.9405454322936775,7.060706289557613
fxa_yoshikawa_set_molecule_5d,-11.44223403930664,6.905844344476494,6.95007197545164,6.793253257614462,6.8453874176277445,6.903774412848965,7.036734658839657
fxa_yoshikawa_set_molecule_5c,-11.627310752868652,6.880518703249142,6.936413617111256,6.766991523395723,6.7982280433486615,6.898014784129299,7.002945548260769
fxa_yoshikawa_set_molecule_8e,-11.169207572937012,6.883864787215039,6.8594267610088195,6.769595546152036,6.883237491286527,6.878299361648735,7.028764775979076
fxa_yoshikawa_set_molecule_8b,-8.129011154174805,6.857032618363074,6.872248561693844,6.701751699375257,6.8923542679165095,6.831330260057531,6.987478302772226
fxa_yoshikawa_set_molecule_8d,-7.691995143890381,6.880192987346746,6.8785177981716386,6.729864409521512,6.856678586640551,6.876112764694174,7.059791377705856
fxa_yoshikawa_set_molecule_8c,-7.805192470550537,6.839023110614656,6.8647026579332024,6.692540390674092,6.881102733962986,6.825984574948831,6.930785195554165
fxa_yoshikawa_set_molecule_8g,-9.903937339782717,6.900240835238958,6.883116658157708,6.795808170185692,6.8835306182057625,6.89740541266102,7.041343316984608
fxa_yoshikawa_set_molecule_A_cor,-11.784735679626465,6.89328620239299,6.909942837737457,6.759367931977588,6.892206823913354,6.856783501107252,7.0481299172293
fxa_yoshikawa_set_molecule_8f,-9.769577980041504,6.876693802770411,6.924935209365092,6.806161926424211,6.88146529039783,6.880237911134718,6.890668676530206
fxa_yoshikawa_set_molecule_8a,-9.441705703735352,6.919177394917578,6.918050217732834,6.806541264168067,6.965800179497381,6.913077184396375,6.9924181287932345
fxa_yoshikawa_set_molecule_8h,-12.078866958618164,6.955191191736676,6.936345467632731,6.8860071386558905,6.951405517911652,6.877041944609066,7.125155889874043
fxa_yoshikawa_set_molecule_8i,-9.97237777709961,6.9285347716435,6.941468834602101,6.831669574035522,6.927082144354348,6.8486990824405884,7.093754222784936
fxa_yoshikawa_set_molecule_8j,-11.53597927093506,6.937615735850754,6.930101618436295,6.832343861765798,6.952720719526208,6.872237380179604,7.100675099345861
fxa_yoshikawa_set_molecule_8k,-11.348840713500977,6.8845032037908185,6.89403666721411,6.752706288426791,6.897403750321056,6.838931332385965,7.039437980606167
fxa_yoshikawa_set_molecule_8l,-11.24702262878418,6.8922031127810754,6.9437693634599285,6.752107533814626,6.855408880898131,6.855649995876823,7.054079789855864
fxa_yoshikawa_set_molecule_8m,-11.838635444641112,6.894629416648063,6.881480830531789,6.744163384184602,6.9175115080166085,6.8812641609356735,7.048727199571639
fxa_yoshikawa_set_molecule_8n,-10.138808250427246,6.928476874256889,6.9238011831167885,6.780607774941954,6.959973387745042,6.880966158281447,7.097035867199209
fxa_yoshikawa_set_molecule_8o,-10.67374324798584,6.937753335890856,6.908331878280922,6.820390747045837,6.97308804830781,6.871941179777412,7.115014826042299
fxa_yoshikawa_set_molecule_8p,-11.589073181152344,6.867667971976893,6.858666344892043,6.692824324058148,6.9130432560379305,6.847195604739967,7.0266103301563785
cr_bace2_molecule_22,1.2599999904632568,6.742355918941529,6.724266766265399,6.495308209765566,6.850333890066971,6.81672562189826,6.825145106711444
cr_bace2_molecule_16,-0.3400000035762787,7.0115491284278715,7.262716523178173,6.6931661765846915,6.92679436866209,7.199900422680656,6.975168151033747
cr_bace2_molecule_11,-1.2400000095367432,6.737947785072798,6.749301998036246,6.5517089555232975,6.846967363628323,6.810813132364964,6.730947475811159
cr_bace2_molecule_21,1.4600000381469729,6.827231722620955,6.98423930338171,6.5944496848921235,6.821633078296247,6.9186093605482295,6.817227185986469
cr_bace2_molecule_24,3.1600000858306885,6.723428495608862,6.912935525799092,6.534079948979434,6.642862854307368,6.812658127307741,6.714606021650673
cr_bace2_molecule_12,-0.5400000214576721,6.924183202989427,7.189489760242725,6.596371813509311,6.84606463083899,7.076793787243096,6.912196023113014
cr_bace2_molecule_20,-0.9399999976158142,6.820274341329773,6.993261968198597,6.546540234790946,6.811896489412028,6.931680123307302,6.81799289093999
cr_bace2_molecule_19,-1.1399999856948853,6.919257790067837,7.066526777470921,6.631632557226587,6.92162419303856,7.057927429927275,6.918577992675843
cr_bace2_molecule_13,-1.2400000095367432,6.737625370041298,6.7878763005767455,6.5388479178583605,6.888487135035585,6.7539928450850955,6.718922651650698
cr_bace2_molecule_23,1.3600000143051147,6.957719133151341,6.9187659173249525,6.9833582621935335,6.962484058369559,7.141052679405951,6.782934748462701
cr_bace2_molecule_15,-0.7400000095367432,6.981288577832023,7.2575044405062386,6.659497304044468,6.91132083974629,7.138715800930711,6.939404503932406
cr_bace2_molecule_14,-1.0399999618530271,6.767137530831739,6.8049692387845235,6.615888761075161,6.8986940229734675,6.767879105261326,6.74825652606422
fxa_set3_molecule_20814_6,-10.529999732971191,6.161816993263069,6.242786071153838,6.257525149929645,6.135810384527719,6.157107370687848,6.0158559900162984
fxa_set3_molecule_20539_10,-11.18000030517578,6.249491909116111,6.335516938203627,6.360546180522207,6.284498161183757,6.216208173412176,6.050690092258782
fxa_set3_molecule_20820_11,-10.829999923706056,6.252229315010753,6.331693770679718,6.376776048146602,6.273739984780632,6.226255769292601,6.0526810021542135
fxa_set3_molecule_20819_8,-11.18000030517578,6.153086887550855,6.201652388305071,6.24276388856291,6.137634343640812,6.170016476734276,6.013367340511206
fxa_set6_molecule_21083,-6.530872344970703,6.701474401845864,6.858247912835113,6.619568517963947,6.719545485436267,6.743842317434034,6.566167775559963
fxa_set6_molecule_21084,-7.469595909118652,6.76373927983448,6.895926179668274,6.66117270024104,6.749924590352203,6.716275846128614,6.795397082782268
fxa_set6_molecule_21085,-8.053603172302246,6.702375794536641,6.87098036211882,6.533828352162646,6.701791821584784,6.6858673722053625,6.719411064611592
fxa_set6_molecule_21086,-11.29120922088623,6.783945865682784,6.899363742908459,6.675156117128705,6.788976023270713,6.744817124744069,6.811416320361979
fxa_set6_molecule_20524_2j95_cys,-11.423027992248535,6.7636345140153455,6.905418887196726,6.624429299760576,6.7387189637234925,6.731582894195831,6.8180225252001
fxa_set6_molecule_21087,-11.832493782043455,6.782526766362648,6.902853904866513,6.675488666487452,6.789220575250679,6.730370843186362,6.81469984202223
fxa_set5_molecule_20705_cys,-10.90999984741211,6.510857241381871,6.502689893108817,6.629906918816291,6.4048861769927115,6.401254299707651,6.6155489182838805
fxa_set5_molecule_21331,-10.770000457763672,6.495223548605699,6.535125476324716,6.5798066100491175,6.4163173476502715,6.376130516925707,6.568737792078689
hc_bace2_molecule_37_0_ligand,-6.789999961853027,7.08417639552615,7.062323536962934,7.051400571058662,7.139057018633889,7.064541738451823,7.103559112523444
hc_bace2_molecule_35_0_ligand,-7.960000038146973,7.122177933735935,7.135372554070113,7.068138520836338,7.143968875902378,7.1124152449746765,7.150994472896172
hc_bace2_molecule_39_0_ligand,-8.970000267028809,7.1382015360450355,7.16647096919516,7.086594942449722,7.151085999013756,7.12414307678398,7.162712692782562
hc_bace2_molecule_34_0_ligand,-8.0,7.081395635173609,7.075592698170621,7.037854663647668,7.138846023906814,7.062661757541768,7.092023032601177
hc_bace2_molecule_40_0_ligand,-8.0,7.099810337798919,7.091964030627203,7.055857421070546,7.193566406556131,7.058396600022718,7.099267230718002
hc_bace2_molecule_30_0_ligand,-8.1899995803833,7.083838631646541,7.049402583758342,7.054498991888695,7.1362351539237014,7.069312435244528,7.109743993417446
hc_bace2_molecule_33_0_ligand,-8.270000457763672,7.167498727999771,7.17575476932726,7.130443419220192,7.199002828138644,7.137281066508406,7.195011556804352
hc_bace2_molecule_41_0_ligand,-8.149999618530273,7.11781925765564,7.143485315668068,7.054490896115059,7.151716193003267,7.096845096227279,7.142558787264524
hc_bace2_molecule_42_0_ligand,-8.319999694824219,7.072913046287612,7.090499867821496,7.007405827636379,7.129788148813282,7.045213271393046,7.091658115773851
hc_bace2_molecule_44_0_ligand,-8.359999656677246,7.0466326527479435,7.048294426933712,7.014111781417699,7.104595968919495,6.996491275650355,7.069669810818463
fxa_set4_molecule_1s,-9.579999923706056,6.81731519473623,6.965113027905003,6.7033346718440106,6.7733388792371505,6.809237167802084,6.835552226892901
fxa_set4_molecule_21080_1j,-9.229999542236328,6.875338169303061,6.992638217637166,6.807720418832379,6.8315654807854775,6.804048077741347,6.940718651518935
fxa_set4_molecule_21030_1o,-8.899999618530273,6.802879270885441,6.98776190638815,6.6752039277524275,6.748109836430309,6.78251360385785,6.820807079998469
fxa_set4_molecule_21028_1r,-9.449999809265137,6.857043252378189,7.000419636727215,6.7571242969901855,6.802972650695008,6.825614816729857,6.899084860748678
fxa_set4_molecule_21027_1q,-7.309999942779541,6.915554172357814,7.021963033590333,6.833370763367709,7.007369659970515,6.8389132330478075,6.876154171812703
fxa_set4_molecule_1t,-9.199999809265137,6.8163749923245565,6.956247515133262,6.701813008444015,6.784411847685226,6.795151039542696,6.844251550817584
fxa_set4_molecule_16352_1e,-10.630000114440918,6.90238140759516,7.003162678132828,6.796562543073388,7.010068379450089,6.832628090218765,6.869485347100734
fxa_set4_molecule_21081_1k,-7.53000020980835,6.856827400177113,6.988864986291137,6.799982664036401,6.807839429128318,6.771875408045102,6.915574513384611
fxa_set4_molecule_21031_1p,-8.300000190734863,6.804924581383881,6.988941982394511,6.690241539586745,6.799963081443805,6.768728015487451,6.776748288006896
fxa_set4_molecule_16353_1d,-9.960000038146973,6.839477984327317,6.972836403401611,6.750571710920072,6.7773533968358315,6.778454717079553,6.918173693399518
fxa_set4_molecule_21082_1l,-7.389999866485596,6.9177190265921125,7.028816281996704,6.831134689827491,7.012056855530988,6.826766227946704,6.889821077658675
chk1_set2_molecule_17374_cys,-12.49643898010254,7.807417166080453,7.416037219225462,7.965969681872958,7.804132607358697,8.05483894260036,7.79610737934479
chk1_set2_molecule_17509,-11.380305290222168,7.61258951416027,7.280971911862791,7.575069036916265,7.761356267970088,7.762218948699256,7.683331405352949
chk1_set3_molecule_23882,-10.881742477416992,7.690168195810439,7.759699083846566,7.464703184123512,7.723751289245062,7.7463987307264235,7.756288691110636
chk1_set3_molecule_23703_cys,-11.092443466186523,7.729266247972798,7.76591941580789,7.496911895392253,7.813404011991048,7.799277855226531,7.770818061446268
chk1_set3_molecule_23864,-11.423027992248535,7.672587822319295,7.631652814462892,7.482134577031405,7.765818289588471,7.764195340642923,7.719138089870782
chk1_set3_molecule_23863,-11.183505058288574,7.659232671385764,7.608469000584984,7.479686539348819,7.7489905467163895,7.757004023620575,7.702013246658056
chk1_set7_molecule_19997,-10.774039268493652,8.098022562772119,8.161520483000928,8.097955043372842,8.09313357712273,8.056116775649935,8.081386934714164
chk1_set7_molecule_19998,-8.94359302520752,8.096459925778067,8.16594773842836,8.093597274822613,8.096970319682509,8.048637485395334,8.077146810561514
chk1_set7_molecule_19934_cys,-10.726755142211914,8.096459925778067,8.16594773842836,8.093597274822613,8.096970319682509,8.048637485395334,8.077146810561514
chk1_set6_molecule_23708_cys,-9.6899995803833,6.961546671511196,7.005305916044148,6.967895765079964,6.870227689552718,7.0161012093882915,6.948202777490861
chk1_set6_molecule_13,-6.420000076293945,7.19495197309741,7.177766569762394,7.25729329386007,7.152058738356306,7.174163709842738,7.213477553665545
chk1_set6_molecule_15,-7.510000228881836,6.843481941923679,6.893835173217887,6.930756094407673,6.818877821770861,6.795365828022244,6.77857479219973
chk1_set4_molecule_23704_cys,-11.29120922088623,7.681634083889665,7.904538990451615,7.690105553236387,7.576638599777381,7.557164111660207,7.679723164322734
chk1_set4_molecule_23873,-10.825439453125,7.609966127952878,7.810378896382076,7.640529777206436,7.495634661618208,7.518674407910112,7.584612896647558
chk1_set5_molecule_20315,-10.94398307800293,8.138159464062184,7.81651067898409,8.237278071300745,8.17840626052425,8.128417424856123,8.330184884645709
chk1_set5_molecule_19939_cys,-11.592971801757812,7.995671057779011,7.940499625822916,8.031608409665187,8.039891242554202,7.820615774985045,8.145740235867706
chk1_set5_molecule_19940,-12.241960525512695,8.171765926916702,7.81040039706501,8.27771497389887,8.218575072196142,8.183278230822504,8.36886096060099
pb_bace3_molecule_22316,-7.876320838928223,6.964020147031737,6.878143007937857,6.8724952104291965,6.8778131604547825,7.276261905756927,6.9153874505799235
pb_bace3_molecule_22320,-7.502553939819336,7.116536638338554,7.110758199960859,7.129338582053035,7.003918645673742,7.288614351826861,7.050053412178273
pb_bace3_molecule_22319,-6.840160369873047,7.147419860093261,7.138848879331118,7.171985239191529,7.019303331783199,7.308846364172532,7.098115485987929
pb_bace3_molecule_19678_cys,-8.607325553894043,6.9687614089116705,6.883198672304435,6.828245353317637,6.915411918923453,7.324946095186502,6.892005004826329
chk1_set1_molecule_19967,-10.534516334533691,7.517707184442142,7.512173814938002,7.558491095319436,7.57704934143423,7.391866910804868,7.548954759714178
chk1_set1_molecule_17353_cys,-11.092443466186523,7.490962559903769,7.513662423939668,7.486407449563232,7.596756045843751,7.435988039923681,7.421998840248518
chk1_set1_molecule_19971,-10.340457916259766,7.549205559351039,7.565956649416159,7.566739326543415,7.64178474940609,7.560834190124665,7.410712881264862
pfkfb3_automap_molecule_43,-7.997664928436279,6.687943034134011,6.505649588734326,6.838026089645394,6.661366293137503,6.80146787648945,6.63320532266338
pfkfb3_automap_molecule_30_flip_b,-9.198190689086914,7.222229463083091,7.123564278596231,7.162973290822106,7.339857980158402,7.235645026339891,7.249106739498829
pfkfb3_automap_molecule_65,-9.487896919250488,7.475021275496057,7.47852809286891,7.387407589685476,7.565275189334503,7.456529950532739,7.4873655550586555
pfkfb3_automap_molecule_49,-7.934291839599609,6.636630557227244,6.5107463975014,6.768332544429979,6.570153155984003,6.753419702183609,6.5805009860372286
pfkfb3_automap_molecule_24,-8.869909286499023,7.167427670503587,7.141618538868012,7.067382880369701,7.268393588928173,7.189536448379787,7.1702068959722585
pfkfb3_automap_molecule_67,-10.24363613128662,7.250992616228959,7.067919396872095,7.299415958892157,7.272696021940221,7.262417676794502,7.352514026645814
pfkfb3_automap_molecule_62_flip,-7.691737651824951,7.4120869355929075,7.281747676389227,7.40487824283625,7.536978479331452,7.442883279090355,7.393947000317251
pfkfb3_automap_molecule_56,-10.565720558166504,7.496173625272135,7.372091068371248,7.529306097937017,7.594323645487423,7.528972751878155,7.456174562686839
pfkfb3_automap_molecule_59,-8.1151704788208,7.482687136160831,7.526215283848708,7.452135426670708,7.497804639186283,7.429293254819288,7.507987076279165
pfkfb3_automap_molecule_38,-8.758760452270508,6.907196809764142,6.735441650778268,7.029499240152016,6.853238757683597,7.13887399002713,6.778930410179694
pfkfb3_automap_molecule_31,-9.282472610473633,7.30417643096929,7.229458384334823,7.225644794703498,7.446924639940258,7.336962508693376,7.281891827174494
pfkfb3_automap_molecule_48,-8.006359100341797,6.859419554315141,6.730830275616234,6.947700042167664,6.7857943667428575,7.078554108307431,6.7542189787415206
pfkfb3_automap_molecule_58,-9.133153915405272,7.525431889992454,7.5555567373343875,7.4919791355008725,7.533995084811991,7.529599983768864,7.516028508546152
pfkfb3_automap_molecule_41,-7.387692451477051,6.7520865578713565,6.607546769965792,6.880097630080289,6.749281038093525,6.866460220943381,6.657047130273795
pfkfb3_automap_molecule_29,-9.646018028259276,7.27953311856201,7.290913925398448,7.218993313009996,7.343160315774808,7.2814724082947695,7.263125630332024
pfkfb3_automap_molecule_54,-8.179586410522461,7.439264528952056,7.37122228181243,7.414685570667405,7.518597366294514,7.537636662612515,7.354180763373415
pfkfb3_automap_molecule_47,-8.333451271057129,6.912662456757616,6.770936521563046,7.016833363381078,6.872089243246587,7.101111278186421,6.802341877410945
pfkfb3_automap_molecule_26,-9.169439315795898,7.286432100506341,7.346730607308768,7.174658620163826,7.341535242510063,7.299525629444351,7.2697104031046935
pfkfb3_automap_molecule_55,-10.635504722595217,7.501701045215784,7.392259954751273,7.529084724650419,7.581271289549934,7.526620890613945,7.479268366513344
pfkfb3_automap_molecule_20,-8.51645278930664,6.850134972465797,6.730335387887678,6.954268497221639,6.811045472581614,7.034829676629697,6.72019582800836
pfkfb3_automap_molecule_57,-10.474388122558594,7.360880383987459,7.3252417426623,7.313006466787015,7.472259910939522,7.374428730769955,7.319465068778499
pfkfb3_automap_molecule_42,-8.466802597045898,6.840723341079584,6.720118629351333,6.935302669690947,6.787540996823627,7.009301103727271,6.751353305804739
pfkfb3_automap_molecule_35,-10.138808250427246,7.372518807223441,7.298736357067535,7.31843995113376,7.446468658802146,7.410512871391026,7.388436197722739
pfkfb3_automap_molecule_44,-9.948675155639648,6.681717242246194,6.515525367177275,6.843223351148252,6.646265677361933,6.793765702208412,6.609806113335096
pfkfb3_automap_molecule_63,-8.561636924743652,7.429565059353266,7.342433359151385,7.396928726440868,7.497935788212414,7.4297203838761225,7.480807039085537
pfkfb3_automap_molecule_69,-10.71462059020996,7.473443390744093,7.378158370752114,7.477513282531756,7.5255459244481875,7.479480579679929,7.506518796308476
pfkfb3_automap_molecule_52,-10.395273208618164,7.42246814863243,7.412361526670933,7.3559552726822135,7.483195341744462,7.442743639814644,7.4180849622499
pfkfb3_automap_molecule_19,-7.550787448883057,6.990934163799698,6.993048793569815,6.888550482364197,7.042589390641034,7.064947315814435,6.965534836609008
pfkfb3_automap_molecule_68,-9.778227806091309,7.266936207671994,7.013068563836526,7.364317508223793,7.311434875547904,7.29257704834645,7.353283042405292
pfkfb3_automap_molecule_33,-8.606922149658203,7.278487152454732,7.195936874336123,7.180228855573169,7.394525871219449,7.320140622274267,7.301603538870647
pfkfb3_automap_molecule_70,-10.30394172668457,7.453572946309531,7.369046453525231,7.453511765538513,7.506037004825519,7.468079852824933,7.47118965483346
pfkfb3_automap_molecule_53,-6.997636318206787,7.3954230629022915,7.401678502751931,7.343420997249654,7.451507299761092,7.396603925897715,7.383904588851069
pfkfb3_automap_molecule_64,-9.42227840423584,7.555969057949781,7.671386358639437,7.384732780756413,7.618347335139134,7.564565466604354,7.540813348609567
pfkfb3_automap_molecule_39,-7.197502136230469,6.612955610215151,6.480126143200164,6.752375821828317,6.5567629751269285,6.707806798014551,6.567706312905792
pfkfb3_automap_molecule_37,-9.99706745147705,7.5625204012251235,7.644467309236869,7.589116850364528,7.59391070464541,7.510192434069031,7.474914707809779
pfkfb3_automap_molecule_23,-7.914463996887207,7.151875618909211,7.1501146618787415,7.082327641928464,7.168132681232626,7.284825691173579,7.073977418332643
pfkfb3_automap_molecule_60_adjust,-8.143735885620117,7.721927912087895,7.6767456750205625,7.620440916438297,7.746297629418568,7.768301435395347,7.797853904166704
pfkfb3_automap_molecule_34,-9.97237777709961,7.414802404413832,7.444226729039423,7.277889236555424,7.4592909283014,7.486845105123951,7.40576002304896
pfkfb3_automap_molecule_36,-7.440536022186279,7.2429140489015875,7.211990722690285,7.257358615268305,7.327445689906932,7.236898846119486,7.180876370522928
pfkfb3_automap_molecule_46,-7.859359264373779,7.150534900371165,6.965204011295515,7.203863312544352,7.182052164879185,7.1884690227003425,7.213085990436431
shp2_molecule_SHP099-1_Example_7,-9.75264835357666,6.571800039209606,6.628276001092756,6.574148933089807,6.439861142684407,6.601133635576169,6.61558048360489
shp2_molecule_Example_22,-9.238834381103516,6.420448011809725,6.499894426894399,6.473337902813056,6.356148428355685,6.472036918378016,6.300822382607469
shp2_molecule_Example_29,-7.622783184051514,6.404321832606743,6.337845319040118,6.4270500483193125,6.344320512225949,6.421780299075599,6.490612984372735
shp2_molecule_11,-6.354085445404053,6.685349498424749,6.749285017569312,6.659708052212335,6.6304162203289465,6.627248999477669,6.760089202535485
shp2_molecule_4,-5.822068691253662,6.177092644622364,6.57062178923961,6.179838199022265,6.2496171557778615,5.965057446281925,5.920328632790164
shp2_molecule_Example_2,-8.27622127532959,6.492014108064171,6.612382569432249,6.5285320719379465,6.4131234525604865,6.5252191601551335,6.380813286235041
shp2_molecule_Example_14,-9.778227806091309,6.449200778686652,6.476389655494964,6.432344888520362,6.581306113213825,6.331477624891412,6.424485611312699
shp2_molecule_Example_26,-8.959051132202148,6.5608134250181305,6.584296727149779,6.529976128534608,6.6150237343155505,6.605846438036431,6.468924097054291
shp2_molecule_SHP836-2,-6.713211536407471,6.15778839702743,6.578897796595688,6.150074247922284,6.211531117324703,5.9396166904551,5.908822132839374
shp2_molecule_Example_6,-9.06926441192627,6.453869181102609,6.566393109245045,6.479226693428319,6.413240641145533,6.55024563297588,6.260239828718273
shp2_molecule_Example_1,-8.988177299499512,6.487725107754905,6.613248501129082,6.537646479133336,6.398580278594145,6.552429080060536,6.336721199857423
shp2_molecule_3,-5.462942123413086,6.261772413693277,6.580553566222809,6.322375015554236,6.401898502699677,6.056737468355935,5.947297515633729
shp2_molecule_Example_9,-8.794095039367676,6.5177416499848535,6.530086868245995,6.47045578034317,6.602456625782183,6.413254386393906,6.572454589159018
shp2_molecule_Example_8,-9.71232795715332,6.606105357328191,6.648220867906495,6.582590134415382,6.566800817510482,6.610893527578925,6.622021439229667
shp2_molecule_7,-7.076467037200928,6.480699616471294,6.7512403666238425,6.509218972099683,6.276473923025306,6.504641561268034,6.361923259339605
shp2_molecule_Example_24,-9.07721710205078,6.442991251667694,6.504653000532323,6.474028074371025,6.431673125956266,6.468769148745339,6.335832908733514
shp2_molecule_Example_28,-8.457352638244629,6.610349055030973,6.697674394599383,6.633914344499988,6.472801680852977,6.603636411463551,6.643718443738966
shp2_molecule_10,-7.1542816162109375,6.584362567125163,6.615675222303737,6.624236071307787,6.480351007978674,6.60051911144265,6.601031422592971
shp2_molecule_Example_25,-8.869909286499023,6.594356933494834,6.666339183882176,6.636197265450355,6.416307207088246,6.835907996098877,6.417033014954511
shp2_molecule_Example_27,-8.51852798461914,6.248583299616175,6.596660550192882,6.201977723098735,6.246462696260425,5.98358538724536,6.214230141283475
shp2_molecule_6,-8.030035018920898,6.39092795087916,6.50500523345639,6.413040107461981,6.463903072901485,6.349343948088037,6.223347392487905
shp2_molecule_Example_30,-9.157095909118652,6.457983994000119,6.538813231384737,6.521798944140832,6.3609142700288475,6.537302036490175,6.331091487956002
shp2_molecule_Example_5,-7.5630927085876465,6.557527951938447,6.70990450234932,6.59431622105728,6.477728784116782,6.5767413494198115,6.428948902749036
shp2_molecule_Example_4,-8.201089859008789,6.4319177476659135,6.480699927512135,6.479199221253971,6.346447508061068,6.49479241651549,6.358449664986901
shp2_molecule_Example_23,-8.740339279174805,6.43190530794499,6.52059005397427,6.471584145873662,6.382957272012638,6.496800364969084,6.287594702895301
shp2_molecule_Example_3,-8.215871810913086,6.443981833355778,6.500138136840926,6.490318617007899,6.407699031859808,6.5001074483116525,6.321645932758607
cmet_molecule_CHEMBL3402753_200,-9.139049530029297,7.337915211205778,7.483583844750978,7.1030561046422145,7.189749226878535,7.475260284453545,7.437926595303621
cmet_molecule_CHEMBL3402747_3400,-7.460412979125977,7.609361308767037,7.752607673096337,7.361865402241786,7.409858644530471,7.7995465888356,7.722928235130987
cmet_molecule_CHEMBL3402744_300,-8.89881706237793,6.625539018821679,6.679428710977395,6.522170736133126,6.537556946610706,6.812061897475716,6.5764768029114515
cmet_molecule_CHEMBL3402745_200,-9.139049530029297,6.714480251129343,6.7484629910927625,6.591032608434367,6.6577091891026905,6.9003391838360875,6.67485728318081
cmet_molecule_CHEMBL3402750_400,-8.72836971282959,7.446311333932243,7.628129116439064,7.161612237319256,7.279793138289979,7.588230441708705,7.573791735904212
cmet_molecule_CHEMBL3402743_42,-10.063709259033203,6.768170144250341,6.746417190123856,6.669293307700771,6.801001666904711,6.9022223979968595,6.721916158525508
cmet_molecule_CHEMBL3402752_30000,-6.170323371887207,7.507077498195845,7.646359284561633,7.232173410640609,7.369592179105559,7.67720583714948,7.610056779521946
cmet_molecule_CHEMBL3402755_4200,-7.33521556854248,7.677337383128252,7.788526207599186,7.46266481518691,7.533638074922988,7.836843106306289,7.765014711625889
cmet_molecule_CHEMBL3402749_500,-8.596160888671875,7.394969044487487,7.55293557153006,7.128275598954011,7.206025442730924,7.529573524633209,7.558035084589239
cmet_molecule_CHEMBL3402765_11-charged-pKa-8.1,-10.857505798339844,6.962246731628994,6.980308424468322,6.972749607367864,6.947548035856252,7.030487259264463,6.880140331188076
cmet_molecule_CHEMBL3402742_23,-10.420489311218262,6.915127466650628,6.926427811316938,6.888464646674583,7.052149989659076,6.893710270860253,6.8148846147422875
cmet_molecule_CHEMBL3402754_40,-10.09261703491211,7.503955121529029,7.639826778335018,7.268179664714984,7.3756700770205486,7.639358182501972,7.596740905072624
cmet_molecule_CHEMBL3402748_5300,-7.197390079498291,7.384728008742229,7.503777532490849,7.121973685613486,7.203393423051949,7.5749231998860145,7.519572202668846
cmet_molecule_CHEMBL3402741_400,-8.72836971282959,6.911703099108147,6.853989366744944,6.886406045720961,7.185186711190425,6.835759089757639,6.797174282126762
cmet_molecule_CHEMBL3402763_90,-9.612153053283691,7.071197833605588,7.046318954487563,7.111216741693255,7.154634397370165,7.042121905386626,7.001697169090333
cmet_molecule_CHEMBL3402764_90,-9.612153053283691,6.6536377618734805,6.669055300835446,6.541817973144909,6.702692563814307,6.73074430675415,6.623878664818593
cmet_molecule_CHEMBL3402751_2100,-7.745894908905029,7.470732637908736,7.614373805102634,7.184810585159921,7.316466475240343,7.674154724772978,7.563857599267801
cmet_molecule_CHEMBL3402756_2.7_redocked,-11.689735412597656,7.505194388865201,7.637621730648699,7.2927103374996705,7.328038501036362,7.645240699025184,7.6223606761160845
cmet_molecule_CHEMBL3402762_1_redocked,-12.27822208404541,7.704367131062104,7.658937227920668,7.831583071020717,7.522598532935853,7.767469620090498,7.741247203342781
cmet_molecule_CHEMBL3402760_1_redocked,-12.27822208404541,7.4137684983629315,7.556934867306685,7.228768178793119,7.19705891661904,7.6181063989837625,7.467974130112048
cmet_molecule_CHEMBL3402757_6.5_redocked,-11.169207572937012,7.422685880176983,7.560983817073282,7.237954772991795,7.2207698023067595,7.6233147482115164,7.470406260301567
cmet_molecule_CHEMBL3402761_1_redocked,-12.27822208404541,7.535832361247694,7.48596223143238,7.603249813918469,7.427665291593517,7.624173804113465,7.5381106651806356
cmet_molecule_CHEMBL3402758_10_redocked,-10.91397476196289,7.6603545740662655,7.69747055954706,7.516679947680664,7.603412402642812,7.858676549134856,7.625533411325931
cmet_molecule_CHEMBL3402759_5.7_redocked,-11.24702262878418,7.488884712430651,7.734249004875738,7.319982142367254,7.291023730641172,7.707027453459769,7.392141230809317
eg5_extraprotomers_molecule_CHEMBL1078774,-10.662470817565918,7.072833668992883,7.0502634070702035,7.209330062919096,7.0479077671492325,7.0126434130730235,7.044023694752857
eg5_extraprotomers_molecule_CHEMBL1093087,-10.59618091583252,6.228876623572413,6.442130225704323,6.207378890746942,6.176887602389834,6.2995011315758624,6.018485267445105
eg5_extraprotomers_molecule_CHEMBL1082249,-11.283177375793455,6.811460893699871,6.898238595955546,6.785457095470984,6.812712137583122,6.8096362535184864,6.7512603859712135
eg5_extraprotomers_molecule_CHEMBL1089393,-8.429832458496094,6.085548958509905,6.17580153905193,6.197090684216307,6.108302512384361,6.143125645335903,5.803424411561022
eg5_extraprotomers_molecule_CHEMBL1078691,-10.24935531616211,6.988130573041313,6.9761696593265095,7.125863367041351,6.976223938257946,6.961119980088329,6.901275920492428
eg5_extraprotomers_molecule_CHEMBL1086409,-9.931042671203612,6.613122144864443,6.7148750941765645,6.629785510055083,6.5807676784122755,6.64127004944316,6.498912392235127
eg5_extraprotomers_molecule_CHEMBL1082248,-11.696293830871582,6.69560697092078,6.721400255947022,6.629025850408378,6.711881834200805,6.713178621444101,6.7025482926035895
eg5_extraprotomers_molecule_CHEMBL1084678,-11.191304206848145,6.3449613983275714,6.372810157567671,6.235785465871397,6.298885895289333,6.539690204327938,6.277635268581517
eg5_extraprotomers_molecule_CHEMBL1084115,-9.497721672058104,6.527001480243615,6.515551120699998,6.670637329611104,6.453284810009824,6.658215289242573,6.337318851654575
eg5_extraprotomers_molecule_CHEMBL1084431,-9.863131523132324,6.520085187301066,6.650826295948167,6.385828457278295,6.59605638162457,6.652995135888022,6.314719665766279
eg5_extraprotomers_molecule_CHEMBL1085895,-10.921920776367188,6.283190892549032,6.361679057477115,6.308038802392257,6.2287218960553705,6.356956979434903,6.160557727385517
eg5_extraprotomers_molecule_CHEMBL1084677,-11.524834632873535,6.276906213537746,6.332997056889061,6.2368848203647795,6.275398853840149,6.468722647244215,6.070527689350523
eg5_extraprotomers_molecule_CHEMBL1077227,-11.391841888427734,6.55461768400869,6.599014911220597,6.621634757037856,6.420389058801609,6.763514470985586,6.368535221997803
eg5_extraprotomers_molecule_CHEMBL1086410,-11.524834632873535,6.536569249559517,6.582758866748869,6.594811132450291,6.424306560975024,6.722297677509294,6.358672010114107
eg5_extraprotomers_molecule_CHEMBL1083517,-11.524834632873535,6.608325638743905,6.706497759121344,6.660359603432396,6.574417035610171,6.619616216310119,6.480737579245495
eg5_extraprotomers_molecule_CHEMBL1096003,-11.93795108795166,7.135147189637911,7.339101920204102,7.060745511881279,7.077372592322223,7.1695527514013815,7.028963172380571
eg5_extraprotomers_molecule_CHEMBL1077204,-11.111719131469728,6.347826892573702,6.414574974325654,6.404021095388285,6.251219534583453,6.501420850629324,6.16789800794179
eg5_extraprotomers_molecule_CHEMBL1083836,-10.921920776367188,6.438345873459982,6.400805714692357,6.543819827230759,6.371856751469584,6.529085650908557,6.346161422998649
eg5_extraprotomers_molecule_CHEMBL1085666,-10.5656099319458,6.030746931765748,6.145146175803441,6.00611655187243,6.043102818113628,6.140620644730119,5.8187484683091215
eg5_extraprotomers_molecule_CHEMBL1085692,-11.391841888427734,6.824289489590562,6.864345391020703,6.83979310515684,6.804941393646571,6.808233415943973,6.804134142184723
eg5_extraprotomers_molecule_CHEMBL1084143,-11.93795108795166,6.651273971092645,6.715720592737813,6.676599645699444,6.588051722312544,6.754031908414196,6.521965986299234
eg5_extraprotomers_molecule_CHEMBL1096002,-11.191304206848145,6.772819552094852,6.812063630386135,6.740376500913211,6.827745107111773,6.738551180722594,6.745361341340546
eg5_extraprotomers_molecule_CHEMBL1089056,-9.497721672058104,6.586501286238293,6.566633865491651,6.69948489179154,6.545773616780522,6.766004242699739,6.354609814428012
eg5_extraprotomers_molecule_CHEMBL1093088,-11.283177375793455,6.155023783227039,6.2864724199306945,6.151721728303756,6.121733843108246,6.192295945620827,6.0228949791716655
eg5_extraprotomers_molecule_CHEMBL1084676,-10.778188705444336,6.282237994681339,6.361475017720019,6.3248809382679125,6.146063553145875,6.489692247592723,6.089078216680167
eg5_extraprotomers_molecule_CHEMBL1084935,-10.59618091583252,6.6406445145327835,6.674100254707886,6.684821136346781,6.538393076806522,6.77444545447067,6.531462650332058
eg5_extraprotomers_molecule_CHEMBL1078998,-10.432616233825684,6.540001732730621,6.515921825406264,6.685861794400422,6.468810835688429,6.686769356382315,6.342644851775674
eg5_extraprotomers_molecule_CHEMBL1088740,-8.75107479095459,6.266474630016681,6.2502240185947695,6.41648288513801,6.247037516695128,6.4284699489726895,5.990158780682804
eg5_extraprotomers_molecule_CHEMBL1084143_1,-11.93795108795166,6.682597483299579,6.757200556941516,6.666311803750004,6.655116673026802,6.785014430374718,6.549343952404858
eg5_extraprotomers_molecule_CHEMBL1096003_1,-11.93795108795166,6.860621100105713,6.860643204608689,6.871515281947297,6.876023354175556,6.868960410765838,6.82596324903119
eg5_extraprotomers_molecule_CHEMBL1096002_1,-11.191304206848145,6.618223015007902,6.764057849150405,6.5440056781928835,6.6475325670660075,6.646515385348997,6.489003595281216
eg5_extraprotomers_molecule_CHEMBL1084676_1,-10.778188705444336,6.310011352152932,6.4210730944317085,6.332442771761415,6.223730946413408,6.513566019236466,6.0592439289216635
eg5_extraprotomers_molecule_CHEMBL1084677_1,-11.524834632873535,6.371110453215726,6.41303757036867,6.385920555858751,6.341140495828119,6.572464457357289,6.142989186665801
eg5_extraprotomers_molecule_CHEMBL1084935_1,-10.59618091583252,6.586698511975965,6.603905806594097,6.650351306843686,6.519504799396324,6.770810538846307,6.388920108199408
syk_4puz_fullmap_molecule_CHEMBL3265014,-10.40023136138916,7.4515091396409945,7.552911192553228,7.35243381925549,7.302831069350886,7.538960821058551,7.510408795986817
syk_4puz_fullmap_molecule_CHEMBL3265036,-10.417919158935549,7.651005526582331,7.618147741931017,7.827785809423865,7.621487125610944,7.695924157144992,7.491682798800839
syk_4puz_fullmap_molecule_CHEMBL3265020,-11.003335952758787,7.465342115417346,7.495071095324257,7.258398225668548,7.49310056903007,7.480661610009685,7.59947907705417
syk_4puz_fullmap_molecule_CHEMBL3265023,-10.477216720581056,7.592144202432431,7.612112659063499,7.42361457928412,7.529317455511517,7.730286493581944,7.665389824721075
syk_4puz_fullmap_molecule_CHEMBL3265033,-11.838635444641112,7.672869715646385,7.655857282974435,7.825489727627509,7.615190894026293,7.737834499605689,7.529976173998003
syk_4puz_fullmap_molecule_CHEMBL3265027,-10.329894065856934,7.249896774621729,7.285443050307531,7.142427338664757,7.271739616131855,7.238708501697579,7.311165366306924
syk_4puz_fullmap_molecule_CHEMBL3265028,-11.010265350341797,7.496114126841389,7.512537787964308,7.336255325703196,7.51029640066179,7.550174886014818,7.571306233862835
syk_4puz_fullmap_molecule_CHEMBL3265032,-11.068829536437988,7.677254902903128,7.638580421671691,7.868564139734955,7.633688407923603,7.707673171502989,7.537768373682405
syk_4puz_fullmap_molecule_CHEMBL3265031,-12.078866958618164,7.676427377212666,7.6182102214885505,7.867463476572724,7.63379252783756,7.708589962015109,7.554080698149383
syk_4puz_fullmap_molecule_CHEMBL3265037,-12.764640808105469,7.752059436422323,7.781733778183759,7.924006019268394,7.721284702380492,7.757427925508659,7.575844756770305
syk_4puz_fullmap_molecule_CHEMBL3265026,-11.36131477355957,7.583931425381668,7.622617703274832,7.762788518104402,7.636566707307805,7.639742108063656,7.257942090157641
syk_4puz_fullmap_molecule_CHEMBL3265012,-10.546293258666992,7.4389299062211,7.556055096847183,7.297005592652557,7.324972955442143,7.535747689011048,7.480868197152568
syk_4puz_fullmap_molecule_CHEMBL3265029,-11.125299453735352,7.434494158257399,7.44746361090643,7.30094804854862,7.435882830427423,7.481669431193031,7.506506870211493
syk_4puz_fullmap_molecule_CHEMBL3265035,-11.07657527923584,7.44160853248623,7.407479924024832,7.336802471916317,7.46676773279226,7.516114513382461,7.48087802031528
syk_4puz_fullmap_molecule_CHEMBL3265024,-11.784735679626465,7.659830457191805,7.733217901109281,7.821946279842599,7.696658218910856,7.716945817968446,7.330384068127841
syk_4puz_fullmap_molecule_CHEMBL3265018,-11.187724113464355,7.581235489350367,7.599929776611152,7.350068416396349,7.549045295296336,7.704455515322751,7.702678443125244
syk_4puz_fullmap_molecule_CHEMBL3265008,-9.784358024597168,7.484512890755719,7.5955762976242225,7.330960991190156,7.373215553802612,7.586664391623965,7.536147219537638
syk_4puz_fullmap_molecule_CHEMBL3265016,-11.689735412597656,7.469862902720216,7.486587701435885,7.251974952945691,7.4870623937452265,7.501950352881234,7.621739112593044
syk_4puz_fullmap_molecule_CHEMBL3265025_flip,-10.199455261230469,7.642576801681149,7.7319570915029905,7.825453765255757,7.655465184340838,7.716514861135713,7.283493106170448
syk_4puz_fullmap_molecule_CHEMBL3265013,-9.81322193145752,7.466844990727454,7.576082736119942,7.320056812497024,7.359614419949216,7.562469925260145,7.516001059810941
syk_4puz_fullmap_molecule_CHEMBL3259820,-10.575678825378418,7.478125093135864,7.614375774788948,7.275477292637963,7.376926343336684,7.6170212560385515,7.506824798877172
syk_4puz_fullmap_molecule_CHEMBL3265006,-9.95804214477539,7.622463018062952,7.7188171599719535,7.443106634192798,7.597794216396611,7.659268031852779,7.6933290479006144
syk_4puz_fullmap_molecule_CHEMBL3265030_n,-11.471863746643066,7.672165587001619,7.604746994080949,7.869193508608692,7.609116153866155,7.679340115787813,7.598431162664489
syk_4puz_fullmap_molecule_CHEMBL3265022,-10.791322708129885,7.54126623617658,7.5891123896295465,7.4009040754037585,7.448021803478916,7.670333322159255,7.59795959021142
syk_4puz_fullmap_molecule_CHEMBL3265019,-10.777045249938965,7.54499697020812,7.5850525751012885,7.389923351952859,7.548958716653052,7.642583617109671,7.55846659022373
syk_4puz_fullmap_molecule_CHEMBL3265009,-10.297627449035645,7.490349180205605,7.578818471821408,7.353987359474086,7.383320240693902,7.593699907853613,7.5419199211850225
syk_4puz_fullmap_molecule_CHEMBL3265021,-10.890737533569336,7.5753754264952295,7.6003665943436545,7.373407889026129,7.582384134241285,7.649173622188402,7.671544892676672
syk_4puz_fullmap_molecule_CHEMBL3265005,-10.323298454284668,7.485313558812324,7.60283899126455,7.278714035641008,7.409703650168919,7.597778487520956,7.537532629466187
syk_4puz_fullmap_molecule_CHEMBL3265017,-11.48725414276123,7.575585149708845,7.594416647221385,7.352552016672726,7.577795854792621,7.6786180859005,7.67454314395699
syk_4puz_fullmap_molecule_CHEMBL3265010,-10.132436752319336,7.469187138363138,7.578584985782085,7.309996157056116,7.362524001870051,7.579342602321819,7.515487944785617
syk_4puz_fullmap_molecule_CHEMBL3265034,-11.48725414276123,7.655874538854905,7.651112519727399,7.77588933014479,7.659776342394023,7.642730545820752,7.549863956187564
syk_4puz_fullmap_molecule_CHEMBL3265011_flip,-8.637885093688965,7.458830565430202,7.547853751170672,7.338863281144216,7.36233110111741,7.5595246494781785,7.485580044240539
syk_4puz_fullmap_molecule_CHEMBL3265015_flip,-9.47731590270996,7.5128416391821515,7.6092562314147205,7.400291272545294,7.433165395895726,7.582379815892013,7.539115480163003
syk_4puz_fullmap_molecule_CHEMBL3265002,-10.617273330688477,7.562551609278131,7.655719800580383,7.273993292399457,7.6419484097754555,7.694045979777231,7.547050563858125
syk_4puz_fullmap_molecule_docked_CHEMBL3264998,-11.712096214294434,7.648369546225394,7.76402721334632,7.353024041186058,7.70183470955888,7.724579810194186,7.698381956841523
syk_4puz_fullmap_molecule_CHEMBL3264997,-10.983019828796388,7.606662325697277,7.728429977261158,7.240167761442073,7.708147354168393,7.702360550243478,7.654205985371288
syk_4puz_fullmap_molecule_docked_CHEMBL3264994,-9.804960250854492,7.542802750363796,7.638297009004146,7.255797128329976,7.620852249847303,7.61715489422847,7.581912470409088
syk_4puz_fullmap_molecule_CHEMBL3264995,-12.381524085998535,7.61347018389353,7.734650057180059,7.266857567441396,7.718702421226568,7.6923180525781945,7.654822821041434
syk_4puz_fullmap_molecule_docked_CHEMBL3265004,-10.857505798339844,7.611802628815488,7.75468803858122,7.306819016676994,7.691740391780131,7.6756838633991995,7.630081833639894
syk_4puz_fullmap_molecule_CHEMBL3265001,-12.03799057006836,7.661783577868715,7.752572296053666,7.314976479927315,7.731133743377318,7.8034129580357,7.706822411949579
syk_4puz_fullmap_molecule_CHEMBL3264996,-10.665895462036133,7.5908383511787205,7.73025667326351,7.244312992701386,7.652531657209197,7.700523962875072,7.62656646984444
syk_4puz_fullmap_molecule_docked_CHEMBL3264999_adjust,-11.41401481628418,7.627886198270225,7.750931561721445,7.329152325885754,7.661790005000492,7.735251013879843,7.662306084863592
syk_4puz_fullmap_molecule_redocked_CHEMBL3265000_ground_state,-11.811073303222656,7.652529069675455,7.775770781841502,7.332775512249847,7.711251079439116,7.752507864292831,7.690340110553983
syk_4puz_fullmap_molecule_redocked_CHEMBL3265000,-11.811073303222656,7.705047240134057,7.816018996627466,7.39170285609913,7.75675095725299,7.803622170208037,7.757141220482664
syk_4puz_fullmap_molecule_CHEMBL3265003_tautomer_1,-10.820952415466309,7.579450484371234,7.697892495506671,7.264067170066233,7.701084467360598,7.654848585017256,7.579359703905419
syk_4puz_fullmap_molecule_CHEMBL3265003_tautomer_2,-10.820952415466309,7.583030050720703,7.697382194896727,7.279831646034057,7.703567899780363,7.639382118288053,7.594986394604312
hif2a_automap_molecule_338,-10.75852870941162,6.36928713075951,6.328150237324784,6.2699312538140415,6.387652201637586,6.413307418139822,6.447394542881317
hif2a_automap_molecule_43,-8.699462890625,6.375433000190773,6.259926682500788,6.313530448401179,6.435822647896545,6.354641237339472,6.513243984815875
hif2a_automap_molecule_235,-10.123006820678713,7.442681558594946,7.368873301570767,7.592039929027117,7.470088195557634,7.433350700170882,7.349055666648328
hif2a_automap_molecule_234,-10.347848892211914,7.5420139022107175,7.4697107373960145,7.722902907511542,7.530989362134702,7.524339423008917,7.462127081002417
hif2a_automap_molecule_30,-10.565720558166504,6.4867526975335466,6.488618840440625,6.363589709570247,6.442571639884334,6.539200525372882,6.599782772399643
hif2a_automap_molecule_1,-11.324654579162598,7.187860695722643,7.234695744548011,7.2399721343533185,7.119564454968866,7.165764581781358,7.179306562961662
hif2a_automap_molecule_237,-9.549728393554688,7.4477387787831875,7.355216062274139,7.586570924804456,7.472511783391063,7.437605668055361,7.386789455390918
hif2a_automap_molecule_227,-10.75852870941162,7.099872377885271,7.1347579961379655,7.0851162974695026,7.115547429709665,7.082643301837266,7.0812968642719545
hif2a_automap_molecule_266,-10.533686637878418,7.514288735376027,7.341232744259709,7.677061875334362,7.5541345879324435,7.52448922569589,7.474525243657736
hif2a_automap_molecule_206,-10.123006820678713,7.490337692437602,7.413375388212332,7.630878767410122,7.484672148221579,7.486296209798655,7.436465948545323
hif2a_automap_molecule_67,-10.17173194885254,7.475569497743725,7.281329794606908,7.658629558296611,7.560498863455281,7.439202448909021,7.438186823450802
hif2a_automap_molecule_156,-9.73618984222412,7.198084612872852,7.263565336051304,7.221999176802087,7.243428766215496,7.144639555840058,7.116790229455312
hif2a_automap_molecule_31,-8.842347145080566,6.4097076729318,6.2402359004507675,6.3756698597702925,6.381158434547884,6.50030855249701,6.551165617393047
hif2a_automap_molecule_289,-10.91397476196289,6.513284411438539,6.448652149359174,6.423449273763975,6.464675033781164,6.63325095187323,6.596394648415158
hif2a_automap_molecule_61,-10.107617378234863,7.189367147422364,7.254806759743996,7.247131050372851,7.151476470694029,7.1398741409380495,7.1535473153628955
hif2a_automap_molecule_167,-10.67374324798584,7.492929917431068,7.419016342140872,7.646591171695377,7.52000028026116,7.450508792478145,7.428533000579789
hif2a_automap_molecule_165,-9.235339164733888,7.220984533853056,7.025888277905652,7.3085448859244835,7.381582643028937,7.169371132380978,7.219535730025227
hif2a_automap_molecule_41,-9.787005424499512,6.619440071266001,6.646891778964632,6.491987102631996,6.584271010833209,6.686856380702187,6.687194083197976
hif2a_automap_molecule_7b,-7.394513607025146,7.1838228777582405,7.278947330756296,7.175468849228469,7.200333989100619,7.180054871150455,7.084309348555368
hif2a_automap_molecule_54,-9.30949592590332,6.551537945551653,6.5218812508779225,6.459731199813709,6.515727535950838,6.6564284915049505,6.603921249610843
hif2a_automap_molecule_215,-10.59958553314209,7.480830072019012,7.392763141558161,7.614536323747107,7.522041315212729,7.460313060912362,7.414496518664696
hif2a_automap_molecule_57,-10.67374324798584,7.144888527815818,7.195529043605457,7.196145769539484,7.11989962871823,7.087420438227194,7.125447758988721
hif2a_automap_molecule_42,-8.93969440460205,6.566338471787963,6.596206583669168,6.43003686012848,6.528970994387811,6.612708183437449,6.663769737316909
hif2a_automap_molecule_252,-9.71232795715332,7.459120617594161,7.36182461809011,7.601980637116887,7.493354008699598,7.4274182572541525,7.411025566810052
hif2a_automap_molecule_336,-9.823477745056152,6.335200736720902,6.285436932373284,6.2195810101384446,6.332845728969805,6.402514528244734,6.435625483878243
hif2a_automap_molecule_290,-10.565720558166504,7.184889438775286,7.004456912538088,7.254967653655789,7.326737863998249,7.152521313928352,7.1857634497559495
hif2a_automap_molecule_155,-10.5032958984375,7.171427854785312,7.210518971442597,7.230874887561775,7.147859029702515,7.127786854928411,7.140099530291264
hif2a_automap_molecule_164,-6.764764785766602,7.186621845332921,6.982688487737206,7.21678756995071,7.376807254632752,7.150958573083207,7.205867341260725
hif2a_automap_molecule_7a,-9.99706745147705,7.183694675557587,7.2807450492086865,7.199729900359044,7.170595786436469,7.179886900282224,7.087515741501505
hif2a_automap_molecule_224,-9.660125732421877,7.026641888329347,7.239122775417055,7.1435767609120475,6.853857606331597,7.134630723270138,6.762021575715895
hif2a_automap_molecule_84,-7.5754475593566895,7.166989068117106,7.198230851843571,7.102229470776448,7.20126948809787,7.247562120167647,7.085653409699991
hif2a_automap_molecule_254,-9.549728393554688,7.527973302787383,7.4338776111570635,7.67994908881962,7.536566208765609,7.510353735839014,7.479119869355607
hif2a_automap_molecule_23,-7.067420959472656,7.064748924869576,7.0901136285157405,7.105045910163578,7.057660438033535,7.051799508599495,7.0191251390355305
hif2a_automap_molecule_251,-10.24363613128662,7.502995893327006,7.4155433887504305,7.655370432210937,7.497722378719506,7.485185336581167,7.461157930372982
hif2a_automap_molecule_256,-10.67374324798584,7.425810659290358,7.320739798677445,7.585022373203694,7.451466408322509,7.379543183821923,7.392281532426215
hif2a_automap_molecule_50,-9.696937561035156,6.71026078846605,6.654568220395541,6.607661239036719,6.668751142410232,6.8534042505876505,6.76691908990011
hif2a_automap_molecule_231,-10.022831916809082,7.16700477476156,7.220942348145343,7.182621966358131,7.20045217725636,7.142984743371738,7.088022638676226
hif2a_automap_molecule_15,-11.046184539794922,7.4550180862297015,7.371037240655126,7.618250146255592,7.46507486275785,7.4217501458407105,7.398978035639227
hif2a_automap_molecule_124,-10.123006820678713,6.56088931179513,6.5692339763164735,6.480040031717057,6.463721990886109,6.615142697102052,6.676307862953955
hif2a_automap_molecule_25,-10.28314971923828,7.46016742170054,7.3621565190458185,7.60574598986864,7.497148246852698,7.452205172652054,7.383581180083486
hif2a_automap_molecule_163,-11.010265350341797,7.506230904876098,7.429499547326437,7.659727752901804,7.503680364409108,7.491332922985399,7.4469139367577375
tnks2_fullmap_molecule_1a,-8.550562858581543,7.093458674585527,6.991601458010635,7.0816781935690525,7.109626210816912,7.219067688657093,7.065319821873939
tnks2_fullmap_molecule_1b,-9.937170028686523,7.121162606032693,7.002088311418783,7.267160473906672,7.1637715357103104,7.087333926539696,7.085458782588003
tnks2_fullmap_molecule_3a,-10.996485710144045,7.201378576861025,7.047664739587666,7.304130754601468,7.232537827057872,7.206566388186216,7.215993174871903
tnks2_fullmap_molecule_3b,-11.519288063049316,7.242721926688094,7.141520759843862,7.3515239760374556,7.360849099506506,7.161703966772757,7.198011831279889
tnks2_fullmap_molecule_5f,-10.26306438446045,7.271785161874929,7.130158048291518,7.401526133416898,7.386484351047109,7.18621162998396,7.254545646635165
tnks2_fullmap_molecule_5l,-10.09261703491211,7.351931554278927,7.2478764177389765,7.4393625902603135,7.497867078520433,7.279584186510937,7.294967498363976
tnks2_fullmap_molecule_5g,-10.805952072143556,7.191482449363413,7.016567026612424,7.34325559613165,7.230502999012036,7.1415649896855475,7.22552163537541
tnks2_fullmap_molecule_5e,-10.107617378234863,7.157553248255169,7.046639531065817,7.292117022080903,7.20245138728377,7.11865743460291,7.127900866242451
tnks2_fullmap_molecule_5i,-12.078866958618164,7.096864999998404,7.016447148191986,7.082436534896708,7.17626543217763,7.016848608361587,7.192327276364107
tnks2_fullmap_molecule_5b,-10.474388122558594,7.208590685995583,7.1041847693233695,7.351724959804175,7.287597929969009,7.144410242966484,7.155035527914874
tnks2_fullmap_molecule_5h,-10.04976749420166,7.065846413440563,6.97705567204797,7.03352519639915,7.183462468978074,6.971477066296461,7.163711663481161
tnks2_fullmap_molecule_5a,-10.75852870941162,7.128002132608115,6.975348492844909,7.2984556376645005,7.168709208079454,7.074032518279982,7.123464806171733
tnks2_fullmap_molecule_5k,-10.963377952575684,7.362216749362281,7.265848812270833,7.454187880498752,7.505410585338746,7.281379754628588,7.304256714074487
tnks2_fullmap_molecule_5p,-10.5032958984375,7.073036036705915,6.9909382759512955,7.172078635488025,7.183870582191196,6.964767002650669,7.053525687248387
tnks2_fullmap_molecule_5j,-11.08442211151123,7.320850226293568,7.223399741456562,7.402308223356829,7.434134510094425,7.286658802942524,7.257749853617507
tnks2_fullmap_molecule_5d,-10.8850679397583,7.224382598570261,7.120205004298589,7.343255839093161,7.343428208809631,7.146419538460542,7.1686044021893816
tnks2_fullmap_molecule_5m,-12.6889009475708,7.362732097831485,7.363527900762139,7.479333840524976,7.431122705065818,7.294798642763107,7.244877400041386
tnks2_fullmap_molecule_5n,-10.71462059020996,7.101190694023918,7.032628060577209,7.206851969509992,7.19773008182129,6.984887317092279,7.08385604111882
tnks2_fullmap_molecule_5c,-9.960407257080078,7.08913624018477,6.9671142904643775,7.2191067613715205,7.09121098240962,7.088580300486433,7.079668866191899
tnks2_fullmap_molecule_7,-8.396805763244629,7.396950849884286,7.359914527143708,7.567792022617662,7.453147505322508,7.360504563380657,7.243395630956891
tnks2_fullmap_molecule_8a_neutral,-10.805952072143556,7.371840950548757,7.258321502599424,7.47949312807204,7.4313246415092395,7.3497124095531445,7.340353071009934
tnks2_fullmap_molecule_8b_neutral,-11.929967880249023,7.413327810287219,7.317416534179473,7.4988030906504815,7.469893592617288,7.4176614375105565,7.362864396478299
tnks2_fullmap_molecule_8c_adjust,-10.123006820678713,7.591773977958499,7.566057085074818,7.700850532658897,7.685568152492413,7.574965946105015,7.4314281734613505
tnks2_fullmap_molecule_8d,-12.489546775817873,7.538010049007342,7.499884975943173,7.6484921500395044,7.5656530293832684,7.533855949356531,7.442164140314229
tnks2_fullmap_molecule_8e_adjust_neutral,-10.24363613128662,7.608023542754665,7.582137238417108,7.6686514770770575,7.71081197405141,7.616644539475185,7.461872484752565
tnks2_fullmap_molecule_8f_neutral,-11.811073303222656,7.537568637800911,7.4760744163619375,7.623283631861028,7.589686037763698,7.562228193667085,7.436570909350806
tnks2_fullmap_molecule_8d_neutral_equitorial,-12.489546775817873,7.522141436849269,7.48588181670771,7.596556191372647,7.568466387514619,7.538656349990832,7.421146438660534
tnks2_fullmap_molecule_8c_neutral_equitorial,-10.123006820678713,7.581155134738755,7.560379175895968,7.65255623267617,7.691304747394634,7.583306338756437,7.418229178970565
tnks2_fullmap_molecule_5o_adjust,-12.03799057006836,7.2409670016634236,7.252205625972244,7.37701483329203,7.331583546686974,7.087303649641382,7.1567273527244915
tnks2_fullmap_molecule_8f,-11.811073303222656,7.675095323490856,7.661042108654963,7.705260176697182,7.6278685569826425,7.674936517915156,7.706369257204333
tnks2_fullmap_molecule_8b,-11.929967880249023,7.562325713396389,7.519432091634452,7.5887443654004585,7.532384621133084,7.564331554274613,7.606735934539339
tnks2_fullmap_molecule_8e,-10.24363613128662,7.736182576587022,7.761191702185274,7.753080761227623,7.716567077498941,7.720960172825829,7.729113169197441
tnks2_fullmap_molecule_8a,-10.805952072143556,7.572040785811727,7.535308607598766,7.60205663411259,7.54918928942693,7.566907505268309,7.606741892652041
cdk8_5cei_new_helix_loop_extra_molecule_43,-11.93795108795166,7.622500788575811,7.506451650535715,7.690337724850421,7.609937353433743,7.630042861351972,7.675734352707207
cdk8_5cei_new_helix_loop_extra_molecule_22,-10.28548812866211,7.499489645805073,7.568140093286939,7.570874943779914,7.502904048571802,7.483269291528293,7.372259851858416
cdk8_5cei_new_helix_loop_extra_molecule_30,-11.696293830871582,7.441113303785466,7.41644233533222,7.454758947713159,7.401783813690791,7.49089207823851,7.441689343952647
cdk8_5cei_new_helix_loop_extra_molecule_21,-9.754467964172363,7.518732047362882,7.59965225650385,7.584203055473529,7.52033233240301,7.473465060675011,7.416007531759004
cdk8_5cei_new_helix_loop_extra_molecule_24,-10.344158172607422,7.499079492525112,7.6466325427856585,7.409089418310011,7.50640726825102,7.487214504631545,7.446053728647324
cdk8_5cei_new_helix_loop_extra_molecule_38,-11.391841888427734,7.559136760255389,7.389504085353737,7.627527217126301,7.567555626668661,7.5868269319303305,7.624269940197913
cdk8_5cei_new_helix_loop_extra_molecule_31,-11.93795108795166,7.425014343097885,7.412119964629522,7.466252358802055,7.401331551923617,7.45664603314272,7.38872180699151
cdk8_5cei_new_helix_loop_extra_molecule_41,-11.283177375793455,7.354652116066082,7.32480706795397,7.392465420859673,7.329481330245812,7.406191166082603,7.320315595188348
cdk8_5cei_new_helix_loop_extra_molecule_29,-9.256064414978027,7.578125390317081,7.594446948270951,7.617481444900361,7.560847977505374,7.663169121342046,7.454681459566672
cdk8_5cei_new_helix_loop_extra_molecule_26,-10.215289115905762,7.3762091654901045,7.35413229243628,7.441389834844843,7.295658755837645,7.484676393262172,7.305188551069573
cdk8_5cei_new_helix_loop_extra_molecule_20,-10.698603630065918,7.493438757275589,7.58612595100717,7.377429818571843,7.4792149174306095,7.518457166161662,7.505965933206662
cdk8_5cei_new_helix_loop_extra_molecule_35,-11.524834632873535,7.413375910228358,7.378919658580729,7.425598724617223,7.418762052260146,7.467815345925772,7.3757837697579225
cdk8_5cei_new_helix_loop_extra_molecule_40,-11.191304206848145,7.333796860112885,7.292805722512608,7.377505482491034,7.301280930781688,7.431995947081072,7.265396217698024
cdk8_5cei_new_helix_loop_extra_molecule_19,-10.737068176269531,7.481787498966914,7.601646657009763,7.3806210484403865,7.484075521970289,7.4823481622649455,7.460246105149184
cdk8_5cei_new_helix_loop_extra_molecule_33,-11.111719131469728,7.515861912636481,7.465418918382793,7.494751717347393,7.582395713968914,7.599460077075657,7.437283136407647
cdk8_5cei_new_helix_loop_extra_molecule_27,-8.463898658752441,7.471669646875114,7.510524772646885,7.433067821399475,7.5398359877185515,7.414802246325341,7.460117406285319
cdk8_5cei_new_helix_loop_extra_molecule_13,-11.283177375793455,7.465358120603943,7.478117680174008,7.482239813530832,7.468547623052858,7.389514695936177,7.508370790325845
cdk8_5cei_new_helix_loop_extra_molecule_39,-11.524834632873535,7.3356750927276595,7.293581755904644,7.364255260713333,7.346408789618686,7.374005868515333,7.300123788886297
cdk8_5cei_new_helix_loop_extra_molecule_32,-9.549580574035645,7.3901967172358525,7.369554599066327,7.386890443020551,7.481084925527749,7.320433147305362,7.393020471259272
cdk8_5cei_new_helix_loop_extra_molecule_37,-11.524834632873535,7.361574077752403,7.325079068329725,7.392734773132221,7.341181046095277,7.428581754589377,7.320293746615413
cdk8_5cei_new_helix_loop_extra_molecule_23,-9.01440715789795,7.555093416925915,7.615805458521737,7.545466754151553,7.6054948581425545,7.529105815393323,7.4795941984204095
cdk8_5cei_new_helix_loop_extra_molecule_15,-7.687934875488281,7.312451933086374,7.357594665182392,7.248354975983724,7.30681962057572,7.315114805041766,7.334375598648265
cdk8_5cei_new_helix_loop_extra_molecule_34,-11.191304206848145,7.5517789421294115,7.387667942872166,7.616643101980086,7.5618006005553156,7.5878704754982484,7.604912589741239
cdk8_5cei_new_helix_loop_extra_molecule_25,-9.793952941894531,7.373794900920458,7.410455723767842,7.342268364823611,7.363216880120234,7.355580252273116,7.3974532836174856
cdk8_5cei_new_helix_loop_extra_molecule_14,-8.337959289550781,6.084441953926861,6.132466800284735,6.109814765802852,6.011882830100663,6.106704016134387,6.061341357311667
cdk8_5cei_new_helix_loop_extra_molecule_36,-11.283177375793455,7.311357723349525,7.2517383158331725,7.345847660042777,7.268421152494919,7.39981929372061,7.290962194656142
cdk8_5cei_new_helix_loop_extra_molecule_18_flipped,-10.97872543334961,7.499439975371845,7.556686138067483,7.451757117946959,7.533365996119985,7.438729179087413,7.516661445637388
cdk8_5cei_new_helix_loop_extra_molecule_16_flipped,-9.290130615234377,7.248928734019782,7.2501107149791,7.246353932068274,7.241030421995068,7.226602343647629,7.280546257408834
cdk8_5cei_new_helix_loop_extra_molecule_17_flipped,-8.992732048034668,7.5290829098970535,7.549021319708749,7.480781753252719,7.570658261735906,7.511248838201335,7.533704376586559
cdk8_5cei_new_helix_loop_extra_molecule_44_flipped,-11.524834632873535,7.38675557384669,7.37767393129799,7.393197137493918,7.413788985382771,7.405642182200974,7.3434756328578015
cdk8_5cei_new_helix_loop_extra_molecule_45_flipped,-11.191304206848145,7.350720002977572,7.333546120529793,7.350992196804689,7.310787471031207,7.421415237075819,7.336858989446351
cdk8_5cei_new_helix_loop_extra_molecule_42_flipped,-11.524834632873535,7.488902118333845,7.472137213901087,7.54514502239057,7.472004281486258,7.505811873214915,7.449412200676402
urokinase_molecule_10302__1GJ7__no_water_pose_,-10.82235622406006,5.421148802539546,5.406356004708718,5.441416553285976,5.3625428190191515,5.43834197830486,5.457086657379023
urokinase_molecule_11417__no_water_pose_,-10.5656099319458,5.447811046860268,5.465316605051666,5.452332966366038,5.383256090736857,5.465790144994359,5.472359427152417
urokinase_molecule_7806__no_water_pose_,-8.651498794555664,5.433949580339816,5.42989208425572,5.44816471902846,5.361153975445763,5.479257548523919,5.451279574445218
urokinase_molecule_8696__no_water_pose_,-9.802173614501951,5.394723858906146,5.3850670917558805,5.39916951976337,5.31872766369683,5.417914037074351,5.452740982240301
scyt_dehyd_molecule_3d,-9.19326877593994,6.832379614447826,6.808467975189562,6.724490722739462,6.5955730231422,6.730189470246081,7.303176880921827
scyt_dehyd_molecule_8d,-10.628399848937988,6.7176646741455075,6.731652032101357,6.660452948229924,6.61022524925772,6.497485121643252,7.088508019495283
scyt_dehyd_molecule_2d,-13.481749534606934,6.734470609396247,6.740873538111151,6.686569403787905,6.617314609734831,6.503613415734017,7.123982079613334
scyt_dehyd_molecule_4d,-15.34340000152588,7.0299111993072,7.041860993817783,7.2758267295209444,6.856340893342448,6.699747321729712,7.2757800581251155
scyt_dehyd_molecule_5d,-13.253490447998049,6.6915165548534885,6.781346603345816,6.549376583788449,6.765031337684523,6.6050475563656414,6.756780693083013
scyt_dehyd_molecule_6d,-9.405847549438477,6.830663939356765,6.839982298596653,6.709996402081842,6.787762004301464,6.593021308414154,7.2225576833897165
scyt_dehyd_molecule_7d,-15.251520156860352,7.045820932329806,7.0526990281874085,7.22530171359776,6.9672566702188705,6.8980093905367585,7.085837859108228
brd41_ASH106_molecule_cmpd_5__1-Butenyl_,-7.639999866485596,6.436526212634938,6.343869146277266,6.52115569914817,6.5549128197957485,6.3189002561985275,6.44379314175498
brd41_ASH106_molecule_cmpd_2__methyl_,-9.59000015258789,6.359489821085121,6.205312406432436,6.489681345243483,6.36614813109874,6.276816034620324,6.459491188030618
brd41_ASH106_molecule_cmpd_3__Allyl_,-7.090000152587891,6.388509869743048,6.29390647912415,6.477117909138668,6.514767742901388,6.267023355800913,6.389733861750121
brd41_ASH106_molecule_cmpd_9__methoxyethyl_,-7.21999979019165,6.680913604393451,6.598332086234474,6.7532105648203435,6.738912605084597,6.635844905538644,6.6782678602892025
brd41_ASH106_molecule_cmpd_6__ethyl_,-8.59000015258789,6.572373953043136,6.508776508764763,6.638040490862472,6.608202615930346,6.491785530432089,6.615064619226014
brd41_ASH106_molecule_cmpd_8__n-Butyl_,-7.659999847412109,6.709250604955345,6.752757459093205,6.75378792926607,6.72651610097465,6.589777411416382,6.723414124026418
brd41_ASH106_molecule_cmpd_7__n-propyl_,-7.019999980926514,6.624748221679141,6.549490744318496,6.711153992274259,6.6684682724475035,6.5555732464490974,6.639054852906352
brd41_ASH106_molecule_cmpd_4__Crotyl_,-8.640000343322754,6.612046303800184,6.5619399669676195,6.695909037062476,6.680722124273638,6.496952803062879,6.6247075876343064
hsp90_woodhead_molecule_4,-8.930000305175781,6.895345928662702,6.877206746379517,6.901897768865857,6.943944143541517,6.899772884551845,6.853908099974778
hsp90_woodhead_molecule_1,-12.720000267028809,6.35918964508067,6.446353056664883,6.260796123475734,6.427540421871298,6.21705474882626,6.444203874565175
hsp90_woodhead_molecule_3,-8.079999923706055,6.729665655509599,6.65669035269086,6.717908590723473,6.836384878338826,6.657084129733061,6.780260326061778
hsp90_woodhead_molecule_2,-10.739999771118164,6.262175529272051,6.3566540127691,6.245199339670321,6.468066099876014,6.18191747320806,6.059040720836761
throm_nozob_hip75_molecule_2d_pose_2,-6.630871772766113,6.624362221043536,6.623489589780614,6.249524393552022,6.663653280065774,6.928934427555341,6.6562094142639285
throm_nozob_hip75_molecule_2c_pose_2,-7.285645008087158,6.640531061823627,6.635303096356995,6.291830569193443,6.639123516139939,6.934785535471847,6.701612591955912
throm_nozob_hip75_molecule_7b,-7.409305095672607,6.646587540320096,6.676033964136714,6.3109366377713885,6.643448906001595,6.927133125024703,6.6753850686660785
throm_nozob_hip75_molecule_7c_pose_1,-8.008489608764648,6.682877068666793,6.662062899409538,6.328664018326602,6.761689895436943,6.94956517407066,6.712403356090214
throm_nozob_hip75_molecule_7f,-6.122768878936768,6.752723120011401,6.715985369896662,6.43488051473485,6.726600386057127,7.028968621584694,6.857180707783676
throm_nozob_hip75_molecule_2b_pose_1,-7.285645008087158,6.936738196041697,6.77912131366846,6.75120269196564,6.965338110189263,7.290294747700471,6.897734116684647
throm_nozob_hip75_molecule_1a_pose_2,-7.409305095672607,6.669275278919207,6.652882554346692,6.262693385961288,6.743745557866317,6.975533154679648,6.711521741742088
throm_nozob_hip75_molecule_7e_pose_1,-5.654734134674072,6.77983108243798,6.759262982816083,6.442334458305319,6.780807816405677,7.07874057813968,6.838009576523143
throm_nozob_hip75_molecule_6a_pose_1,-9.910837173461914,6.750161232889193,6.7784255355712775,6.356556755898582,6.705813722893398,7.005987583536771,6.904022566545934
throm_nozob_hip75_molecule_5,-6.793628215789795,6.593265120095017,6.551957959249183,6.17883875858003,6.666418574813103,6.93747911938866,6.631631188444113
throm_nozob_hip75_molecule_1c_pose_2,-8.579615592956543,6.668897972836717,6.652861792708043,6.293182835991843,6.726704078945097,6.957530074859069,6.714211081679531
throm_nozob_hip75_molecule_2a_pose_2,-6.616480827331543,6.699063154317005,6.718807281324258,6.371751781603525,6.727096119885454,6.957301446997269,6.720359141774523
throm_nozob_hip75_molecule_7a_pose_2,-7.624663829803467,7.0851464230788235,6.909062467909789,6.928010471818543,7.109230050126593,7.3379146327449485,7.141514492794248
throm_nozob_hip75_molecule_3b_pose_1,-7.254891872406006,7.029038707194506,6.896461522425779,6.875125004428895,7.05330245585427,7.347539890644888,6.972764662618699
throm_nozob_hip75_molecule_6d_pose_2,-8.73290729522705,6.695354695088565,6.6805800495318755,6.297133638766378,6.696868588582164,6.970478402210466,6.831712796351941
throm_nozob_hip75_molecule_6c_pose_1,-9.01440715789795,6.881162811827494,6.863675933435475,6.442843156558258,6.845592103300741,7.187141926951542,7.0665609388914525
throm_nozob_hip75_molecule_3a_xtal_pose,-8.120434761047363,6.965691152594653,6.799319950863024,6.821610647205302,7.002792851059764,7.27727540386903,6.9274569099761365
throm_nozob_hip75_molecule_1b_pose_2,-9.256064414978027,6.650789809021485,6.676646946545878,6.294955357037926,6.678552315823317,6.921809867322779,6.681984558377526
throm_nozob_hip75_molecule_6b_pose_2,-9.03689956665039,6.856010333813293,6.765853152968086,6.46757534257656,6.890897236096612,7.172192551020736,6.983533386404473
throm_nozob_hip75_molecule_6e_pose_1,-8.647159576416016,6.810436345029049,6.7854907227070855,6.425330498319192,6.770728156658414,7.0831182841339455,6.987514063326611
throm_nozob_hip75_molecule_1d_pose_2,-8.601290702819824,6.665483884755022,6.647136914243595,6.290410919301645,6.718652436709489,6.960184094837247,6.711035058683141
taf12_molecule_cmpd_5__1-Butenyl_,-10.0,6.7340076439146275,6.847189791274881,6.709791732001264,6.49434437692724,6.804683672668633,6.814028646701116
taf12_molecule_cmpd_2__methyl_,-9.859999656677246,6.629983231325214,6.837063429565135,6.695819050920817,6.203323194803353,6.6507112733569675,6.7629992079797985
taf12_molecule_cmpd_3__Allyl_,-8.34000015258789,6.649957360684867,6.799638006411362,6.655527873513948,6.325170777057702,6.694529649364586,6.77492049707674
taf12_molecule_cmpd_9__methoxyethyl_,-7.690000057220459,6.898405374321362,7.093084071583919,6.930316969327972,6.676040410794137,6.835440531738,6.9571448881627775
taf12_molecule_cmpd_6__ethyl_,-8.529999732971191,6.712335814260813,6.926000556097398,6.702976059044025,6.383163155412424,6.724200114643427,6.825339186106792
taf12_molecule_cmpd_8__n-Butyl_,-8.279999732971191,6.969518369238166,7.21642631044807,6.991938826943382,6.73362390323673,6.878379211065094,7.02722359449755
taf12_molecule_cmpd_7__n-propyl_,-8.119999885559082,6.813394856876444,6.984747585692605,6.796574938339831,6.553315446273862,6.814691431470147,6.917644882605775
taf12_molecule_cmpd_4__Crotyl_,-8.710000038146973,6.8336534369843545,6.966637548197779,6.924567688327266,6.568540377254331,6.7691896400542975,6.939331931088098
chk1_molecule_21__Xtal_,-13.06863021850586,7.75237130871731,7.666692834832684,7.798153021256477,7.876389687097013,7.6154560522425125,7.805164948157857
chk1_molecule_22,-13.06863021850586,7.733366144862849,7.667467059944025,7.8019613073608856,7.785004881062361,7.654079362016645,7.758318113930331
chk1_molecule_24_pose_2,-13.177300453186035,7.970802220278029,7.780092751254689,8.019449999036413,8.162025697823697,7.848202392622499,8.044240260652838
chk1_molecule_14_docked,-10.870059967041016,7.419664992745656,7.408199274197368,7.340395425471846,7.43691788900073,7.5004573839060455,7.412354991152289
chk1_molecule_18_docked,-9.549579620361328,7.25752065202766,7.30533420074836,7.179134879995606,7.344210258126759,7.21724256428486,7.241681356982707
chk1_molecule_13_docked,-9.920853614807127,7.489225234056202,7.43586974406551,7.410456381273475,7.432204997694841,7.605008547047899,7.562586500199287
chk1_molecule_20,-10.082300186157228,7.2021794412735884,7.1028475921234895,7.104564950841955,7.414782629904159,7.202106597186747,7.186595436311589
chk1_molecule_12_docked,-8.612431526184082,7.391434052853877,7.407586317601115,7.348002135767798,7.484538310361078,7.362631458087996,7.354412042451399
chk1_molecule_16_docked,-11.781579971313477,7.363980540223989,7.397801345695773,7.362137300281291,7.435000380563821,7.304612774246213,7.320350900332842
chk1_molecule_19,-10.249360084533691,7.3619866940067,7.390741682830385,7.338942919883843,7.437309315355497,7.294313646122673,7.348625905841093
chk1_molecule_17_torsion_adjust,-10.323949813842772,7.5399729521103,7.530878432206062,7.524591914370319,7.573767373989489,7.534624899998233,7.536002139987394
chk1_molecule_15_docked,-10.043829917907717,7.452130346125278,7.434854724572851,7.381413798040697,7.447915348091692,7.502726298631208,7.493741561289943
chk1_molecule_11_docked,-10.978730201721191,7.489667259728078,7.468003384812174,7.4312327784869465,7.431596036720126,7.572555234811215,7.5449488638099345
hsp90_kung_molecule_cmpd_16,-10.329999923706056,6.768303587560918,6.469015196403121,6.914132564411621,7.025892629678034,6.686885306375472,6.745592240936339
hsp90_kung_molecule_cmpd_9,-7.920000076293945,6.082842583464371,5.9042404008033325,6.076791151849775,6.224478721481228,6.313869441922823,5.8948332012647
hsp90_kung_molecule_cmpd_13,-10.149999618530272,6.216872904063289,5.987420461133592,6.219423875771885,6.38925784662358,6.337599703023124,6.150662633764264
hsp90_kung_molecule_cmpd_14,-7.820000171661377,6.282883042871355,6.050440726796409,6.314495172221011,6.494395430475876,6.425660045378429,6.129423839485053
hsp90_kung_molecule_cmpd_15,-9.609999656677246,6.809092531725456,6.524828159233269,6.943910032092286,7.03816044468048,6.698578730142644,6.839985292478602
hsp90_kung_molecule_cmpd_7,-9.40999984741211,5.698156721963593,5.501815870506855,5.543430140147565,5.986742183568975,5.788217198640766,5.670578216953803
hsp90_kung_molecule_cmpd_17,-10.739999771118164,6.865053862139601,6.622769671904686,7.026416961898039,7.0928148566938996,6.7910696187184705,6.7921982014829085
hsp90_kung_molecule_cmpd_11,-9.1899995803833,6.251767005183369,6.024562065643567,6.245374750211099,6.425074688743327,6.391228072457971,6.172595448860884
hsp90_kung_molecule_cmpd_12,-9.1899995803833,6.222800417079971,5.991793377957388,6.210538336298955,6.4093888130052985,6.325311576852485,6.176969981285728
hsp90_kung_molecule_cmpd_10,-9.1899995803833,6.597304229661276,6.364253308896613,6.741198316327072,6.646356433890353,6.594702771362371,6.640010317829975
hsp90_kung_molecule_cmpd_8,-6.860000133514404,5.675375561004702,5.558485734234886,5.5467217306667225,5.8476246583709655,5.714130818986112,5.709914862764827
