unique_id,dg_exp,preds,preds_1,preds_2,preds_3,preds_4,preds_5
wagner_brd4_molecule_61a,-12.0,6.379893248604632,6.461937151786282,6.303513676407477,6.389561111877198,6.386376734289896,6.358077568662306
wagner_brd4_molecule_25e,-11.300000190734863,6.358073400533906,6.436448247792884,6.3600713117157675,6.384418378929348,6.280385780520422,6.329043283711108
wagner_brd4_molecule_11,-8.199999809265137,6.188123389421722,6.194098133545495,6.21397197780964,6.286962646181361,6.095460219652695,6.150123969919422
ftase_extraligs_custcore_stereo_molecule_lig_2__deprot,-12.40999984741211,6.1471969079069435,6.1191062845377235,6.09678548134862,6.211191457147601,6.2219720828831475,6.086929233617622
ftase_extraligs_custcore_stereo_molecule_lig_66__deprot,-12.289999961853027,6.206569619107833,6.142667175666625,6.190232330009529,6.262778577885748,6.256127947201518,6.181042064775742
ftase_extraligs_custcore_stereo_molecule_lig_68__deprot,-12.109999656677246,6.201685928737268,6.13438389102814,6.188499034892256,6.260505042245245,6.257527648541881,6.16751402697882
ftase_extraligs_custcore_stereo_molecule_lig_51_stereo,-11.399999618530272,6.208417798701058,6.160909067854556,6.23228502279859,6.269027352369128,6.224139511853725,6.15572803862929
ftase_extraligs_custcore_stereo_molecule_lig_49_stereo,-11.600000381469728,6.209054088456289,6.160909067854556,6.23228502279859,6.271844894816577,6.224139511853725,6.156091944957994
ptp1b_molecule_23477,-8.850000381469727,6.033802252405115,6.08265371358013,5.9007396680186135,6.190942019735339,6.08823653557984,5.906439325111656
ptp1b_molecule_23484,-7.75,6.07309897828403,6.129462468608265,5.9362989009282225,6.2424628072981285,6.1175443079236915,5.939726406661839
ptp1b_molecule_23467,-7.340000152587891,5.962605990412572,5.95342282409044,5.916079293004246,6.150149193650156,5.955510099953682,5.837868541364339
ptp1b_molecule_20667,-11.420000076293944,6.093115131163244,6.125852401826453,5.9672516864388605,6.25503451062335,6.154348723645854,5.9630883332817035
ptp1b_molecule_23469,-7.71999979019165,5.962723370072225,5.965630747804584,5.904961158904525,6.134362802519676,5.96677400605397,5.84188813507837
ptp1b_molecule_23483,-9.869999885559082,6.125308880712754,6.173892068500653,5.9643058288245605,6.273587738492925,6.199377588998043,6.015381178747588
ptp1b_molecule_23480,-8.720000267028809,6.079394220272556,6.1244146389620795,5.958570440896016,6.234688407259326,6.124217536965086,5.955080077280272
ptp1b_molecule_23474,-9.109999656677246,6.023853024458864,6.061783658986048,5.909155845818299,6.176969488152347,6.060661991113511,5.910694138224116
ptp1b_molecule_23473,-8.390000343322754,5.97527377318046,5.970257008910521,5.932067388338367,6.153813288869086,5.967864917171549,5.8523662626127715
ptp1b_molecule_23471,-7.75,5.955151143312155,5.954133398572474,5.899108340841842,6.135546900746032,5.954591291086618,5.832375785313807
ptp1b_molecule_20669,-8.609999656677246,5.947583614394366,5.932345720742633,5.906993978267834,6.113328119130009,5.956966512321362,5.828283741509992
ptp1b_molecule_23476,-9.40999984741211,5.999340191453828,6.0153996426599505,5.903239602947673,6.148495032377668,6.039130222424212,5.890436456859637
ptp1b_molecule_23466,-7.849999904632568,5.941229779266896,5.928633651479631,5.894696272480533,6.1272793667246,5.939799596641742,5.815740009007976
ptp1b_molecule_23472,-8.649999618530273,6.008050174521612,6.004738542767668,5.936102240328765,6.177781747293356,6.04044735373695,5.881180988481322
ptp1b_molecule_23482,-10.010000228881836,6.105059377285789,6.154247060002704,5.957397621235413,6.26129234204932,6.174003137682285,5.978356725459224
ptp1b_molecule_23486,-12.470000267028809,6.103634749234137,6.157936915902245,5.982286631645445,6.241036514428989,6.17087412259509,5.96603956159892
ptp1b_molecule_23470,-7.71999979019165,5.934127724349073,5.928576163286535,5.872252230965644,6.121209875376341,5.94656600649489,5.802034345621954
ptp1b_molecule_23468,-7.75,5.945879369832329,5.94728217988912,5.884951702272061,6.121302306261953,5.954747169078498,5.821113491660014
ptp1b_molecule_23485,-11.010000228881836,6.078896340304619,6.110850313367585,5.964838285644035,6.22809374841385,6.144099036486775,5.946600317610843
ptp1b_molecule_23330,-10.130000114440918,6.057497358331359,6.046371484509361,6.024067915068641,6.18704397989776,6.065793977836333,5.964209434344699
ptp1b_molecule_20670,-9.079999923706056,6.034299701643063,6.0802559515275725,5.911680349090461,6.191943477509606,6.083095587579716,5.904523142507956
ptp1b_molecule_23479,-9.140000343322754,6.07587413517776,6.119364633596959,5.9388401500588275,6.229446199695152,6.135644476146575,5.95607521639129
ptp1b_molecule_23475,-8.720000267028809,6.034299701643063,6.0802559515275725,5.911680349090461,6.191943477509606,6.083095587579716,5.904523142507956
mcl1_extra_flips_molecule_23,-8.829999924,6.040383976616526,6.079515330898573,6.004785207367009,6.115710009051332,6.038065579776365,5.963843755989348
mcl1_extra_flips_molecule_26,-8.239999771,6.063893272579149,6.107259503355189,6.026533691074991,6.125972136787173,6.061160094977427,5.998540936700966
mcl1_extra_flips_molecule_27,-6.119999886,6.043904434368088,6.086493556790782,6.005671895312452,6.106668928710403,6.060391438193351,5.960296352833452
mcl1_extra_flips_molecule_28,-6.619999886,6.082308971054823,6.119157367782574,6.0413202231676,6.1388605329988595,6.110482602600445,6.001724128724635
mcl1_extra_flips_molecule_29,-6.940000057,6.217313564660492,6.266600367321206,6.16812322105303,6.274025294312865,6.19649959406593,6.181319346549426
mcl1_extra_flips_molecule_30_flip,-7.849999905,6.079092563555626,6.121908537923566,6.037268580423782,6.1384683145379375,6.095045624592805,6.002771760300044
mcl1_extra_flips_molecule_31,-7.920000076,6.2014126911597,6.27137306262049,6.146116135341004,6.249875641977228,6.183929752821528,6.155768863038251
mcl1_extra_flips_molecule_32,-6.579999924,6.079223369407787,6.122484906751021,6.03764222726592,6.1427161856793875,6.097906573892762,5.9953669534498415
mcl1_extra_flips_molecule_33,-6.880000114,6.108480500430547,6.184910698614998,6.0591843529655085,6.150035647778478,6.122966977107963,6.025304825685784
mcl1_extra_flips_molecule_34,-6.869999886,6.158482245268132,6.226932943623255,6.118310945433902,6.20529070672786,6.147669394402564,6.094207236153081
mcl1_extra_flips_molecule_35,-8.81000042,6.130268677059451,6.202934284026239,6.080926609214553,6.17301449582718,6.149949705876203,6.044518290353079
mcl1_extra_flips_molecule_36,-8.180000305,6.128070005066602,6.1907461330448275,6.082211504373097,6.1692532348484495,6.1472724233235025,6.050866729743134
mcl1_extra_flips_molecule_37,-8.949999809,6.149079987498411,6.2233921638648235,6.079565643832773,6.18873038579878,6.180982586211734,6.072729157783943
mcl1_extra_flips_molecule_38_flip,-7.019999981,6.076492799806665,6.112592918327104,6.033462006341144,6.148477175335707,6.07756779140255,6.0103641076268195
mcl1_extra_flips_molecule_39,-7.03000021,6.080632665346097,6.115698904397698,6.0357404663219425,6.153896180697628,6.088042195834047,6.0097855794791695
mcl1_extra_flips_molecule_40_flip,-7.25,6.0870757392234225,6.119964176438446,6.056898744269114,6.155767614475283,6.080739654959205,6.022008505975064
mcl1_extra_flips_molecule_41_flip,-7.130000114,6.108833009447705,6.121609538799349,6.062133894987945,6.186707645758782,6.1100702162626845,6.063643751429757
mcl1_extra_flips_molecule_42,-8.899999619,6.080178579137257,6.119470887237575,6.036418403576551,6.149493483946955,6.081763051977869,6.013747068947335
mcl1_extra_flips_molecule_43_flip,-7.03000021,6.091567932111323,6.12436129962994,6.050431591432373,6.156556703409631,6.103184262097464,6.023305803987202
mcl1_extra_flips_molecule_44,-8.670000076,6.135442568491587,6.209533321520371,6.078113600557057,6.173187279358797,6.151728379531572,6.06465026149014
mcl1_extra_flips_molecule_45,-8.949999809,6.189359714050374,6.2624352244149994,6.108313453417745,6.243880198854657,6.241174306356599,6.09099538720787
mcl1_extra_flips_molecule_46_flip,-7.599999905,6.190155830767251,6.260934624769213,6.109669223633608,6.243482398247807,6.24260224267064,6.094090664514992
mcl1_extra_flips_molecule_47_flip,-5.78000021,6.099573434331733,6.135030809408045,6.0402085927252855,6.165652185488003,6.119436708259994,6.037538875777335
mcl1_extra_flips_molecule_48_flip,-6.659999847,6.104158082218188,6.154311985263107,6.049782465232886,6.164458001044445,6.111493399724169,6.040744559826333
mcl1_extra_flips_molecule_49,-8.359999657,6.164246502149208,6.262819214665154,6.085471259004315,6.196582643783173,6.19331246765989,6.083046925633508
mcl1_extra_flips_molecule_50,-9.329999924,6.176294499104356,6.2724219029313275,6.112703206250632,6.199027966333107,6.204018386961181,6.093301033045528
mcl1_extra_flips_molecule_51,-8.449999809,6.140964295556891,6.230118617890956,6.079858811077037,6.174674946629861,6.149622518119467,6.070546584067133
mcl1_extra_flips_molecule_52,-9.229999542,6.165560995647238,6.261985047316752,6.08654891835436,6.195846091605526,6.1952772257412905,6.088147695218257
mcl1_extra_flips_molecule_53,-9.960000038,6.172712704992717,6.271073089608719,6.110515541612662,6.19019978842557,6.204022575524313,6.087752529792326
mcl1_extra_flips_molecule_54,-9.779999733,6.1486600463169125,6.244747972539781,6.085987668513092,6.177006267775769,6.161836500733418,6.0737218220225015
mcl1_extra_flips_molecule_56,-9.260000229,6.141603900302485,6.213497035160975,6.077593707928547,6.19196085089917,6.165693298873397,6.0592746086503375
mcl1_extra_flips_molecule_57,-9.039999962,6.069893501691981,6.126868112449401,6.024078035469425,6.137394201351961,6.060973523726196,6.000153635462916
mcl1_extra_flips_molecule_58,-9.409999847,6.170827949216505,6.268564894524134,6.123113358529032,6.193003731959133,6.1960508004501875,6.073406960620038
mcl1_extra_flips_molecule_60,-8.920000076,6.113384193732019,6.163556888289928,6.078892597593142,6.1614844294252515,6.138537726911736,6.024449326440033
mcl1_extra_flips_molecule_61,-8.079999924,6.143000910513522,6.225999605786518,6.1019938764773585,6.176805637309465,6.170305519160833,6.039899913833434
mcl1_extra_flips_molecule_62,-7.960000038,6.1140917701352935,6.1949421998671585,6.06952595637876,6.160763542855678,6.11875997888244,6.026467172692431
mcl1_extra_flips_molecule_63,-9.06000042,6.13883673393106,6.226558930645202,6.097121839095845,6.167401057518026,6.169209026310451,6.03389281608578
mcl1_extra_flips_molecule_64,-9.5,6.123293314309862,6.210938239970542,6.076479192119459,6.164568754576519,6.135569178817506,6.028911206065286
mcl1_extra_flips_molecule_65,-8.409999847,6.1300747914165905,6.213929200122852,6.084038804064525,6.166554761680358,6.160449144243263,6.025402046971955
mcl1_extra_flips_molecule_66,-8.430000305,6.084073020788496,6.1309437815131425,6.044002239671124,6.150283458475827,6.088128956641555,6.007006667640836
mcl1_extra_flips_molecule_67,-7.579999924,6.1334684346535155,6.206162542702506,6.0953348730778405,6.1583193553935835,6.16078829410309,6.046737107990557
mcl1_extra_flips_molecule_68,-7.690000057,6.130316982087116,6.231239348735027,6.074365184649164,6.152849128802729,6.144178215951629,6.048953032297033
cdk2_molecule_17,-7.039999961853027,6.234124018941634,6.388429456117659,6.026435731648315,6.295943929274585,6.23161100688415,6.22819997078346
cdk2_molecule_28,-11.109999656677246,6.268422559851418,6.466591253579015,6.0248213183120525,6.351533732724367,6.251122872378585,6.248043622263073
cdk2_molecule_22,-7.860000133514404,6.2350901320171905,6.378727417508954,6.0459595452074035,6.290878233686773,6.255085537519174,6.204799926163649
cdk2_molecule_30,-9.8100004196167,6.263411745551245,6.461894947251889,6.033444351182936,6.334898859913037,6.25213625578107,6.234684313627295
cdk2_molecule_1h1r,-7.670000076293945,6.240092642689407,6.4159216645170964,6.037789062515408,6.287627225472113,6.232665165465552,6.22646009547687
cdk2_molecule_1h1s,-11.25,6.270823663006676,6.477519389084203,6.023120733428674,6.351464656149228,6.237949511929477,6.264064024441803
cdk2_molecule_21,-7.829999923706055,6.268024086069284,6.4205737827272955,6.0754431518686,6.334633182922182,6.254486769003235,6.2549835438251025
cdk2_molecule_1oiy,-9.789999961853027,6.056038146664745,6.151720346298795,5.844148410785156,6.151689217953148,6.064593300821003,6.068039457465629
cdk2_molecule_1oiu,-9.079999923706056,6.255001288239849,6.468635881422147,5.992955787467762,6.321373781927199,6.238850289199556,6.253190701182583
cdk2_molecule_31,-9.539999961853027,6.219569916987259,6.410026598675813,6.003709392125896,6.284929488123425,6.2145773232079025,6.184606782803265
cdk2_molecule_29,-9.880000114440918,6.268105599277561,6.4617862086547415,6.028798996269523,6.345476142100277,6.262415371774822,6.242051277588441
cdk2_molecule_26,-8.430000305175781,6.262174538612508,6.422555269370262,6.067107149701697,6.323180997535788,6.2447034182345496,6.253325858220245
cdk2_molecule_1oi9,-9.739999771118164,6.194739925522439,6.411703236150189,5.946329869125972,6.236271785991957,6.197417702282964,6.181977034061117
cdk2_molecule_20,-8.720000267028809,6.209574765073702,6.39823776449596,5.9455445813068195,6.223387207924039,6.248995178980821,6.231709092660876
cdk2_molecule_32,-9.75,6.320788809119265,6.534750940126723,6.070224612578342,6.412044671071113,6.281223292168823,6.305700529651322
cdk2_molecule_1h1q,-8.180000305175781,6.222339557256848,6.372765655357669,6.034132656102645,6.277074938497545,6.218060388970534,6.209664147355846
jnk1_manual_flips_molecule_18626-1,-8.869999885559082,5.972094998756665,6.017599909449486,5.854466712654672,6.107478417055411,5.944618436723552,5.936311517900209
jnk1_manual_flips_molecule_18628-1_flip,-8.699999809265137,5.946836491043435,5.989185615145989,5.811425864020238,6.086405655387942,5.95029183337926,5.89687348728374
jnk1_manual_flips_molecule_18629-1,-8.670000076293945,5.961255542575942,6.0029377679078015,5.845241063442347,6.101820844975245,5.934676890761822,5.921601145792493
jnk1_manual_flips_molecule_18636-1,-7.510000228881836,5.962150399513935,6.006927828274142,5.8162634004925255,6.11576359283581,5.941100763147394,5.930696412819801
jnk1_manual_flips_molecule_17124-1,-9.68000030517578,5.981436381004516,6.027142176864003,5.827475131391957,6.118725076206219,5.975242160587265,5.958597359973139
jnk1_manual_flips_molecule_18627-1,-8.479999542236328,5.96848827316555,6.021802629275315,5.84271331707017,6.105209464620608,5.9415045144041105,5.931211440457553
jnk1_manual_flips_molecule_18638-1,-10.09000015258789,6.01812632865145,6.0756863140201,5.868922858914863,6.160604939707273,5.984878236702165,6.000539293912843
jnk1_manual_flips_molecule_18659-1,-9.470000267028809,5.974701176408777,6.021509464480703,5.8245906376804095,6.11088100191668,5.967931312238033,5.948593465728059
jnk1_manual_flips_molecule_18639-1,-9.739999771118164,5.9873251349464125,6.040645201337582,5.832778560716185,6.128018084509653,5.974236125825488,5.960947702343153
jnk1_manual_flips_molecule_18634-1,-9.989999771118164,5.9547308471949085,5.993836179405185,5.805185504918698,6.100053450120229,5.956712510956571,5.917866590573862
jnk1_manual_flips_molecule_18630-1,-9.140000343322754,5.964114904375369,6.0009875109180975,5.848448327535852,6.1013411364095225,5.944330508329769,5.9254670386836
jnk1_manual_flips_molecule_18637-1,-10.140000343322754,5.98882000717486,6.036447042901851,5.833055725976069,6.147928341415378,5.975181255226368,5.951487670354638
jnk1_manual_flips_molecule_18658-1,-9.699999809265137,5.949323760443397,6.022986954718159,5.762767233700696,6.102514334423233,5.928122527042399,5.930227752332501
jnk1_manual_flips_molecule_18632-1,-9.079999923706056,5.9652402442600785,5.998465192157903,5.84485788466027,6.116400488488468,5.939868971500411,5.926608684493345
jnk1_manual_flips_molecule_18633-1,-9.170000076293944,5.969311296198396,6.002417120847098,5.844443992275737,6.113407366915508,5.955396452103063,5.930891548850573
jnk1_manual_flips_molecule_18635-1,-7.289999961853027,5.952353506581948,5.996293313025079,5.811445087993547,6.09315919823037,5.953071207790835,5.907798725869912
jnk1_manual_flips_molecule_18631-1,-9.40999984741211,5.968727948448512,6.008024657276039,5.826441588184152,6.109590102199233,5.958944936362676,5.940638458220457
jnk1_manual_flips_molecule_18660-1,-8.699999809265137,6.06204668519461,6.120387038947486,5.87909059442081,6.208816845511161,6.045684101259919,6.056254845833671
jnk1_manual_flips_molecule_18625-1,-8.109999656677246,5.9722052964938195,6.036106570716959,5.834073805319063,6.100464961213289,5.947632172110208,5.94274897310958
jnk1_manual_flips_molecule_18624-1,-8.489999771118164,5.944349830731079,5.977463978327795,5.825135071707668,6.081386963361468,5.921401413419856,5.916361726838608
jnk1_manual_flips_molecule_18652-1,-10.68000030517578,5.988645156417205,6.051878250524923,5.844922263027935,6.141281713222517,5.942521107929429,5.962622447381224
thrombin_core_molecule_6a,-9.18000030517578,6.064216427875574,6.05656289711252,5.9879499881353455,6.133139407644388,6.117666652239744,6.025763194245872
thrombin_core_molecule_3a,-8.319999694824219,5.998645831009659,5.94532051597427,5.947005477678359,6.080744946314729,6.0570227954778035,5.9631354196031365
thrombin_core_molecule_1d,-8.25,6.001890150247779,5.955635427659872,5.916842628877232,6.0904604128596,6.068309032431759,5.978203249410432
thrombin_core_molecule_6e,-8.90999984741211,6.070302715445079,6.07287064247022,6.008197577014083,6.128332577048714,6.108563964757541,6.03354881593484
thrombin_core_molecule_6b,-8.890000343322754,6.058848016730339,6.04122560391824,5.9890020627644045,6.123662962949141,6.126543850644928,6.013805603374979
thrombin_core_molecule_1b,-8.460000038146973,6.030563883137715,6.013713986343185,5.944297740742466,6.1041227799976605,6.096668970358563,5.994015938246704
thrombin_core_molecule_1a,-7.480000019073486,6.037608482891839,6.0119651986300875,5.9815519867328915,6.112337207928162,6.071732604781392,6.010455416386664
thrombin_core_molecule_5,-7.579999923706055,5.980291805692091,5.94182319060698,5.908763075574376,6.0758642572189645,6.039040152735635,5.935968352324501
thrombin_core_molecule_3b,-7.860000133514404,5.987586179872461,5.941411911153905,5.931564442793954,6.055557919294916,6.053012056326036,5.956384569793496
thrombin_core_molecule_7a,-8.220000267028809,6.012445105603669,5.957155499286525,5.951791998361514,6.09733743008069,6.074479387166688,5.981461213122925
thrombin_core_molecule_1c,-8.5600004196167,6.0102680569292275,5.9539954123465515,5.917722605280054,6.114053333937818,6.083266095179509,5.982302837902205
tyk2_molecule_jmc_23,-11.699999809265137,6.111892334727996,6.259980643859097,5.923813272390332,6.222459847507658,6.066664280736605,6.086543629146287
tyk2_molecule_ejm_47,-9.699999809265137,6.093165392659528,6.218456907568221,5.894465695332806,6.219269412343307,6.07149458606222,6.062140361991092
tyk2_molecule_ejm_49,-7.75,5.969422306225425,6.019864041586951,5.858832898719678,6.070664203825662,5.9282409257452136,5.969509461249622
tyk2_molecule_ejm_31,-9.539999961853027,5.912221593184941,5.9806453005938005,5.797230205987071,6.029727362573142,5.8827454636550165,5.870759633115677
tyk2_molecule_ejm_45,-9.5600004196167,6.054868170651407,6.1898640356737635,5.8540781336270244,6.12575762641584,6.068979124668795,6.035661932871609
tyk2_molecule_ejm_44,-7.420000076293945,5.90278377246114,5.962458214051055,5.794662137669451,6.0022523445775935,5.891712279593459,5.862833886414136
tyk2_molecule_ejm_43,-8.260000228881836,5.888218358772899,5.946015782643246,5.763833695435078,6.039043915302262,5.866981717747289,5.825216682736616
tyk2_molecule_ejm_50,-8.979999542236328,5.888089302564819,6.055092574407206,5.712524250718964,5.920465496018976,5.895618214244022,5.856745977434925
tyk2_molecule_ejm_42,-9.779999732971191,5.913672219408168,6.003101014587962,5.78607674437911,6.007618009817894,5.907359819479104,5.864205508776769
tyk2_molecule_ejm_55,-9.210000038146973,5.9884511459915775,6.075322818506173,5.855158865034826,6.126676672836993,5.931782907943091,5.953314465636805
tyk2_molecule_ejm_48,-9.0,6.11153702405799,6.23498620999029,5.8964505760399675,6.233431566222728,6.103514020344832,6.089302747692133
tyk2_molecule_ejm_54,-10.529999732971191,5.918495812973031,6.00165910673836,5.798212518413632,6.014600890822144,5.914114237505668,5.863892311385353
tyk2_molecule_jmc_28,-10.979999542236328,6.079406246981061,6.183045360163425,5.907322126886647,6.214465487942529,6.041243690104444,6.050954569808264
tyk2_molecule_jmc_27,-11.279999732971191,6.097490821928541,6.2249030520589645,5.905391960311731,6.22576314556446,6.058523888997332,6.072872062710216
tyk2_molecule_jmc_30,-10.9399995803833,6.112554648884197,6.223949846475461,5.934836269902604,6.2504929539506815,6.056361706328889,6.097132467763351
tyk2_molecule_ejm_46,-11.3100004196167,6.0712208477221346,6.189657453733241,5.872101146195198,6.176200211496551,6.059521133461039,6.0586242937246455
p38_molecule_2j,-10.079999923706056,6.297238861685238,6.447276425550486,6.101649941528736,6.335091753675676,6.298989565148339,6.303186622522951
p38_molecule_2gg,-10.65999984741211,6.39006877636507,6.532243555111656,6.212145398575106,6.473338781788251,6.321653837070729,6.410962309279608
p38_molecule_2q,-12.260000228881836,6.3906447550410705,6.558817849338369,6.191993915895073,6.44340154495765,6.327737502978196,6.431272962036065
p38_molecule_2t,-11.850000381469728,6.374429088785716,6.530052025398848,6.191306207937713,6.4336929290887905,6.317424793365109,6.39966948813812
p38_molecule_2g,-10.65999984741211,6.268511852606192,6.414770686355397,6.11069624897184,6.345469102049103,6.211030283636029,6.260592942018595
p38_molecule_2l,-12.260000228881836,6.340528074032685,6.491055608775942,6.167359421307551,6.389023179124783,6.314326777957762,6.340875382997383
p38_molecule_2ee,-12.260000228881836,6.254091287001027,6.346011911815586,6.073509031224025,6.359347491146275,6.204831936992155,6.28675606382709
p38_molecule_2aa,-9.270000457763672,6.101899196421259,6.324757387610234,5.898896993033631,6.179702057973775,6.047483216703682,6.058656326784974
p38_molecule_2o,-10.489999771118164,6.387394933785755,6.565994108943677,6.173206647520832,6.463144133999168,6.3392116548647515,6.395418123600349
p38_molecule_3flw,-10.68000030517578,6.13721315395638,6.307107915848634,5.974679845549232,6.173528947496919,6.097612343189256,6.133136717697863
p38_molecule_2u,-12.260000228881836,6.39998482263861,6.592162472895171,6.187300904462068,6.505799515963166,6.330126248387403,6.384534971485239
p38_molecule_2p,-11.199999809265137,6.3591185945668744,6.554208293872293,6.146387924877345,6.429671603437223,6.337755421474339,6.327569729173175
p38_molecule_2h,-9.479999542236328,6.222848349955912,6.365799055676481,6.047269976459093,6.3093425304717305,6.181762546655693,6.21006764051656
p38_molecule_3fmk,-11.829999923706056,6.1922711649724915,6.273763099116512,6.11174225870241,6.2379614048863345,6.160928768562451,6.176960293594754
p38_molecule_2i,-10.050000190734863,6.214641878983412,6.378033903866281,6.021633646113249,6.271999563333913,6.201567729593099,6.199974552010515
p38_molecule_2f,-8.479999542236328,6.267924457635617,6.416331031947129,6.109328790241247,6.351782107111594,6.206215673023491,6.255964685854621
p38_molecule_2x,-10.229999542236328,6.342879615480198,6.484254174063295,6.161198797867592,6.400231892119583,6.30422436075463,6.364488852595891
p38_molecule_2ff,-11.4399995803833,6.325316199078487,6.511652692361625,6.139855948146324,6.348002246575577,6.266503981958957,6.360566126349954
p38_molecule_2k,-10.550000190734863,6.360440034458928,6.514395037759923,6.170471078474784,6.417392888123979,6.312210424827417,6.387730743108538
p38_molecule_2n,-11.850000381469728,6.33208073149416,6.539607561044959,6.156062989932132,6.310944041027767,6.3083824262411525,6.345406639224788
p38_molecule_3flq,-9.93000030517578,6.232463687706029,6.330521894036491,6.11496491102323,6.299306156078783,6.197392992161434,6.220132485230209
p38_molecule_3fln,-10.880000114440918,6.3453867527461,6.486110773322779,6.174591369098837,6.409728468877963,6.298464954039308,6.35803819839161
p38_molecule_2e,-10.699999809265137,6.275120139608211,6.415387198291803,6.120343440120292,6.349681269858475,6.2259664677821975,6.264222321988287
p38_molecule_3fmh,-10.829999923706056,6.189969549496853,6.266834195565973,6.1152537942293534,6.242768963058169,6.163194044797939,6.161796749832831
p38_molecule_2c,-10.460000038146973,6.210113821116705,6.345824102918087,6.016530880299098,6.288327681441697,6.215101982136362,6.184784458788286
p38_molecule_2y,-9.779999732971191,6.16703038074626,6.269223332497215,6.065161668178458,6.189667135176897,6.157128985222041,6.153970782656689
p38_molecule_2s,-11.109999656677246,6.223532152105865,6.506748657542647,6.009703903859679,6.201621091986621,6.19530150157666,6.2042856055637206
p38_molecule_2m,-10.960000038146973,6.359829520464855,6.518171382437025,6.181557884302256,6.4189289447337075,6.303432806241498,6.377056584609785
p38_molecule_2bb,-9.0600004196167,6.252557370056016,6.343111595275398,6.12972454641959,6.303744696728546,6.22494580683729,6.2612602050192585
p38_molecule_2v,-8.970000267028809,6.1909655177684915,6.259350001783998,6.114788423934317,6.244940794636915,6.146753861929894,6.18899450655733
p38_molecule_2r,-10.789999961853027,6.345932103401829,6.507578927698742,6.1700176151427994,6.373269670004388,6.324762881657227,6.354031422505989
p38_molecule_3flz,-9.489999771118164,6.226745939238624,6.345891544276945,6.0338471962539915,6.335212162770897,6.19286301665958,6.225915776231709
p38_molecule_2z,-10.359999656677246,6.189272534371315,6.313809527618526,6.053343282260834,6.222242074203143,6.166394107999019,6.190573679775055
p38_molecule_3fly,-11.420000076293944,6.183764760438694,6.253044657003515,6.1031086839210404,6.261669859613733,6.135396003736852,6.165604597918333
bace_molecule_CAT-13n,-8.543000221252441,6.26213978402194,6.253067152319087,6.339588041073309,6.316148920234757,6.123056998472444,6.278837808010104
bace_molecule_CAT-13e,-9.963000297546388,6.320702158813923,6.356280815397229,6.340665600890122,6.3662346106115155,6.234920525583006,6.305409241587737
bace_molecule_CAT-4a,-7.933000087738037,6.163998535828542,6.083690618583185,6.282275513180216,6.226295743512546,6.051950294616644,6.1757805092501155
bace_molecule_CAT-4m,-9.152999877929688,6.2057992696707585,6.133235699775359,6.30219042144955,6.26404646399,6.108993337749208,6.2205304253896765
bace_molecule_CAT-17b,-10.02299976348877,6.395795729980918,6.433563923304679,6.4041901132756,6.4115028372764264,6.322587716190032,6.407134059857851
bace_molecule_CAT-13j,-8.732999801635742,6.23235503193524,6.220703118160538,6.343214284446916,6.256298602374066,6.110243637492336,6.231315517202348
bace_molecule_CAT-13d,-10.472999572753906,6.366274463134107,6.446270081706112,6.382424091335362,6.3775624748115405,6.286855296181028,6.338260371636492
bace_molecule_CAT-13b,-9.123000144958496,6.178446774491759,6.214728208882853,6.2644246613058705,6.190199866890398,6.070040996126567,6.152840139253105
bace_molecule_CAT-13a,-8.843000411987305,6.202899899349044,6.239228340969515,6.310302130957654,6.223619399026652,6.059460369018484,6.181889256772912
bace_molecule_CAT-13h,-9.633000373840332,6.311426299928688,6.343928253382469,6.384721230436117,6.331275641093794,6.197920370435947,6.299286004295114
bace_molecule_CAT-13o,-8.543000221252441,6.229442203254822,6.224172375805863,6.305320123564067,6.267280317177648,6.11536233997406,6.235075859752469
bace_molecule_CAT-13g,-9.093000411987305,6.334297644683387,6.370174046382071,6.3460157026809645,6.380171944153068,6.260235491545881,6.314891038654949
bace_molecule_CAT-4k,-7.853000164031982,6.151605355598895,6.095733069130371,6.259233739491046,6.219716727647548,6.022959929184273,6.160383312541238
bace_molecule_CAT-17g,-9.743000030517578,6.404547494570922,6.467280998664338,6.424569037359843,6.402083187733429,6.331099976103728,6.397704272993275
bace_molecule_CAT-4l,-9.343000411987305,6.187054388089708,6.121259544288224,6.280401293476262,6.26709796685522,6.066446778274666,6.200066357554166
bace_molecule_CAT-4j,-9.02299976348877,6.178357255709689,6.106457162100101,6.274750175802055,6.256881904802866,6.055908461049227,6.1977885747941945
bace_molecule_CAT-4n,-9.093000411987305,6.228805384660736,6.1596953433575035,6.300708552905704,6.331485264506597,6.0902198326848245,6.261917929849046
bace_molecule_CAT-13i,-9.27299976348877,6.32962962624712,6.426538857329762,6.323284672350667,6.3387057235164885,6.237806241683407,6.321812636355271
bace_molecule_CAT-17f,-9.42300033569336,6.407478348684672,6.440721375982981,6.408682370376271,6.455272990482959,6.3233563678893185,6.409358638691827
bace_molecule_CAT-4p,-10.083000183105469,6.239517771377091,6.224535063138313,6.346383243598043,6.271755029490203,6.115575585884282,6.2393399347746135
bace_molecule_CAT-13c,-9.322999954223633,6.156420819206029,6.178309531348238,6.251169644934865,6.224341824539807,5.985433848055897,6.142849247151338
bace_molecule_CAT-24,-11.350000381469728,6.380440178298423,6.385474218464575,6.391922146942017,6.40583169119109,6.344943983157601,6.374028851736834
bace_molecule_CAT-4i,-8.262999534606934,6.162822413609161,6.086876010288422,6.241214562476387,6.248558013683839,6.053309124442945,6.18415435715421
bace_molecule_CAT-4c,-7.853000164031982,6.259392363839785,6.229714277908308,6.367071328870191,6.305465980575746,6.126865975672546,6.267844256172131
bace_molecule_CAT-17i,-9.472999572753906,6.357469517212602,6.39455562537814,6.3642201253506006,6.389705065393222,6.295304113837006,6.343562656104042
bace_molecule_CAT-13k,-9.70300006866455,6.247038436649153,6.225702712244192,6.351830712660587,6.279953941227993,6.132269973210809,6.2454348439021805
bace_molecule_CAT-17a,-10.732999801635742,6.38020953841385,6.489994747103507,6.328224954850044,6.3881106545395845,6.3307689382869805,6.3639483972891355
bace_molecule_CAT-17c,-9.86299991607666,6.372504363498985,6.3899606461255205,6.389644106903028,6.421740428955382,6.293495807941061,6.367680827569933
bace_molecule_CAT-4o,-9.383000373840332,6.232531760007121,6.198262130053763,6.325575769703077,6.275822004272435,6.11954766547219,6.243451230534137
bace_molecule_CAT-17d,-9.42300033569336,6.3314415827406645,6.351638183640571,6.344016787782194,6.377394900236982,6.25678108887789,6.327376953165686
bace_molecule_CAT-4b,-9.633000373840332,6.262524396845303,6.22846227789294,6.371051214282601,6.302651299831481,6.133735157624025,6.276722034595473
bace_molecule_CAT-13f,-9.093000411987305,6.328673687627848,6.366467964386397,6.346356970455681,6.372376105282658,6.246799214857313,6.311368183157194
bace_molecule_CAT-4d,-9.11299991607666,6.239162208661757,6.234842801500115,6.323191059733446,6.260796466861966,6.132973019487805,6.244007695725453
bace_molecule_CAT-13m,-8.762999534606934,6.238560514153997,6.228809412686215,6.294017491536636,6.301243054053084,6.111293773994638,6.2574388384994135
bace_molecule_CAT-17h,-10.333000183105469,6.394911805782573,6.481048571501561,6.388685007298942,6.410140319315325,6.324096566409431,6.370588564387608
bace_molecule_CAT-17e,-10.02299976348877,6.433680901748284,6.475962596017812,6.4410766749919866,6.452655502211116,6.357763772532034,6.440945962988472
jnk1_molecule_6a,-8.40999984741211,5.8923160139397135,5.987929859957322,5.688598940912199,6.04023024844351,5.914708466531242,5.8301125538542955
jnk1_molecule_19a_neu,-6.860000133514404,5.9062392067360845,5.992840968450603,5.695942176844282,6.05415219433728,5.942717787445934,5.845542906602327
jnk1_molecule_19b_neu,-7.300000190734863,5.930633181954121,6.054247394278428,5.667536718689814,6.0836656332264685,5.930003229336771,5.917712934239127
jnk1_molecule_19b_charg,-7.300000190734863,5.958480895166103,6.047898519211676,5.729441313973429,6.1274288668880965,5.978056213225379,5.909579562531932
jnk1_molecule_19a_charg,-6.860000133514404,5.9062392067360845,5.992840968450603,5.695942176844282,6.05415219433728,5.942717787445934,5.845542906602327
egfr_molecule_21,-9.88,6.0038807088494845,6.057807159312113,5.841126550680884,6.139781378432858,6.052588134300743,5.928100321520832
egfr_molecule_27neu,-9.94,5.996225152528284,6.0361211503390235,5.841727671435724,6.144872695001751,6.0488183920605705,5.90958585380435
egfr_molecule_27chargR,-9.94,5.990546739534399,6.0221618237460985,5.8447871677663334,6.14147042799677,6.03874066874977,5.905573609413024
egfr_molecule_27chargS,-9.94,5.9938958424323285,6.032413252671423,5.841807440043843,6.144976357482219,6.0428006111577774,5.907481550806383
egfr_molecule_28neu,-10.7,5.99219408895181,6.035491374876654,5.838697910864907,6.130299244546003,6.046750516647179,5.909731397824308
egfr_molecule_28charg,-10.7,5.99386633537991,6.027643742458401,5.851130456327832,6.130495766388812,6.059880463833654,5.900181247890852
egfr_molecule_29neu,-10.46,5.93732591571339,5.951549043439858,5.817245987593679,6.091907111424877,5.95509465795459,5.8708327781539476
egfr_molecule_29charg,-10.46,5.93732591571339,5.951549043439858,5.817245987593679,6.091907111424877,5.95509465795459,5.8708327781539476
egfr_molecule_30neu,-11.25,6.015420307714097,6.060807996277108,5.844817718370876,6.164536053759638,6.068672377216488,5.938267392946372
egfr_molecule_30charg,-11.25,5.995328784431402,6.035436660809512,5.840686063112887,6.141043798106274,6.0454927471341895,5.913984652994146
ptp1b_molecule_26charg,-7.440000057220459,6.048510394406915,6.100122099524469,5.923963608668198,6.216653421967192,6.089401814114279,5.91241102776044
ptp1b_molecule_26neu,-7.440000057220459,6.065776054499575,6.114993493709875,5.929266930631372,6.23967593921985,6.103906925262472,5.9410369836743095
ptp1b_molecule_27,-9.229999542236328,6.098418355127989,6.142203686520714,5.9613468869466475,6.268559964574695,6.153943192381598,5.966038045216291
ptp1b_molecule_32,-11.529999732971191,6.126219735293711,6.167327563426238,5.992069445836984,6.278153267751682,6.18659513602298,6.006953263430666
irak4_s2_molecule_17charg,-10.109999656677246,6.346216341835869,6.670914251003338,5.946941726325343,6.439150020875684,6.363583015905016,6.310492695069965
irak4_s2_molecule_17neu,-10.109999656677246,6.348201405437648,6.67549230366817,5.951389351166501,6.437809257886156,6.36611567777816,6.310200436689253
irak4_s2_molecule_5neu,-9.609999656677246,6.260559071719632,6.538936134378733,5.9188025465583385,6.338177164338465,6.290003779981909,6.216875733340714
irak4_s2_molecule_18,-10.920000076293944,6.353360121877001,6.693469849079646,5.922148989571162,6.448521717556217,6.367174113434547,6.335485939743437
irak4_s2_molecule_6,-8.510000228881836,6.270727232894063,6.575734894831103,5.911435939670496,6.356739967662365,6.288659261895445,6.2210661004109085
irak4_s2_molecule_5charg,-9.609999656677246,6.2698304587054405,6.5689864559571465,5.919370585411463,6.341290365931572,6.283501414830455,6.236003471396571
irak4_s2_molecule_14,-10.109999656677246,6.3512263617788935,6.681431710897657,5.943092926699425,6.441225310423221,6.361539822684278,6.328842038189885
dlk_molecule_9,-8.729999542236328,6.249617623712085,6.320343093146546,6.0949899125066755,6.354021210227533,6.225334451105737,6.253399451573937
dlk_molecule_17charg,-10.4399995803833,6.3517576782126595,6.469457737513182,6.173292539386657,6.44624420389664,6.297675731784271,6.37211817848255
dlk_molecule_17neu,-10.4399995803833,6.348363765676746,6.468415557910216,6.1736527061426525,6.439275449496018,6.290273696120119,6.37020141871472
dlk_molecule_4charg,-9.329999923706056,6.28033488949646,6.356847964862776,6.129947594924919,6.367512318371571,6.261216199244446,6.286150370078586
dlk_molecule_4neu,-9.329999923706056,6.30038393898742,6.383426905501457,6.135545184969481,6.385205261846124,6.282389325870222,6.315353016749818
dlk_molecule_18,-9.979999542236328,6.344027312007833,6.452780340447416,6.168959405907238,6.437126895283158,6.294207759757027,6.367062158644331
dlk_molecule_8,-10.510000228881836,6.343853529977476,6.450234511240661,6.175036916363596,6.438377113532868,6.290385378007216,6.365233730743038
irak4_s3_molecule_28neu,-9.5,6.477638820544375,6.6494323067562,6.168594596321834,6.588435037846548,6.482712167374614,6.499019994422677
irak4_s3_molecule_19charg,-10.600000381469728,6.4720302085994295,6.644076829148979,6.168630586102384,6.576697961201717,6.479125386726836,6.4916202798172336
irak4_s3_molecule_29,-8.710000038146973,6.473794491898812,6.693420361097886,6.122583902157714,6.575073336879903,6.472629213858462,6.505265645500097
irak4_s3_molecule_19neu,-10.600000381469728,6.477638820544375,6.6494323067562,6.168594596321834,6.588435037846548,6.482712167374614,6.499019994422677
irak4_s3_molecule_28charg,-9.5,6.4720302085994295,6.644076829148979,6.168630586102384,6.576697961201717,6.479125386726836,6.4916202798172336
irak4_s3_molecule_27,-8.710000038146973,6.535763168909632,6.728500712069962,6.17283263839771,6.683699026282456,6.510745951448212,6.583037516349822
ephx2_molecule_47charg,-11.25,6.166919343046212,6.142882065900163,6.13502869564633,6.215425991390413,6.204239321706639,6.137020640587515
ephx2_molecule_19charg,-8.239999771118164,6.136762359202555,6.15731855634727,5.9886894522919585,6.223351586116199,6.2359906580402935,6.078461543217052
ephx2_molecule_19neu,-8.239999771118164,6.145777057881372,6.186686347818018,5.9592382335110905,6.23390208251338,6.242257451954186,6.106801173610189
ephx2_molecule_20,-9.140000343322754,6.131277834914311,6.154751071500255,5.9886894522919585,6.210653224152924,6.226448848126569,6.075846578499848
ephx2_molecule_47neu,-11.25,6.169961748078018,6.152916758386901,6.1058047280332435,6.237810041482622,6.193518395846923,6.159758816640399
ephx2_molecule_33,-10.739999771118164,6.251793606396065,6.28662134471274,6.20587612377691,6.268528960387708,6.288893415623114,6.20904818747985
jak1_molecule_17,-10.869999885559082,6.23911171687176,6.472103494125905,5.962138865248274,6.286096601502619,6.238081881062573,6.23713774241943
jak1_molecule_18charg,-11.300000190734863,6.3014283880662045,6.469816378977532,6.0502170571629055,6.379766931112132,6.312265225755674,6.295076347322779
jak1_molecule_18neu,-11.300000190734863,6.291516614570378,6.466683440497987,6.038280736369623,6.3649164715803845,6.307169461912604,6.280532962491289
jak1_molecule_jmc_25,-11.40999984741211,6.24874475679378,6.450231224126654,5.9761436579037674,6.359755138205498,6.207076000891278,6.250517762841702
jak1_molecule_jmc_34,-13.06999969482422,6.226516125302091,6.430811301624473,5.935242710860486,6.3242288056190334,6.22061184219996,6.2216859662065005
jak1_molecule_16charg,-10.539999961853027,6.230794029803034,6.3704544224284145,6.012913114277809,6.294532036728574,6.226799866319463,6.249270709260909
jak1_molecule_16neu,-10.539999961853027,6.278169637974299,6.447931838068003,6.04136526668087,6.373036417772686,6.263657587845432,6.264857079504501
jak1_molecule_jmc_22,-11.350000381469728,6.13530239562874,6.397758842848062,5.777082712437323,6.292070452587044,6.115310370759399,6.094289599511872
tyk2_molecule_ejm_47,-9.789999961853027,6.0754209361460045,6.185866505474325,5.848639394086373,6.17726094740508,6.077097993353251,6.088239840410987
tyk2_molecule_jmc_32charg,-11.65999984741211,5.982078037501907,6.0766787753421845,5.784224945394633,6.173479367274529,5.975950186277066,5.900056913221121
tyk2_molecule_jmc_31,-10.920000076293944,5.979378048038705,6.0750892110615,5.785254568874801,6.175871622923384,5.961264316138852,5.899410521194986
tyk2_molecule_jmc_32neu,-11.65999984741211,5.928539266612361,6.088619922999831,5.713917725533552,6.074909485493057,5.940342498200385,5.824906700834981
tyk2_molecule_ejm_52neu,-7.489999771118164,6.085780646568232,6.1941828847453175,5.853205754156345,6.200356850306901,6.084320231214672,6.096837512417924
tyk2_molecule_ejm_52charg,-7.489999771118164,6.059365046582301,6.167260124355245,5.84727198652273,6.166130690432718,6.050645508321374,6.065516923279435
tyk2_molecule_ejm_46,-11.420000076293944,6.059689996000802,6.161002277533011,5.851006316878123,6.16539505386105,6.050249112854386,6.070797218877441
itk_molecule_17,-11.270000457763672,6.172367167851523,6.242828137259899,6.064729753265962,6.26698717880338,6.151759442154568,6.135531327773808
itk_molecule_1neu,-12.56999969482422,6.179199627764968,6.241431894467808,6.074576799774704,6.272363188980559,6.162930069003249,6.14469618659852
itk_molecule_1charg,-12.56999969482422,6.179199627764968,6.241431894467808,6.074576799774704,6.272363188980559,6.162930069003249,6.14469618659852
itk_molecule_18,-12.770000457763672,6.173899145269537,6.253794379366993,6.0597642068435,6.301970134095332,6.111055138026065,6.142911868015799
itk_molecule_19,-13.06999969482422,6.225321914003181,6.3252709640447335,6.087933078886205,6.33009564296018,6.166510432999634,6.216799451125152
thrombin_whole_map_molecule_11,-5.840000152587891,6.041203478692334,6.033873066006379,6.00720527766967,6.068752034762021,6.095950736276796,6.0002362787468035
thrombin_whole_map_molecule_1,-6.800000190734863,5.994706087997557,5.964520721561386,5.930012915665507,6.071567519462399,6.063715833031915,5.9437134502665785
thrombin_whole_map_molecule_3,-5.659999847412109,5.9772407094729445,5.932382166107904,5.926268123273587,6.044023331744571,6.062977558988007,5.920552367250653
thrombin_whole_map_molecule_jmb2009-4,-11.529999732971191,5.944710031938644,5.907433340715285,5.9112216969390134,6.025170101015466,5.964603967145139,5.91512105387832
thrombin_whole_map_molecule_10,-7.670000076293945,6.044727404442413,6.049029573697092,5.9883003354519975,6.094457595879561,6.086525380059853,6.005324137123558
thrombin_whole_map_molecule_2,-6.139999866485596,5.98383187548331,5.964024946789416,5.908031503769344,6.074605440149006,6.0459858361784145,5.926511650530373
cdk2_molecule_39neu,-8.369999885559082,6.04551450528327,6.2235030235182816,5.799760631594832,6.1271086858069514,6.049401668524322,6.027798516971966
cdk2_molecule_39charg,-8.369999885559082,6.082109473789768,6.212746216930396,5.879006374320522,6.157309867554223,6.078060622415941,6.083424287727759
cdk2_molecule_34,-9.880000114440918,6.0808176754985155,6.213419214453105,5.879006374320522,6.159443927483755,6.06879457350744,6.083424287727759
cdk2_molecule_25,-9.829999923706056,6.187734735488126,6.420702523626679,5.937456831287605,6.222914642019377,6.192089256545165,6.165510423961806
hsp90_frag_2rings_molecule_18,-8.960000038146973,6.349235215368764,6.42202598982924,6.356811927591307,6.381989958785713,6.269380928514961,6.3159672721226015
hsp90_frag_2rings_molecule_17,-9.920000076293944,6.3187038237625,6.346868610449787,6.29481141590957,6.418954021748538,6.2605286626672525,6.272356408037357
hsp90_frag_2rings_molecule_19,-10.260000228881836,6.357957451760328,6.414751344839054,6.352700405804826,6.415467805025578,6.276365757358691,6.33050194577349
hsp90_frag_2rings_molecule_15,-9.880000114440918,6.309828186436523,6.353713192145709,6.292726940459009,6.393288996926823,6.253877416056549,6.2555343865945225
hsp90_frag_2rings_molecule_14,-8.720000267028809,6.304691900816259,6.348788563488999,6.283464476409776,6.391720493838875,6.238120979110243,6.261364991233403
hsp90_frag_2rings_molecule_16,-8.119999885559082,6.331104239124388,6.35544707339565,6.3020075914090095,6.428945335611867,6.269157822370188,6.299963372835225
frag_liga_auto_molecule_12,-9.050000190734863,6.157092079339496,6.279802218030366,6.112316039370117,6.088031302899306,6.1375617150405475,6.1677491213571445
frag_liga_auto_molecule_9,-6.380000114440918,6.1233692027461775,6.181534237802598,6.0472972559509035,6.182583954679601,6.0906382068890315,6.1147923584087485
frag_liga_auto_molecule_5,-4.800000190734863,6.049011734062546,6.051953465221125,5.990051854863752,6.149647670354312,6.035481554528368,6.017924125345175
frag_liga_auto_molecule_6,-5.300000190734863,6.153570273200432,6.193294968356803,6.058071908780245,6.252926995886741,6.109961150969105,6.153596342009264
frag_liga_auto_molecule_11,-9.079999923706056,6.216034245862884,6.246658557900736,6.1969226305417475,6.241891879015499,6.164201093855764,6.23049706800067
frag_liga_auto_molecule_10,-6.539999961853027,6.169051917925458,6.224643938343445,6.0911763088276984,6.21604606951694,6.134350838802127,6.179042434137081
frag_liga_auto_molecule_8,-5.829999923706055,6.327194395252434,6.419937348980205,6.141182601613407,6.429577883429388,6.328569006936729,6.31670513530244
frag_liga_auto_molecule_3,-6.03000020980835,6.127822252719981,6.207313413117499,6.002173017363001,6.192263464101136,6.098914967692352,6.138446401325919
frag_liga_auto_molecule_7,-5.25,6.093694254091976,6.107700268355578,6.000796422177734,6.186891957578517,6.078465725925529,6.0946168964225205
frag_liga_auto_molecule_13,-10.670000076293944,6.152059822422719,6.282242447753136,6.075596745956506,6.103017208567505,6.133119470447159,6.166323239389287
frag_liga_auto_molecule_4,-6.5,6.125974253997523,6.189438023834922,6.013792334689371,6.19489279557062,6.104469171886786,6.127278944005918
hsp90_frag_single_ring_molecule_10,-8.3100004196167,6.320030465591744,6.461896290315729,6.223073547021005,6.378403892782324,6.241039836917858,6.295738760921804
hsp90_frag_single_ring_molecule_3,-8.3100004196167,6.292999638544031,6.377915061310246,6.212328728216796,6.3849523293434,6.238646357155809,6.251155716693904
hsp90_frag_single_ring_molecule_9,-7.360000133514404,6.331251432664243,6.461891874345089,6.23477412972833,6.387861200955197,6.250051515610647,6.321678442681951
hsp90_frag_single_ring_molecule_8,-8.029999732971191,6.261726738482446,6.369390159187714,6.190982022492107,6.351147887703593,6.178255009282799,6.218858613746013
hsp90_frag_single_ring_molecule_11,-8.119999885559082,6.3077009194544305,6.464573495240634,6.209651135725637,6.367735505206091,6.222979431342531,6.273565029757259
hsp90_frag_single_ring_molecule_12,-8.59000015258789,6.301659129533548,6.462480448345781,6.197689727141517,6.366768476901119,6.229444999787155,6.2519119954921685
hsp90_frag_single_ring_molecule_2,-6.929999828338623,6.280040908395868,6.356465488080879,6.215769130043743,6.36315691069653,6.204159231980332,6.26065378117786
jak2_set1_molecule_2_3E63,-7.90701150894165,6.006785883507381,6.0566637846242735,5.91926486606866,6.095537395358758,5.96286522359531,5.9995981478899
jak2_set1_molecule_9,-8.363882064819336,6.043249048086848,6.124948117732283,5.962701327700508,6.116584090148456,5.984122471696101,6.027889233156887
jak2_set1_molecule_8,-8.774560928344727,6.053556451410922,6.141476966979714,5.961273417751733,6.127188586391646,6.002102087144935,6.035741198786584
jak2_set1_molecule_5,-7.789802551269531,6.010205369520829,6.046389051111314,5.935994997111646,6.102725897388491,5.9692036440345,5.996713257958195
jak2_set1_molecule_10,-7.143977165222168,6.054829060293767,6.138695601441479,5.956950449367112,6.122762339973485,6.013061926332003,6.042674984354753
jak2_set1_molecule_4a,-6.864231586456299,6.037149307270493,6.1021087398986875,5.944837277995864,6.115596906348387,5.998701754798414,6.024501857311113
jak2_set1_molecule_4b,-6.864231586456299,6.029418439872803,6.099978190798431,5.935025076645655,6.10395988161531,5.993651464410386,6.01447758589423
jak2_set1_molecule_6,-6.198638439178467,6.064611229500516,6.141904264622981,5.909975902349838,6.141519807472709,6.088763782856458,6.040892390200597
jak2_set1_molecule_3,-5.235617160797119,6.014697023217619,6.0556832744936155,5.919047642619619,6.109046176004787,5.978934587479462,6.010773435490608
jak2_set1_molecule_1_3E62,-5.986692905426025,6.064490363593618,6.154001031026319,5.919627458615563,6.151926172093856,6.051950972920184,6.044946183312164
jak2_set1_molecule_7,-8.860579490661621,6.0557797262376685,6.12911672883564,5.930553359227818,6.136523382468319,6.0634377761779215,6.0192673844786455
frag_mup1_molecule_IBT,-9.09000015258789,5.818037813748065,5.915176044941939,5.626358672101409,5.968789183997475,5.871423420602266,5.708441747097235
frag_mup1_molecule_MT,-5.639999866485596,5.8533206958373825,5.935541374676108,5.665415829485709,5.9974017759428495,5.91066421039218,5.75758028869007
frag_mup1_molecule_PT,-8.199999809265137,5.8516116329656445,5.945442789657035,5.6523625452693995,5.963390124858427,5.933133068600802,5.763729636442558
frag_mup1_molecule_SBT_R,-8.420000076293945,5.820161035808663,5.9096176994425225,5.629168385052765,5.965881632758012,5.886316793855823,5.709820667934196
frag_mup1_molecule_SBT_S,-8.420000076293945,5.820072315388361,5.908720377289677,5.629168385052765,5.9628579895338625,5.8897546842243615,5.709860140841143
frag_mup1_molecule_IPT,-7.849999904632568,5.8258081417767835,5.89439707471693,5.6486492067377245,5.995286387657797,5.879843962281371,5.710864077490097
frag_mup1_molecule_ET,-6.960000038146973,5.845559207850379,5.935377755902888,5.651952863360227,5.9721660904382645,5.913877902522044,5.754421427028472
frag_p38_molecule_4,-5.400000095367432,6.148553998526096,6.272451840489498,6.078509454929441,6.177495159341114,6.093356536463352,6.120957001407075
frag_p38_molecule_1_1W7H,-3.940000057220459,6.061200456839425,6.12288281593648,6.019519241887234,6.107161151157372,6.007546893000624,6.048892182215418
frag_p38_molecule_6,-5.039999961853027,6.172797016001354,6.338404812382359,6.042868280359579,6.162655431962363,6.162895109551446,6.15716144575102
frag_p38_molecule_5_1WBW,-5.940000057220459,6.098880072423633,6.1618756738126335,6.032425611512911,6.1778876652042225,6.028164989428257,6.09404642216014
frag_p38_molecule_7,-6.300000190734863,6.141559341831434,6.307343506882492,6.022685041060326,6.127941189751594,6.130866647326852,6.11896032413591
frag_p38_molecule_3,-4.090000152587891,6.03244725380838,6.086744292080796,5.993233078405679,6.085168859562879,5.989401120002256,6.007688918990291
t4lysozyme_uvt_molecule_meta_methyl_ethyl_benzene,-5.079999923706055,5.957266414779658,6.001117993347157,5.9358901905326436,5.997143353492579,5.984482148667981,5.867698387857936
t4lysozyme_uvt_molecule_methyl_benzene,-5.480000019073486,5.895784273112798,5.9340823756895436,5.907497270219983,5.982107444342817,5.884230331899122,5.771003943412526
t4lysozyme_uvt_molecule_ethyl_benzene,-5.71999979019165,5.899184195482643,5.937349028932718,5.895332673375561,5.9608667654556315,5.924403501397902,5.777969008251406
t4lysozyme_uvt_molecule_ortho_methyl_ethyl_benzene,-4.53000020980835,5.952373281469957,5.990199230925068,5.9196637061749655,6.004316296724264,5.979637190338382,5.868049983187108
t4lysozyme_uvt_molecule_m-xylene,-4.71999979019165,5.95312086478183,5.984627464104019,5.946613106947668,6.018834641797023,5.960706572152673,5.854822538907769
t4lysozyme_uvt_molecule_p-xylene,-4.630000114440918,5.95802021636444,5.995992557572871,5.936435204703356,6.025886489750886,5.964392560054276,5.86739426974081
t4lysozyme_uvt_molecule_o-xylene,-4.570000171661377,5.9510311169548284,5.9855303620900004,5.927486700578795,6.022686806271101,5.9555739311384235,5.863877784695823
t4lysozyme_uvt_molecule_butyl_benzene,-6.659999847412109,5.9061625698083375,5.945615266331895,5.8962879302033935,5.958476498785885,5.951889377242933,5.778543776477583
t4lysozyme_uvt_molecule_propyl_benzene,-6.510000228881836,5.9049566232644635,5.942407269422013,5.900721638627502,5.96025969317144,5.9390896724040125,5.782304842697351
t4lysozyme_uvt_molecule_para_methyl_ethyl_benzene,-5.380000114440918,5.96328813632452,6.012483086816008,5.925712288288331,6.00351290526759,5.9981874314218615,5.876544969828808
t4lysozyme_uvt_molecule_benzene,-5.159999847412109,5.829371734410768,5.806619988727501,5.792472391106865,5.936749654004241,5.835739435520737,5.775277202694492
t4lysozyme_uvt_molecule_isobutyl_benzene,-6.440000057220459,5.892444001989557,5.933979515665799,5.884851579855568,5.9696487205111595,5.920441211774252,5.753298982141006
frag_mcl1_noweak_molecule_2,-5.329999923706055,5.951974292722246,6.0392817534498215,5.9249594772046335,6.011730996940401,5.964346135706146,5.819553100310229
frag_mcl1_noweak_molecule_3,-6.389999866485596,5.9964989946661005,6.073208710459638,5.955549023705283,6.049720656835091,6.0171976216950895,5.886818960635402
frag_mcl1_noweak_molecule_4,-5.809999942779541,5.998741323674099,6.095223556659292,5.941343002780873,6.058975987533418,6.0018635205747675,5.896300550822146
frag_mcl1_noweak_molecule_5,-6.039999961853027,5.980359356141432,6.055948013821069,5.930396735110827,6.044717745347753,5.9901573539929345,5.880576932434575
frag_mcl1_noweak_molecule_7,-5.880000114440918,5.981739341436382,6.063470633043567,5.93194215628298,6.042774049824174,5.991859544921384,5.878650323109801
frag_mcl1_noweak_molecule_8,-6.369999885559082,5.98765630516931,6.069959924437539,5.941640707268433,6.045016356675305,6.001808655503477,5.879855881961797
frag_mcl1_noweak_molecule_9,-5.480000019073486,5.933759097750335,5.963330877214554,5.897461810669106,6.017607625913885,5.958092849942787,5.832302325011345
frag_mcl1_noweak_molecule_10,-5.039999961853027,5.955162725075629,5.998561373775483,5.846941328183411,6.071743440799304,6.000852746811477,5.857714735808467
frag_mcl1_noweak_molecule_11,-5.550000190734863,6.050032996167319,6.086621069081437,5.9569680782414824,6.138781909712201,6.090806440216123,5.976987483585349
frag_mcl1_noweak_molecule_14,-5.610000133514404,5.95767733469901,5.969876333867764,5.895810018379116,6.074494189265551,5.96171397448121,5.886492157501412
frag_mcl1_noweak_molecule_15,-5.309999942779541,5.972892542808607,5.954793883962094,5.960907690396768,6.059257506743482,5.968796582223555,5.920707050717135
frag_mcl1_noweak_molecule_13_flipped,-5.210000038146973,5.887602855884201,5.912401820950325,5.88410376220074,5.9718705856812235,5.913931464046774,5.75570664654194
jak2_set2_extra_molecule_13_3E64,-9.696937561035156,6.047431834112956,6.133187882075743,5.94217715587681,6.137717168838459,6.0366744291264,5.987402534647371
jak2_set2_extra_molecule_21,-8.340335845947266,6.048365215489507,6.152917869696541,5.960366023710797,6.12120524832112,6.032163450702581,5.975173485016496
jak2_set2_extra_molecule_20,-8.067665100097656,6.081578825236649,6.214378904899959,5.985674238723486,6.145344488305557,6.063691376956176,5.998805117298068
jak2_set2_extra_molecule_18,-8.325143814086914,6.047703572210143,6.154098150775526,5.94859568456024,6.115876441565956,6.032394581085856,5.987553003063135
jak2_set2_extra_molecule_14,-7.789802551269531,5.875247587702947,5.853539538321352,5.765616035881949,5.984109442539817,5.914715471249321,5.858257450522295
jak2_set2_extra_molecule_12,-7.434834003448486,6.046563250744718,6.1387842806004995,5.9525309175486525,6.131430686855916,6.023863010099037,5.986207358619488
jak2_set2_extra_molecule_15,-7.379123210906982,5.897257197794325,5.894148157336597,5.785057110953014,5.994729169111029,5.930708380671648,5.881643170899338
jak2_set2_extra_molecule_22_flip,-10.107617378234863,6.092069811871767,6.216934031305538,5.990185193697383,6.1565173057679115,6.081991379419109,6.014721149168894
3RKZ_lig62to70_alpha05_molecule_lignad_63,-9.31999969482422,6.2748653366660205,6.258107071784718,6.1484227803859115,6.45004475948635,6.240696067976904,6.277056003696223
3RKZ_lig62to70_alpha05_molecule_ligand_69,-13.140000343322754,6.352968196550785,6.384891328975872,6.156452523171726,6.554314303755522,6.293286807241429,6.375896019609377
3RKZ_lig62to70_alpha05_molecule_ligand_62,-6.670000076293945,6.247044651806159,6.244654633698123,6.093995283497659,6.437874925423837,6.222579364210962,6.236119052200214
3RKZ_lig62to70_alpha05_molecule_lignad_65,-9.279999732971191,6.327977175877989,6.35400710281416,6.1467467405528895,6.534252382171516,6.273107517749664,6.331772136101716
3RKZ_lig62to70_alpha05_molecule_lignad_68,-8.449999809265137,6.3328540567083405,6.36152820130581,6.144903966161712,6.5400604468582175,6.280629826489145,6.337147842726817
3RKZ_lig62to70_alpha05_molecule_ligand_64,-8.890000343322754,6.284465163540403,6.280202959307633,6.151491708902836,6.461269706469308,6.236526969987805,6.292834473034431
3RKZ_lig62to70_alpha05_molecule_ligand_70,-12.739999771118164,6.322129868101947,6.330407113945245,6.130037595192263,6.5389151322313195,6.250401614684222,6.360887884456684
MHT1_lig3_alpha05_molecule_5AN26_ligand,-7.570000171661377,6.293279621892218,6.342296632699843,6.233334003537679,6.304804771652723,6.2826946208851675,6.303268080685675
MHT1_lig3_alpha05_molecule_5ANT_A_ligand,-8.550000190734863,6.280304532257442,6.333780503804894,6.203419939245032,6.277464794191503,6.293733517837231,6.29312390620855
MHT1_lig3_alpha05_molecule_5ANU_ligand,-12.960000038146973,6.321098959859557,6.403499005239742,6.152677403277053,6.318885298728977,6.393293155524744,6.337139936527274
2B8V_lig24and25_alpha05_molecule_ligand25_S,-7.53000020980835,6.401787768459348,6.613453861184536,6.111298702917525,6.423072032738128,6.466617577858282,6.394496667598273
2B8V_lig24and25_alpha05_molecule_ligand24_S,-5.440000057220459,5.929195838299738,6.0069972783289955,5.75191287279766,6.1190245106365255,5.894916634451127,5.873127895284382
ck2_custcore_hotlys_molecule_ligand_15,-10.359999656677246,6.361324729839209,6.519311460025023,6.105929134524618,6.441934176474672,6.35368549607764,6.3857633820940976
ck2_custcore_hotlys_molecule_ligand_14,-13.039999961853027,6.157818304191439,6.179175618406803,5.927726840271654,6.333326543077088,6.163683768437339,6.18517875076431
2E9P_lig4to7_alpha05_molecule_ligand_5,-11.18000030517578,6.283188484875152,6.382717743137981,6.072887921772047,6.367066343391132,6.303659795580845,6.289610620493751
2E9P_lig4to7_alpha05_molecule_ligand_7,-10.270000457763672,6.292154774055282,6.398548619469526,6.075883528277048,6.3765473141652755,6.30872028810082,6.301074120263741
2E9P_lig4to7_alpha05_molecule_ligand_4,-10.880000114440918,6.273925099408615,6.412679682306443,6.046019891090745,6.337790566647514,6.306636675960461,6.266498681037912
2E9P_lig4to7_alpha05_molecule_ligand_6,-11.09000015258789,6.289678326480794,6.392847327006363,6.074379771409206,6.366559386718777,6.31052182062239,6.304083326647232
2Q15_lig17to21_alpha05_molecule_ligand_20_S,-10.210000038146973,6.42603201709696,6.446390259801349,6.372260685789324,6.49380142898041,6.410904094028199,6.406803616885516
2Q15_lig17to21_alpha05_molecule_ligand_21,-10.56999969482422,6.42839815042731,6.4606176252911185,6.356896941772151,6.4928451557195155,6.414740788257825,6.41689024109594
2Q15_lig17to21_alpha05_molecule_ligand_18,-10.81999969482422,6.291566695396949,6.301552249781502,6.209110905536887,6.4415501135302025,6.243065842794081,6.262554365342071
2Q15_lig17to21_alpha05_molecule_ligand_17_enu,-9.81999969482422,6.3610122687443305,6.374636858989607,6.327827446394461,6.40134835125187,6.346687245930533,6.354561441155185
2Q15_lig17to21_alpha05_molecule_ligand_19,-11.289999961853027,6.42603201709696,6.446390259801349,6.372260685789324,6.49380142898041,6.410904094028199,6.406803616885516
hsp90_3hvd_custcore_molecule_lig_3B27,-7.039999961853027,6.119467780978194,6.1902712511799916,6.07272191233087,6.165239268348658,6.083273763046486,6.085832709984968
hsp90_3hvd_custcore_molecule_18_minimized,-13.177300453186035,6.278476673447488,6.388774287022955,6.103040339405028,6.382059301334483,6.275460806952571,6.243048632522404
hsp90_3hvd_custcore_molecule_8__3VHA,-10.15248966217041,6.164799395255636,6.195897416533399,6.114016610621362,6.230302358577138,6.13936628658496,6.144414303961319
hsp90_3hvd_custcore_molecule_13,-11.26364040374756,6.183234401474634,6.218578986776385,6.140500156954236,6.26907996204175,6.14351910323829,6.144493798362508
hsp90_3hvd_custcore_molecule_9,-9.71030044555664,6.166795884259261,6.205865991770256,6.104937296649202,6.234734480480217,6.143203083836202,6.145238568560431
hsp90_3hvd_custcore_molecule_16__3VHD,-12.74081039428711,6.269184799229728,6.376690115638877,6.102782953260058,6.367301944497526,6.262329917061984,6.236819065690195
hsp90_3hvd_custcore_molecule_11__3VHC,-12.194700241088867,6.162900813151799,6.21792790703751,6.082312096368877,6.252613194794608,6.128582985434583,6.133067882123412
hsp90_3hvd_custcore_molecule_12,-11.158180236816406,6.180761390967365,6.21212692670429,6.139781421432985,6.259543821030211,6.14605035726451,6.146304428404827
hsp90_3hvd_custcore_molecule_7,-9.497720718383787,6.160908218121247,6.203024710388668,6.104814155665506,6.228459808757834,6.130909451277825,6.137332964516404
hsp90_3hvd_custcore_molecule_17__top_conformer,-12.927749633789062,6.284724004882215,6.408185891549643,6.09670068156872,6.3672014752255235,6.296341979422566,6.255189996644621
Fxa_2ei8_molecule_Edoxaban,-12.59000015258789,6.177279049859742,6.26603639932083,6.035121105494498,6.316502898572179,6.18127065873847,6.087464187172731
Fxa_2ei8_molecule_4d,-11.720000267028809,6.1920374649305066,6.260236644452178,6.085993814185318,6.283732374678556,6.199188879973192,6.131035611363288
Fxa_2ei8_molecule_4c,-11.789999961853027,6.1920374649305066,6.260236644452178,6.085993814185318,6.283732374678556,6.199188879973192,6.131035611363288
TPSB2_3v7t_molecule_1,-10.460000038146973,6.177092952073691,6.274979085659367,6.057912596137133,6.225878655274802,6.140378141957634,6.1863162813395185
TPSB2_3v7t_molecule_2,-9.84000015258789,6.185377055486086,6.281665369773,6.058077501025251,6.2333674674481,6.150804601368227,6.2029703378158505
Bace1_4zsp_molecule_31,-8.350000381469727,6.307890061960708,6.4259398123075915,6.196317656749485,6.397876898218148,6.255325808597401,6.263990133930919
Bace1_4zsp_molecule_7,-7.710000038146973,6.287762016334917,6.389892093870504,6.222924404059436,6.318156876929335,6.231830583347423,6.276006123467886
Bace1_4zsp_molecule_6,-7.829999923706055,6.236181920759177,6.342611181907522,6.130917478541618,6.294597962485796,6.215856810893281,6.196926169967665
EZH2_5ij7_corehop_molecule_22,-9.6899995803833,6.276929401261771,6.315802634811437,6.206251635762825,6.315793781733685,6.369187894179889,6.177611059821021
EZH2_5ij7_corehop_molecule_31,-10.270000457763672,6.200202079634165,6.22046082794449,6.176728979864846,6.233543464701005,6.24043281659854,6.129844309061944
EZH2_5ij7_corehop_molecule_29,-10.270000457763672,6.205046171079151,6.223257941066979,6.184168843479086,6.246802906732198,6.244538935665713,6.1264622284517785
EZH2_5ij7_corehop_molecule_27,-8.369999885559082,6.274951271577163,6.32292275059494,6.202260417647105,6.305037661682847,6.365076025057286,6.179459502903641
CHK1_3u9n_corehop_molecule_17,-9.715999603271484,6.211754735261036,6.2573071486572385,6.070359212894913,6.337515681099918,6.189907859275519,6.203683774377589
CHK1_3u9n_corehop_molecule_1,-9.699999809265137,6.16710713091965,6.207289825488632,5.9881473780888435,6.289432082465804,6.175494356265897,6.17517201228907
CHK1_3u9n_corehop_molecule_21,-9.142000198364258,6.174912049907404,6.234376231469131,5.981219212991849,6.2866417493045885,6.192446669285501,6.17987638648595
CHK1_3u9n_corehop_molecule_20,-9.208000183105469,6.177500748447258,6.230633747233378,5.990503972089105,6.2909448844086135,6.192531156466205,6.182889982038988
CHK1_3u9n_corehop_molecule_19,-8.54800033569336,6.212780119517133,6.250366630933094,6.080104888987741,6.331057867599082,6.201205400170303,6.201165809895443
a2a_hip278_molecule_4g,-11.064042091369627,6.1379226910871365,6.079443255972267,6.211715221152844,6.21377795413657,6.083978219468836,6.100698804705165
a2a_hip278_molecule_4h,-10.654767990112305,6.2077134530816975,6.183782825082051,6.2771971973877605,6.24659788758926,6.161231603327336,6.169757752022077
a2a_hip278_molecule_4jS,-10.886690139770508,6.189137560969665,6.176708364465034,6.274263496044843,6.222273956987766,6.130304641504066,6.142137345846619
a2a_hip278_molecule_4kU,-11.541528701782228,6.256126431902993,6.236498724431857,6.32120129984271,6.3092155594160975,6.1658912464041125,6.247825329420187
a2a_hip278_molecule_4lD,-11.377819061279297,6.316908426155787,6.279566227952941,6.3703769598339255,6.383612029919214,6.252954141263979,6.298032771808877
a2a_hip278_molecule_4i,-10.313706398010254,6.238356898976521,6.230873492567665,6.263775511527174,6.279838848884267,6.223768841169624,6.193527800733876
a2a_hip278_molecule_4a,-9.41330337524414,6.091625730200648,6.020702297439105,6.184014741317272,6.163052450429038,6.025326215778058,6.065032946039765
a2a_hip278_molecule_4b_D,-9.959002494812012,6.159535096899398,6.166131275668641,6.219053738640131,6.190839750215941,6.0978340055845575,6.123816714387718
a2a_hip278_molecule_4c,-11.459673881530762,6.201584401246785,6.217542397493302,6.2502697390494735,6.232734583568615,6.149455885120235,6.157919401002296
a2a_hip278_molecule_4d,-10.504701614379885,6.130594681953083,6.059690410088186,6.21361612731887,6.208573589012936,6.075763909904662,6.095329373440763
a2a_hip278_molecule_4o,-11.35667324066162,6.129983741538526,6.10877846885603,6.159312805304873,6.183939170080393,6.074193564774904,6.123694698676426
a2a_hip278_molecule_4f,-11.44603157043457,6.174234806382332,6.176594315614235,6.195577979444002,6.222173690969863,6.123917149273687,6.152910896609874
a2a_hip278_molecule_4e_D,-12.073585510253906,6.197303417819733,6.245199902113956,6.196894542785697,6.2187760111032135,6.158920381475807,6.166726251619994
a2a_hip278_molecule_4m_D,-10.550403594970703,6.161927496183223,6.174732958669197,6.217256828829546,6.195004182881463,6.111406718381519,6.111236792154386
a2a_hip278_molecule_4q,-8.886704444885254,6.091039573999485,6.0194261999860545,6.176763249038475,6.168909516826826,6.029267645567318,6.060831258578747
a2a_hip278_molecule_4n,-11.550395965576172,6.217194794251761,6.241705053324621,6.249162570812159,6.24767875739891,6.177204326257018,6.170223263466095
a2a_hip278_molecule_4r_U,-11.461993217468262,6.374265872988498,6.41093875314643,6.3896078337376325,6.400853052158594,6.3102685030233765,6.359661222876459
a2a_hip278_molecule_4o_deprotonated,-11.35667324066162,6.102066719631358,6.028975260642927,6.19108420032141,6.174530717800272,6.039484885244372,6.076258534147809
a2a_hip278_molecule_4eD_deprotonated,-12.073585510253906,6.171196424450146,6.1657593793573895,6.23139238032741,6.210159492995061,6.123741967775773,6.124928901795098
a2a_hip278_molecule_4f_deprotonated,-11.44603157043457,6.146073280327755,6.085299285289143,6.22986584776917,6.213415299030718,6.092746343157516,6.10903962639223
ox2_hip_custcore_molecule_set_1__1,-10.978231430053713,6.329085337553129,6.400731693067542,6.248397722498807,6.419299724347786,6.32363060474144,6.253366943110067
ox2_hip_custcore_molecule_set_1__2,-10.049724578857422,6.394159320089735,6.463456600782458,6.340110772147591,6.468657735226373,6.3568597198814025,6.341711772410849
ox2_hip_custcore_molecule_set_1__3,-8.59611988067627,6.357882818653137,6.393565936832039,6.284014744623465,6.448124766992377,6.338587123871532,6.325121520946273
ox2_hip_custcore_molecule_set_1__4,-10.603745460510254,6.382032276928574,6.446540348502792,6.304729170514202,6.468337093262381,6.374634786365554,6.315919985997942
ox2_hip_custcore_molecule_set_1__5,-10.885735511779783,6.385334112106529,6.481712846737695,6.282074157207799,6.44823421958375,6.403735966616189,6.310913370387209
ox2_hip_custcore_molecule_set_1__6,-10.013026237487791,6.4171528503083595,6.474618677325346,6.367717709272741,6.502082114179496,6.3776504668061325,6.363695283958078
ox2_hip_custcore_molecule_set_1__7,-11.577681541442873,6.388721967194312,6.493830532618253,6.26613822602524,6.456442396097148,6.409209084461679,6.317989596769236
ox2_hip_custcore_molecule_set_1__8,-10.151361465454102,6.341611996581537,6.402463915796002,6.2620197282207215,6.418619274088623,6.343752619894925,6.281204444907411
ox2_hip_custcore_molecule_set_1__9,-8.624086380004883,6.352090437682949,6.439639258025436,6.220988496745968,6.457190398193959,6.339291257824393,6.303342777624993
ox2_hip_custcore_molecule_set_1__10,-10.316571235656738,6.322058679382513,6.465289116325808,6.1800216424386445,6.393571299516277,6.298992054435806,6.272419284196027
ox2_hip_custcore_molecule_set_1__11,-11.125433921813965,6.385702138856098,6.465111234511298,6.267612101136649,6.459959073569842,6.412842881945956,6.322985403116748
ox2_hip_custcore_molecule_set_1__12,-10.54126262664795,6.378252000654205,6.467017726081219,6.291086547151166,6.438483895742351,6.375570069354324,6.31910176494197
ox2_hip_custcore_molecule_set_1__13,-8.972378730773926,6.263884710124104,6.328097707127183,6.174291325155556,6.365757242355061,6.2351950568455505,6.21608221913717
ox2_hip_custcore_molecule_set_1__14,-11.169498443603516,6.335298768557903,6.4184862643730325,6.243061046070494,6.396598290275443,6.343652617905151,6.274695624165399
ox2_hip_custcore_molecule_set_1__15,-6.821234703063965,6.299216911756579,6.334699268418367,6.217498982469036,6.389519253486263,6.29560236591834,6.258764688490888
ox2_hip_custcore_molecule_set_1__16,-10.950536727905272,6.38183653995393,6.435937974103557,6.3378944961286185,6.453054137189038,6.362486248236745,6.319809844111693
ox2_hip_custcore_molecule_set_1__17,-6.883717060089111,6.3411008253384065,6.46648533467584,6.190790497027441,6.4383497357040325,6.3136305471823295,6.296248012102389
ox2_hip_custcore_molecule_set_1__18,-8.276204109191895,6.339030170612055,6.386373965540528,6.2643132370736145,6.392163329811948,6.362567718048272,6.289732602585914
ox2_hip_custcore_molecule_set_1__19,-7.515090465545654,6.35063327512364,6.427859416220668,6.25749045130825,6.419905931554991,6.358274203624882,6.289636372909405
ox2_hip_custcore_molecule_set_1__20,-10.399927139282228,6.361733416300055,6.427392666717147,6.263426867525289,6.436785496993999,6.3788269144270915,6.3022351358367485
ox2_hip_custcore_molecule_set_1__21,-8.688343048095703,6.353698687786876,6.450322571098159,6.287698665468491,6.404191170100468,6.326943593136402,6.299337439130857
ox2_hip_custcore_molecule_set_1__22,-10.420527458190918,6.357344171467536,6.4173131300664625,6.28055466068227,6.447001854273992,6.348705374050513,6.29314583826444
ox2_hip_custcore_molecule_set_1__23,-10.080965995788574,6.487315768787366,6.558331932290502,6.413166486562168,6.577684579934124,6.430433777278961,6.456962067871076
ox2_hip_custcore_molecule_set_1__24,-10.443309783935549,6.407489942395996,6.526670805447174,6.230829005752582,6.490138684350696,6.42525440608152,6.364556810348004
ox2_hip_custcore_molecule_set_1__25,-11.097330093383787,6.439623017721814,6.516015326577565,6.3445951783968955,6.519422957346125,6.43806568693821,6.38001593935028
ox2_hip_custcore_molecule_set_1__26,-11.387232780456545,6.36933447845661,6.4533922273733415,6.246451205238309,6.443213669158035,6.393131244389944,6.310484046123416
ox2_hip_custcore_molecule_set_1__27,-10.95654010772705,6.341005314178391,6.402561327957542,6.2620197282207215,6.418619274088623,6.340621795717651,6.281204444907411
ox2_hip_custcore_molecule_set_2__1,-9.413166999816896,6.326287032383448,6.4266169966859445,6.231149835657678,6.381699326145234,6.3008602719469575,6.291108731481423
ox2_hip_custcore_molecule_set_2__2,-8.611808776855469,6.373916218795574,6.417008945023608,6.2641515864782304,6.468950796033541,6.362586922367569,6.356882844074923
ox2_hip_custcore_molecule_set_2__3,-9.46992015838623,6.310548419438465,6.358960061152153,6.233060823845966,6.393026530238979,6.2855774271752045,6.282117254780023
ox2_hip_custcore_molecule_set_2__4,-9.716166496276855,6.33552979263943,6.444288248930643,6.210482407399478,6.41082445244128,6.326088316206148,6.285965538219599
ox2_hip_custcore_molecule_set_2__5_adjust,-10.85299301147461,6.4218715923930585,6.490350040687932,6.325348793285246,6.524364295598493,6.382794690056081,6.386500142337545
ox2_hip_custcore_molecule_set_2__6,-10.490240097045898,6.303526820962821,6.379357345217018,6.191024079726982,6.395075802411657,6.2819982129195,6.270178664538949
ox2_hip_custcore_molecule_set_2__7,-7.945237636566162,6.374160075657818,6.425806732983257,6.312286777011863,6.465501557109765,6.314160694163375,6.353044617020827
ox2_hip_custcore_molecule_set_2__8,-10.95654010772705,6.313104032387199,6.403461142397358,6.220356288741644,6.379851227721114,6.288382075281525,6.2734694277943515
ox2_hip_custcore_molecule_set_2__9,-10.010706901550291,6.3829197634809605,6.431690290179316,6.3056513715543625,6.48132232892804,6.343222056349042,6.352712770394043
ox2_hip_custcore_molecule_set_2__10,-6.852475643157959,6.484314709546828,6.539631305452181,6.371430102910584,6.58419260702921,6.457889797997795,6.468429734344374
ox2_hip_custcore_molecule_set_2__11,-9.472103118896484,6.301224369548164,6.34604313499932,6.22312780361403,6.37794002944223,6.295411474647232,6.2635994050380095
ox2_hip_custcore_molecule_set_2__12,-9.990925788879396,6.311739274811873,6.367659068616454,6.215312557043366,6.400478698310926,6.303309620066272,6.271936430022349
ox2_hip_custcore_molecule_set_2__13,-10.815340042114258,6.285163458058027,6.329442969424783,6.220531813236183,6.370740315353471,6.2518967321182615,6.253205460157435
ox2_hip_custcore_molecule_set_2__14,-10.7535400390625,6.324811887349872,6.395268130738572,6.2737346372741705,6.3792473624312045,6.28564344053884,6.290165865766573
ox2_hip_custcore_molecule_set_2__15,-9.641133308410645,6.443510104202149,6.494119657111614,6.331378328284479,6.541170248172952,6.423772657224914,6.427109630216783
ox2_hip_custcore_molecule_set_2__16,-9.674556732177734,6.336560483522761,6.354647332642944,6.271932019549098,6.42158228175087,6.321643639215959,6.312997144454933
ox2_hip_custcore_molecule_set_2__17,-9.98465061187744,6.111806944744864,6.132942751477236,6.01277600199912,6.243604774692405,6.129438637543812,6.040272558011747
ox2_hip_custcore_molecule_set_2__18,-9.408119201660156,6.433009535710889,6.519857815176843,6.335618588525854,6.494400373005979,6.428117109179867,6.387053792665899
ox2_hip_custcore_molecule_set_2__19,-9.02353858947754,6.304723099616785,6.338120673164618,6.243549842613017,6.383533735815123,6.291422644846666,6.266988601644498
ox2_hip_custcore_molecule_set_2__20,-11.045079231262209,6.30191966692732,6.374781024383513,6.193245161785924,6.394820090700069,6.278194320611901,6.268557737155196
ox2_hip_custcore_molecule_set_2__21,-10.565683364868164,6.385736381216661,6.498803501133793,6.268525329744016,6.461903958878544,6.378511084929417,6.320938031397536
ox2_hip_custcore_molecule_set_2__22,-8.531181335449219,6.342577358163292,6.384990232521081,6.225621877254862,6.445577996780903,6.3283845563935825,6.32831212786603
ox2_hip_custcore_molecule_set_2__23,-10.52380084991455,6.3764754845406895,6.467304797250042,6.296963022994119,6.440600064257954,6.352743434331902,6.32476610386943
ox2_hip_custcore_molecule_set_2__24,-9.534994125366213,6.385746045366553,6.4848973006070025,6.271018055641481,6.456072670219567,6.385908397312269,6.330833803052445
p2y1_meta_sub_molecule_16,-11.216630935668944,6.050430831682996,6.084604314824074,6.02449325552211,6.141075307580381,5.998666241857931,6.003315038630486
p2y1_meta_sub_molecule_11a,-7.774801731109619,6.025810348199416,6.061197547984483,5.984286341666746,6.1064070321006305,5.967676029813923,6.0094847894312995
p2y1_meta_sub_molecule_6e,-9.403467178344728,6.068158111142112,6.114621503048207,6.036922955625836,6.1469048861739095,5.991255669133177,6.051085541729427
p2y1_meta_sub_molecule_11c,-10.20659351348877,6.043353451850711,6.079958806630969,6.008802199792963,6.1246236508078,5.9872102553014415,6.016172346720387
p2y1_meta_sub_molecule_6b,-9.99706745147705,6.061887047141467,6.10480223922199,6.029808753327164,6.1300416496835455,5.99679194345786,6.047990650016776
p2y1_meta_sub_molecule_1,-9.720174789428713,6.078614498098985,6.138504565287387,6.048786147331228,6.145565373647389,5.996859161559912,6.063357242669011
p2y1_meta_sub_molecule_6a,-9.231863975524902,6.053658714040209,6.104188999671808,6.0142103172650385,6.133433557256678,5.989026091082798,6.027434604924719
p2y1_meta_sub_molecule_6f,-9.329582214355469,6.072287015979442,6.130979697889761,6.036111129486997,6.141688096796926,5.9920241740538245,6.060631981669701
p2y1_meta_sub_molecule_6h,-9.984593391418455,6.062545370941451,6.113295709949439,6.036285582205342,6.141082678706089,5.9832213664020335,6.03884151744435
p2y1_meta_sub_molecule_6d,-8.4812650680542,6.068684748943962,6.123780748554468,6.024137873336825,6.147717519140958,5.99627916122555,6.051508442462013
p2y1_meta_sub_molecule_6i,-10.24363613128662,6.058314251222695,6.099265419681658,6.04063662311503,6.126719772007561,5.982894319447497,6.042055121861728
p2y1_meta_sub_molecule_6g,-9.769577026367188,6.0692392769127865,6.1387022944971665,6.028785528823134,6.134499144867959,5.998838551486259,6.045370864889414
p2y1_meta_sub_molecule_6n,-8.517489433288574,6.072655620610577,6.129607457220416,6.039058298790692,6.145704045983957,5.990996581209906,6.057911719847912
p2y1_meta_sub_molecule_6m,-8.589093208312988,6.062319239223429,6.105840516436636,6.037824641555286,6.134014607763807,5.9840582132840945,6.0498582170773245
p2y1_meta_sub_molecule_6p,-9.653029441833496,6.075533606260633,6.139768889018326,6.030436994543125,6.14369638655311,6.003063949007895,6.060701812180712
p2y1_meta_sub_molecule_6k,-10.303940773010254,6.070783470288215,6.105523754372875,6.04601202961224,6.140416432943201,6.003129091671397,6.058836042841364
p2y1_meta_sub_molecule_6o,-8.446208000183105,6.069526818156706,6.124306860197798,6.025897387800899,6.173470944596641,5.979909679428988,6.0440492187592
p2y1_meta_sub_molecule_6q,-9.238834381103516,6.088168198523259,6.16120306100994,6.046489482748824,6.155901675046481,6.012868226573494,6.064378547237552
p2y1_meta_sub_molecule_6l,-10.474388122558594,6.073959753959198,6.1208482608401695,6.037806231060024,6.1600440495018995,5.997689158243239,6.053411070150656
p2y1_meta_sub_molecule_6j,-8.873682975769043,6.085831393576472,6.151597075976856,6.051526609986895,6.157860411084131,6.006635053686942,6.061537817147535
p2y1_ortho_sub_molecule_16,-11.216630935668944,6.047174961501382,6.070928343961677,6.0286130583449005,6.151304357944384,5.982692589044518,6.002336458211433
p2y1_ortho_sub_molecule_11b,-10.565719604492188,6.038506716774696,6.052745278768758,6.028741403767863,6.130320280419107,5.968840811333111,6.011885809584649
p2y1_ortho_sub_molecule_17,-11.046183586120604,6.017880180307713,6.0218982681247395,6.00918760226711,6.117148522769239,5.962004319924699,5.979162188452778
p2y1_ortho_sub_molecule_14,-9.21816349029541,5.959851519731112,5.948240170587866,5.954140869325219,6.061217606203019,5.923943601672376,5.911715350867079
p2y1_ortho_sub_molecule_11e,-9.704582214355469,6.03592885220277,6.060579846299654,6.013889785761141,6.111194376596547,5.978299859721872,6.015680392634637
p2y1_ortho_sub_molecule_11d,-10.303940773010254,6.027651299923076,6.063782720352822,6.0123225774341424,6.128671256370159,5.947277502672516,5.986202442785741
p2y1_ortho_sub_molecule_11f,-9.228408813476562,6.071972855954192,6.107059479273529,6.071471361707845,6.135868464976212,5.997145564980862,6.048319408832511
p2y1_ortho_sub_molecule_18,-11.125299453735352,6.0025559614090485,6.02401600316896,5.991320604956925,6.114471103359705,5.930345597684505,5.952626497875143
p2y1_ortho_sub_molecule_12,-11.125299453735352,6.018037688333878,6.020768236140075,6.009223154546438,6.118901627578886,5.957419620477898,5.983875802926095
p2y1_ortho_sub_molecule_11a,-7.774801731109619,6.012927957308742,6.037942868765057,5.980099472320685,6.111347993743559,5.951481174620822,5.983768277093586
p2y1_ortho_sub_molecule_19,-10.635504722595217,6.031866391009,6.068607849451788,6.011572129924775,6.1512578693744935,5.950488176672613,5.977405929621331
p2y1_ortho_sub_molecule_13,-10.5032958984375,5.960792206559982,5.946030807490968,5.959660683985866,6.063253128617087,5.924419557685353,5.9105968550206365
bace_keranen_p2_molecule_29,-9.989999771118164,6.260815579770606,6.18687210451919,6.372254449630738,6.36957170770325,6.125371635250923,6.250008001748932
bace_keranen_p2_molecule_30,-10.359999656677246,6.228905049309374,6.228182272826236,6.298052240239888,6.320438718384832,6.09197778054129,6.205874234554622
bace_keranen_p2_molecule_31,-10.359999656677246,6.2361077129689155,6.2073155296627345,6.312905310599067,6.328880780546929,6.103276843368335,6.228160100667513
bace_keranen_p2_molecule_32,-10.359999656677246,6.2709674249178535,6.234441775375537,6.360340785990885,6.357006504415358,6.136458589354208,6.266589469453276
bace_keranen_p2_molecule_33,-10.239999771118164,6.215771054819841,6.170119540492603,6.298796689395976,6.319803696432977,6.086486760548412,6.203648587229241
bace_keranen_p2_molecule_34,-10.149999618530272,6.367111165453138,6.3811668697990696,6.375299708205414,6.443475079153904,6.262154853832174,6.373459316275127
bace_keranen_p2_molecule_35,-9.8100004196167,6.357551649569766,6.314352475626032,6.40981365292478,6.440220947810936,6.291480268936777,6.3318909025503025
bace_keranen_p2_molecule_36_out,-10.359999656677246,6.246315434912914,6.2215022853357524,6.323000705407567,6.317690670006682,6.113659402002586,6.255724111811979
bace_keranen_p2_molecule_37_out,-10.5600004196167,6.253029062732956,6.230367207227425,6.3171996458042425,6.328503533103472,6.13664582070598,6.252429106823662
bace_keranen_p2_molecule_39_out,-9.68000030517578,6.256403013050951,6.196072547876243,6.355732042754377,6.362502865015438,6.118002640432629,6.249704969176063
bace_keranen_p2_molecule_38_out,-10.489999771118164,6.256719221791129,6.25303901063944,6.3502121975745975,6.306852553643629,6.121482402196801,6.252009944901179
bace_keranen_p2_molecule_28_out,-10.489999771118164,6.2216257882848875,6.137084033611211,6.317815747064589,6.32767721259946,6.104336042790683,6.221215905358494
bace_ciordia_retro_molecule_1a,-6.084681987762451,6.207070545741702,6.256365561526535,6.139061969450456,6.289197200747071,6.130519201904999,6.220208795079448
bace_ciordia_retro_molecule_11,-8.703369140625,6.222066326994696,6.173331818418722,6.334117281822689,6.269240237837253,6.099791167443177,6.23385112945164
bace_ciordia_retro_molecule_12,-10.45694637298584,6.292742629269419,6.297701930402247,6.388850412964915,6.308296729989287,6.176957662879669,6.291906410110978
bace_ciordia_retro_molecule_13,-9.64326286315918,6.289308113121844,6.234601498036843,6.387568734286594,6.345490560807334,6.1653172565640535,6.313562515914393
bace_ciordia_retro_molecule_14,-9.8362398147583,6.3254324813613625,6.299235474743665,6.428670506595833,6.351790479504314,6.203780145230061,6.3436858007329375
bace_ciordia_retro_molecule_15,-7.917439460754394,6.268207117432374,6.225113105141859,6.360958126610008,6.327422305394997,6.138171209011357,6.2893708410036515
bace_ciordia_retro_molecule_16,-7.057740211486816,6.3208538476811436,6.296136754431541,6.413520518608953,6.3635410037682405,6.191413927639394,6.339657033957589
bace_ciordia_retro_molecule_17,-10.365072250366213,6.347793328654951,6.353534490120969,6.387487879810021,6.380967963714067,6.273068069088184,6.343908240541514
bace_ciordia_retro_molecule_18,-9.900985717773438,6.381349194787925,6.370036622063333,6.446147157946727,6.404947101880543,6.287206550584735,6.398408541464287
bace_ciordia_retro_molecule_19,-9.910837173461914,6.3739815809966744,6.355336233665986,6.441054216650214,6.3978030931238195,6.279532424135541,6.39618193740781
bace_ciordia_retro_molecule_20,-10.167583465576172,6.350615958667345,6.3688686858217265,6.4003280585330495,6.37489679469142,6.26442525759268,6.344560996697849
bace_ciordia_retro_molecule_21,-10.215289115905762,6.341626379663092,6.35371449345299,6.398833115073861,6.350877146300266,6.25501818222857,6.349688961259777
bace_ciordia_retro_molecule_22,-7.606921672821045,6.318843547910822,6.294741405089862,6.418112945041765,6.397461637856352,6.157882838905235,6.326018912660898
bace_ciordia_retro_molecule_23,-9.818963050842283,6.312587845455228,6.310281610826585,6.399741643679988,6.3134028371096615,6.2103607152967015,6.329152420363199
bace_ciordia_retro_molecule_24,-9.785843849182127,6.351083557400607,6.330506264488563,6.459986534323885,6.360966788632549,6.234361717630121,6.369596481927914
bace_ciordia_retro_molecule_25,-8.870043754577637,6.266639800795576,6.217241525174132,6.362002458700626,6.295967218631954,6.177369078877107,6.280618722594065
bace_ciordia_retro_molecule_26,-10.365072250366213,6.365878196965161,6.380672428155845,6.4770987908901905,6.393059373154058,6.2035666993569425,6.374993693268771
bace_ciordia_retro_molecule_27,-9.612375259399414,6.276873969600008,6.251867998987511,6.381870859216493,6.294915524561716,6.162928224603553,6.292787240630766
bace_ciordia_retro_molecule_28,-8.997004508972168,6.3621794756387064,6.450787604809258,6.231358226609224,6.441893431620163,6.314520199528954,6.372337915625933
bace_ciordia_retro_molecule_29,-8.735666275024414,6.24340926460536,6.295164733699982,6.179293717834947,6.3353204757264745,6.16491733098718,6.24235006477821
bace_ciordia_retro_molecule_30,-6.947381496429443,6.29282682779265,6.355580897562145,6.182114297015056,6.382172551100916,6.24611526792039,6.298151125364744
bace_ciordia_retro_molecule_31,-9.533543586730955,6.232177362084107,6.196141271272548,6.316721011338334,6.288777842869515,6.111535325846412,6.247711359093724
bace_ciordia_retro_molecule_32,-7.721524715423584,6.232314986525851,6.1905982804335045,6.31484542813997,6.29695787797063,6.110710240849374,6.248463105235775
bace_ciordia_retro_molecule_33,-7.13992166519165,6.228224253216942,6.193863527064073,6.3099647298573025,6.283968191950674,6.110163038206782,6.243161779005877
bace_ciordia_retro_molecule_34,-10.24935531616211,6.306702382789011,6.317677729300273,6.366918590973143,6.333623997411189,6.194790004440154,6.320501591820291
bace_ciordia_retro_molecule_35,-9.881757736206056,6.360842352236529,6.346662116607313,6.436422897678025,6.380711803795067,6.249764998126341,6.3906499449759
bace_ciordia_retro_molecule_36,-10.97872543334961,6.293741079199374,6.2468582520655715,6.354410439987705,6.349121472744645,6.196606642927524,6.321708588271428
bace_ciordia_retro_molecule_37,-9.450016021728516,6.282450883769469,6.238623717980458,6.3631002438273345,6.319983985304016,6.1806272588180455,6.309919212917488
bace_ciordia_retro_molecule_38,-9.384933471679688,6.289610318240129,6.272415279096083,6.362098617215298,6.3213566592076695,6.178157027322621,6.314024008358976
bace_ciordia_retro_molecule_39,-9.360767364501951,6.2407207499971795,6.226868296618926,6.289129013819496,6.308329292068323,6.123552532965334,6.255724614513821
bace_ciordia_retro_molecule_40,-8.64596939086914,6.270719860518701,6.252546887190812,6.315990476563776,6.325328177461012,6.170583577636192,6.289150183741714
bace_ciordia_retro_molecule_41,-9.109971046447754,6.160017614731556,6.099791337894475,6.174091477298125,6.191243809210311,6.124798747529806,6.210162701725062
bace_ciordia_retro_molecule_30_protonated,-6.947381496429443,6.279700130917326,6.333246861209877,6.176499066567659,6.361525504435113,6.237944452591561,6.289284769782422
bace_p3_arg368_in_molecule_8a,-7.789851188659668,6.108837161108064,6.137526211919039,6.054998506846512,6.162709325462078,6.050149312155365,6.138802449157325
bace_p3_arg368_in_molecule_8b,-8.512900352478027,6.1173489887601535,6.158612033753951,6.106674477663234,6.145832124856344,6.0331046348635375,6.142521672663703
bace_p3_arg368_in_molecule_8c,-8.308263778686523,6.113798974760206,6.111119937511816,6.1008166445396546,6.198947859981959,6.003615956964717,6.154494474802878
bace_p3_arg368_in_molecule_8d,-8.349190711975098,6.17308483979612,6.207809993827255,6.155149606356777,6.227506343433689,6.073803234781317,6.20115502058156
bace_p3_arg368_in_molecule_8e,-8.417403221130371,6.245712593860324,6.3266712731822725,6.236737421522505,6.26689812645602,6.122119516996973,6.2761366311438485
bace_p3_arg368_in_molecule_8f,-7.462430953979492,6.157078974560529,6.206127181357727,6.131909831720967,6.194346753745275,6.073055281103707,6.179955824874975
bace_p3_arg368_in_molecule_8g,-10.35463523864746,6.164543048683107,6.2155835980851695,6.147940593179544,6.20746325274301,6.063414561863987,6.188313237543829
bace_p3_arg368_in_molecule_17a,-10.94126033782959,6.129737013793056,6.155892319833569,6.068165037260377,6.193581365103768,6.072752105543426,6.158294241224138
bace_p3_arg368_in_molecule_17b,-11.5824556350708,6.126274147185346,6.178288964561262,6.107657667532039,6.163391335467431,6.045339542677958,6.136693225688042
bace_p3_arg368_in_molecule_17c,-11.74616527557373,6.138211798149458,6.138940845917739,6.116655247545543,6.223113607664398,6.039109063826632,6.173240225792974
bace_p3_arg368_in_molecule_17d,-11.391462326049805,6.179810220402874,6.218311138536693,6.165782560223686,6.237145992206478,6.077639019463897,6.200172391583618
bace_p3_arg368_in_molecule_17e,-11.95080280303955,6.26606437841276,6.343687104959285,6.251919089704356,6.285426901213375,6.158979896866449,6.290308899320337
bace_p3_arg368_in_molecule_17f,-11.637025833129885,6.183724270847147,6.237815274434847,6.156828277714844,6.214537840209782,6.112434078078183,6.197005883798078
bace_p3_arg368_in_molecule_17g,-11.118612289428713,6.185193530617881,6.245059325679481,6.164985395613137,6.220955012293509,6.094414852770544,6.200553066732733
bace_p3_arg368_in_molecule_27a,-9.154098510742188,6.144644393681264,6.186451797572094,6.0940827546326855,6.19732910172934,6.089760372212841,6.155597942259362
bace_p3_arg368_in_molecule_27b,-9.972644805908203,6.145990765978214,6.210373959647691,6.137454853553912,6.17567623033223,6.06389015297402,6.142558633383218
bace_p3_arg368_in_molecule_27c,-10.013572692871094,6.179470763739914,6.186336120711501,6.186747542574306,6.248582735752222,6.064846373606134,6.210841046055409
bace_p3_arg368_in_molecule_27d,-9.276880264282228,6.196704038044798,6.2444237954241135,6.195673700766324,6.2467431426319875,6.092272045834104,6.204407505567459
bace_p3_arg368_in_molecule_27e,-9.358736038208008,6.288512808743463,6.364704234942913,6.282236206487454,6.306365794412775,6.177006555611442,6.312251252262729
bace_p3_arg368_in_molecule_27f,-9.099527359008787,6.19810022446153,6.255874049951607,6.1817769279914225,6.228814172831694,6.119731971491604,6.204304000041325
bace_p3_arg368_in_molecule_27g,-12.250936508178713,6.20415059143097,6.272350350153987,6.1946435301231055,6.234242506243012,6.099930316923198,6.219586253711547
bace_ciordia_prospective_molecule_spiro16,-8.180000305175781,6.434558200964989,6.430630011505238,6.490089160604212,6.432753972156411,6.357207939657052,6.462109920902028
bace_ciordia_prospective_molecule_spiro5,-7.760000228881836,6.376725826508207,6.370032066508719,6.4598299524807175,6.387646739920891,6.29625948400522,6.369860889625489
bace_ciordia_prospective_molecule_spiro2,-7.03000020980835,6.30426023195072,6.29722397780969,6.363954849527251,6.32565038247363,6.2048060493895,6.3296659005535325
bace_ciordia_prospective_molecule_spiro10,-8.5,6.417887433894835,6.431299262674571,6.486995002075287,6.382707992942322,6.350559899624202,6.43787501215779
bace_ciordia_prospective_molecule_spiro3,-8.979999542236328,6.380130822221344,6.4466218427707584,6.419129564837972,6.343499892990454,6.313444153425118,6.377958657082416
bace_ciordia_prospective_molecule_spiro6,-9.529999732971191,6.373454747778623,6.3393364237253795,6.462567258050223,6.367183130767248,6.311518476493948,6.386668449856317
bace_ciordia_prospective_molecule_spiro4,-7.619999885559082,6.39201888441352,6.387401824487792,6.474563385742005,6.379246040736962,6.324427047755607,6.394456123345235
bace_ciordia_prospective_molecule_spiro1,-7.519999980926514,6.349751170739291,6.355877233814577,6.412554761426538,6.362651754632321,6.244655937831568,6.373016165991447
bace_ciordia_prospective_molecule_spiro15,-9.050000190734863,6.405280480242979,6.418825542674559,6.474589699917595,6.426648021215021,6.314749509905168,6.391589627502554
renin_customcore_molecule_b1i5k_xray,-11.867584228515623,6.126648947985629,6.197170196545933,6.097373654255654,6.207294868453119,6.092703252989757,6.038702767683679
renin_customcore_molecule_b1i5j,-11.456809043884276,6.15860259288444,6.227277616327467,6.1130553712192865,6.2235813062877305,6.1461217579561644,6.082976912631553
renin_customcore_molecule_b1i2n,-10.976457595825195,6.101833783430366,6.083475192361517,6.1142369490577995,6.192973548921304,6.103328686581966,6.015154540229244
renin_customcore_molecule_b1i5i,-11.456809043884276,6.135397258362635,6.154695828811549,6.068052434444294,6.203155427730562,6.158526837062137,6.092555763764629
renin_customcore_molecule_b1i5h,-10.805927276611328,6.2287130703010565,6.220285674281584,6.217754233626698,6.331231305315963,6.186470230279621,6.187823908001415
renin_customcore_molecule_b1i5l,-9.65300178527832,6.138536543953029,6.129253984809865,6.146922053522223,6.204718958009693,6.149987746627121,6.0617999767962365
renin_customcore_molecule_b1i5n,-10.243584632873535,6.200486813192256,6.2489455570533305,6.1466522408628395,6.274408369093874,6.142677652164366,6.18975024678687
renin_customcore_molecule_b1a2m,-9.60566234588623,6.020227087372347,5.989393850339023,5.997859584137006,6.137294921153105,6.030045464233383,5.9465416169992205
renin_customcore_molecule_b1i2o,-10.565683364868164,6.133010226384286,6.18021694866507,6.119470896672404,6.197258460608698,6.13412533255503,6.033979493420231
renin_customcore_molecule_b1i5o,-10.03608226776123,6.129348792689562,6.141240301396319,6.1036756896235005,6.246042792485329,6.108541038232186,6.047244141710475
renin_customcore_molecule_b1i4i,-8.79079818725586,6.223384402088537,6.23189904360326,6.212884559428321,6.314768215745316,6.2008166371842925,6.156553554481493
renin_customcore_molecule_b1i4e,-10.188878059387209,6.162041061071451,6.179694471731387,6.124558238577739,6.250700308832859,6.181277791384916,6.073974494830361
renin_customcore_molecule_b1i4g,-8.354374885559082,6.163233403150262,6.181841674833725,6.109037875522945,6.251244982475297,6.189712003987234,6.084330478932107
renin_customcore_molecule_b1i1,-7.394491195678711,6.041123125236145,6.02688299622523,5.995273645976266,6.180365583959511,6.060672983728333,5.942420416291383
renin_customcore_molecule_b1i2a,-8.699529647827148,6.060853016155191,6.026498853494592,6.048638386404702,6.202597187961551,6.0523815199956825,5.974149132919427
renin_customcore_molecule_b1i2e,-10.474414825439451,6.088041033645127,6.040410940877375,6.079162031859952,6.240969280296917,6.0638992375300775,6.015763677661316
renin_customcore_molecule_b1i2i,-9.814119338989258,6.129308921733843,6.087793348068405,6.137764393391167,6.256582248887037,6.111576044786102,6.0528285735365035
renin_customcore_molecule_b1i2j,-11.324613571166992,6.13307439993648,6.130441033530445,6.130973187510173,6.251261199118773,6.101123038400984,6.051573541122024
renin_customcore_molecule_b1i5c,-11.867584228515623,6.1598134951878665,6.221524025393641,6.080646919097331,6.273469252020107,6.113552422901191,6.109874856527064
renin_customcore_molecule_b1i5b,-8.007719993591309,6.246995611173542,6.268267521349634,6.235252583232594,6.375302695604523,6.180056627888635,6.176098627792321
renin_customcore_molecule_b1i2k,-10.63553237915039,6.122990317558795,6.101481628762077,6.117517918085444,6.247215379149727,6.095592537645198,6.053144124151528
renin_customcore_molecule_b1i2h,-9.823533058166504,6.097861012038669,6.100665827569368,6.09284543590544,6.205007007821766,6.058644112618732,6.032142676278038
renin_customcore_molecule_b1i2g,-8.338004112243652,6.070964054171361,6.029786074760632,6.060261495947317,6.213006638303891,6.053367436552252,5.998398625292712
renin_customcore_molecule_b1i4b,-8.390936851501465,6.115752815076169,6.105121225016078,6.120216408934648,6.220639833039379,6.080602227031824,6.052184381358917
renin_customcore_molecule_b1i5a,-10.395288467407228,6.244350083908858,6.2397297269431675,6.2182321945003025,6.36870029475319,6.195747347795855,6.199340855551778
renin_customcore_molecule_b1i2d,-8.413992881774902,6.122170070517489,6.0905633883852,6.118205428365082,6.273381213134607,6.067589133224037,6.061111189478522
renin_customcore_molecule_b1i4a,-7.235419750213623,6.0689940810562994,6.029678140959654,6.049400460893509,6.21828626498777,6.054425140183863,5.9931803982567
renin_customcore_molecule_b1i5d,-11.216565132141112,6.135021491996475,6.104324677250945,6.090553667226752,6.313233585315231,6.105772033092548,6.061223497096896
renin_customcore_molecule_b1i2c,-6.883717060089111,6.196357550547985,6.204801866706914,6.199769696879858,6.305354126666053,6.136273664342934,6.135588398144164
hne_molecule_6,-7.032558917999268,6.351027772834625,6.362769495845688,6.309789626151388,6.4562756320063235,6.342170821515519,6.284133288654204
hne_molecule_14,-10.325488090515137,6.4147259148322915,6.3887861700947255,6.498478391018909,6.452317065975958,6.356540194269464,6.377507752802405
hne_molecule_15,-12.27822208404541,6.365633463155571,6.328976652094061,6.444097850928305,6.4108640836179,6.296139187270252,6.348089541867335
hne_molecule_16,-11.838635444641112,6.3930540908936155,6.366687638367732,6.480740931398032,6.427721717137978,6.331373152508144,6.358747015056191
hne_molecule_17,-11.41401481628418,6.474959400413117,6.501730207532807,6.521534929193394,6.46916435612791,6.410415815645401,6.471951693566068
hne_molecule_18,-10.75852870941162,6.395481993075629,6.353256990547574,6.464709630765148,6.43113561920589,6.361827458115838,6.366480266743699
hne_molecule_19,-11.53597927093506,6.36829148904221,6.319132515531023,6.447878679258678,6.412798092690121,6.328630987715865,6.333017170015366
hne_molecule_20,-10.5032958984375,6.405327782078592,6.3569985999721474,6.453253095067886,6.446645802821518,6.380643874840529,6.389097537690879
hne_molecule_21,-12.27822208404541,6.360315426035912,6.323609970658616,6.435458126064964,6.390826370563379,6.317432605089166,6.334250057803436
hne_molecule_22,-11.36131477355957,6.443082355812028,6.399121432658121,6.5112671288375035,6.499359657295232,6.405584938168661,6.400078622100625
hne_molecule_23,-10.371087074279783,6.372914129341515,6.3115796394093735,6.445044203905595,6.444966010210013,6.3247032810277695,6.338277512154825
hne_molecule_25,-11.999752044677734,6.420076221427441,6.360825167451933,6.507007227794587,6.481959701013475,6.377485537054365,6.37310347382284
hne_molecule_26,-12.580878257751465,6.468265320178962,6.431008168024622,6.533053689041628,6.520353561048115,6.427204429326315,6.429706753454129
hne_molecule_27,-14.488014221191406,6.445825836441176,6.395758818731256,6.528979110138226,6.501358027795449,6.405727572138998,6.397305653401952
hne_molecule_28,-12.643302917480469,6.429444112197015,6.415069081906271,6.4829184665561606,6.468194598024197,6.398988017632351,6.382050396866098
hne_molecule_29,-13.897701263427734,6.409580465822462,6.375903192804841,6.481455977218799,6.45741968058054,6.378462703815664,6.354660774692471
hne_molecule_30,-13.099580764770508,6.420985612027936,6.382089600580145,6.499151865915696,6.471973200267655,6.382519970584124,6.369193422792056
hne_molecule_21_neutral,-12.27822208404541,6.360315426035912,6.323609970658616,6.435458126064964,6.390826370563379,6.317432605089166,6.334250057803436
hne_molecule_19_neutral,-11.53597927093506,6.36829148904221,6.319132515531023,6.447878679258678,6.412798092690121,6.328630987715865,6.333017170015366
hne_molecule_16_neutral,-11.838635444641112,6.3930540908936155,6.366687638367732,6.480740931398032,6.427721717137978,6.331373152508144,6.358747015056191
hfaah_molecule_6MRG_ligand,-10.287250518798828,6.228665263747215,6.300265339618057,6.086345027631255,6.247439610188252,6.260901463065647,6.248374878232863
hfaah_molecule_fig_3,-10.59958553314209,6.2552378771962625,6.324524472897652,6.208429499869513,6.284465861366555,6.172094728029342,6.28667482381825
hfaah_molecule_2,-8.665205001831055,6.070782952404029,6.071716072261903,5.997412266463596,6.1419491876641,6.060199109742168,6.082638125888381
hfaah_molecule_4,-11.324654579162598,6.044868817841443,6.049604039659435,5.975094225679849,6.131674299076803,6.008208874500168,6.0597626502909545
hfaah_molecule_6,-10.420489311218262,6.194889511515328,6.241255192704841,6.144178003841104,6.220716043370254,6.144377308285718,6.223921009374722
hfaah_molecule_9,-10.565720558166504,6.272051549563966,6.322372571382759,6.2330777677961136,6.3036210717275365,6.190757226948423,6.310429109964997
hfaah_molecule_11,-12.122775077819824,6.075349538713425,6.075199051106819,5.997544099445478,6.138472342771978,6.070690152186885,6.094842048055968
hfaah_molecule_12,-11.046184539794922,6.191448535780156,6.241432937883073,6.128538388168011,6.232070035140606,6.135546305379483,6.219655012329603
hfaah_molecule_15,-8.590265274047852,6.122134203672408,6.117837838659942,6.047065052799959,6.195145892127515,6.0838615246429155,6.166760710131709
hfaah_molecule_14,-7.842516899108887,6.112111549378185,6.146781372729377,6.066423642199694,6.14465319860551,6.0654031449628505,6.1372963883934935
hfaah_molecule_19,-7.972322940826416,6.147823255317,6.158111785470055,6.069751422377929,6.23147576766848,6.1109956904843665,6.168781610584171
hfaah_molecule_20,-6.821234703063965,6.052958940066358,6.0700771011069925,5.992440827190947,6.113119710027766,6.031270520887823,6.057886541118265
hfaah_molecule_22,-9.97237777709961,6.167605350902957,6.192394779547763,6.129737525805001,6.221543123349647,6.113723945930687,6.180627379881686
hfaah_molecule_23,-10.67374324798584,6.3078994639561845,6.379235287279022,6.2688847027244154,6.334626884016084,6.214788038883853,6.341962406877549
hfaah_molecule_24,-11.627310752868652,6.259678370791205,6.27981834725406,6.236798546087261,6.2903697345467995,6.203687090872132,6.28771813519577
hfaah_molecule_25,-12.03799057006836,6.212626321911573,6.282927868086562,6.153038326892881,6.235974242656911,6.177395203759083,6.213795968162429
hfaah_molecule_26,-10.67374324798584,6.190399557400383,6.226776744201626,6.165871550729753,6.214508953116515,6.132732856349484,6.212107682604535
hfaah_molecule_27,-11.187724113464355,6.308973128944488,6.382326373854222,6.27085840772637,6.330389598591161,6.219627667440914,6.341663597109771
hfaah_molecule_28,-11.589073181152344,5.968288754664162,5.9871046860706345,5.914017176354098,6.069011777869722,5.916766808568784,5.954543324457567
hfaah_molecule_29,-10.805952072143556,6.250000850394227,6.30366254246853,6.222135339526801,6.270718440476187,6.187125114994707,6.266362814504909
hfaah_molecule_30,-9.903937339782717,6.2592604868918205,6.362278222066538,6.252207192343555,6.235122605615049,6.193162007954671,6.253532406479288
hfaah_molecule_31,-11.290130615234377,6.268773329621159,6.370714457153449,6.2343135444239755,6.257475486221717,6.2121229876977315,6.2692401726089235
hfaah_molecule_33__Saha_2018_,-9.73618984222412,6.3105038527236585,6.4145165683543395,6.249865969531112,6.31787600377788,6.239846606525669,6.330414115429293
hfaah_molecule_39,-10.71462059020996,6.318590374352992,6.422931168178731,6.2627140810957584,6.324170558660829,6.249226008232053,6.333910055597589
hiv_prot_ekegren_molecule_1,-11.759520530700684,5.992887465798057,6.222280055017227,5.6796588970979895,6.095868908421351,6.0197845138364015,5.946844954617313
hiv_prot_ekegren_molecule_9,-10.5032958984375,6.022727768297088,6.259844771024401,5.708514652371429,6.121932078236908,6.03925003190411,5.984097307948593
hiv_prot_ekegren_molecule_10,-10.805952072143556,6.025093519694442,6.260869295224659,5.7078649388531435,6.12816957267888,6.0393632872434635,5.9892005044720635
hiv_prot_ekegren_molecule_11__2cen_,-11.324654579162598,6.025611448622244,6.261433897961746,5.710003236094418,6.12816957267888,6.03925003190411,5.9892005044720635
hiv_prot_ekegren_molecule_12,-11.268184661865234,6.024120026015347,6.263046018509062,5.692761016898478,6.127697737444922,6.040340753351606,5.996754603872662
hiv_prot_ekegren_molecule_13,-10.857505798339844,6.026659185382824,6.263757285703953,5.720371187310121,6.120272795570339,6.044797350381117,5.984097307948593
hiv_prot_ekegren_molecule_14,-10.67374324798584,6.03230456044829,6.2637668420622035,5.716663837889416,6.140879562989862,6.045921706082292,5.994290853217673
hiv_prot_ekegren_molecule_15,-10.976399421691896,6.032622385835759,6.265355968999549,5.716663837889416,6.140879562989862,6.045921706082292,5.994290853217673
hiv_prot_ekegren_molecule_16,-11.061184883117676,6.03230456044829,6.2637668420622035,5.716663837889416,6.140879562989862,6.045921706082292,5.994290853217673
hiv_prot_ekegren_molecule_17,-11.48725414276123,5.98875284815729,6.2148001818732315,5.677151534194249,6.088309762473459,6.020403117183375,5.943099645062136
hiv_prot_ekegren_molecule_18,-11.838635444641112,6.022993266135101,6.269683510114814,5.683180020709563,6.121562450916251,6.044846061370128,5.995694287564751
hiv_prot_ekegren_molecule_19,-10.857505798339844,6.003185557046005,6.256824254693527,5.675089359127758,6.094350118988767,6.0401380251287895,5.949526027291183
hiv_prot_ekegren_molecule_20,-11.53597927093506,6.025463952602299,6.259692128861021,5.718747361106918,6.119973109297437,6.044809855797521,5.984097307948593
cdk8_koehler_molecule_12,-9.83295726776123,6.068226440466527,6.091598169852747,5.997223784527771,6.164411421088628,6.001852287982182,6.086046538881312
cdk8_koehler_molecule_13,-11.19720458984375,6.050557663782598,6.088770170616076,5.984738826498266,6.141177407010167,5.956219745217467,6.081882169571017
cdk8_koehler_molecule_14,-11.031554222106934,6.036019445292931,6.079347692769159,5.970418169258442,6.104793314800932,5.973658087923,6.051879961713119
cdk8_koehler_molecule_15,-9.720175743103027,6.04437794821536,6.068752182436029,5.992117229594387,6.131737458437435,5.973446072483119,6.0558367981258305
cdk8_koehler_molecule_16,-10.635504722595217,6.023424416845036,6.093484989868806,5.95496336330737,6.062994480268345,5.966556832456476,6.039122418324183
cdk8_koehler_molecule_17,-10.395273208618164,6.192825876275526,6.281506470790057,6.058497134007627,6.260472239927444,6.180164783042131,6.183488753610374
cdk8_koehler_molecule_19,-10.224825859069824,6.034574416495118,6.066950052319172,5.977175677439163,6.124374906429526,5.96641949238132,6.037951953906409
cdk8_koehler_molecule_20,-10.28314971923828,6.024311866268076,6.08130236369237,5.953257904139261,6.0892910370672535,5.973384978959785,6.024323047481709
cdk8_koehler_molecule_21,-9.862342834472656,6.212193099745547,6.285251368168288,6.077427622890371,6.334033070537924,6.173540547345127,6.190712889786024
cdk8_koehler_molecule_22,-11.290130615234377,6.016114495561133,6.049433667351143,5.951164199389025,6.10000717593344,5.93713286959371,6.0428345655383495
galectin3_extra_molecule_18a,-6.327748299,5.995047558379965,6.278222640788223,5.74249152740753,5.9821828621238495,6.034079627989552,5.938261133590672
galectin3_extra_molecule_18b,-7.460412979,6.053194544466604,6.30694327734701,5.824200519659261,6.019117106869593,6.074364601747469,6.041347216709683
galectin3_extra_molecule_18d,-6.764764786,6.013574704176395,6.258789690538238,5.8043129101215465,5.982103217962216,6.033786675583317,5.988881026676656
galectin3_extra_molecule_18e,-6.472980022,6.063706987108544,6.311433538089434,5.84763402627642,6.036296803101571,6.094693852388977,6.028476715686317
galectin3_extra_molecule_18f,-5.532726765,6.065345606621962,6.315162403883286,5.84945702513181,6.028778552331008,6.1025789513445625,6.03075110041915
galectin3_extra_molecule_18g,-6.472980022,6.015956170109243,6.2568140634356855,5.809236046163359,5.97942700335906,6.056302320156304,5.978001417431805
galectin3_extra_molecule_18h,-5.999876022,6.026269701364874,6.258642565132704,5.816163672783644,5.9842242246334605,6.085695919658357,5.986622124616204
galectin3_extra_molecule_18i,-4.806076527,6.110200555392541,6.3702448157591265,5.856274277823185,6.0847785293222785,6.171930071823489,6.067775082234626
galectin3_extra_molecule_17m,-4.104710579,5.938890232427167,6.160409035183612,5.660326063856334,5.947938492273212,6.042954004086112,5.882823566736561
galectin3_extra_molecule_17q,-4.9898386,5.999006960361923,6.150554522947327,5.841478089295853,5.991564424118108,6.037115596149553,5.974322169298772
galectin3_extra_molecule_17r,-4.749606609,6.021465883145562,6.171066114324314,5.860423910179269,6.013510092557647,6.078531761217549,5.9837975374490355
galectin3_extra_molecule_17n,-4.914099216,6.001640865413578,6.144515174766025,5.83685191400374,5.988231844925331,6.056452167190637,5.9821532261821595
galectin3_extra_molecule_17p,-5.046308517,5.994952095349262,6.128828474521529,5.842786030268084,5.98799288117885,6.04853359888644,5.966619491891409
galectin3_extra_molecule_17o,-5.1087327,5.985250079978173,6.12060410206511,5.84399830372408,5.972726543326551,6.028525360370118,5.960396090405006
galectin3_extra_molecule_17f,-6.581002712,6.104261824140465,6.274297534872293,6.000185018731377,6.066212712542434,6.111174737334391,6.069439117221828
galectin3_extra_molecule_17e,-6.896974087,6.162578863938923,6.355396249042076,6.021021654401759,6.119705926661032,6.18233822509291,6.1344322644968425
galectin3_extra_molecule_17g,-7.208675861,6.165172468044282,6.368954649675905,6.007228563513148,6.114852137548011,6.194620030389806,6.140206959094537
galectin3_extra_molecule_17a,-5.532726765,5.999575687016401,6.103930317771205,5.9132266947455046,5.988005472334191,6.02737470663637,5.965341243594737
galectin3_extra_molecule_17j,-6.440945625,6.091299736033312,6.266433260700345,5.995177297651985,6.064902382074238,6.1013051283195106,6.0286806114204845
galectin3_extra_molecule_17l,-5.943406105,6.077319106458338,6.213900570869543,5.98544633963434,6.072289000293155,6.084586925765389,6.030372695729264
galectin3_extra_molecule_17c,-6.354085445,6.091849757755348,6.247173907205086,6.006348765180499,6.0598215453917454,6.097911658378112,6.047992912621295
galectin3_extra_molecule_17k,-6.621879578,6.1213580185932175,6.334274919036847,5.959301036477318,6.093991353541135,6.1443077319075945,6.074915052003193
galectin3_extra_molecule_17b,-5.506390095,6.061302271392853,6.230726191576005,5.962259004711833,6.016518961097843,6.0691757137352,6.027831485843384
galectin3_extra_molecule_17h_flip,-6.327748299,6.0924064997270895,6.244858087797498,5.999844692991129,6.062172876220365,6.101849184361562,6.053307657264895
galectin3_extra_molecule_17i,-5.943406105,6.090782841459346,6.270632175867933,5.980396002871808,6.0646382789418345,6.108613235163793,6.029634514451357
galectin3_extra_molecule_17d,-6.150896072,6.092071258750951,6.242150964358057,6.01918299641109,6.0544566928140915,6.0909404347182825,6.053625205453236
btk_extra_flip_molecule_2,-7.687934875488281,5.915805195507102,5.9427086204926685,5.771963948604301,6.06630360159791,5.8790618281595055,5.9189879786811215
btk_extra_flip_molecule_7,-9.084606170654297,5.959297528850908,5.951467136783131,5.811801468119613,6.131729798448963,5.938165724901873,5.963323516000963
btk_extra_flip_molecule_8,-9.606385231018066,5.939790890765019,5.952959499984026,5.792409233600052,6.0971091910082444,5.910989032276157,5.945487496956621
btk_extra_flip_molecule_9_flip,-8.33090591430664,6.011657022822594,6.055722517257518,5.843505581925818,6.165632768507872,5.95841536972916,6.035008876692599
btk_extra_flip_molecule_10,-10.870059967041016,5.972380519483498,6.0162283451989635,5.793538929233775,6.121804946521205,5.932176083663182,5.99815429280036
btk_extra_flip_molecule_11,-11.524829864501951,5.969555814851206,5.996195865608668,5.800882213744742,6.116979974522115,5.952227855657983,5.98149316472252
cr_bace1_molecule_4,0.4099999964237213,6.3646054360268565,6.324316064191297,6.463157971124549,6.43827434952232,6.205345063226844,6.391933732069271
cr_bace1_molecule_1,-0.9900000095367432,6.398226082159267,6.3520255777054135,6.499765995037201,6.449462237448434,6.261033028653585,6.4288435719517
cr_bace1_molecule_3,-0.8899999856948853,6.39070667109352,6.3422738062318995,6.498306647684098,6.434006466780898,6.261565336743456,6.41738109802725
cr_bace1_molecule_7,0.9100000262260436,6.447981497045515,6.41068219541515,6.537034967954729,6.467907799624084,6.353667135586645,6.470615386646971
cr_bace1_molecule_9R,0.7099999785423279,6.558403265815743,6.55587746873663,6.614371520793594,6.59903031134959,6.394361647843003,6.628375380355897
cr_bace1_molecule_5,0.9100000262260436,6.40147604058293,6.377937428296027,6.482315217892973,6.437453103077588,6.270596114809007,6.439078338839053
cr_bace1_molecule_10,-0.2899999916553497,6.416696520577806,6.39613924005942,6.455606131340543,6.457286432519394,6.336521133981105,6.4379296649885625
cr_bace1_molecule_6,-1.7899999618530271,6.408268589644055,6.37866718632514,6.5032158456974525,6.452742444299293,6.271423465578466,6.435294006319925
cr_bace1_molecule_2,-0.1899999976158142,6.452886977012971,6.428778480804788,6.545845357033649,6.512449697834395,6.285843910200046,6.49151743919198
cr_bace1_molecule_9S,1.809999942779541,6.5422089238959185,6.535757305584605,6.591457346379197,6.589860679820129,6.386095764379318,6.6078735233163455
cr_bace1_molecule_8,-0.5899999737739563,6.438350961123206,6.392566760972038,6.536012947449006,6.469766712591519,6.337867185754296,6.455541198849173
hc_bace1_molecule_22256_26_0_ligand,-6.960000038146973,6.033577239465284,6.104091315364676,5.95989537398836,6.094951030967201,5.9664723279664065,6.042476149039776
hc_bace1_molecule_22250_20_0_ligand,-8.109999656677246,6.017881696264636,6.0657564599999905,6.001172967302374,6.04501824132476,5.981175618046221,5.996285194649838
hc_bace1_molecule_22251_21_0_ligand,-9.40999984741211,6.019142037286656,6.0727478863909825,5.992175864071716,6.044319978179091,5.986852668748691,5.999613789042798
hc_bace1_molecule_19677_19_0_ligand,-9.829999923706056,6.013282097155834,6.062928255058229,5.967900462287978,6.074093644093204,5.953398972934275,6.008089151405482
hc_bace1_molecule_22254_24_0_ligand,-9.470000267028809,6.03396749138996,6.08722366685381,6.017562110701302,6.053837214375233,5.9863338659356184,6.024880599083839
hc_bace1_molecule_22252_22_0_ligand,-10.010000228881836,6.01627322131142,6.059294008253437,6.0178589699613045,6.041274285492656,5.969269650576343,5.9936691922733605
hc_bace1_molecule_22253_23_0_ligand,-8.75,6.018393601402911,6.069829260368543,6.016177083820407,6.043265296924179,5.969855444952208,5.99284092094922
fxa_yoshikawa_set_molecule_5f,-11.570840835571287,6.1858221437056695,6.290800473464586,6.02671488361857,6.327177052453603,6.201106004454608,6.0833123045369835
fxa_yoshikawa_set_molecule_5g,-10.17173194885254,6.185871347795209,6.290520447891947,6.025470259421658,6.301998115354224,6.206936448845367,6.104431467462851
fxa_yoshikawa_set_molecule_5e,-8.26799201965332,6.18400716829257,6.301983683335115,6.0265743283996445,6.322978290374359,6.193370936216651,6.075128603137085
fxa_yoshikawa_set_molecule_5i,-10.805952072143556,6.2254228375036424,6.311199581421012,6.050273917164528,6.343764427516994,6.256140907485102,6.165735353930575
fxa_yoshikawa_set_molecule_5b,-7.364122867584228,6.181199855705313,6.301741420804223,6.034895709617081,6.303845393447699,6.183445675221478,6.082071079436084
fxa_yoshikawa_set_molecule_5h,-12.7782621383667,6.24840861344383,6.32500036584693,6.08195100251149,6.371107278764483,6.28322587987415,6.180758540222097
fxa_yoshikawa_set_molecule_5a,-11.24702262878418,6.2035057624757615,6.299759480404452,6.047385031760914,6.333751261621636,6.214924792237054,6.1217082463547525
fxa_yoshikawa_set_molecule_5k,-11.336624145507812,6.244803949418296,6.375826931953024,6.02224430927584,6.379802325291295,6.274337394725918,6.171808785845405
fxa_yoshikawa_set_molecule_5d,-11.44223403930664,6.180123934591913,6.279784714435688,6.031134371149405,6.312793618636239,6.18707986138376,6.0898271073544725
fxa_yoshikawa_set_molecule_5c,-11.627310752868652,6.17464415344642,6.275069574731119,6.02759291339337,6.307349711467932,6.183535496071513,6.0796730715681635
fxa_yoshikawa_set_molecule_8e,-11.169207572937012,6.2100424250943504,6.323258173770342,6.027164504809987,6.338062620709756,6.221659169330356,6.140067656851313
fxa_yoshikawa_set_molecule_8b,-8.129011154174805,6.18683521001032,6.2950728943934475,6.0179950602368795,6.302438970168218,6.208241092358926,6.110428032894128
fxa_yoshikawa_set_molecule_8d,-7.691995143890381,6.191911335330231,6.317548376130143,6.034838831344195,6.315998120205526,6.1951357156794975,6.096035633291795
fxa_yoshikawa_set_molecule_8c,-7.805192470550537,6.186996608601154,6.294402581138702,6.014952866764298,6.3036772837692965,6.203583108310283,6.118367203023192
fxa_yoshikawa_set_molecule_8g,-9.903937339782717,6.209889478634219,6.317202285009784,6.029106732378474,6.330788269535856,6.225097387344901,6.147252718902085
fxa_yoshikawa_set_molecule_A_cor,-11.784735679626465,6.207825991620808,6.300728424374224,6.047823348024509,6.3288639763190035,6.2237411699164955,6.137973039469811
fxa_yoshikawa_set_molecule_8f,-9.769577980041504,6.220818359282494,6.312122074298812,6.0478171020051805,6.348529776629607,6.233097187129798,6.1625256563490725
fxa_yoshikawa_set_molecule_8a,-9.441705703735352,6.179324824406608,6.297181154369708,6.01702792614713,6.319232264198978,6.174952066562678,6.088230710754548
fxa_yoshikawa_set_molecule_8h,-12.078866958618164,6.245225602270268,6.360322642666924,6.092166853001219,6.335340060310787,6.269227258248348,6.169071197124058
fxa_yoshikawa_set_molecule_8i,-9.97237777709961,6.257408707889452,6.3655524777340995,6.122683908922692,6.349554743659884,6.259058635884297,6.1901937732462855
fxa_yoshikawa_set_molecule_8j,-11.53597927093506,6.236079875058019,6.347450751527551,6.073921917696486,6.336372107117007,6.262433132550453,6.160221466398599
fxa_yoshikawa_set_molecule_8k,-11.348840713500977,6.222752961134299,6.313977445953581,6.05184406739439,6.3501966894015816,6.25109111738646,6.146655485535486
fxa_yoshikawa_set_molecule_8l,-11.24702262878418,6.215922787403008,6.315631625001468,6.045705485707726,6.330406783477309,6.2400926501831675,6.147777392645369
fxa_yoshikawa_set_molecule_8m,-11.838635444641112,6.238912395514988,6.334304945898249,6.041273849915232,6.350778857501121,6.281634201109181,6.186570123151156
fxa_yoshikawa_set_molecule_8n,-10.138808250427246,6.222274472295947,6.2891912682140845,6.048707031418323,6.314599271330178,6.279910024515381,6.178964766001769
fxa_yoshikawa_set_molecule_8o,-10.67374324798584,6.214585481538417,6.302838657531193,6.076708817312193,6.326720578039582,6.212464426715991,6.154194928093126
fxa_yoshikawa_set_molecule_8p,-11.589073181152344,6.190308144427862,6.256145496106911,6.026324920544129,6.343060529002119,6.1962089181994155,6.129800858286728
cr_bace2_molecule_22,1.2599999904632568,6.377343484575528,6.397298482493605,6.412558375906096,6.408853398149272,6.24424589406307,6.423761272265598
cr_bace2_molecule_16,-0.3400000035762787,6.404093362409843,6.348901634501547,6.509309080954348,6.450077505824291,6.280293385381915,6.431885205387111
cr_bace2_molecule_11,-1.2400000095367432,6.396375528785404,6.333128731633986,6.507899616612867,6.447012196958936,6.265280683289755,6.428556415431473
cr_bace2_molecule_21,1.4600000381469729,6.425423839391742,6.406349644315225,6.528302062897525,6.45745491330392,6.291122427778607,6.443890148663433
cr_bace2_molecule_24,3.1600000858306885,6.419433045526452,6.378744086556683,6.523791436557193,6.4749516696671305,6.277038297483193,6.442639737368063
cr_bace2_molecule_12,-0.5400000214576721,6.392724086036369,6.331657080103591,6.5033136557847175,6.4336525795285455,6.274467838108211,6.420529276656782
cr_bace2_molecule_20,-0.9399999976158142,6.408705243123009,6.345674642229226,6.519364738743142,6.467754483442363,6.271726918007858,6.439005433192453
cr_bace2_molecule_19,-1.1399999856948853,6.426602208666222,6.373599903540186,6.532094441421922,6.485625259021236,6.2791062921520195,6.46258514719575
cr_bace2_molecule_13,-1.2400000095367432,6.391471374287701,6.339668283262104,6.499802110924454,6.4337382596995,6.255066485481564,6.429081732070883
cr_bace2_molecule_23,1.3600000143051147,6.461220111604009,6.42510617964482,6.573038800899421,6.516107829543023,6.297272433077677,6.494575314855104
cr_bace2_molecule_15,-0.7400000095367432,6.402092832076262,6.342026091316193,6.507166495105958,6.455642361562646,6.277022368820345,6.4286068435761665
cr_bace2_molecule_14,-1.0399999618530271,6.400026681740634,6.349724006779621,6.515488065893101,6.440217144669844,6.260406896514048,6.434297294846554
fxa_set3_molecule_20814_6,-10.529999732971191,6.085880729187427,6.06349613400143,6.1086267611958265,6.156175801912096,6.076898854826251,6.024206094001531
fxa_set3_molecule_20539_10,-11.18000030517578,6.097989148213176,6.0902185824445825,6.104093410489062,6.172122612501937,6.094070913243491,6.029440222386807
fxa_set3_molecule_20820_11,-10.829999923706056,6.091059224254841,6.084549377980124,6.092475927360282,6.171552716064767,6.078348680009116,6.028369419859917
fxa_set3_molecule_20819_8,-11.18000030517578,6.091809914938233,6.070689678431754,6.116754332807711,6.160526587558825,6.087725283077489,6.0233536928153875
fxa_set6_molecule_21083,-6.530872344970703,6.213714177453709,6.381527648386897,6.0558563800712975,6.323979605387703,6.191092081653866,6.116115171768783
fxa_set6_molecule_21084,-7.469595909118652,6.205693244141534,6.389781639611682,6.059904273346618,6.30488242778469,6.1717562773621175,6.1021416026025594
fxa_set6_molecule_21085,-8.053603172302246,6.213940259008394,6.37809621330822,6.03839797636671,6.336300303048141,6.17879804340061,6.138108758918289
fxa_set6_molecule_21086,-11.29120922088623,6.191263055957372,6.379398132835229,5.988751011958203,6.308142721045072,6.163026969064982,6.116996444883374
fxa_set6_molecule_20524_2j95_cys,-11.423027992248535,6.207036132508171,6.363293483524804,6.044874654908432,6.3273053379895465,6.173241627416846,6.126465558701226
fxa_set6_molecule_21087,-11.832493782043455,6.188130156536937,6.367843654403968,5.983324852225818,6.317271191905112,6.162001834021586,6.110209250128205
fxa_set5_molecule_20705_cys,-10.90999984741211,6.152432130266035,6.241154266361179,6.044066815069136,6.266006531839711,6.150399942661573,6.060533095398579
fxa_set5_molecule_21331,-10.770000457763672,6.152031816750813,6.227726455500674,6.057912589270237,6.256347888378207,6.153241619596415,6.064930531008533
hc_bace2_molecule_37_0_ligand,-6.789999961853027,6.119850179636992,6.220581892806761,6.054358292628088,6.140239895302565,6.065755460261599,6.118315357185946
hc_bace2_molecule_35_0_ligand,-7.960000038146973,6.046851133758906,6.132869588634875,5.987284485795887,6.090212856389428,6.014166144517916,6.009722593456425
hc_bace2_molecule_39_0_ligand,-8.970000267028809,6.004686284778537,6.0934036520793455,5.951618546454457,6.048242233460639,5.972102497948982,5.958064493949261
hc_bace2_molecule_34_0_ligand,-8.0,6.023684075495714,6.118504205648381,5.955948050044655,6.065818856335389,5.992600585344846,5.985548680105296
hc_bace2_molecule_40_0_ligand,-8.0,6.0300228075499005,6.119473604211731,5.946127192528497,6.069402896105046,6.003665945275204,6.011444399629026
hc_bace2_molecule_30_0_ligand,-8.1899995803833,6.119257200612827,6.219856240097085,6.054358292628088,6.138000652891415,6.065755460261599,6.118315357185946
hc_bace2_molecule_33_0_ligand,-8.270000457763672,6.025882516057697,6.115201844898882,5.984141677167151,6.0694397446590465,5.983144034541918,5.977485279021487
hc_bace2_molecule_41_0_ligand,-8.149999618530273,6.052129051047322,6.130368332299967,5.975092806520767,6.094133355807746,6.02282375089747,6.038227009710665
hc_bace2_molecule_42_0_ligand,-8.319999694824219,6.092450933328007,6.16789544239241,5.999085718210981,6.170424394600709,6.040862605158667,6.083986506277271
hc_bace2_molecule_44_0_ligand,-8.359999656677246,6.005452344761538,6.074706436641169,5.935877349416992,6.0721002103554715,5.959655161456032,5.98492256593803
fxa_set4_molecule_1s,-9.579999923706056,6.2031273121461465,6.373590942804155,6.001634946678105,6.333155948085661,6.196112272989363,6.11114245017345
fxa_set4_molecule_21080_1j,-9.229999542236328,6.171380509624118,6.351526221381716,5.946553122252779,6.314474331003603,6.17641768004382,6.0679311934386755
fxa_set4_molecule_21030_1o,-8.899999618530273,6.193731545870614,6.363380307423189,5.989410858691525,6.32864527396374,6.189766790962718,6.097454498311898
fxa_set4_molecule_21028_1r,-9.449999809265137,6.182644263126541,6.358693615095365,5.977815420529941,6.316992049175334,6.1768919972733265,6.082828233558738
fxa_set4_molecule_21027_1q,-7.309999942779541,6.171302034306204,6.338054963705768,5.944987587168226,6.324646173046842,6.170170378011248,6.078651069598935
fxa_set4_molecule_1t,-9.199999809265137,6.198680913547064,6.372016518190486,5.963539083844822,6.34724421097662,6.1992714864730605,6.11133326825033
fxa_set4_molecule_16352_1e,-10.630000114440918,6.174949802664639,6.338309253418736,5.963483712111895,6.319489703198205,6.17708547286178,6.0763808717325825
fxa_set4_molecule_21081_1k,-7.53000020980835,6.186619489159575,6.3558574706666136,5.972720249196253,6.328616018566268,6.191983630623143,6.0839200767456
fxa_set4_molecule_21031_1p,-8.300000190734863,6.189482156272324,6.357892493701434,5.984763949732085,6.327771425624929,6.1818990495009745,6.095083862802195
fxa_set4_molecule_16353_1d,-9.960000038146973,6.183628973105922,6.345281900761669,5.99439683150077,6.318239614577003,6.180793781377974,6.079432737312192
fxa_set4_molecule_21082_1l,-7.389999866485596,6.179077246805592,6.351850355940326,5.96110558193523,6.321135073238054,6.182466291245959,6.078828931668392
chk1_set2_molecule_17374_cys,-12.49643898010254,6.2203447448570675,6.325922824102545,6.018601191686557,6.3267963296149095,6.217704529386677,6.21269884949465
chk1_set2_molecule_17509,-11.380305290222168,6.248693607419808,6.3624873915537,6.046815826377344,6.3614033318188605,6.236444988817282,6.236316498531852
chk1_set3_molecule_23882,-10.881742477416992,6.068648051967765,6.134713325173519,5.852935678605435,6.256041523210071,6.049673656894449,6.049876075955351
chk1_set3_molecule_23703_cys,-11.092443466186523,6.051960544380708,6.125646452688508,5.83322128442035,6.243373149903944,6.021952690354645,6.035609144536092
chk1_set3_molecule_23864,-11.423027992248535,6.084726951712976,6.167874791331819,5.86127391538545,6.270134070061514,6.03677993672343,6.08757204506267
chk1_set3_molecule_23863,-11.183505058288574,6.083539926888127,6.169188269873418,5.841018591806282,6.269999510878196,6.039476642317614,6.098016619565125
chk1_set7_molecule_19997,-10.774039268493652,6.297760000962622,6.476400941202361,6.055479614732099,6.333727176181681,6.313182278230002,6.310009994466966
chk1_set7_molecule_19998,-8.94359302520752,6.299725302267775,6.474528223735631,6.065901026052493,6.333307964077317,6.3148793030064665,6.310009994466966
chk1_set7_molecule_19934_cys,-10.726755142211914,6.299725302267775,6.474528223735631,6.065901026052493,6.333307964077317,6.3148793030064665,6.310009994466966
chk1_set6_molecule_23708_cys,-9.6899995803833,6.16710713091965,6.207289825488632,5.9881473780888435,6.289432082465804,6.175494356265897,6.17517201228907
chk1_set6_molecule_13,-6.420000076293945,6.17824373719022,6.210291641616441,6.009710473571272,6.2940811517618585,6.191150139614628,6.185985279386902
chk1_set6_molecule_15,-7.510000228881836,6.186075032420878,6.254569873038718,5.9776474332435185,6.282694705127188,6.210587363830613,6.204875786864351
chk1_set4_molecule_23704_cys,-11.29120922088623,6.081617726952892,6.150853436837634,5.884444764692456,6.228944096914881,6.0794421832583385,6.064404153061154
chk1_set4_molecule_23873,-10.825439453125,6.080205114550578,6.157124206070914,5.877160930836741,6.23879327148132,6.0687115208848885,6.059235643479028
chk1_set5_molecule_20315,-10.94398307800293,6.168475128545976,6.293452817945194,5.951345454939233,6.315983585980296,6.113419972436091,6.168173811429063
chk1_set5_molecule_19939_cys,-11.592971801757812,6.159865573351558,6.272737323910937,5.963276313132004,6.309955805525727,6.101749192124307,6.15160923206481
chk1_set5_molecule_19940,-12.241960525512695,6.167600570561481,6.2928094352586905,5.942485451910256,6.328895041111689,6.10923473577696,6.1645781887498075
pb_bace3_molecule_22316,-7.876320838928223,6.017183511684536,6.064560634862105,6.0381436038173595,6.051783960584462,5.970726042525385,5.960703316633366
pb_bace3_molecule_22320,-7.502553939819336,6.036323799107055,6.0954955552128,6.035228998608824,6.064340972210626,5.978899570167849,6.007653899335175
pb_bace3_molecule_22319,-6.840160369873047,6.051152015824583,6.10440732457981,6.036352255570888,6.08334925711568,5.9969892771412905,6.034661964715248
pb_bace3_molecule_19678_cys,-8.607325553894043,6.033552550338548,6.076440831849817,6.042130279750296,6.067456061428786,5.986176595501851,5.995558983161992
chk1_set1_molecule_19967,-10.534516334533691,6.170091793199025,6.356341432542775,5.971204522545894,6.270647149903249,6.102206560174351,6.1500593008288496
chk1_set1_molecule_17353_cys,-11.092443466186523,6.15665351985215,6.344784453639671,5.983394905281324,6.26866605017748,6.066155744227238,6.120266445935038
chk1_set1_molecule_19971,-10.340457916259766,6.174146766024723,6.357589519828552,6.006572597484581,6.272716669439378,6.100072652596192,6.133782390774911
pfkfb3_automap_molecule_43,-7.997664928436279,6.14038569640362,6.187341212954086,6.0710100264786035,6.228311252474591,6.079607224506419,6.135658765604401
pfkfb3_automap_molecule_30_flip_b,-9.198190689086914,6.212254658858086,6.22167569408038,6.17063772192423,6.312609351810195,6.166016796913784,6.190333729561838
pfkfb3_automap_molecule_65,-9.487896919250488,6.136672563888742,6.181411656865379,6.075179045451437,6.227402146849647,6.075112206119717,6.124257764157528
pfkfb3_automap_molecule_49,-7.934291839599609,6.1277443332487405,6.1857168385146295,6.066064438742729,6.211985313486433,6.054626432875286,6.1203286426246235
pfkfb3_automap_molecule_24,-8.869909286499023,6.186872399852614,6.176514922496986,6.174166309095944,6.272316591469471,6.144927938540161,6.1664362376605135
pfkfb3_automap_molecule_67,-10.24363613128662,6.137036510233277,6.176986617154833,6.0827051716990965,6.238585435714712,6.0544309833723915,6.1324743432253515
pfkfb3_automap_molecule_62_flip,-7.691737651824951,6.11779775997842,6.184728809070116,6.028554503461346,6.1864537283827,6.056936948946399,6.132314810031537
pfkfb3_automap_molecule_56,-10.565720558166504,6.15820823814403,6.2156141462891386,6.0841129866653265,6.240157460687382,6.097377799029321,6.153778798048982
pfkfb3_automap_molecule_59,-8.1151704788208,6.237556871399671,6.332348357891379,6.077335436140022,6.31386572613524,6.223398680660332,6.240836156171384
pfkfb3_automap_molecule_38,-8.758760452270508,6.129108382752099,6.179566888434816,6.067863695696439,6.20684368389519,6.076296286380429,6.114971359353617
pfkfb3_automap_molecule_31,-9.282472610473633,6.209926417233242,6.228859588424733,6.184995392367339,6.295702286861394,6.149258347801004,6.190816470711741
pfkfb3_automap_molecule_48,-8.006359100341797,6.196894526143717,6.269837229316055,6.127493623980451,6.288805647898662,6.109646301371766,6.1886898281516505
pfkfb3_automap_molecule_58,-9.133153915405272,6.205901845568091,6.296304454436755,6.073072638324337,6.272973381335062,6.190580354643772,6.196578399100533
pfkfb3_automap_molecule_41,-7.387692451477051,6.295637970908897,6.379446674662463,6.247649433809698,6.3593692460994244,6.185483595743435,6.306240904229466
pfkfb3_automap_molecule_29,-9.646018028259276,6.174468757198999,6.220893410023251,6.111688418925834,6.256265487210968,6.128430134920059,6.1550663349148795
pfkfb3_automap_molecule_54,-8.179586410522461,6.139160816532724,6.202313072765725,6.061745537734091,6.233611531213751,6.069155062952082,6.128978877997969
pfkfb3_automap_molecule_47,-8.333451271057129,6.121426437202605,6.194575373176939,6.044424172961696,6.16933319095339,6.086496375880712,6.112303073040287
pfkfb3_automap_molecule_26,-9.169439315795898,6.035474046822831,5.996662041667246,5.978566140218878,6.115567368992912,6.045722608682118,6.040852074552997
pfkfb3_automap_molecule_55,-10.635504722595217,6.17422603297046,6.2528366387053165,6.108263702705203,6.2356679928642595,6.103496146632136,6.170865683945387
pfkfb3_automap_molecule_20,-8.51645278930664,6.187208779313761,6.258186489517437,6.124626740015885,6.273865016908053,6.095537342256563,6.183828307870867
pfkfb3_automap_molecule_57,-10.474388122558594,6.229614734621125,6.320265151063084,6.172708720801137,6.2872792228698104,6.140166348911449,6.227654229460138
pfkfb3_automap_molecule_42,-8.466802597045898,6.125642772405776,6.176265410411728,6.06342786045194,6.20684368389519,6.067543303082939,6.114133604187083
pfkfb3_automap_molecule_35,-10.138808250427246,6.167818093451403,6.214602564991986,6.096398931171808,6.258157163779737,6.108768183724707,6.161163623588774
pfkfb3_automap_molecule_44,-9.948675155639648,6.140192991113412,6.188593761916563,6.069690590037502,6.228311252474591,6.079218500560964,6.135150850577441
pfkfb3_automap_molecule_63,-8.561636924743652,6.126506604902309,6.181468476163045,6.0650201078143935,6.208482678259422,6.060476215040395,6.117085547234289
pfkfb3_automap_molecule_69,-10.71462059020996,6.1384523337619195,6.179929821717415,6.076418474650296,6.2271444978079025,6.087704381616157,6.121064493017826
pfkfb3_automap_molecule_52,-10.395273208618164,6.146343970837066,6.228137954287237,6.053758204531631,6.194382851083466,6.109728756268705,6.145712088014288
pfkfb3_automap_molecule_19,-7.550787448883057,6.139109276654883,6.146335408391853,6.108978332390266,6.21303714863316,6.111041887966701,6.116153605892432
pfkfb3_automap_molecule_68,-9.778227806091309,6.138383228417867,6.188556360898038,6.091595483633129,6.224125024763611,6.060296453129733,6.127342819664822
pfkfb3_automap_molecule_33,-8.606922149658203,6.184892058065677,6.178498578196265,6.16823531479668,6.277902261692251,6.1266782624008265,6.173145873242363
pfkfb3_automap_molecule_70,-10.30394172668457,6.130218468336923,6.183966908808726,6.049391045409855,6.204963938834307,6.078720679897194,6.134049768734537
pfkfb3_automap_molecule_53,-6.997636318206787,6.147236046732219,6.232424635270438,6.055861769078839,6.191851803711596,6.113971984485962,6.142070041114261
pfkfb3_automap_molecule_64,-9.42227840423584,6.13755473516449,6.181468476163045,6.076900532971104,6.230034696411054,6.075112206119717,6.124257764157528
pfkfb3_automap_molecule_39,-7.197502136230469,6.123130182780743,6.1824386700368335,6.065558952103925,6.2105010822333195,6.037614633718567,6.119537575811068
pfkfb3_automap_molecule_37,-9.99706745147705,6.192070098910184,6.181014843228561,6.0353715260628915,6.273611366052271,6.254224750465284,6.216128008741911
pfkfb3_automap_molecule_23,-7.914463996887207,6.142982432536285,6.161164483816972,6.103841004858398,6.2227898901197,6.098511475603537,6.128605308282817
pfkfb3_automap_molecule_60_adjust,-8.143735885620117,6.309727667276184,6.357406755577643,6.2568941208494815,6.362652149662619,6.254359209330077,6.317326100961101
pfkfb3_automap_molecule_34,-9.97237777709961,6.036073205724319,6.003497492909766,5.973801241228102,6.126185624779981,6.02604075942538,6.0508409102783665
pfkfb3_automap_molecule_36,-7.440536022186279,6.167015253709044,6.207248947366284,6.109932231531708,6.270736300178647,6.099946973744112,6.14721181572447
pfkfb3_automap_molecule_46,-7.859359264373779,6.252744039585582,6.307275493697758,6.197676953282032,6.321959564150396,6.1729119480310555,6.2638962387666695
shp2_molecule_SHP099-1_Example_7,-9.75264835357666,6.261281230723145,6.291977751612435,6.274121802107355,6.26456587690435,6.1614987724896375,6.314241950501949
shp2_molecule_Example_22,-9.238834381103516,6.27927280568242,6.309336090562119,6.26626724373364,6.294305584866743,6.191937293531958,6.334517815717637
shp2_molecule_Example_29,-7.622783184051514,6.227976602137161,6.252825980353397,6.177419320829286,6.28132609946565,6.154701671108219,6.273609938929256
shp2_molecule_11,-6.354085445404053,6.260852202209787,6.296848692216534,6.26542197796749,6.249048599234913,6.1879985022223165,6.304943239407679
shp2_molecule_4,-5.822068691253662,6.346306868264939,6.455594421242147,6.198931515570533,6.444772415662492,6.309135937008571,6.323100051840954
shp2_molecule_Example_2,-8.27622127532959,6.270544714757728,6.299768691669499,6.288209321857935,6.267149392686655,6.178040738538671,6.319555429035882
shp2_molecule_Example_14,-9.778227806091309,6.2572991607267685,6.356502608948655,6.1276002739142355,6.251618915265774,6.2512588083131035,6.299515197192071
shp2_molecule_Example_26,-8.959051132202148,5.993880578703303,5.985720830976232,5.912933885927339,6.117624403780053,5.9670891936503505,5.986034579182543
shp2_molecule_SHP836-2,-6.713211536407471,6.351217085118051,6.460258503223767,6.198907843032084,6.44537639843577,6.3102584546557114,6.341284226242926
shp2_molecule_Example_6,-9.06926441192627,6.150755452172527,6.296852417376438,6.103508717241477,6.080447755549031,6.106442529827342,6.166525840868347
shp2_molecule_Example_1,-8.988177299499512,6.266292167764279,6.297565691863547,6.281754508642369,6.268028995901542,6.164946564750334,6.3191650776636035
shp2_molecule_3,-5.462942123413086,6.345602891661757,6.446929274229083,6.2058700675211425,6.444253975103484,6.313340928448691,6.317620213006382
shp2_molecule_Example_9,-8.794095039367676,6.27464114360923,6.3674859472769185,6.143495518494929,6.278217723462327,6.27418559221819,6.309820936593789
shp2_molecule_Example_8,-9.71232795715332,6.253672931295007,6.310166434090464,6.25328233591092,6.238746696841448,6.179497111816577,6.286672077815627
shp2_molecule_7,-7.076467037200928,6.346748522367668,6.444964080090521,6.2064295070577105,6.423799322189752,6.316802495855759,6.341747206644603
shp2_molecule_Example_24,-9.07721710205078,6.271404024867208,6.315392531165596,6.241364615547776,6.2917366255011835,6.1924544181355765,6.316071933985911
shp2_molecule_Example_28,-8.457352638244629,6.243882944062585,6.222889425045366,6.2528179721833235,6.274057419770403,6.149198655233386,6.320451248080441
shp2_molecule_10,-7.1542816162109375,6.253757457466624,6.281126233939319,6.270888630400325,6.254491738570706,6.171143958644897,6.291136725777873
shp2_molecule_Example_25,-8.869909286499023,6.291546763373381,6.331837988520163,6.246538930825475,6.324971097339785,6.198738659639847,6.35564714054164
shp2_molecule_Example_27,-8.51852798461914,6.347061883624264,6.4582103859389,6.182047518671998,6.442703521572165,6.308406155586966,6.3439418363512905
shp2_molecule_6,-8.030035018920898,6.286240140857586,6.3525766365451934,6.166597646280098,6.308261570240397,6.261339525003848,6.342425326218395
shp2_molecule_Example_30,-9.157095909118652,6.268810355882325,6.314619831083687,6.262901838987205,6.274041680565709,6.18004983199154,6.312438596783478
shp2_molecule_Example_5,-7.5630927085876465,6.321372599895993,6.3710255350400224,6.286559009686734,6.351724520701932,6.21693376364928,6.380620170401997
shp2_molecule_Example_4,-8.201089859008789,6.243056311015653,6.234164067492446,6.241572103396731,6.266530298521518,6.1727820571190355,6.300233028548537
shp2_molecule_Example_23,-8.740339279174805,6.268304920623935,6.307478835355295,6.267328388777337,6.264424391378123,6.180370979809114,6.321922007799806
shp2_molecule_Example_3,-8.215871810913086,6.260605171257962,6.28898125357875,6.256197118166606,6.271969542042162,6.1806320043735345,6.305245938128756
cmet_molecule_CHEMBL3402753_200,-9.139049530029297,6.253510330133386,6.287234896383217,6.228341319655314,6.267645256898425,6.206068157740817,6.278262019989154
cmet_molecule_CHEMBL3402747_3400,-7.460412979125977,6.224862648318375,6.264891570622001,6.158940795054199,6.2539590571969015,6.182632631031162,6.263889187687615
cmet_molecule_CHEMBL3402744_300,-8.89881706237793,6.189091069631722,6.257527416304715,6.087951677861159,6.298052630174133,6.073414247157186,6.228509376661416
cmet_molecule_CHEMBL3402745_200,-9.139049530029297,6.193113507253102,6.257167966019165,6.080330123985392,6.291208760995857,6.105528415343458,6.23133226992164
cmet_molecule_CHEMBL3402750_400,-8.72836971282959,6.235233651802634,6.277101058629977,6.167893653711252,6.27089285034615,6.1836157536506535,6.276664942675139
cmet_molecule_CHEMBL3402743_42,-10.063709259033203,6.202363342227747,6.261889130336878,6.0742956786149405,6.3081036842637905,6.12233336589693,6.245194852026193
cmet_molecule_CHEMBL3402752_30000,-6.170323371887207,6.238842265470879,6.271244465258509,6.183482399273006,6.268118933171082,6.196057707811798,6.275307821840002
cmet_molecule_CHEMBL3402755_4200,-7.33521556854248,6.24739369670554,6.273719070703862,6.194974976164519,6.288524318870661,6.204166731742696,6.275583386045962
cmet_molecule_CHEMBL3402749_500,-8.596160888671875,6.228850769146295,6.285835739021398,6.135450858391587,6.248679117807823,6.186107966416477,6.2881801640941895
cmet_molecule_CHEMBL3402765_11-charged-pKa-8.1,-10.857505798339844,6.247903813238619,6.33472995296493,6.068142628085876,6.348710083641015,6.195553226893067,6.2923831746082035
cmet_molecule_CHEMBL3402742_23,-10.420489311218262,6.265571179467804,6.366646349216268,6.082783068702564,6.3655086782325405,6.219810044050962,6.293107757136685
cmet_molecule_CHEMBL3402754_40,-10.09261703491211,6.252813483022538,6.28018148056263,6.20927153981322,6.271707136449083,6.225849738902588,6.277057519385169
cmet_molecule_CHEMBL3402748_5300,-7.197390079498291,6.262649508028448,6.324263335527481,6.170008287112115,6.293035632869502,6.2160640420947555,6.3098762425383885
cmet_molecule_CHEMBL3402741_400,-8.72836971282959,6.247003048398615,6.32855625519505,6.059213310607186,6.350101285784236,6.225557232396741,6.271587158009863
cmet_molecule_CHEMBL3402763_90,-9.612153053283691,6.252127323168187,6.342977528753013,6.068355079524269,6.357432500222854,6.208298640255465,6.283572867085334
cmet_molecule_CHEMBL3402764_90,-9.612153053283691,6.178867562604863,6.234835529382052,6.05982770152379,6.29102945949516,6.093480264982197,6.215164857641113
cmet_molecule_CHEMBL3402751_2100,-7.745894908905029,6.236940800527036,6.269095424482915,6.180976047900634,6.271884640096526,6.190255020310569,6.2724928698445375
cmet_molecule_CHEMBL3402756_2.7_redocked,-11.689735412597656,6.324352835423656,6.349312048790879,6.28322846088895,6.340995053902418,6.294426180413379,6.353802433122656
cmet_molecule_CHEMBL3402762_1_redocked,-12.27822208404541,6.466571814933189,6.534061125820083,6.3524845622418455,6.51067367615365,6.419579722379061,6.516059988071308
cmet_molecule_CHEMBL3402760_1_redocked,-12.27822208404541,6.312326936522608,6.329392434797499,6.273168553228941,6.364839984542213,6.257954871004897,6.336278839039489
cmet_molecule_CHEMBL3402757_6.5_redocked,-11.169207572937012,6.306791901487875,6.339265842166513,6.283546508856102,6.323109708860659,6.262304545688428,6.325732901867672
cmet_molecule_CHEMBL3402761_1_redocked,-12.27822208404541,6.375296218709065,6.424337015239423,6.296251905737324,6.4237182850275145,6.324052682385788,6.408121205155277
cmet_molecule_CHEMBL3402758_10_redocked,-10.91397476196289,6.280768470620323,6.314034538887651,6.220471741839408,6.320486651490911,6.239458423596368,6.309390997287276
cmet_molecule_CHEMBL3402759_5.7_redocked,-11.24702262878418,6.288118656729812,6.30559437894865,6.249074597981511,6.325317250904683,6.2517797211352235,6.3088273346789885
eg5_extraprotomers_molecule_CHEMBL1078774,-10.662470817565918,6.3012055708758705,6.536548859603971,6.027103605323262,6.351924590233609,6.316491657089544,6.273959142128967
eg5_extraprotomers_molecule_CHEMBL1093087,-10.59618091583252,6.383356873292849,6.512072979269332,6.200784954827854,6.452867774899373,6.3585323351521845,6.392526322315501
eg5_extraprotomers_molecule_CHEMBL1082249,-11.283177375793455,6.264753271493,6.386241271082316,6.0662950341081885,6.337589883091152,6.2734371247200835,6.260203044463265
eg5_extraprotomers_molecule_CHEMBL1089393,-8.429832458496094,6.339049343295966,6.476834953541531,6.142799556807809,6.426795849714294,6.315931211182923,6.332885145233279
eg5_extraprotomers_molecule_CHEMBL1078691,-10.24935531616211,6.255273077614255,6.48703703047644,5.97724828540907,6.31412872807951,6.280450465088737,6.217500879017516
eg5_extraprotomers_molecule_CHEMBL1086409,-9.931042671203612,6.4326539122139295,6.570692780170303,6.25827217747897,6.510505983995989,6.3834870428312165,6.44031157659317
eg5_extraprotomers_molecule_CHEMBL1082248,-11.696293830871582,6.357485997309491,6.505158379538407,6.158504606688226,6.439106600543895,6.340014902963163,6.344645496813762
eg5_extraprotomers_molecule_CHEMBL1084678,-11.191304206848145,6.358968352351058,6.473686883536292,6.188976896572932,6.399239060087211,6.365863477550929,6.367075444007927
eg5_extraprotomers_molecule_CHEMBL1084115,-9.497721672058104,6.325164021898255,6.408918421194516,6.1561089851330095,6.4308428379028415,6.324492590169249,6.305457275091656
eg5_extraprotomers_molecule_CHEMBL1084431,-9.863131523132324,6.245382974694124,6.349845647593435,6.070077060053323,6.303303528355032,6.2151185520164836,6.288570085452341
eg5_extraprotomers_molecule_CHEMBL1085895,-10.921920776367188,6.34318138447787,6.494965076896453,6.1492207879673355,6.3751082243089074,6.327235324526927,6.369377508689728
eg5_extraprotomers_molecule_CHEMBL1084677,-11.524834632873535,6.3680779178063185,6.495162165994803,6.198289334719703,6.410659041372221,6.365861141179328,6.37041790576554
eg5_extraprotomers_molecule_CHEMBL1077227,-11.391841888427734,6.292663343148588,6.398954622524419,6.106602854469268,6.383718889937586,6.2935235331347545,6.280516815676909
eg5_extraprotomers_molecule_CHEMBL1086410,-11.524834632873535,6.297131653686128,6.394362098848893,6.122628605721682,6.381771932253316,6.301699294898275,6.285196336708475
eg5_extraprotomers_molecule_CHEMBL1083517,-11.524834632873535,6.332513059760879,6.597018804700544,6.047876863003982,6.3857581163484145,6.320408276709365,6.3115032380420955
eg5_extraprotomers_molecule_CHEMBL1096003,-11.93795108795166,6.3586716866558275,6.537449261724573,6.17594813651028,6.369344089480279,6.380345104444425,6.330271841119584
eg5_extraprotomers_molecule_CHEMBL1077204,-11.111719131469728,6.354632155566078,6.4847891116467515,6.187423039218131,6.403421303262787,6.337782476117156,6.359744847585569
eg5_extraprotomers_molecule_CHEMBL1083836,-10.921920776367188,6.300821891087651,6.415595299538052,6.1137179572116125,6.405189405624452,6.287642955683831,6.281963837380312
eg5_extraprotomers_molecule_CHEMBL1085666,-10.5656099319458,6.366478084100052,6.464447972286236,6.199337518428579,6.436700440753409,6.336196532510972,6.395707956521063
eg5_extraprotomers_molecule_CHEMBL1085692,-11.391841888427734,6.334631710158602,6.484149372004465,6.147260160938204,6.383940592351499,6.33740574794126,6.320402677557582
eg5_extraprotomers_molecule_CHEMBL1084143,-11.93795108795166,6.235275686552271,6.328252894067919,6.053059412361736,6.342864221052357,6.258899657250035,6.193302248029304
eg5_extraprotomers_molecule_CHEMBL1096002,-11.191304206848145,6.332222729725478,6.574231054421946,6.118980830153033,6.299962576956501,6.3208641314304455,6.347075055665465
eg5_extraprotomers_molecule_CHEMBL1089056,-9.497721672058104,6.306963314200499,6.384957909846914,6.135846351850257,6.409038295787723,6.3118750340467376,6.293098979470861
eg5_extraprotomers_molecule_CHEMBL1093088,-11.283177375793455,6.39421750383809,6.535369416140326,6.188704936475045,6.477597581764932,6.35383343983751,6.415582144972633
eg5_extraprotomers_molecule_CHEMBL1084676,-10.778188705444336,6.4007490286613065,6.522460976779128,6.230183152523756,6.472200397314015,6.357354110276675,6.421546506412961
eg5_extraprotomers_molecule_CHEMBL1084935,-10.59618091583252,6.286552723807693,6.413474788871184,6.097757938134634,6.318058977205006,6.32649051052738,6.276981404300265
eg5_extraprotomers_molecule_CHEMBL1078998,-10.432616233825684,6.3032061692009655,6.393679741849684,6.121432672869904,6.415207736321831,6.298972404648708,6.286738290314698
eg5_extraprotomers_molecule_CHEMBL1088740,-8.75107479095459,6.301680402820731,6.38729291597992,6.1291283478057075,6.406501177883,6.293376827777261,6.292102744657762
eg5_extraprotomers_molecule_CHEMBL1084143_1,-11.93795108795166,6.234966454376145,6.353133623472039,6.030922467329151,6.353942085082368,6.231708558809725,6.20512553718744
eg5_extraprotomers_molecule_CHEMBL1096003_1,-11.93795108795166,6.366688214760605,6.564219971606388,6.172519027140499,6.405933024145076,6.354230497937201,6.336538552973857
eg5_extraprotomers_molecule_CHEMBL1096002_1,-11.191304206848145,6.351800793595833,6.587094551467242,6.147530409491384,6.34070110006197,6.347827331519431,6.3358505754391405
eg5_extraprotomers_molecule_CHEMBL1084676_1,-10.778188705444336,6.38152551291566,6.495693577499961,6.206930067901266,6.440953059414059,6.353823147482401,6.410227712280613
eg5_extraprotomers_molecule_CHEMBL1084677_1,-11.524834632873535,6.3674023558198645,6.512262970389782,6.191612959541204,6.415659779671992,6.355272304403189,6.362203765093156
eg5_extraprotomers_molecule_CHEMBL1084935_1,-10.59618091583252,6.267238589530044,6.405734044389707,6.057360925545463,6.285299678586174,6.297265479177383,6.290532819951493
syk_4puz_fullmap_molecule_CHEMBL3265014,-10.40023136138916,5.99085138722208,5.973349269720515,5.882468168558092,6.125102734194938,5.981626190904024,5.991710572732832
syk_4puz_fullmap_molecule_CHEMBL3265036,-10.417919158935549,6.208784150711261,6.277341609595847,6.039259968371905,6.286868239114587,6.216965913240252,6.223485023233713
syk_4puz_fullmap_molecule_CHEMBL3265020,-11.003335952758787,6.187105275861493,6.231545030756476,6.082229139136541,6.271991601895328,6.14528467593421,6.204475931584908
syk_4puz_fullmap_molecule_CHEMBL3265023,-10.477216720581056,6.175788778337473,6.2223484451859346,6.080746990933621,6.266593569758949,6.132090711480533,6.177164174328329
syk_4puz_fullmap_molecule_CHEMBL3265033,-11.838635444641112,6.225624724758139,6.304989702826662,6.040368060931227,6.3208575526006,6.240684936282473,6.221223371149728
syk_4puz_fullmap_molecule_CHEMBL3265027,-10.329894065856934,6.126451954794648,6.157966149106576,6.013404134286747,6.220603781012463,6.0950744899133715,6.145211219654082
syk_4puz_fullmap_molecule_CHEMBL3265028,-11.010265350341797,6.1759299829863865,6.227595224589434,6.069538816941213,6.266835548585543,6.117496375702481,6.19818394911326
syk_4puz_fullmap_molecule_CHEMBL3265032,-11.068829536437988,6.209054159180657,6.266114612161148,6.057527762419981,6.294858995328125,6.214606714840363,6.212162711153666
syk_4puz_fullmap_molecule_CHEMBL3265031,-12.078866958618164,6.200566009432755,6.253616464339699,6.068099575122059,6.283923713255104,6.183577208533022,6.213613085913893
syk_4puz_fullmap_molecule_CHEMBL3265037,-12.764640808105469,6.231246738542646,6.298157166292674,6.109613498793223,6.320453281715773,6.19205109182647,6.235958654085092
syk_4puz_fullmap_molecule_CHEMBL3265026,-11.36131477355957,6.221336594252191,6.278429183771182,6.0755196303930274,6.292772122868274,6.2344229115908085,6.225539122637665
syk_4puz_fullmap_molecule_CHEMBL3265012,-10.546293258666992,6.016139354319181,6.0257990769286405,5.911936989491484,6.127966490929435,5.9947643855893675,6.02022982865698
syk_4puz_fullmap_molecule_CHEMBL3265029,-11.125299453735352,6.1744130649556945,6.230067409880769,6.059328074084667,6.269016523218334,6.1194804257970645,6.194172891797639
syk_4puz_fullmap_molecule_CHEMBL3265035,-11.07657527923584,6.113926150966946,6.19680457677433,5.960111324361841,6.19139759083067,6.106556563513592,6.114760699354295
syk_4puz_fullmap_molecule_CHEMBL3265024,-11.784735679626465,6.206694419553941,6.288319970722755,6.047825858040454,6.2729868206320605,6.20308073268242,6.221258715692011
syk_4puz_fullmap_molecule_CHEMBL3265018,-11.187724113464355,6.18534746023767,6.233062706366479,6.0784455086137745,6.271677180700877,6.141147021593915,6.202404883913308
syk_4puz_fullmap_molecule_CHEMBL3265008,-9.784358024597168,6.0026390919502886,6.019239003278134,5.885955541268979,6.102075910440921,5.970524644868652,6.035400359894758
syk_4puz_fullmap_molecule_CHEMBL3265016,-11.689735412597656,6.182754665595523,6.225837095382997,6.081287113012542,6.271946615121041,6.1362083206339815,6.198494183827051
syk_4puz_fullmap_molecule_CHEMBL3265025_flip,-10.199455261230469,6.232683289218782,6.305188582997346,6.088213338637911,6.302970927899072,6.232112107883511,6.234931488676076
syk_4puz_fullmap_molecule_CHEMBL3265013,-9.81322193145752,6.0313580413903,6.02912028187174,5.909059549895333,6.164436830583591,6.003756866817933,6.050416677782906
syk_4puz_fullmap_molecule_CHEMBL3259820,-10.575678825378418,6.013330106878722,6.00151633662117,5.887328753520803,6.148040596188557,5.991660715660896,6.038104132402182
syk_4puz_fullmap_molecule_CHEMBL3265006,-9.95804214477539,6.036287725501962,6.045629021971848,5.89509212509385,6.148685746292771,6.015615411912337,6.076416322239007
syk_4puz_fullmap_molecule_CHEMBL3265030_n,-11.471863746643066,6.217719457840146,6.280083663681566,6.090623098971634,6.283997063692124,6.192382813484016,6.241510649371393
syk_4puz_fullmap_molecule_CHEMBL3265022,-10.791322708129885,6.172232887678275,6.21018299856488,6.083398331818076,6.2628431442066095,6.1309266578485335,6.173813305953274
syk_4puz_fullmap_molecule_CHEMBL3265019,-10.777045249938965,6.167001172443056,6.2070249931818084,6.070057774677226,6.244864740624304,6.132683446829025,6.180374906902917
syk_4puz_fullmap_molecule_CHEMBL3265009,-10.297627449035645,5.999781829409676,5.987083862117875,5.879218496603822,6.119161019916394,5.9772480004359485,6.036197767974337
syk_4puz_fullmap_molecule_CHEMBL3265021,-10.890737533569336,6.1874166190713735,6.228913319025585,6.080767683710508,6.272820325644091,6.145143595562944,6.209438171413743
syk_4puz_fullmap_molecule_CHEMBL3265005,-10.323298454284668,6.0409504774582,6.053981251240024,5.890109345673004,6.165052594027988,6.008175982865263,6.087433213484718
syk_4puz_fullmap_molecule_CHEMBL3265017,-11.48725414276123,6.181913286767491,6.224435259927841,6.078246087340652,6.271237724243862,6.134698108454734,6.200949253870361
syk_4puz_fullmap_molecule_CHEMBL3265010,-10.132436752319336,6.017128078829449,6.018427147102078,5.902195853809034,6.132636822876565,5.996872237058389,6.035508333301182
syk_4puz_fullmap_molecule_CHEMBL3265034,-11.48725414276123,6.260943856831419,6.3540589184811065,6.0723157349407435,6.325155149954173,6.260983294161592,6.292206186619479
syk_4puz_fullmap_molecule_CHEMBL3265011_flip,-8.637885093688965,6.017628549656432,6.011427344883253,5.897782746888688,6.132619558730794,5.989883166268199,6.056429931511225
syk_4puz_fullmap_molecule_CHEMBL3265015_flip,-9.47731590270996,6.001541513733862,6.002129478102407,5.8842468503513965,6.128950363591674,5.969284779704082,6.02309609691975
syk_4puz_fullmap_molecule_CHEMBL3265002,-10.617273330688477,6.060932030674834,6.044532755083368,5.958056192964175,6.194100713416742,6.016566041966855,6.091404449943036
syk_4puz_fullmap_molecule_docked_CHEMBL3264998,-11.712096214294434,6.041778614301588,6.037668872247316,5.9329418723865075,6.163443732504436,6.020498912111711,6.054339682257968
syk_4puz_fullmap_molecule_CHEMBL3264997,-10.983019828796388,6.029428961152752,6.013195449665193,5.935972680192655,6.179452219098391,5.991109448067415,6.027415008740108
syk_4puz_fullmap_molecule_docked_CHEMBL3264994,-9.804960250854492,5.960596471168948,5.944281338512267,5.838490598798313,6.1209044922420555,5.956113917573155,5.94319200871895
syk_4puz_fullmap_molecule_CHEMBL3264995,-12.381524085998535,6.019350451561076,6.011192614827851,5.921812232149228,6.171296747064457,5.978790244807074,6.013660418956766
syk_4puz_fullmap_molecule_docked_CHEMBL3265004,-10.857505798339844,6.0518159313614905,6.024402651578735,5.954692538034711,6.189765730010724,6.0128038494947145,6.077414887688568
syk_4puz_fullmap_molecule_CHEMBL3265001,-12.03799057006836,6.057452521724066,6.037960861062514,5.964632272626243,6.19645081370331,6.010676621771039,6.077542039457224
syk_4puz_fullmap_molecule_CHEMBL3264996,-10.665895462036133,6.029995663829924,6.0332763451565645,5.925058262317831,6.213973389175589,5.96701899374649,6.0106513287531484
syk_4puz_fullmap_molecule_docked_CHEMBL3264999_adjust,-11.41401481628418,6.027921498408371,6.0232206298174065,5.921741238491647,6.1981524476117515,5.987517097983772,6.008976078137275
syk_4puz_fullmap_molecule_redocked_CHEMBL3265000_ground_state,-11.811073303222656,6.016925188460695,6.0066669356039535,5.916203529797123,6.165149987125393,5.9820708319115,6.014534657865509
syk_4puz_fullmap_molecule_redocked_CHEMBL3265000,-11.811073303222656,6.031916879806294,6.038665668137215,5.916485216813717,6.205083429457061,5.985843248471864,6.013506836151609
syk_4puz_fullmap_molecule_CHEMBL3265003_tautomer_1,-10.820952415466309,6.068640493344584,6.049529142919942,5.959420177654954,6.1952295504630674,6.03621821395011,6.1028053817348455
syk_4puz_fullmap_molecule_CHEMBL3265003_tautomer_2,-10.820952415466309,6.071143465477831,6.050157178990338,5.963843758742005,6.197299214175111,6.040361356195663,6.10405581928604
hif2a_automap_molecule_338,-10.75852870941162,7.3215079747870035,7.214055283417872,7.557809486878203,7.3484394570949245,7.063053927616305,7.424181718927711
hif2a_automap_molecule_43,-8.699462890625,6.769313087725067,6.792394098679247,6.8823035583581404,6.781354766281404,6.623011679526656,6.767501335779885
hif2a_automap_molecule_235,-10.123006820678713,7.308607710874108,7.260045882554223,7.4972035211456864,7.3707310703510585,7.069996343746365,7.345061736573208
hif2a_automap_molecule_234,-10.347848892211914,7.1906500702344,7.139586105241456,7.427057381821181,7.172878005282261,7.032416774124498,7.181312084702607
hif2a_automap_molecule_30,-10.565720558166504,6.800051294825176,6.777144073576867,6.945840051192045,6.810097921439852,6.673061746157574,6.794112681759538
hif2a_automap_molecule_1,-11.324654579162598,7.041033332986565,7.065290746560543,7.16658421570958,7.031798971669022,6.978417654194913,6.963075076798765
hif2a_automap_molecule_237,-9.549728393554688,7.259676710196136,7.238206130682603,7.406595876292166,7.394858968591958,7.01329845899093,7.245424116423026
hif2a_automap_molecule_227,-10.75852870941162,7.216913828190556,7.212438951107581,7.277704221000882,7.283893267585889,7.05751185810468,7.25302084315375
hif2a_automap_molecule_266,-10.533686637878418,7.227719843019685,7.222814468465942,7.382908597941917,7.262444476379012,7.038891449585416,7.23154022272614
hif2a_automap_molecule_206,-10.123006820678713,7.246849275200145,7.200603118522003,7.477607049275135,7.234323116582724,7.06043741909567,7.261275672525195
hif2a_automap_molecule_67,-10.17173194885254,7.1693150477950995,7.086806264352073,7.470308697170846,7.178920159781252,6.923056096152057,7.187484021519271
hif2a_automap_molecule_156,-9.73618984222412,6.955312167715418,6.933917567853884,7.106320147316558,7.014680005420461,6.818675389570075,6.902967728416118
hif2a_automap_molecule_31,-8.842347145080566,6.642386403149148,6.577333769431986,6.829596422448749,6.700197441126959,6.486443914274143,6.618360468463899
hif2a_automap_molecule_289,-10.91397476196289,7.022301047887895,6.987141385784723,7.186255132237743,7.070356238037404,6.860210154552991,7.007542328826615
hif2a_automap_molecule_61,-10.107617378234863,6.976351661737577,7.033297247732281,7.0682857777875965,6.899915486475254,6.956049908732992,6.92420988795976
hif2a_automap_molecule_167,-10.67374324798584,7.252435777309847,7.2283382552156015,7.437516446212804,7.202607189085627,7.096058546591386,7.297658449443819
hif2a_automap_molecule_165,-9.235339164733888,7.138245574161189,7.031731097730571,7.436355678718872,7.136932393987068,6.935141975929043,7.151066724440398
hif2a_automap_molecule_41,-9.787005424499512,6.839093162610498,6.895764313065461,6.939915511230631,6.783090916108327,6.761598665320951,6.815096407327114
hif2a_automap_molecule_7b,-7.394513607025146,7.04966697883121,7.056294005209363,7.127967704828578,7.075258750497512,6.978647290815811,7.010167142804791
hif2a_automap_molecule_54,-9.30949592590332,6.787859445983649,6.807313568585385,6.935809633631878,6.733952963102575,6.6982738242384015,6.7639472403600065
hif2a_automap_molecule_215,-10.59958553314209,7.257252083426261,7.225425404093119,7.471677030838629,7.193370161470375,7.094510516871681,7.301277303857498
hif2a_automap_molecule_57,-10.67374324798584,7.162154807186414,7.153172372270108,7.263981438257218,7.222598062224489,7.007957506166842,7.163064657013415
hif2a_automap_molecule_42,-8.93969440460205,6.8865185824424815,6.912278899083033,6.991072357238723,6.872577262214368,6.752033649796428,6.9046307438798555
hif2a_automap_molecule_252,-9.71232795715332,7.257732389787163,7.185707110424589,7.511015149097287,7.237802117499324,7.049659798654446,7.304477773260173
hif2a_automap_molecule_336,-9.823477745056152,7.057613128519323,7.02919707867296,7.196554872285757,7.092640511824951,6.889667702861574,7.080005476951372
hif2a_automap_molecule_290,-10.565720558166504,7.231377164062617,7.153119103875615,7.4724790125043015,7.297660361061789,6.979389315706005,7.254238027165374
hif2a_automap_molecule_155,-10.5032958984375,7.0548571758533685,7.040341153512334,7.1949894928675295,7.092033713779819,6.927231260102896,7.019690259004258
hif2a_automap_molecule_164,-6.764764785766602,7.1359711225641105,7.0474438195191285,7.383203560839024,7.177947180905262,6.9312680645322775,7.13999298702486
hif2a_automap_molecule_7a,-9.99706745147705,7.0120318666067885,7.028849171920223,7.1257015637123065,7.029843303192364,6.927618243305142,6.948147050903908
hif2a_automap_molecule_224,-9.660125732421877,7.1812703734850345,7.149119625147504,7.336755678037695,7.231528534526688,6.98703926231368,7.201908767399602
hif2a_automap_molecule_84,-7.5754475593566895,6.7922079030434706,6.839247661472984,6.873795740152694,6.74221825828837,6.75169071258761,6.754087142715688
hif2a_automap_molecule_254,-9.549728393554688,7.22151257817355,7.152691002913278,7.476219269513584,7.1938130546092625,7.039110715401478,7.245728848430145
hif2a_automap_molecule_23,-7.067420959472656,6.959728471112845,7.052031455244143,6.899814275257411,7.095800518681595,6.80925735362715,6.941738752753927
hif2a_automap_molecule_251,-10.24363613128662,7.23256396747165,7.170265130079632,7.449595241148613,7.248260127219564,7.051592441340789,7.243106897569653
hif2a_automap_molecule_256,-10.67374324798584,7.26074468024607,7.2082997434879585,7.477101606345866,7.273663024485759,7.052094727145417,7.292564299765352
hif2a_automap_molecule_50,-9.696937561035156,6.7314676528044135,6.7024809620954695,6.878181158781508,6.70055884783617,6.657201326050609,6.71891596925831
hif2a_automap_molecule_231,-10.022831916809082,7.046748694629675,7.038108751271959,7.165100584764838,7.0528438473072095,6.931021389401855,7.046668900402509
hif2a_automap_molecule_15,-11.046184539794922,7.31608671422551,7.256393009604517,7.539455829625203,7.414428671562203,7.04463969601825,7.3255163643173775
hif2a_automap_molecule_124,-10.123006820678713,6.823321214416464,6.82340616815248,6.929477882183168,6.848218675919081,6.724310919614079,6.79119242621351
hif2a_automap_molecule_25,-10.28314971923828,7.2551189539511345,7.238170992509041,7.43454300201984,7.297351797966835,7.064663174844465,7.240865802415491
hif2a_automap_molecule_163,-11.010265350341797,7.234741253916708,7.150464311196875,7.502604054024208,7.216433090136922,7.042098429450879,7.262106384774655
tnks2_fullmap_molecule_1a,-8.550562858581543,6.287671838410488,6.252688003393793,6.317169359056525,6.369136816988755,6.2094425596548275,6.289922452958542
tnks2_fullmap_molecule_1b,-9.937170028686523,6.358226983744001,6.342107206489124,6.3870766699337675,6.446716078965582,6.257897484830574,6.357337478500961
tnks2_fullmap_molecule_3a,-10.996485710144045,6.268976889878504,6.218271841634196,6.325084460334542,6.341233834217351,6.207457351516455,6.252836961689973
tnks2_fullmap_molecule_3b,-11.519288063049316,6.317953867238522,6.289775083978918,6.357912304402997,6.385697960997276,6.244354982064965,6.312029004748455
tnks2_fullmap_molecule_5f,-10.26306438446045,6.317763786607694,6.323702084610656,6.321414814681765,6.364826349870577,6.260373139629887,6.318502544245587
tnks2_fullmap_molecule_5l,-10.09261703491211,6.356799076406652,6.374698242229475,6.349002212866415,6.389666701641851,6.312182170397444,6.358446054898073
tnks2_fullmap_molecule_5g,-10.805952072143556,6.3110346528682655,6.321738808191494,6.311858513421423,6.350109860832834,6.2772575685502,6.294208513345373
tnks2_fullmap_molecule_5e,-10.107617378234863,6.32017209787161,6.363470182556052,6.292721999901002,6.363732373714238,6.256619115438928,6.324316817747829
tnks2_fullmap_molecule_5i,-12.078866958618164,6.2898121523685475,6.28329837287233,6.295339456545733,6.348098621943016,6.232686020801498,6.289638289680161
tnks2_fullmap_molecule_5b,-10.474388122558594,6.315533837250849,6.331356959173354,6.31845647224473,6.347300316385098,6.26651834849996,6.314037089951102
tnks2_fullmap_molecule_5h,-10.04976749420166,6.342327510598539,6.35001215282756,6.3426178563459095,6.420785015430856,6.26676127686352,6.331461251524851
tnks2_fullmap_molecule_5a,-10.75852870941162,6.280531204204483,6.268569348601026,6.285743873846522,6.336860828554015,6.224617272175802,6.286864697845052
tnks2_fullmap_molecule_5k,-10.963377952575684,6.350638617804341,6.377949281942713,6.348379560081262,6.384840781613808,6.28775549944137,6.354267965942552
tnks2_fullmap_molecule_5p,-10.5032958984375,6.363348994339358,6.396799637858023,6.3844813650538965,6.414264695514648,6.287131730714609,6.334067542555612
tnks2_fullmap_molecule_5j,-11.08442211151123,6.393979382104666,6.40990778209257,6.379244316984565,6.4312779565347835,6.315196127888623,6.4342707270227875
tnks2_fullmap_molecule_5d,-10.8850679397583,6.307550731516959,6.328898559636625,6.2938411965457695,6.351196051292122,6.259383485308815,6.304434364801461
tnks2_fullmap_molecule_5m,-12.6889009475708,6.336579065329829,6.3677629427791365,6.317261385058789,6.379933281820464,6.272017320518261,6.345920396472494
tnks2_fullmap_molecule_5n,-10.71462059020996,6.365456052510559,6.417074697529949,6.357145443989956,6.405711566043605,6.296501879416487,6.350846675572793
tnks2_fullmap_molecule_5c,-9.960407257080078,6.3161548727146215,6.352195175835107,6.299301119120138,6.34028201604209,6.279256261775317,6.309739790800456
tnks2_fullmap_molecule_7,-8.396805763244629,6.314684871601991,6.359356635478032,6.250000741741745,6.371545851895892,6.2607585490511015,6.331762579843187
tnks2_fullmap_molecule_8a_neutral,-10.805952072143556,6.43365352250336,6.449368269654152,6.388562390528803,6.502270651667513,6.425058276763801,6.403008023902531
tnks2_fullmap_molecule_8b_neutral,-11.929967880249023,6.439751470465545,6.458383538759418,6.403695091965989,6.506885671563935,6.429149140635189,6.4006439094031915
tnks2_fullmap_molecule_8c_adjust,-10.123006820678713,6.577565193730362,6.629265442422722,6.513931260238163,6.61992249933137,6.530026970493369,6.594679796166189
tnks2_fullmap_molecule_8d,-12.489546775817873,6.529895920327425,6.575870213965392,6.473605960185999,6.571923087609633,6.511135871179985,6.516944468696118
tnks2_fullmap_molecule_8e_adjust_neutral,-10.24363613128662,6.580349134999956,6.639601975211133,6.515511756689327,6.624793912920986,6.538784866615444,6.583053163562889
tnks2_fullmap_molecule_8f_neutral,-11.811073303222656,6.550069348419545,6.607522010248925,6.48268279456748,6.606734122238267,6.5232195164812605,6.530188298561789
tnks2_fullmap_molecule_8d_neutral_equitorial,-12.489546775817873,6.539396199219999,6.58025604252259,6.4823469790549515,6.586763773047309,6.526640405303473,6.520973796171674
tnks2_fullmap_molecule_8c_neutral_equitorial,-10.123006820678713,6.586518643338752,6.63410336634571,6.522672279107116,6.634582674559421,6.543731124343844,6.597503772337673
tnks2_fullmap_molecule_5o_adjust,-12.03799057006836,6.379946010382,6.4472021890907385,6.367993598509078,6.4125904480337,6.299698475247653,6.37224534102883
tnks2_fullmap_molecule_8f,-11.811073303222656,6.5448007711757175,6.587651223409603,6.482883361249599,6.594469431619264,6.515121489668056,6.543878349932067
tnks2_fullmap_molecule_8b,-11.929967880249023,6.447648568550441,6.466406980620469,6.408491086159351,6.518073566258713,6.420494434679071,6.424776775034599
tnks2_fullmap_molecule_8e,-10.24363613128662,6.562320076317462,6.59659025845899,6.521664451681717,6.6095324855024815,6.5031089010421015,6.580704284902025
tnks2_fullmap_molecule_8a,-10.805952072143556,6.441087426218282,6.4584159500959695,6.398817324663482,6.5128466125254905,6.414340961297241,6.421016282509222
cdk8_5cei_new_helix_loop_extra_molecule_43,-11.93795108795166,6.299940336660908,6.352660763157679,6.189549570322955,6.346550521871671,6.301082800837904,6.3098580271143385
cdk8_5cei_new_helix_loop_extra_molecule_22,-10.28548812866211,6.24787688205077,6.218370713955048,6.250149972077153,6.334895496862149,6.20128438564121,6.234683841718288
cdk8_5cei_new_helix_loop_extra_molecule_30,-11.696293830871582,6.2687810018256895,6.380896162093416,6.032722268395592,6.357380184913784,6.290120553995909,6.282785839729747
cdk8_5cei_new_helix_loop_extra_molecule_21,-9.754467964172363,6.237490981755576,6.206286934176588,6.238485780701154,6.31953121912616,6.201147304391043,6.222003670382932
cdk8_5cei_new_helix_loop_extra_molecule_24,-10.344158172607422,6.071171478062461,6.083704427869302,5.99172549649728,6.135958657333336,6.063097757241328,6.081371051371062
cdk8_5cei_new_helix_loop_extra_molecule_38,-11.391841888427734,6.329032034250138,6.336317175053002,6.298078823388766,6.374740259576218,6.306517936705054,6.329505976527651
cdk8_5cei_new_helix_loop_extra_molecule_31,-11.93795108795166,6.316574587378515,6.427880180097111,6.092505300021901,6.3811046893404475,6.351796121781381,6.329586645651737
cdk8_5cei_new_helix_loop_extra_molecule_41,-11.283177375793455,6.216168815195303,6.208907351514415,6.091979702315221,6.309287263266477,6.267372359687831,6.203297399192572
cdk8_5cei_new_helix_loop_extra_molecule_29,-9.256064414978027,6.392417793559764,6.516411707123643,6.196826406884792,6.470311965283426,6.390797723707251,6.3877411647997056
cdk8_5cei_new_helix_loop_extra_molecule_26,-10.215289115905762,6.33792997175585,6.385325739170448,6.211175263441837,6.401896374833174,6.348392696234614,6.342859785099177
cdk8_5cei_new_helix_loop_extra_molecule_20,-10.698603630065918,6.044820281819023,6.069520906734741,5.922914547514528,6.096077498501757,6.049639781721548,6.08594867462254
cdk8_5cei_new_helix_loop_extra_molecule_35,-11.524834632873535,6.308176200593097,6.417808098594846,6.1075400241374735,6.374145152848065,6.336852642437558,6.304535084947548
cdk8_5cei_new_helix_loop_extra_molecule_40,-11.191304206848145,6.227889843472083,6.223849581249215,6.104196052039902,6.312438652038222,6.286779484841399,6.212185447191676
cdk8_5cei_new_helix_loop_extra_molecule_19,-10.737068176269531,6.081003909327305,6.08504004897099,6.012593866495544,6.149065511246692,6.0661215597373745,6.092198560185921
cdk8_5cei_new_helix_loop_extra_molecule_33,-11.111719131469728,6.267382888960373,6.318666230974113,6.109340467924625,6.3355671963325895,6.3122768305130466,6.261063719057492
cdk8_5cei_new_helix_loop_extra_molecule_27,-8.463898658752441,6.102886913698039,6.086853483081099,6.019107659248399,6.149046242927754,6.12826138661452,6.131165796618427
cdk8_5cei_new_helix_loop_extra_molecule_13,-11.283177375793455,6.200065350837984,6.401474766619982,5.845217557389019,6.301893519845449,6.249588255624147,6.202152654711324
cdk8_5cei_new_helix_loop_extra_molecule_39,-11.524834632873535,6.222092965058846,6.226280700824996,6.077980378855822,6.308162814270821,6.285271303820818,6.212769627521774
cdk8_5cei_new_helix_loop_extra_molecule_32,-9.549580574035645,6.092696910136089,6.090781872267243,6.030479222634118,6.176200293641392,6.05962040242917,6.106402759708528
cdk8_5cei_new_helix_loop_extra_molecule_37,-11.524834632873535,6.2161555581784755,6.212149928599373,6.094771436030213,6.306758940023023,6.264837126815277,6.202260359424489
cdk8_5cei_new_helix_loop_extra_molecule_23,-9.01440715789795,6.222517580027062,6.18089830575062,6.23355149078986,6.305110440324386,6.171180997546169,6.221846665724273
cdk8_5cei_new_helix_loop_extra_molecule_15,-7.687934875488281,6.079313897505971,6.135498829340861,5.969623075940263,6.126087418296977,6.052507048545675,6.112853115406077
cdk8_5cei_new_helix_loop_extra_molecule_34,-11.191304206848145,6.265110535565535,6.281214950193571,6.24481577438406,6.321784299152161,6.2097234706313555,6.26801418346653
cdk8_5cei_new_helix_loop_extra_molecule_25,-9.793952941894531,6.163332617079213,6.21835138233515,6.090893788647621,6.220582658116553,6.128829279233117,6.158005977063624
cdk8_5cei_new_helix_loop_extra_molecule_14,-8.337959289550781,5.949955575607765,6.0363544940412375,5.777899561419751,6.013738658918867,5.984540467115461,5.937244696543508
cdk8_5cei_new_helix_loop_extra_molecule_36,-11.283177375793455,6.314526898754881,6.378676196767009,6.193347268626713,6.419140090593611,6.292456192750808,6.289014745036261
cdk8_5cei_new_helix_loop_extra_molecule_18_flipped,-10.97872543334961,6.050474372418291,6.08994276608711,5.931302395346114,6.102865832091251,6.063396832997054,6.064864035569928
cdk8_5cei_new_helix_loop_extra_molecule_16_flipped,-9.290130615234377,6.017744186394353,6.073879653450004,5.892656398074445,6.059139092848165,6.027461276437963,6.035584511161189
cdk8_5cei_new_helix_loop_extra_molecule_17_flipped,-8.992732048034668,6.056663041888596,6.092208985401669,5.935627524676053,6.108756510007628,6.084620844624944,6.062101344732686
cdk8_5cei_new_helix_loop_extra_molecule_44_flipped,-11.524834632873535,6.250614096500654,6.375776609372059,6.022837525674794,6.31900926984802,6.269909546238933,6.265537531369463
cdk8_5cei_new_helix_loop_extra_molecule_45_flipped,-11.191304206848145,6.310511636510369,6.373355820247698,6.1288437876030155,6.415744123820351,6.330636634026786,6.303977816853993
cdk8_5cei_new_helix_loop_extra_molecule_42_flipped,-11.524834632873535,6.258333679419708,6.407884830572944,5.9746265703589225,6.332743840563837,6.293933546979382,6.282479608623455
urokinase_molecule_10302__1GJ7__no_water_pose_,-10.82235622406006,6.011573709241682,5.981738794722403,5.989661709194556,6.114025238912356,6.016877591642121,5.955565211736972
urokinase_molecule_11417__no_water_pose_,-10.5656099319458,6.012819914667492,5.958125378582886,6.031374323663664,6.10890727869477,5.988113662180024,5.9775789302161195
urokinase_molecule_7806__no_water_pose_,-8.651498794555664,5.961658783779543,5.888915631660035,5.944859199544176,6.098014330972889,5.94651526140214,5.929989495318479
urokinase_molecule_8696__no_water_pose_,-9.802173614501951,5.966054734890177,5.891244995360074,5.963812292881812,6.100145743513661,5.953854656270411,5.92121598642493
scyt_dehyd_molecule_3d,-9.19326877593994,6.048335844140331,5.9695831966082995,6.149810640112159,6.11103577402911,6.0164077727464,5.994841837205683
scyt_dehyd_molecule_8d,-10.628399848937988,6.067951665202658,5.9929445765594505,6.147238444098875,6.137319847563416,6.030586971639012,6.031668486152533
scyt_dehyd_molecule_2d,-13.481749534606934,6.066922370863205,5.9864294232935755,6.149664218103325,6.1452651128180165,6.022044117895304,6.031208982205803
scyt_dehyd_molecule_4d,-15.34340000152588,6.1081551054743235,6.016436707531794,6.221203876911498,6.164685275835675,6.079650640450764,6.058799026641889
scyt_dehyd_molecule_5d,-13.253490447998049,6.075061847496504,5.997366547771366,6.147063208188364,6.145745789058448,6.029479856603037,6.055653835861307
scyt_dehyd_molecule_6d,-9.405847549438477,6.068456722079171,5.9864294232935755,6.149546692009654,6.148125711469705,6.0219166778720625,6.036265105750862
scyt_dehyd_molecule_7d,-15.251520156860352,6.131513721429226,6.033716182171694,6.220654107416187,6.1999998689484,6.08866398438802,6.114534464221825
brd41_ASH106_molecule_cmpd_5__1-Butenyl_,-7.639999866485596,6.0542887994440004,6.09032282558219,5.936581073448454,6.117909639330579,6.108795297582562,6.017835161276226
brd41_ASH106_molecule_cmpd_2__methyl_,-9.59000015258789,6.073750644351513,6.089122978276339,5.977029394648737,6.183219143879327,6.053153164214914,6.066228540738251
brd41_ASH106_molecule_cmpd_3__Allyl_,-7.090000152587891,6.047169375799923,6.102657608148367,5.939281202137488,6.114649868423269,6.065427783606021,6.013830416684466
brd41_ASH106_molecule_cmpd_9__methoxyethyl_,-7.21999979019165,6.118984907538109,6.173726695309481,5.998159308035362,6.196127283028797,6.165165987358714,6.061745263958196
brd41_ASH106_molecule_cmpd_6__ethyl_,-8.59000015258789,6.043556025392976,6.102466693066403,5.9397596982952,6.112156641707878,6.063485970524975,5.999911123370427
brd41_ASH106_molecule_cmpd_8__n-Butyl_,-7.659999847412109,6.063054536391878,6.093259022066117,5.947676861998633,6.1229317165983845,6.141804980005335,6.009600101290919
brd41_ASH106_molecule_cmpd_7__n-propyl_,-7.019999980926514,6.055381599344301,6.0889398176413385,5.94605022815282,6.117096776804461,6.118917667101145,6.005903507021742
brd41_ASH106_molecule_cmpd_4__Crotyl_,-8.640000343322754,6.051974767281882,6.106974518090238,5.95031930812179,6.113837005897151,6.086844241870248,6.001898762429983
hsp90_woodhead_molecule_4,-8.930000305175781,5.94761776224812,6.049600213170593,5.717887158957704,6.1584166907267,5.91353212686551,5.89865262152009
hsp90_woodhead_molecule_1,-12.720000267028809,5.81332867992199,5.9676378232094365,5.556155363723091,6.067703869402529,5.749461059794417,5.725685283480477
hsp90_woodhead_molecule_3,-8.079999923706055,5.918131456625331,6.034962358982086,5.694643532345133,6.108928209160345,5.875371730694739,5.876751451944354
hsp90_woodhead_molecule_2,-10.739999771118164,5.877761124179289,5.978075600375439,5.656768751874092,6.12110789684436,5.817243477755767,5.815609894046782
throm_nozob_hip75_molecule_2d_pose_2,-6.630871772766113,5.999983385611913,5.950660571449839,5.937498240443891,6.097563626994117,6.037698320283193,5.976496168888526
throm_nozob_hip75_molecule_2c_pose_2,-7.285645008087158,5.9568038805913135,5.9726692131037975,5.826869686255945,6.059390892142398,5.983258904106216,5.941830707348208
throm_nozob_hip75_molecule_7b,-7.409305095672607,6.022221860502489,6.0118602891797375,5.945406432012615,6.101176514487815,6.074157395632535,5.978508671199743
throm_nozob_hip75_molecule_7c_pose_1,-8.008489608764648,6.026278056355773,6.0088630749526395,5.958465641757344,6.104302647335368,6.074034269619547,5.9857246481139645
throm_nozob_hip75_molecule_7f,-6.122768878936768,5.942918541327404,5.976720793559143,5.787191751674183,6.03379328870688,5.9745156543810545,5.942371218315761
throm_nozob_hip75_molecule_2b_pose_1,-7.285645008087158,6.043975931593264,6.003385336845221,6.003728727171822,6.122163100129553,6.081278965362194,6.0093235284575375
throm_nozob_hip75_molecule_1a_pose_2,-7.409305095672607,6.018083071774553,5.984621968420199,5.97013494946911,6.094457797261944,6.04914875780574,5.9920518859157745
throm_nozob_hip75_molecule_7e_pose_1,-5.654734134674072,5.944562745623656,5.990889991696429,5.766099857332498,6.0111004118543665,6.006904974062679,5.94781849317231
throm_nozob_hip75_molecule_6a_pose_1,-9.910837173461914,6.064216427875574,6.05656289711252,5.9879499881353455,6.133139407644388,6.117666652239744,6.025763194245872
throm_nozob_hip75_molecule_5,-6.793628215789795,5.980291805692091,5.94182319060698,5.908763075574376,6.0758642572189645,6.039040152735635,5.935968352324501
throm_nozob_hip75_molecule_1c_pose_2,-8.579615592956543,6.008353991265419,5.948641726759524,5.938590466240138,6.116582206450003,6.061325133254404,5.976630423623024
throm_nozob_hip75_molecule_2a_pose_2,-6.616480827331543,6.083059656304188,6.037042137457698,6.049164027307438,6.157018614135407,6.102181752931112,6.069891749689285
throm_nozob_hip75_molecule_7a_pose_2,-7.624663829803467,6.016834624789885,5.960366044594237,5.956375481806934,6.112527026073133,6.073175984653701,5.981728586821418
throm_nozob_hip75_molecule_3b_pose_1,-7.254891872406006,5.987586179872461,5.941411911153905,5.931564442793954,6.055557919294916,6.053012056326036,5.956384569793496
throm_nozob_hip75_molecule_6d_pose_2,-8.73290729522705,5.9636735875883415,6.039365577037166,5.808682951716637,6.0492304791865035,5.975115034088813,5.945973895912592
throm_nozob_hip75_molecule_6c_pose_1,-9.01440715789795,6.11292091197601,6.093768114660933,6.061168465295245,6.176099481013182,6.156647148545405,6.076921350365287
throm_nozob_hip75_molecule_3a_xtal_pose,-8.120434761047363,5.998645831009659,5.94532051597427,5.947005477678359,6.080744946314729,6.0570227954778035,5.9631354196031365
throm_nozob_hip75_molecule_1b_pose_2,-9.256064414978027,6.021979285900128,5.994370235120971,5.955650872994472,6.104945264387338,6.066348740954317,5.98858131604354
throm_nozob_hip75_molecule_6b_pose_2,-9.03689956665039,6.03941023021558,6.00340891482119,5.981898779664191,6.117948972749605,6.091629094757285,6.00216538908563
throm_nozob_hip75_molecule_6e_pose_1,-8.647159576416016,6.083424303791795,6.0963424976790055,6.022073833910197,6.132634835048531,6.120438956071634,6.045631396249608
throm_nozob_hip75_molecule_1d_pose_2,-8.601290702819824,6.0019868291525915,5.949642392607267,5.937498240443891,6.097265339137165,6.0508284446879435,5.974699728886694
taf12_molecule_cmpd_5__1-Butenyl_,-10.0,6.082287077839761,6.080456355979693,6.000852039591556,6.167204328833624,6.1107842194358355,6.0521384453581
taf12_molecule_cmpd_2__methyl_,-9.859999656677246,6.093129818031139,6.0687957619372215,6.026189085226713,6.220079610772305,6.085485817523403,6.065098814696049
taf12_molecule_cmpd_3__Allyl_,-8.34000015258789,6.0860590119547835,6.076749496737639,6.023714889410439,6.184689343872628,6.0949867328667136,6.050154596886502
taf12_molecule_cmpd_9__methoxyethyl_,-7.690000057220459,6.1574959414539485,6.178535105595926,6.072556864129284,6.2524129500848336,6.153094053552404,6.130880733907298
taf12_molecule_cmpd_6__ethyl_,-8.529999732971191,6.084475582279078,6.076292468071058,6.023563728753497,6.18379335931431,6.092902456552943,6.045825898703584
taf12_molecule_cmpd_8__n-Butyl_,-8.279999732971191,6.086659593443024,6.077752964582788,6.0047507398255755,6.168794093914614,6.124889494660696,6.057110674231446
taf12_molecule_cmpd_7__n-propyl_,-8.119999885559082,6.079975285394495,6.077938256811433,6.000587445027887,6.162033080373019,6.112226765922764,6.047090878837371
taf12_molecule_cmpd_4__Crotyl_,-8.710000038146973,6.08596427339845,6.077419656120434,6.02591013668083,6.18379335931431,6.0968723161730916,6.045825898703584
chk1_molecule_21__Xtal_,-13.06863021850586,6.1725369526346965,6.356629845176928,5.91201625598159,6.21842412210761,6.202802779478342,6.172811760429014
chk1_molecule_22,-13.06863021850586,6.239766970028846,6.470483241104609,5.961861965642334,6.25270292152322,6.249918639669812,6.263868082204256
chk1_molecule_24_pose_2,-13.177300453186035,6.1841643080835125,6.374609580180597,6.001054758568529,6.213740504582656,6.1680963157035915,6.163320381382191
chk1_molecule_14_docked,-10.870059967041016,6.175185235340707,6.250792081224482,6.02850361308915,6.25177046345967,6.1920867139840565,6.152773304946174
chk1_molecule_18_docked,-9.549579620361328,6.212044185203043,6.284936783054613,6.075387558519662,6.2992370798476545,6.211033718759263,6.18962578583402
chk1_molecule_13_docked,-9.920853614807127,6.203498195569166,6.286648548712094,6.041593350785083,6.277410064817353,6.207530152820194,6.204308860711104
chk1_molecule_20,-10.082300186157228,6.183202696212566,6.262948895218113,6.066082856183214,6.242830822113906,6.1814650242889195,6.162685883258679
chk1_molecule_12_docked,-8.612431526184082,6.216273174572189,6.298714504214641,6.046540331716307,6.312771867423326,6.223560783011522,6.1997783864951455
chk1_molecule_16_docked,-11.781579971313477,6.19948140255474,6.273615177627535,6.059500587735244,6.2973748205626325,6.191599227080507,6.175317199767779
chk1_molecule_19,-10.249360084533691,6.224003676251518,6.293927605400014,6.065323548729257,6.320533460943352,6.216609955869769,6.223623810315196
chk1_molecule_17_torsion_adjust,-10.323949813842772,6.209301359179546,6.279757271385267,6.056563192628721,6.299143525184288,6.2211391496219095,6.189903657077544
chk1_molecule_15_docked,-10.043829917907717,6.176043856032218,6.242977181489994,6.044980491359836,6.246069777741948,6.193080742639906,6.153111086929409
chk1_molecule_11_docked,-10.978730201721191,6.18619024803633,6.269956832686663,6.034570189607054,6.2654625292749895,6.194327544565729,6.166634144047214
hsp90_kung_molecule_cmpd_16,-10.329999923706056,6.298512818567917,6.458940702841952,6.067984568109449,6.374253582289236,6.282524968754103,6.308860270844845
hsp90_kung_molecule_cmpd_9,-7.920000076293945,6.306052635192951,6.432108419578666,6.175300618080874,6.35146615721304,6.268799421443684,6.302588559648489
hsp90_kung_molecule_cmpd_13,-10.149999618530272,6.343979113552011,6.4679882469157866,6.188782425145907,6.407841986088566,6.29582541719506,6.359457492414737
hsp90_kung_molecule_cmpd_14,-7.820000171661377,6.313086278292773,6.4421524520633,6.1660774860877074,6.353630529978567,6.280606330317131,6.322964593017162
hsp90_kung_molecule_cmpd_15,-9.609999656677246,6.26883370713205,6.438074029017431,6.036736546450255,6.319021383964335,6.278748799905104,6.271587776323126
hsp90_kung_molecule_cmpd_7,-9.40999984741211,6.272048377322989,6.38748176075443,6.153292230204143,6.324142023855666,6.232551804432747,6.262774067367957
hsp90_kung_molecule_cmpd_17,-10.739999771118164,6.285756963177552,6.461126667013526,6.047275342544609,6.322497186806914,6.293626261832501,6.304259357690209
hsp90_kung_molecule_cmpd_11,-9.1899995803833,6.333142673452129,6.491212498840257,6.190281414390606,6.351446646501365,6.28854389957211,6.3442289079563094
hsp90_kung_molecule_cmpd_12,-9.1899995803833,6.3139513492559605,6.447121573091266,6.156190673327701,6.351644273819364,6.292049248346061,6.322750977695409
hsp90_kung_molecule_cmpd_10,-9.1899995803833,6.165896315782151,6.251037550418316,5.93852518903486,6.275985757000676,6.165561729920782,6.198371352536118
hsp90_kung_molecule_cmpd_8,-6.860000133514404,6.269446551139113,6.374160154754378,6.1786342526654385,6.304456980576195,6.2252340399009,6.26474732779865
