unique_id,dg_exp,preds,preds_1,preds_2,preds_3,preds_4,preds_5
wagner_brd4_molecule_61a,-12.0,6.940778195143873,6.974098273430644,7.030105677873369,6.917649786038424,6.79999893597135,6.98203830240558
wagner_brd4_molecule_25e,-11.300000190734863,6.759201047065178,6.926778298916427,6.704782107059029,6.636405594298958,6.839661645626288,6.688377589425191
wagner_brd4_molecule_11,-8.199999809265137,5.78423091698828,5.791424917032805,5.666416843992227,5.816750406878313,5.97988908416981,5.666673332868241
ftase_extraligs_custcore_stereo_molecule_lig_2__deprot,-12.40999984741211,4.848654613562798,4.98475669576788,5.098893133945665,4.54354492346722,4.96062091720383,4.655457397429394
ftase_extraligs_custcore_stereo_molecule_lig_66__deprot,-12.289999961853027,4.884292969638771,4.951701786880462,4.995166664127747,4.573245292400681,5.122180923750228,4.779170181034741
ftase_extraligs_custcore_stereo_molecule_lig_68__deprot,-12.109999656677246,4.983582741483179,5.059632192200738,5.070353138627719,4.7122197979251315,5.16554155088507,4.910167027777239
ftase_extraligs_custcore_stereo_molecule_lig_51_stereo,-11.399999618530272,4.9259432186277206,5.025313875061746,5.1278948112000595,4.6734735156138445,5.117241202840149,4.685792688422805
ftase_extraligs_custcore_stereo_molecule_lig_49_stereo,-11.600000381469728,4.927617653818377,5.025225767763374,5.12793066468179,4.6738604463909,5.121982490537689,4.689088899718133
ptp1b_molecule_23477,-8.850000381469727,5.642889037641139,5.736641611912962,5.67120378133644,5.779859949401518,5.672503806147081,5.354236039407694
ptp1b_molecule_23484,-7.75,5.695083206806916,5.7645857655971415,5.62636321942998,5.78569141913596,5.692184038509481,5.606591591362021
ptp1b_molecule_23467,-7.340000152587891,5.248485592688735,5.302391784730369,5.288034678685529,5.176586709614887,5.320730376057334,5.154684414355554
ptp1b_molecule_20667,-11.420000076293944,5.8570427687734234,5.963249915397314,5.807813076294698,5.9109285132082965,5.774383072415362,5.828839266551445
ptp1b_molecule_23469,-7.71999979019165,5.7248569044187265,5.709557302783954,5.8220312084793795,5.629511211115101,5.854779895043136,5.608404904672058
ptp1b_molecule_23483,-9.869999885559082,5.963203368270187,6.0907308897415,5.911136066799146,6.099128788563571,5.820175676173622,5.894845420073094
ptp1b_molecule_23480,-8.720000267028809,5.976588200939015,6.049952288504472,5.968661961079272,5.996363142669771,5.9247230577962675,5.943240554645291
ptp1b_molecule_23474,-9.109999656677246,5.5991071683030995,5.6499142143092556,5.6355367696097245,5.737735212245111,5.646133115820536,5.326216529530872
ptp1b_molecule_23473,-8.390000343322754,5.5767321487085315,5.585091511473432,5.586690563828329,5.542215498758515,5.67477715198261,5.494886017499768
ptp1b_molecule_23471,-7.75,5.386147719109586,5.39187528040047,5.473401159717171,5.2906877533310475,5.461190887516923,5.313583514582319
ptp1b_molecule_20669,-8.609999656677246,5.8185327226038375,5.778807018110132,5.919056688440308,5.772926117273734,5.931899770862991,5.689974018332024
ptp1b_molecule_23476,-9.40999984741211,5.5692588693658225,5.6076455829634435,5.581866521388849,5.692491195822014,5.619302433920999,5.344988612733804
ptp1b_molecule_23466,-7.849999904632568,5.2381682914842775,5.29711972087376,5.286591471795836,5.134274331507282,5.3233095237332675,5.149546409511242
ptp1b_molecule_23472,-8.649999618530273,5.808779632176281,5.841262029795247,5.815867009517436,5.65973638202298,5.943948357073843,5.783084382471894
ptp1b_molecule_23482,-10.010000228881836,5.8692039445316855,5.867437428071133,5.8191578740272805,5.944638604855002,5.822546350410572,5.892239465294442
ptp1b_molecule_23486,-12.470000267028809,5.900065183742681,5.988152407383352,5.884584757611019,5.962365110758058,5.810594034998632,5.8546296079623446
ptp1b_molecule_23470,-7.71999979019165,5.496763326834754,5.504871391198435,5.58245757947096,5.471315259159225,5.546439185657785,5.378733218687367
ptp1b_molecule_23468,-7.75,5.395755660491604,5.411853986146951,5.469286192536425,5.307321909370365,5.467591781136586,5.3227244332676955
ptp1b_molecule_23485,-11.010000228881836,6.076437179602561,6.180384040443463,6.021422789541814,6.050511607468935,5.979141616960512,6.150725843598082
ptp1b_molecule_23330,-10.130000114440918,5.872452030375301,5.958071685951958,5.896094746305966,5.916890421470428,5.8688082532336505,5.72239504491451
ptp1b_molecule_20670,-9.079999923706056,5.658735655951317,5.73833148050446,5.68261889773936,5.810604283635383,5.6894541156055,5.372669502271887
ptp1b_molecule_23479,-9.140000343322754,5.980362535245185,6.050893689600148,5.96347646938901,5.9979290992032945,5.937145286806215,5.952368131227254
ptp1b_molecule_23475,-8.720000267028809,5.627915149999157,5.69675843910204,5.64475287173673,5.787234632299908,5.666059459667411,5.344770347189696
mcl1_extra_flips_molecule_23,-8.829999924,6.0350264933997915,6.152254644219486,5.981790124107627,6.068633118070983,5.939854247927971,6.032600332672889
mcl1_extra_flips_molecule_26,-8.239999771,5.924440379188676,6.080059973112759,5.904777662738419,5.881715686016368,5.813453689387968,5.942194884687866
mcl1_extra_flips_molecule_27,-6.119999886,5.26383876723343,5.450101161136888,5.251793868275327,5.33985365423417,5.211743306376153,5.065701846144613
mcl1_extra_flips_molecule_28,-6.619999886,5.799978456442449,5.836393054600423,5.84197700409258,5.824857310906046,5.739662555087009,5.757002357526187
mcl1_extra_flips_molecule_29,-6.940000057,5.690117360947008,5.810855530441522,5.720235748701957,5.702432262517037,5.704793563783038,5.5122696992914815
mcl1_extra_flips_molecule_30_flip,-7.849999905,5.79144604392063,5.854846509560613,5.823423091110857,5.7926842904992615,5.769993976329047,5.716282352103373
mcl1_extra_flips_molecule_31,-7.920000076,5.679985624154638,5.829139143926712,5.702926830328885,5.667553584063234,5.691491066649828,5.508817495804525
mcl1_extra_flips_molecule_32,-6.579999924,5.757342378233764,5.833076405570605,5.800413826751269,5.76091894013415,5.758579861705538,5.633722857007256
mcl1_extra_flips_molecule_33,-6.880000114,5.600361239255255,5.7480759114405275,5.649091833110961,5.583169883381706,5.576395850428196,5.445072717914887
mcl1_extra_flips_molecule_34,-6.869999886,5.660569095614368,5.813918913884315,5.699304230785553,5.6679658780962905,5.654662086855898,5.4669943684497815
mcl1_extra_flips_molecule_35,-8.81000042,5.938152742277315,6.057926763899383,5.957514004764502,5.924748126501799,5.846853967171763,5.903720849049122
mcl1_extra_flips_molecule_36,-8.180000305,5.941383261473555,6.043054566193075,5.972866254092679,5.954340080346508,5.836452972940516,5.900202433794995
mcl1_extra_flips_molecule_37,-8.949999809,6.859365859445378,6.950543809642607,6.873677218953423,6.925962535382645,6.819783176241416,6.7268625570068075
mcl1_extra_flips_molecule_38_flip,-7.019999981,5.960792534575987,6.131857188807399,5.9117895748153835,5.964063099535175,5.8684799780208525,5.927772831701126
mcl1_extra_flips_molecule_39,-7.03000021,5.908888291197902,6.057835011194921,5.8333960671629335,5.8870191231021805,5.89378271188099,5.872408542648483
mcl1_extra_flips_molecule_40_flip,-7.25,5.913316447606265,6.101026287130849,5.88192711201596,5.871830623447385,5.840894682396747,5.870903533040381
mcl1_extra_flips_molecule_41_flip,-7.130000114,6.1580141546484235,6.235353442031673,6.142629721064483,6.118667070867477,6.1437301105707025,6.149690428707782
mcl1_extra_flips_molecule_42,-8.899999619,5.93228045449823,6.07611893763337,5.922777919202722,5.8909667291351795,5.829207240108903,5.942331446410975
mcl1_extra_flips_molecule_43_flip,-7.03000021,5.833346970068476,6.0571119483824285,5.81098075401163,5.823932909674398,5.742611971874508,5.732097266399413
mcl1_extra_flips_molecule_44,-8.670000076,6.574196620576126,6.757835378026825,6.498599027729279,6.708791303519918,6.452405299016165,6.453352094588443
mcl1_extra_flips_molecule_45,-8.949999809,6.593408788390747,6.728487568358949,6.453661751071938,6.607958719501942,6.53057790601172,6.646357997009184
mcl1_extra_flips_molecule_46_flip,-7.599999905,6.591868289531526,6.738910188085114,6.399171612042383,6.635480386862197,6.506415192780811,6.679364067887123
mcl1_extra_flips_molecule_47_flip,-5.78000021,6.052313555547275,6.215089223958012,6.067177175090833,5.999630812385005,5.997612210974786,5.982058355327736
mcl1_extra_flips_molecule_48_flip,-6.659999847,5.78040602948445,5.974575538521642,5.774373655830133,5.698049433305531,5.737664569181117,5.7173669505838225
mcl1_extra_flips_molecule_49,-8.359999657,6.377588101289366,6.3475604900955656,6.441701659432155,6.389825542742755,6.386453473513637,6.322399340662716
mcl1_extra_flips_molecule_50,-9.329999924,6.933142242622997,7.041963496825005,7.00602517073714,6.967071871550845,6.903111246742133,6.747539427259863
mcl1_extra_flips_molecule_51,-8.449999809,6.152911522900178,6.280555198345855,6.109520700519451,6.10442118674924,6.0853070357889,6.184753493097441
mcl1_extra_flips_molecule_52,-9.229999542,6.502782552954781,6.464465039738069,6.489225043366197,6.46797759601229,6.543516397937934,6.548728687719416
mcl1_extra_flips_molecule_53,-9.960000038,6.988353778414442,7.0654676113217345,7.003771368247244,7.026710604456459,6.999871992208035,6.845947315838737
mcl1_extra_flips_molecule_54,-9.779999733,6.241122640638076,6.424192147112707,6.217704904675166,6.17859632237475,6.127282494781847,6.257837334245909
mcl1_extra_flips_molecule_56,-9.260000229,6.8531463759199935,6.966718693733261,6.8527212815085345,6.906267380996113,6.830425260611098,6.7095992627509595
mcl1_extra_flips_molecule_57,-9.039999962,5.989840595286863,6.146217386336581,5.986055311690131,5.912919119879281,5.894591976364039,6.009419182164284
mcl1_extra_flips_molecule_58,-9.409999847,6.993773924181056,7.075170516865146,6.992597684658655,7.0394292195741714,7.0131536525786515,6.84851854722866
mcl1_extra_flips_molecule_60,-8.920000076,6.869765626944131,6.949018382663279,6.896590237004013,6.9450613686808005,6.827424723009188,6.730733423363373
mcl1_extra_flips_molecule_61,-8.079999924,6.987494052113897,7.024639303380252,7.0059337836512485,7.028538820064479,7.016078954913028,6.862279398560475
mcl1_extra_flips_molecule_62,-7.960000038,6.2480116068838125,6.4169642674030705,6.202691796574071,6.2014770432552435,6.156064631267008,6.262860295919674
mcl1_extra_flips_molecule_63,-9.06000042,7.121683127762806,7.105814001885361,7.2164123342321655,7.188553836670144,7.037506437704381,7.060129028321984
mcl1_extra_flips_molecule_64,-9.5,6.493651915672848,6.695203168772824,6.3895844290936425,6.682839066217376,6.344314859968383,6.356318054312014
mcl1_extra_flips_molecule_65,-8.409999847,6.961589642578112,7.017129153240278,6.977833569278504,7.010287475375367,6.980802744810563,6.821895270185846
mcl1_extra_flips_molecule_66,-8.430000305,6.172904888686715,6.295288176981469,6.094778922188434,6.1417381628424,6.125097245083188,6.207621936338089
mcl1_extra_flips_molecule_67,-7.579999924,6.819912409726987,6.92892007357303,6.844803306155783,6.884762309169351,6.752281958993156,6.688794400743621
mcl1_extra_flips_molecule_68,-7.690000057,6.214245000445444,6.379514377463208,6.188487114192151,6.1742271471229,6.096607349266654,6.2323890141823055
cdk2_molecule_17,-7.039999961853027,5.821241382695416,5.6869613978548585,5.712957351605295,5.5641087952114585,6.201577653237651,5.940601715567817
cdk2_molecule_28,-11.109999656677246,7.1947189489004675,7.233247769321706,7.175943282282923,7.165379754530184,7.076687764482199,7.322336173885325
cdk2_molecule_22,-7.860000133514404,6.554962551591501,6.461118801432061,6.657834611954778,6.389125257402757,6.437208564022123,6.829525523145792
cdk2_molecule_30,-9.8100004196167,7.116944282876153,7.1804900829118115,7.057544369330545,7.052116480404791,7.046055198442312,7.248515283291305
cdk2_molecule_1h1r,-7.670000076293945,6.071150242023433,6.0042280462169035,6.109205831260935,5.885129429667378,6.160258154911596,6.1969297480603505
cdk2_molecule_1h1s,-11.25,7.068730476644904,7.1137796272404215,7.040631997389011,6.870136025368507,7.078126571971176,7.240978161255411
cdk2_molecule_21,-7.829999923706055,6.38208467598579,6.2001506920463365,6.538689050297335,6.309662305898698,6.248748221211348,6.613173110475235
cdk2_molecule_1oiy,-9.789999961853027,6.962652525080097,6.89281346321707,6.961597831644831,6.862854783425687,6.96003759864017,7.135958948472726
cdk2_molecule_1oiu,-9.079999923706056,6.886640978964354,6.850146304754631,6.871655432175301,6.790154512372472,6.833362321404648,7.087886324114718
cdk2_molecule_31,-9.539999961853027,7.012537525743035,6.958255109155119,7.0570764057103785,6.977945761090086,6.9705927958410445,7.0988175569185445
cdk2_molecule_29,-9.880000114440918,7.096562752726537,7.086900119868509,7.121249829058373,7.05220730948584,7.027361458074047,7.195095047145913
cdk2_molecule_26,-8.430000305175781,6.274857057316906,6.192239896723487,6.3244430981000015,6.114973695831336,6.271941156810273,6.470687439119431
cdk2_molecule_1oi9,-9.739999771118164,6.7682886356428655,6.8605232094357405,6.967542922184877,6.109852572224106,6.945266465139739,6.958258009229868
cdk2_molecule_20,-8.720000267028809,6.627181768621471,6.581547856084628,6.6914110450274835,6.350763403602333,6.756985943003496,6.755200595389411
cdk2_molecule_32,-9.75,7.434026678555993,7.543371967711537,7.421646797347073,7.23785723326894,7.440416519698428,7.526840874753992
cdk2_molecule_1h1q,-8.180000305175781,6.117289563041931,6.0749834050867495,6.265966187743037,6.0398178049543105,6.09997263452924,6.105707782896313
jnk1_manual_flips_molecule_18626-1,-8.869999885559082,6.600554504927658,6.578525135112219,6.572990621508184,6.5524485185989505,6.621022418785543,6.677785830633389
jnk1_manual_flips_molecule_18628-1_flip,-8.699999809265137,6.718916046011946,6.611179628486918,6.6503588399658495,6.805257062508,6.761251075596654,6.7665336235023155
jnk1_manual_flips_molecule_18629-1,-8.670000076293945,6.676521306557293,6.650516769331022,6.6272271871479544,6.689871630848744,6.690723966663225,6.724266978795515
jnk1_manual_flips_molecule_18636-1,-7.510000228881836,6.75489113151586,6.758089433560709,6.637672742396404,6.613387942612368,6.769047363278638,6.996258175731187
jnk1_manual_flips_molecule_17124-1,-9.68000030517578,7.292137417432163,7.235110220983526,7.22704021609153,7.195165380473251,7.378995268961185,7.424376000651321
jnk1_manual_flips_molecule_18627-1,-8.479999542236328,6.60644559272671,6.60342211276396,6.5832265792026705,6.544184522062502,6.630387873209424,6.6710068763949995
jnk1_manual_flips_molecule_18638-1,-10.09000015258789,7.524986420427065,7.414446060476826,7.491506141385712,7.36966380248975,7.703514624554158,7.64580147322888
jnk1_manual_flips_molecule_18659-1,-9.470000267028809,7.167918907683534,7.1620781396367335,6.97802042828279,7.156082539231767,7.290889630168948,7.25252380109743
jnk1_manual_flips_molecule_18639-1,-9.739999771118164,7.32995911911568,7.271084663963776,7.29251723952788,7.215623332377993,7.418428463770639,7.452141895938113
jnk1_manual_flips_molecule_18634-1,-9.989999771118164,7.196196786680436,7.127769509798638,6.993009975061665,7.1506669898228115,7.3196348587314874,7.389902599987573
jnk1_manual_flips_molecule_18630-1,-9.140000343322754,6.62310501364014,6.6150721577545895,6.617601329053498,6.58110005128372,6.627363047470501,6.674388482638391
jnk1_manual_flips_molecule_18637-1,-10.140000343322754,7.429891269198196,7.405592439485869,7.330739650777031,7.301082722768055,7.568688281239947,7.543353251720073
jnk1_manual_flips_molecule_18658-1,-9.699999809265137,6.95685454393117,6.939411836116877,6.847265564253399,6.904374442179375,7.003275823432074,7.089945053674127
jnk1_manual_flips_molecule_18632-1,-9.079999923706056,6.69625777913006,6.6363697211535255,6.676380082689881,6.695809581425503,6.715355388403823,6.757374121977567
jnk1_manual_flips_molecule_18633-1,-9.170000076293944,6.6527009283733465,6.645607064022896,6.647508520999569,6.591064384674268,6.661181884737481,6.718142787432515
jnk1_manual_flips_molecule_18635-1,-7.289999961853027,7.101075012956377,7.011264911430569,6.900388745246266,7.050966876357818,7.245372058256831,7.2973824734904085
jnk1_manual_flips_molecule_18631-1,-9.40999984741211,6.750610354001184,6.656559679634832,6.765089660329229,6.766685251157402,6.756926743535514,6.807790435348941
jnk1_manual_flips_molecule_18660-1,-8.699999809265137,7.2752189398951135,7.1877286980151,7.191945003893036,7.260658593587516,7.425244258607959,7.310518145371951
jnk1_manual_flips_molecule_18625-1,-8.109999656677246,6.66043977733032,6.635116637169491,6.571050119870744,6.578180360026199,6.6840625057714425,6.833789263813724
jnk1_manual_flips_molecule_18624-1,-8.489999771118164,6.534712289810807,6.513026690927099,6.526427427791446,6.49824214484016,6.514709336372863,6.6211558491224665
jnk1_manual_flips_molecule_18652-1,-10.68000030517578,7.801044203436137,7.440794135172746,7.81481019433844,7.931426815872818,7.917506497947978,7.900683373848703
thrombin_core_molecule_6a,-9.18000030517578,6.605128246696458,6.6714921462411745,6.7058475059777205,6.568134628152985,6.764116205521705,6.316050747588701
thrombin_core_molecule_3a,-8.319999694824219,6.193081444641994,6.168130258417185,6.366271403092496,6.164742789561408,6.242875502632743,6.023387269506138
thrombin_core_molecule_1d,-8.25,6.180029348056086,6.231163598751079,6.330011981963013,6.223102938843704,6.264384379286144,5.851483841436495
thrombin_core_molecule_6e,-8.90999984741211,6.615665714477082,6.695911808538147,6.708865685953302,6.577403520165834,6.782168905018285,6.313978652709841
thrombin_core_molecule_6b,-8.890000343322754,6.687711032270556,6.73713599328334,6.775070308528654,6.6491057508135345,6.807316224130569,6.469926884596682
thrombin_core_molecule_1b,-8.460000038146973,6.227910294206735,6.231880040004894,6.342756515387185,6.296125197402296,6.304909633458776,5.963880084780523
thrombin_core_molecule_1a,-7.480000019073486,6.003509200782998,5.975866421487243,6.230615200932952,5.993456549490871,6.071765313050322,5.745842518953609
thrombin_core_molecule_5,-7.579999923706055,5.523968550579912,5.2393448099248925,5.738342963560291,5.6001550843605505,5.689019869476927,5.3529800255769
thrombin_core_molecule_3b,-7.860000133514404,6.148612206057589,6.15951614272259,6.380420523429531,6.129355291341971,6.1374200123848786,5.936349060408972
thrombin_core_molecule_7a,-8.220000267028809,6.660680067870314,6.760889803670166,6.7705555386791465,6.60526583855895,6.76321671950871,6.403472438934599
thrombin_core_molecule_1c,-8.5600004196167,6.179312438125192,6.226734939144541,6.330949746474608,6.224031727470735,6.264007964370303,5.850837813165769
tyk2_molecule_jmc_23,-11.699999809265137,8.12388523417258,8.116396129240378,8.132039731028732,8.083411692172644,8.195251321991357,8.092327296429788
tyk2_molecule_ejm_47,-9.699999809265137,7.429391232938795,7.570891921994268,7.363437542838112,7.308075701896007,7.33934499092048,7.565206007045109
tyk2_molecule_ejm_49,-7.75,6.901296457259015,6.936126179246773,6.96757235963415,6.781076250674959,6.987904429389425,6.833803067349768
tyk2_molecule_ejm_31,-9.539999961853027,6.747120631128631,6.804022408425238,6.930645399319418,6.621825747365854,6.70392594385141,6.675183656681234
tyk2_molecule_ejm_45,-9.5600004196167,7.678509140946683,7.811396959838516,7.6325674569327795,7.551738476466153,7.704671094449357,7.69217171704661
tyk2_molecule_ejm_44,-7.420000076293945,6.706026824165518,6.739106038452004,6.842795973904312,6.595903431121017,6.6835190772471424,6.668809600103119
tyk2_molecule_ejm_43,-8.260000228881836,6.761421280123278,6.779082618192467,6.952083898969358,6.634358926842048,6.750168208544418,6.691412748068106
tyk2_molecule_ejm_50,-8.979999542236328,6.695914572611068,6.7970588631685205,6.894099454011102,6.562926465972516,6.659691115744693,6.565796964158511
tyk2_molecule_ejm_42,-9.779999732971191,6.776267580101089,6.83644384492135,6.984011532504355,6.606934432764454,6.7222860926975825,6.7316619976177
tyk2_molecule_ejm_55,-9.210000038146973,6.7301981925590395,6.781252602780429,6.897899381661704,6.592694018221009,6.705845604541149,6.673299355590909
tyk2_molecule_ejm_48,-9.0,7.432930856792899,7.573956800599145,7.392946270319578,7.310466664690425,7.357705210878675,7.529579337476669
tyk2_molecule_ejm_54,-10.529999732971191,6.987342897374875,7.051371095652323,7.155418832073991,6.962688191208781,6.777437368933813,6.989798999005461
tyk2_molecule_jmc_28,-10.979999542236328,8.069945849709084,8.062504362500095,8.101902994337498,8.022201108979697,8.139903952113729,8.023216830614402
tyk2_molecule_jmc_27,-11.279999732971191,8.084191572703835,8.063281325544617,8.111666748593844,8.047464987901893,8.149160389996766,8.049384411482052
tyk2_molecule_jmc_30,-10.9399995803833,8.151611861331709,8.149567481793087,8.167936168651106,8.062853881973302,8.210779141890983,8.166922632350067
tyk2_molecule_ejm_46,-11.3100004196167,8.04226697220026,7.90117261952827,8.090789069851938,7.989402900652542,8.159853891408886,8.070116379559659
p38_molecule_2j,-10.079999923706056,7.647864450583842,7.69235898615586,7.668328751815262,7.626844334095255,7.612649428854279,7.639140751998549
p38_molecule_2gg,-10.65999984741211,7.624656969570323,7.675144879153736,7.656243031368404,7.605987489716089,7.5814615418655205,7.60444790574787
p38_molecule_2q,-12.260000228881836,7.676490612056123,7.71926475456035,7.725260337097406,7.6794051070293134,7.5993932453086,7.659129616284947
p38_molecule_2t,-11.850000381469728,7.654879582377932,7.704232405434095,7.657504959633332,7.70345825326189,7.6389742676982895,7.570228025862053
p38_molecule_2g,-10.65999984741211,7.219976096619186,7.194440761298983,7.252531299611242,7.097551656006924,7.263756678998818,7.291600087179966
p38_molecule_2l,-12.260000228881836,7.658389825111557,7.682822077563139,7.707006757180492,7.648344081926728,7.623072338588861,7.630703870298561
p38_molecule_2ee,-12.260000228881836,7.7050877750711875,7.795917204532642,7.752673391986108,7.71805376799108,7.638911605916984,7.619882904929127
p38_molecule_2aa,-9.270000457763672,6.847484350742559,6.691920010791665,7.015043503983304,6.910521823637943,6.701476891376167,6.918459523923717
p38_molecule_2o,-10.489999771118164,7.655911437107001,7.681976734758699,7.660973764544613,7.612120753039332,7.641195859552422,7.683290073639939
p38_molecule_3flw,-10.68000030517578,7.471543497559148,7.471982586090197,7.5344798037033724,7.366096815889914,7.54115987134738,7.4439984107648804
p38_molecule_2u,-12.260000228881836,7.7909624026892335,7.948065151217361,7.792815509858746,7.831408936096153,7.6866094110913235,7.695913005182584
p38_molecule_2p,-11.199999809265137,7.626852646005032,7.6485770679505425,7.614861298222933,7.5733500317011035,7.626416391058165,7.671058441092419
p38_molecule_2h,-9.479999542236328,7.282965242436035,7.270263300401222,7.307599827953908,7.195542185227792,7.34031356438192,7.301107334215331
p38_molecule_3fmk,-11.829999923706056,7.61932882494541,7.5440557339150605,7.6962026930402,7.609510017332175,7.62814974872832,7.618725931711299
p38_molecule_2i,-10.050000190734863,7.260282249997266,7.201820724661331,7.262291437690058,7.171413156384267,7.323527315835721,7.342358615414959
p38_molecule_2f,-8.479999542236328,7.225808211599803,7.171027478235776,7.257043256056227,7.134611489613765,7.271462524349527,7.294896309743727
p38_molecule_2x,-10.229999542236328,7.617578077443467,7.6543356820101485,7.657555519415914,7.609868668504154,7.586456727716384,7.579673789570735
p38_molecule_2ff,-11.4399995803833,8.00285051527906,7.953247308788415,7.986424206178351,7.893285646460744,7.957377919875733,8.22391749509207
p38_molecule_2k,-10.550000190734863,7.47155764217227,7.451318362637726,7.4938058952783555,7.431003459626434,7.494223900311128,7.487436593007706
p38_molecule_2n,-11.850000381469728,7.671741613619126,7.7236392303139425,7.6867450085147055,7.624084615958605,7.658443013758309,7.66579619955007
p38_molecule_3flq,-9.93000030517578,7.484243563872664,7.4014784118686325,7.520374054187789,7.31610891315412,7.5749430463556635,7.608313393797114
p38_molecule_3fln,-10.880000114440918,7.619089054605917,7.665867232903631,7.6551213653654715,7.611903228783885,7.585982668115727,7.57657077786087
p38_molecule_2e,-10.699999809265137,7.296842754351158,7.316804983922541,7.33035542274065,7.1844368495028785,7.311786508966362,7.340830006623353
p38_molecule_3fmh,-10.829999923706056,7.631301793333273,7.574088788593029,7.7411752679631,7.572145534048553,7.6568724544879805,7.612226921573708
p38_molecule_2c,-10.460000038146973,7.223787007942367,7.26479171373445,7.285105895421317,7.169320989223056,7.21778012998475,7.181936311348262
p38_molecule_2y,-9.779999732971191,7.534208227709671,7.521725046824324,7.560538449520754,7.450289546650827,7.573939600423754,7.5645484951286965
p38_molecule_2s,-11.109999656677246,7.659868323884838,7.711519163069903,7.678507321355761,7.616342007360148,7.634441663432734,7.65853146420564
p38_molecule_2m,-10.960000038146973,7.701857557438541,7.767859493887025,7.73318586989586,7.709118690996465,7.628081854368423,7.671041878044934
p38_molecule_2bb,-9.0600004196167,7.506066121986452,7.4749039081842374,7.533570382106227,7.417613430562683,7.523780578286796,7.580462310792312
p38_molecule_2v,-8.970000267028809,7.398448746045146,7.381863759748269,7.461866316809998,7.280794651218083,7.439183372426758,7.428535630022622
p38_molecule_2r,-10.789999961853027,7.672621335368317,7.724076347149045,7.696133469878094,7.629493548304439,7.658520032296548,7.654883279213461
p38_molecule_3flz,-9.489999771118164,6.891614004118793,6.850781016068588,6.877112883704707,6.850464977144893,6.977139528425154,6.902571615250626
p38_molecule_2z,-10.359999656677246,7.533624820037659,7.524982760629264,7.567096407531009,7.450559751782911,7.58379971648677,7.5416854637583395
p38_molecule_3fly,-11.420000076293944,7.504463060398349,7.468556435479161,7.571438795546288,7.429392510867795,7.562099998637884,7.490827561460619
bace_molecule_CAT-13n,-8.543000221252441,5.807355606387635,5.772736106851793,5.842914536290362,5.823312020267533,5.833413200215938,5.7644021683125475
bace_molecule_CAT-13e,-9.963000297546388,6.022907160527493,5.884048859743641,5.652633768205022,6.273688899315428,6.077483186380645,6.226681088992728
bace_molecule_CAT-4a,-7.933000087738037,5.414133015715217,5.344890797824446,5.361870290434335,5.410282393309359,5.42087958620273,5.532742010805219
bace_molecule_CAT-4m,-9.152999877929688,5.609077373332043,5.595488573612146,5.5796494259893805,5.475317402090972,5.697461124889897,5.697470340077818
bace_molecule_CAT-17b,-10.02299976348877,6.180356721022119,6.110658190194913,6.215938048003293,6.198614706911394,6.201409443171807,6.175163216829191
bace_molecule_CAT-13j,-8.732999801635742,5.49374792689381,5.518444819850756,5.520583768531791,5.342541170750536,5.526141736446102,5.561028138889864
bace_molecule_CAT-13d,-10.472999572753906,6.245637081181408,6.136335959178782,6.332857899963202,6.345084257389882,6.139845894297147,6.274061395078024
bace_molecule_CAT-13b,-9.123000144958496,5.345334679014737,5.32404125317988,5.442172549183925,5.206559177433706,5.388039099811068,5.365861315465106
bace_molecule_CAT-13a,-8.843000411987305,5.313916344533652,5.3024197541652045,5.398695709440214,5.147251989155742,5.3580529409802224,5.36316132892688
bace_molecule_CAT-13h,-9.633000373840332,6.360321089634583,6.262203173924263,6.44500831065598,6.39515063523692,6.386616214412561,6.312627113943192
bace_molecule_CAT-13o,-8.543000221252441,5.717184233272332,5.644206992694506,5.837816249063096,5.630292605810954,5.797913892633658,5.6756914261594416
bace_molecule_CAT-13g,-9.093000411987305,6.127334245802211,6.032068394504544,5.737251047525747,6.313382864719596,6.190926573718222,6.363042348542944
bace_molecule_CAT-4k,-7.853000164031982,5.5623427603111395,5.507080624912646,5.522444049004195,5.458117933266551,5.617977733043161,5.706093461329143
bace_molecule_CAT-17g,-9.743000030517578,6.488947831994153,6.373589458503789,6.508135153131074,6.557234778947672,6.421923290132146,6.583856479256089
bace_molecule_CAT-4l,-9.343000411987305,5.626607928084611,5.5692936055310485,5.609451366274137,5.480421929146624,5.749245075794313,5.72462766367693
bace_molecule_CAT-4j,-9.02299976348877,5.581356134667383,5.522569385021543,5.517541752074455,5.501708760922719,5.639125777192918,5.725834998125279
bace_molecule_CAT-4n,-9.093000411987305,5.5157800667038925,5.567552485101883,5.494469225553889,5.340782050089435,5.567239339746585,5.60885723302767
bace_molecule_CAT-13i,-9.27299976348877,6.278851740499812,6.1655473201823465,6.338644327753379,6.2808739186530955,6.331438069643637,6.277755066266598
bace_molecule_CAT-17f,-9.42300033569336,6.467786063087971,6.377560943100787,6.4773072315361375,6.5350127967446365,6.3639452880866045,6.585104055971692
bace_molecule_CAT-4p,-10.083000183105469,5.53002223983477,5.534413074513711,5.565087119963424,5.36542039573529,5.588461367237996,5.596729241723429
bace_molecule_CAT-13c,-9.322999954223633,5.3134159707744955,5.332095750873079,5.413459542755793,5.149942785848068,5.355570638122327,5.316011136273209
bace_molecule_CAT-24,-11.350000381469728,6.523614202056383,6.438865390264009,6.711884102711325,6.281899991352214,6.550248364106759,6.635173161847613
bace_molecule_CAT-4i,-8.262999534606934,5.561443617601006,5.509661112934176,5.515734165167505,5.465891223530896,5.611553043481059,5.704378542891391
bace_molecule_CAT-4c,-7.853000164031982,5.403856502061227,5.379172673122527,5.398644316442142,5.3562863891949455,5.40505733675732,5.480121794789198
bace_molecule_CAT-17i,-9.472999572753906,6.546470489513107,6.434106580930084,6.535260278298114,6.6268139821477146,6.466174595390794,6.669997010798829
bace_molecule_CAT-13k,-9.70300006866455,5.687784819728268,5.6246954396639595,5.765346253093587,5.677377826726365,5.694994022520379,5.676510556637052
bace_molecule_CAT-17a,-10.732999801635742,6.397132916061991,6.353759286075046,6.448299032062245,6.514908130090881,6.218248060567889,6.450450071513895
bace_molecule_CAT-17c,-9.86299991607666,6.244567511531527,6.165628947085,6.266582117682751,6.350503395518165,6.163940115130459,6.276182982241263
bace_molecule_CAT-4o,-9.383000373840332,5.60082666164386,5.625681665023369,5.571952074426974,5.427261083186477,5.68197971079114,5.697258774791342
bace_molecule_CAT-17d,-9.42300033569336,6.338019498511966,6.238159495171604,6.376143464121499,6.418514866517753,6.297746024531103,6.35953364221787
bace_molecule_CAT-4b,-9.633000373840332,5.453395044882474,5.4105883393380525,5.427095372460602,5.43156032078927,5.482958792634816,5.514772399189631
bace_molecule_CAT-13f,-9.093000411987305,6.06290590282307,5.959908807388808,5.678937710664246,6.287082217606633,6.091249427484129,6.2973513509715335
bace_molecule_CAT-4d,-9.11299991607666,5.4835709874514595,5.468516360518697,5.474829002981925,5.45628454550323,5.517568298544903,5.5006567297085365
bace_molecule_CAT-13m,-8.762999534606934,5.774336735641297,5.702089350737194,5.843665224008584,5.781815775245856,5.771833726270216,5.772279601944635
bace_molecule_CAT-17h,-10.333000183105469,6.519552156530409,6.382306904944548,6.698343431901362,6.5471118313803744,6.3925427232342775,6.57745589119148
bace_molecule_CAT-17e,-10.02299976348877,6.303677654981014,6.248627909834867,6.424531586770889,6.045752934212041,6.37358203582031,6.425893808266964
jnk1_molecule_6a,-8.40999984741211,5.647891883976394,5.642739177751068,5.639504502828618,5.41321314340117,5.741056084094795,5.802946511806319
jnk1_molecule_19a_neu,-6.860000133514404,5.7715045828414855,5.765401598424672,5.747371944456807,5.51139326945863,5.943823856813472,5.889532245053846
jnk1_molecule_19b_neu,-7.300000190734863,5.762687703258804,5.7948452170902955,5.722890929928552,5.525742802565823,5.845596128076795,5.924363438632549
jnk1_molecule_19b_charg,-7.300000190734863,5.7744512927664555,5.815444087400632,5.7293957786516,5.551100654953702,5.8423767176624075,5.933939225163935
jnk1_molecule_19a_charg,-6.860000133514404,5.781341593473811,5.7799975344514785,5.7421928828014215,5.521255243341605,5.968995530071183,5.894266776703365
egfr_molecule_21,-9.88,7.475505034582635,7.454105874958552,7.39973793402949,7.4203427173219945,7.435898850612208,7.667439795990928
egfr_molecule_27neu,-9.94,7.61076001148097,7.557767525314286,7.61705085162331,7.601666260911013,7.550609348832087,7.726706070724155
egfr_molecule_27chargR,-9.94,7.655825273774083,7.634353016630258,7.6435159664965955,7.650431599215983,7.624134694229501,7.726691092298077
egfr_molecule_27chargS,-9.94,7.6649971649413775,7.635740494688248,7.656567695695274,7.65205410257389,7.6328605119771336,7.747763019772337
egfr_molecule_28neu,-10.7,7.5192374247152145,7.52039831086172,7.450962781862961,7.445087092640612,7.487233704339689,7.6925052338710875
egfr_molecule_28charg,-10.7,7.555077829011234,7.557722052929298,7.473961999096774,7.4885815303930965,7.5353980787074235,7.719725483929572
egfr_molecule_29neu,-10.46,7.522879386600572,7.537701732733053,7.449003531775616,7.5245175216874065,7.52512812305141,7.578046023755374
egfr_molecule_29charg,-10.46,7.552046576433867,7.54459498344109,7.496028211458926,7.536966322592271,7.533429786454324,7.649213578222728
egfr_molecule_30neu,-11.25,7.599006789789439,7.601664072811009,7.5824125288486535,7.572178334478535,7.539168506230464,7.699610506578536
egfr_molecule_30charg,-11.25,7.634000352402597,7.62376779145939,7.601875543290981,7.6088896133488175,7.575083218048431,7.760385595865371
ptp1b_molecule_26charg,-7.440000057220459,5.659782934720157,5.731480688507442,5.686177839235404,5.819327206228854,5.669621854192634,5.39230708543645
ptp1b_molecule_26neu,-7.440000057220459,5.660242009612803,5.713452585326149,5.68827937211467,5.826115828360705,5.678211485771751,5.395150776490739
ptp1b_molecule_27,-9.229999542236328,5.988208997029353,6.06310885639796,6.034587224284479,5.9371773032181725,5.914426951310886,5.991744649935266
ptp1b_molecule_32,-11.529999732971191,6.094676983344981,6.234969630822003,6.076744247098273,6.35403046822643,5.856201525038726,5.951439045539476
irak4_s2_molecule_17charg,-10.109999656677246,7.625350338767008,7.660635337441169,7.673702998529711,7.610214207118242,7.651846631652551,7.530352519093365
irak4_s2_molecule_17neu,-10.109999656677246,7.655283501800921,7.699022793975745,7.715609684501939,7.587547354898235,7.704382555649726,7.5698551199789605
irak4_s2_molecule_5neu,-9.609999656677246,7.527548173745754,7.484256940227677,7.451005267758416,7.435273501005548,7.531035885843976,7.736169273893151
irak4_s2_molecule_18,-10.920000076293944,7.608383369281467,7.622708255994565,7.6254012621441785,7.5937473641544635,7.657661528112847,7.54239843600128
irak4_s2_molecule_6,-8.510000228881836,7.2580590813093036,7.255685105080008,7.25600778895035,7.270230708507764,7.268819773958825,7.2395520300495715
irak4_s2_molecule_5charg,-9.609999656677246,7.472677304035767,7.416384453442562,7.429590684222033,7.354959097852643,7.500774563085373,7.6616777215762255
irak4_s2_molecule_14,-10.109999656677246,7.684030659954944,7.695052547690058,7.70758184647072,7.627098958227022,7.7346442135778934,7.655775733809024
dlk_molecule_9,-8.729999542236328,7.05026116238813,7.079054738378685,7.047570158740461,7.005113611828775,7.064942061224983,7.054625241767749
dlk_molecule_17charg,-10.4399995803833,7.176735764229133,7.280338375544959,7.1983945863521654,7.083424947128505,7.136422116426759,7.185098795693276
dlk_molecule_17neu,-10.4399995803833,7.152982856484973,7.266372117878204,7.179419363326351,7.072765619416562,7.094227300970519,7.1521298808332325
dlk_molecule_4charg,-9.329999923706056,7.0297216851414435,7.063174636603627,7.035703562602762,6.9807012526933905,7.013421046235432,7.055607927572004
dlk_molecule_4neu,-9.329999923706056,7.023519850395239,7.053590464821696,7.02931205160895,6.976479123730928,7.003670912436731,7.054546699377887
dlk_molecule_18,-9.979999542236328,7.130101980195954,7.239002612055788,7.153155545147449,7.057335688355303,7.058566129669318,7.142449925751911
dlk_molecule_8,-10.510000228881836,7.153125089968375,7.256816224242636,7.161250309630651,7.089160335619003,7.0989617963706975,7.159436783978891
irak4_s3_molecule_28neu,-9.5,7.5440459760351954,7.536040179617836,7.562944670050752,7.5717091034204875,7.521898430076641,7.527637497010259
irak4_s3_molecule_19charg,-10.600000381469728,7.615428863245638,7.598542951787826,7.616462240102561,7.639665118855252,7.613524185498776,7.608949819983776
irak4_s3_molecule_29,-8.710000038146973,7.7116821416211305,7.717729296640265,7.7528399510738675,7.64379752753601,7.737094995422828,7.706948937432685
irak4_s3_molecule_19neu,-10.600000381469728,7.545823661037661,7.544022382644835,7.56190173203331,7.572068241175553,7.5227324300013825,7.528393519333217
irak4_s3_molecule_28charg,-9.5,7.604632440637834,7.578793606982943,7.586420421143776,7.642171011879961,7.6071849722030045,7.608592190979493
irak4_s3_molecule_27,-8.710000038146973,7.611998646908728,7.618230237032257,7.6542560105726185,7.64453946727121,7.5543227008611735,7.5886448188063795
ephx2_molecule_47charg,-11.25,6.38619316297053,6.348270508791073,6.403146438158393,6.338871560798992,6.555881939635735,6.284795367468456
ephx2_molecule_19charg,-8.239999771118164,5.826138302095595,5.777559590129352,5.931235523100778,5.6390873531123535,5.943195231186095,5.839613812949399
ephx2_molecule_19neu,-8.239999771118164,5.832382234747895,5.7902583256439675,5.948352613142384,5.644980680760475,5.9395716293981,5.838747924794546
ephx2_molecule_20,-9.140000343322754,6.005390330632222,5.971885763802562,6.053199440663462,5.889950627821047,6.12009603019019,5.99181979068385
ephx2_molecule_47neu,-11.25,6.409354685774572,6.361227653949714,6.4263346092802385,6.385186625726068,6.5802386415270036,6.293785898389837
ephx2_molecule_33,-10.739999771118164,6.170767129401365,6.138855544030985,6.412431644803397,6.055147119267753,6.136260161444413,6.111141177460274
jak1_molecule_17,-10.869999885559082,7.458626685123328,7.554980459621381,7.2082667980601505,7.5844170207226576,7.474709902063023,7.470759245149426
jak1_molecule_18charg,-11.300000190734863,7.536523655432424,7.683846592410891,7.170623057386657,7.699181126932633,7.577641493317955,7.551326007113983
jak1_molecule_18neu,-11.300000190734863,7.495159245940241,7.686235887049933,7.192853854512227,7.633611028525955,7.429312360724383,7.533783098888701
jak1_molecule_jmc_25,-11.40999984741211,7.902190805988518,8.013091243032898,7.608797858893733,7.998723240545598,7.896726662977806,7.993615024492553
jak1_molecule_jmc_34,-13.06999969482422,8.14825694106772,8.26845787148128,7.604161017367843,8.303131812741086,8.290787378070856,8.274746625677535
jak1_molecule_16charg,-10.539999961853027,7.326689248447273,7.358045024060056,7.1391871537740315,7.397621161256689,7.385115760972611,7.35347714217298
jak1_molecule_16neu,-10.539999961853027,7.329052389810194,7.402054731533597,7.14956649760784,7.439086288773467,7.3040515737611775,7.3505028573748845
jak1_molecule_jmc_22,-11.350000381469728,7.965677090575665,8.024959256480255,7.680258038867856,8.074202549306348,7.992585736444125,8.056379871779738
tyk2_molecule_ejm_47,-9.789999961853027,7.515445902511852,7.604663787820447,7.463587541003135,7.4439177164293024,7.423360407081813,7.641700060224564
tyk2_molecule_jmc_32charg,-11.65999984741211,8.039850489180912,8.013875478390158,8.026271277194997,8.070200893683145,8.035831583934337,8.053073212701923
tyk2_molecule_jmc_31,-10.920000076293944,8.042470343171308,8.014081884550142,8.016944158960479,8.077296791373186,8.038999588748569,8.065029292224166
tyk2_molecule_jmc_32neu,-11.65999984741211,8.034045098925208,8.010642700582101,8.023256794126473,8.058147681394498,8.029932795857945,8.048245522665018
tyk2_molecule_ejm_52neu,-7.489999771118164,7.9301217355556615,7.8023380626156955,7.980951896394866,7.864495611755871,7.967139613824774,8.0356834931871
tyk2_molecule_ejm_52charg,-7.489999771118164,7.95420610488861,7.810842662437323,7.995865812769113,7.903457951648476,8.001002855768862,8.059861241819274
tyk2_molecule_ejm_46,-11.420000076293944,8.050470035841778,7.891853735297134,8.124068475758035,8.020107313260068,8.082793021023017,8.133527633870639
itk_molecule_17,-11.270000457763672,7.568266280434619,7.4657962283128825,7.366285203267577,7.699100826780363,7.622583614267742,7.6875655295445355
itk_molecule_1neu,-12.56999969482422,7.556650567074195,7.418792595341331,7.375650803516935,7.700222039891957,7.630538422591734,7.658048974029013
itk_molecule_1charg,-12.56999969482422,7.5618025680654934,7.420646008524731,7.384179498106428,7.705700222777858,7.6395379282872575,7.658949182631195
itk_molecule_18,-12.770000457763672,7.533708960372276,7.459542537004908,7.31148810405329,7.689567599743593,7.572991891786107,7.634954669273481
itk_molecule_19,-13.06999969482422,7.561411033491058,7.513065738843224,7.3794615097595315,7.688501346058427,7.588758648953143,7.637267923840963
thrombin_whole_map_molecule_11,-5.840000152587891,5.840322883767488,5.6236048448723075,6.100048590158126,5.827738469261565,6.003829095461562,5.646393419083882
thrombin_whole_map_molecule_1,-6.800000190734863,5.465557151188475,5.169219745096232,5.6647807017754515,5.596250194328351,5.611151684209999,5.286383430532337
thrombin_whole_map_molecule_3,-5.659999847412109,5.726617635571498,5.450744836496563,5.952868855941056,5.818293331244838,5.810675072726351,5.600506081448677
thrombin_whole_map_molecule_jmb2009-4,-11.529999732971191,6.092239845260975,5.898629137260343,6.303618238055871,6.01979072682303,6.1943747088905035,6.044786415275132
thrombin_whole_map_molecule_10,-7.670000076293945,5.86851145049633,5.623579250745634,6.063813602995866,5.875312468959505,6.06339428301099,5.716457646769655
thrombin_whole_map_molecule_2,-6.139999866485596,5.7629768995414485,5.4125837119231015,5.844595968076913,5.878452244338743,5.8764113801814215,5.802841193187067
cdk2_molecule_39neu,-8.369999885559082,6.959223115392065,6.941360364301546,6.961500466307325,6.782886135955568,7.054511702092826,7.055856908303063
cdk2_molecule_39charg,-8.369999885559082,6.881581154573482,6.839848192199248,6.877974023841817,6.78737886940781,6.927845309597008,6.974859377821528
cdk2_molecule_34,-9.880000114440918,6.885575604676445,6.849762559254058,6.888735228681705,6.772606275921764,6.924407770203941,6.9923661893207605
cdk2_molecule_25,-9.829999923706056,6.5893215378957155,6.732428138976782,6.737566407346157,5.912995200272589,6.839189027448485,6.724428915434563
hsp90_frag_2rings_molecule_18,-8.960000038146973,6.957943300176059,6.944982114111627,7.017607247990612,6.698306109017744,6.986407677619709,7.142413352140606
hsp90_frag_2rings_molecule_17,-9.920000076293944,6.730156596738377,6.706203549917245,6.435525839383487,6.591781224950566,6.905628292942684,7.0116440764979036
hsp90_frag_2rings_molecule_19,-10.260000228881836,7.353813688636154,7.379041218063238,7.447339230686779,7.1745883863670015,7.326977284072598,7.441122323991159
hsp90_frag_2rings_molecule_15,-9.880000114440918,6.0985628264439935,5.989155552795494,5.749108421968211,5.660086489372476,6.423856520949069,6.670607147134718
hsp90_frag_2rings_molecule_14,-8.720000267028809,5.809691878372194,5.742672341121579,5.289540778940843,5.4846965187401295,6.1544451777598725,6.377104575298541
hsp90_frag_2rings_molecule_16,-8.119999885559082,6.723130327778451,6.709571002715885,6.4120611028266286,6.59683020595837,6.898832945828126,6.998356381563245
frag_liga_auto_molecule_12,-9.050000190734863,6.431483868885631,6.547695093081791,6.520549966136979,6.532128759332906,6.343688870527662,6.21335665534882
frag_liga_auto_molecule_9,-6.380000114440918,4.546262337194701,4.365490475233694,4.5644992519197665,4.446163171289917,4.513860804269203,4.841297983260926
frag_liga_auto_molecule_5,-4.800000190734863,4.447905260477014,4.271357643048171,4.54662417902578,4.310462672897799,4.41458887462421,4.696492932789108
frag_liga_auto_molecule_6,-5.300000190734863,4.474807475393961,4.2478209902999415,4.52144980685822,4.374040261650864,4.451414691244722,4.779311626916053
frag_liga_auto_molecule_11,-9.079999923706056,5.888445396159552,5.91774005868722,5.782334445821197,5.9320025052358085,5.888972303168529,5.921177667885003
frag_liga_auto_molecule_10,-6.539999961853027,4.494501801488326,4.331713191880708,4.513227572819677,4.401494789160222,4.4687467873418285,4.757326666239196
frag_liga_auto_molecule_8,-5.829999923706055,6.008157603065447,5.8257192946702006,6.015198519283304,5.991475112957487,6.10995428941142,6.098440799004825
frag_liga_auto_molecule_3,-6.03000020980835,4.392309986152093,4.273874557118103,4.489650967331525,4.299812335431696,4.226723027038999,4.671489043840143
frag_liga_auto_molecule_7,-5.25,4.510567330853343,4.304931419685821,4.5423148477318405,4.4248384366926095,4.4745669718841325,4.8061849782723085
frag_liga_auto_molecule_13,-10.670000076293944,6.519757285858661,6.6561852595085,6.589735517956456,6.591960612273967,6.4634378538622475,6.297467185692137
frag_liga_auto_molecule_4,-6.5,4.474970451338966,4.29566768990915,4.584121866950108,4.356373478751057,4.411584477156313,4.727104743928203
hsp90_frag_single_ring_molecule_10,-8.3100004196167,6.182215954977761,6.068799642470476,5.877587694021477,6.045170115711035,6.267937421185163,6.651584901500657
hsp90_frag_single_ring_molecule_3,-8.3100004196167,6.06062643978581,5.891262347446743,5.549538487246514,6.046776675946391,6.301340537036296,6.514214151253108
hsp90_frag_single_ring_molecule_9,-7.360000133514404,6.000431420018996,5.88695603496827,5.567559787190865,5.887998534403625,6.252680855625037,6.406961887907185
hsp90_frag_single_ring_molecule_8,-8.029999732971191,5.463232376467838,5.282033735432924,4.937367116122817,5.278589646904551,5.850573811582327,5.9675975722965715
hsp90_frag_single_ring_molecule_11,-8.119999885559082,5.654536566327273,5.542503817238362,5.146056536894654,5.302626177785499,6.042492914186683,6.239003385531169
hsp90_frag_single_ring_molecule_12,-8.59000015258789,5.880058502572197,5.778422981022561,5.499646319226289,5.513748425367734,6.150329886033793,6.458144901210611
hsp90_frag_single_ring_molecule_2,-6.929999828338623,5.8328461584800975,5.711780084519117,5.404778508751772,5.799253003891389,6.08620527926256,6.16221391597565
jak2_set1_molecule_2_3E63,-7.90701150894165,5.9569344499148,6.025698110352065,6.025337265205392,5.909842119989995,5.927622000174633,5.896172753851914
jak2_set1_molecule_9,-8.363882064819336,6.242294305284685,6.277639001759684,6.256561661641991,6.223786308722883,6.240059034467877,6.21342551983099
jak2_set1_molecule_8,-8.774560928344727,6.276269226932149,6.290355766106245,6.223198994805251,6.241433425943201,6.316042440542072,6.310315507263976
jak2_set1_molecule_5,-7.789802551269531,6.03692070301563,6.056202280842952,6.047719786803253,6.088397305527106,6.016665762959056,5.975618378945783
jak2_set1_molecule_10,-7.143977165222168,6.276800211734934,6.308745461791294,6.202688514466186,6.254318894626876,6.226734500811505,6.39151368697881
jak2_set1_molecule_4a,-6.864231586456299,6.015221457114338,6.107936272495488,6.034963520430248,6.035240754076709,5.981758128219388,5.916208610349856
jak2_set1_molecule_4b,-6.864231586456299,5.987808640486804,6.093735097731158,6.010530351817755,6.022591256675944,5.923579955674647,5.88860654053452
jak2_set1_molecule_6,-6.198638439178467,6.911185249857749,6.868709186645915,7.0461884551814205,7.031644189437708,6.680764772087567,6.928619645936131
jak2_set1_molecule_3,-5.235617160797119,6.17078153050429,6.250181539482899,6.23243432827196,6.165687096794625,6.1509884874226435,6.054616200549322
jak2_set1_molecule_1_3E62,-5.986692905426025,4.433582660443963,4.373105866479334,4.368442490249607,4.364121349814245,4.635188911096082,4.427054684580546
jak2_set1_molecule_7,-8.860579490661621,6.9083069410462326,6.841887550479654,6.991418751149196,7.061367252832619,6.716309279574745,6.930551871194952
frag_mup1_molecule_IBT,-9.09000015258789,4.838415004953831,4.720035576465528,4.807580676831802,4.886273236675984,4.827984008135514,4.950201526660323
frag_mup1_molecule_MT,-5.639999866485596,4.789393538723859,4.688863408750944,4.802349799684877,4.754056847467694,4.79654483230416,4.905152805411616
frag_mup1_molecule_PT,-8.199999809265137,4.788628698376046,4.686845329605641,4.768291542046146,4.81215453287542,4.767509524219673,4.908342563133345
frag_mup1_molecule_SBT_R,-8.420000076293945,4.946784482455913,4.799357767041192,4.837067718176892,5.04673704842072,4.914398875482485,5.136361003158275
frag_mup1_molecule_SBT_S,-8.420000076293945,4.948498122718796,4.799419560410406,4.84197084278427,5.053602086958651,4.917109472088369,5.13038865135228
frag_mup1_molecule_IPT,-7.849999904632568,4.98418828721433,4.832131180582817,4.893490637324249,5.06780248328677,4.964086962271024,5.163430172606795
frag_mup1_molecule_ET,-6.960000038146973,4.784079475078583,4.669776127594103,4.772041398466611,4.810128749389819,4.77596507748609,4.892486022456295
frag_p38_molecule_4,-5.400000095367432,4.824638174540417,4.655926611885565,4.823622876495885,4.572181927637946,4.937761256088638,5.13369820059405
frag_p38_molecule_1_1W7H,-3.940000057220459,3.8525010666517736,3.6736533495453303,3.6564599426328885,3.7347079352697596,3.7564918682388933,4.441192237571996
frag_p38_molecule_6,-5.039999961853027,5.416446869797278,5.4164525529248095,5.571163408160452,5.090049813335767,5.522006206450793,5.482562368114567
frag_p38_molecule_5_1WBW,-5.940000057220459,5.084583571765551,4.878100304643319,4.9947177232546185,4.828154651237826,5.173223691570021,5.548721488121971
frag_p38_molecule_7,-6.300000190734863,5.567538942035152,5.569296370257592,5.743878562323658,5.189834314779136,5.61514440940636,5.719541053409008
frag_p38_molecule_3,-4.090000152587891,3.840341718143365,3.6369741371931,3.6797412718056592,3.7347843603540385,3.774636124565449,4.375572696798577
t4lysozyme_uvt_molecule_meta_methyl_ethyl_benzene,-5.079999923706055,4.082199126266043,4.013004291301859,4.035213041000868,4.043702453691899,4.035998170882847,4.28307767445274
t4lysozyme_uvt_molecule_methyl_benzene,-5.480000019073486,3.8644969603741934,3.683262475235845,3.782073809610986,3.780310722754287,3.8803502967620407,4.1964874975078095
t4lysozyme_uvt_molecule_ethyl_benzene,-5.71999979019165,3.8570708916843506,3.681324577516655,3.7463013080588485,3.776812732063995,3.875086611097784,4.205829229684473
t4lysozyme_uvt_molecule_ortho_methyl_ethyl_benzene,-4.53000020980835,4.01845372285117,3.937895483838101,3.984708803710978,3.9157095723840247,3.9836534021957064,4.270301352127039
t4lysozyme_uvt_molecule_m-xylene,-4.71999979019165,4.073053370073795,3.9686395360638267,4.055404274292226,4.071386286511171,4.008746985319418,4.261089768182337
t4lysozyme_uvt_molecule_p-xylene,-4.630000114440918,4.135843127530135,4.031740573537526,4.1403870178243976,4.119516618536221,4.061351979041077,4.326219448711455
t4lysozyme_uvt_molecule_o-xylene,-4.570000171661377,4.0054669847058495,3.889655054199696,3.9978119309425195,3.9384995607929674,3.9545123097051387,4.2468560678889276
t4lysozyme_uvt_molecule_butyl_benzene,-6.659999847412109,3.886802101807393,3.701890742589645,3.769241707409285,3.8563352485577935,3.878864032364153,4.22767877811609
t4lysozyme_uvt_molecule_propyl_benzene,-6.510000228881836,3.858579145807662,3.683476332172933,3.7533536852822333,3.8080368599511294,3.8545334963717006,4.193495355260315
t4lysozyme_uvt_molecule_para_methyl_ethyl_benzene,-5.380000114440918,4.146310679262294,4.073931033652808,4.1165821490527055,4.104298293063888,4.078641238148219,4.358100682393849
t4lysozyme_uvt_molecule_benzene,-5.159999847412109,4.433936345341287,4.588730168674161,4.581808779749327,3.868449292913544,4.536322247186257,4.5943712381831485
t4lysozyme_uvt_molecule_isobutyl_benzene,-6.440000057220459,4.0423496188477195,3.9288473571911555,3.9289124351972884,3.945529041066929,4.0439155974338865,4.364543663349337
frag_mcl1_noweak_molecule_2,-5.329999923706055,4.4751184159091295,4.6777191929533295,4.301989295391434,4.559523564043224,4.4741462693169,4.362213757840761
frag_mcl1_noweak_molecule_3,-6.389999866485596,4.7348327394268495,4.932116907492991,4.732270838691323,4.640385414857674,4.760104168043893,4.609286368048366
frag_mcl1_noweak_molecule_4,-5.809999942779541,4.808346027272436,4.93551259278327,4.735492151704207,4.670335622761853,4.973186365758679,4.72720340335417
frag_mcl1_noweak_molecule_5,-6.039999961853027,4.9236850315619565,5.060655298296304,4.868724070139411,4.730112658785214,5.026684570331482,4.932248560257371
frag_mcl1_noweak_molecule_7,-5.880000114440918,4.957946456750898,5.04836915367779,4.893549887533286,4.794566129194439,5.079795655786941,4.973451457562036
frag_mcl1_noweak_molecule_8,-6.369999885559082,4.939236092386265,5.038371210851138,4.899175924666523,4.776273265429892,5.047771083486625,4.93458897749715
frag_mcl1_noweak_molecule_9,-5.480000019073486,4.8341755000723365,5.000320940802271,4.802626612426537,4.801795700415011,4.812685514132998,4.75344873258487
frag_mcl1_noweak_molecule_10,-5.039999961853027,5.179340024501374,5.261791091112959,5.1995940407650405,4.947532634963893,5.2670668251014465,5.22071553056353
frag_mcl1_noweak_molecule_11,-5.550000190734863,4.638553739726218,4.8593129873454,4.5586280524117715,4.631931072163277,4.610490797678531,4.532405789032116
frag_mcl1_noweak_molecule_14,-5.610000133514404,4.500809987667314,4.645562058885501,4.419433001676625,4.528913828976085,4.42647368731564,4.48366736148272
frag_mcl1_noweak_molecule_15,-5.309999942779541,5.504965080956708,5.56449539920425,5.487285771019474,5.292301107541893,5.537904740921225,5.642838386096704
frag_mcl1_noweak_molecule_13_flipped,-5.210000038146973,4.5695175526451735,4.6446116713822985,4.650906284438645,4.531738641244085,4.53073562948756,4.48959553667328
jak2_set2_extra_molecule_13_3E64,-9.696937561035156,6.628234638038123,6.730221905039699,6.666805110233845,6.721085919649857,6.699743429331512,6.323316825935697
jak2_set2_extra_molecule_21,-8.340335845947266,6.899783219954976,6.825772003477163,6.876535609822693,7.046418760425499,7.08063012177798,6.669559604271545
jak2_set2_extra_molecule_20,-8.067665100097656,6.865738195363083,6.777797805751417,6.821749659063324,6.961891038312892,7.077219806116264,6.690032667571521
jak2_set2_extra_molecule_18,-8.325143814086914,6.485954563687183,6.517992725042972,6.609489598895529,6.53955773502593,6.470347122027087,6.292385637444395
jak2_set2_extra_molecule_14,-7.789802551269531,6.452215908545628,6.480322304095833,6.397957584749017,6.579518582137359,6.57455667824104,6.228724393504888
jak2_set2_extra_molecule_12,-7.434834003448486,6.689345011657503,6.782897844618794,6.745434964233036,6.760713122185154,6.783424289675761,6.374254837574767
jak2_set2_extra_molecule_15,-7.379123210906982,6.503643353059912,6.472623925623657,6.428221004856169,6.695414369136552,6.617085534889305,6.304871930793879
jak2_set2_extra_molecule_22_flip,-10.107617378234863,6.785805579485974,6.750487748803162,6.804308261939832,6.903148686037935,6.844369555570897,6.626713645078044
3RKZ_lig62to70_alpha05_molecule_lignad_63,-9.31999969482422,6.6722423099550054,6.645584523321616,6.709708967347653,6.8795519257420015,6.552399417944105,6.573966715419657
3RKZ_lig62to70_alpha05_molecule_ligand_69,-13.140000343322754,6.926781170960074,6.8466354770382205,7.0146593900055825,7.107659982460816,6.749795723775251,6.9151552815205
3RKZ_lig62to70_alpha05_molecule_ligand_62,-6.670000076293945,6.5899923836176315,6.550835798148498,6.667371592068696,6.879169974785296,6.328029530183912,6.524555022901757
3RKZ_lig62to70_alpha05_molecule_lignad_65,-9.279999732971191,6.7193082481489625,6.685360027767283,6.816587356327878,6.913926931767544,6.522433577843395,6.658233347038715
3RKZ_lig62to70_alpha05_molecule_lignad_68,-8.449999809265137,6.84031184600659,6.77366853017852,6.870645177021951,7.007499805616902,6.728118059309699,6.82162765790588
3RKZ_lig62to70_alpha05_molecule_ligand_64,-8.890000343322754,6.763512018042178,6.713312867142671,6.805242408176406,7.028347193169804,6.656845026685977,6.613812595036028
3RKZ_lig62to70_alpha05_molecule_ligand_70,-12.739999771118164,6.881864332523205,6.8289801666485825,6.873354904618615,7.079530988152747,6.724170024243264,6.903285578952815
MHT1_lig3_alpha05_molecule_5AN26_ligand,-7.570000171661377,5.67001582493684,5.628877492089347,5.604405630526195,5.481038724414285,5.873259603344128,5.762497674310241
MHT1_lig3_alpha05_molecule_5ANT_A_ligand,-8.550000190734863,5.92858630971722,6.0104874331344105,5.959777888703518,5.7045934540727075,6.002968721285198,5.965104051390261
MHT1_lig3_alpha05_molecule_5ANU_ligand,-12.960000038146973,6.685804584338525,6.684836045921065,6.546588926214099,6.617800162372216,6.7067705837742855,6.873027203410965
2B8V_lig24and25_alpha05_molecule_ligand25_S,-7.53000020980835,6.629324204025357,6.766179885880351,6.763522875330229,6.647298807781169,6.499174702027494,6.470444749107543
2B8V_lig24and25_alpha05_molecule_ligand24_S,-5.440000057220459,6.708985511464178,6.706107177799678,6.7834676180633275,6.605115485836722,6.7453891506700066,6.704848124951157
ck2_custcore_hotlys_molecule_ligand_15,-10.359999656677246,7.675938818952926,7.70778118326741,7.725016624285238,7.617807274137892,7.627368728142602,7.701720284931489
ck2_custcore_hotlys_molecule_ligand_14,-13.039999961853027,8.064600041021468,8.158605958681008,8.049495446287601,7.900259713890145,8.108951814620134,8.105687271628447
2E9P_lig4to7_alpha05_molecule_ligand_5,-11.18000030517578,8.130269901698373,8.045777835174654,8.201310049111255,8.05458633363492,8.22158587765423,8.128089412916804
2E9P_lig4to7_alpha05_molecule_ligand_7,-10.270000457763672,8.031877104317601,7.97481820155698,8.143352519860168,7.919252905583437,8.090922640827966,8.031039253759458
2E9P_lig4to7_alpha05_molecule_ligand_4,-10.880000114440918,7.821873543411288,7.78732138655586,7.8215333221212955,7.8304935519391945,7.812182808206926,7.8578366482331585
2E9P_lig4to7_alpha05_molecule_ligand_6,-11.09000015258789,8.049569710597046,7.957561116340873,8.157324408171124,7.975805754464179,8.100918995694446,8.056238278314606
2Q15_lig17to21_alpha05_molecule_ligand_20_S,-10.210000038146973,6.327944213773426,6.165001545668804,6.333792414614017,6.308619151756431,6.5919516050790685,6.240356351748807
2Q15_lig17to21_alpha05_molecule_ligand_21,-10.56999969482422,6.334576834708399,6.189792757121463,6.326606961757809,6.32455116275816,6.575282406962296,6.256650884942263
2Q15_lig17to21_alpha05_molecule_ligand_18,-10.81999969482422,6.22760190536584,5.9833854185031745,6.347138944976079,6.173712161952502,6.43818630190244,6.1955866994950055
2Q15_lig17to21_alpha05_molecule_ligand_17_enu,-9.81999969482422,6.113739470742764,5.933008415234735,6.016764811355583,6.128043970176083,6.333827562461874,6.1570525944855445
2Q15_lig17to21_alpha05_molecule_ligand_19,-11.289999961853027,6.329650177583663,6.164681241533719,6.337057538891298,6.311459837779441,6.59199327749209,6.243058992221766
hsp90_3hvd_custcore_molecule_lig_3B27,-7.039999961853027,4.825250755038118,4.779692591116478,4.715090980865822,4.656367787933004,4.970255806595033,5.004846608680253
hsp90_3hvd_custcore_molecule_18_minimized,-13.177300453186035,7.064331733603268,7.086291184442463,7.1121431516259825,7.187411891918494,6.8772178473997,7.058594592629703
hsp90_3hvd_custcore_molecule_8__3VHA,-10.15248966217041,6.938140341556611,6.855230185075919,6.920180122486819,7.054286763768693,6.922979874848635,6.938024761602989
hsp90_3hvd_custcore_molecule_13,-11.26364040374756,7.018236379358372,6.963168924960837,7.043983994853097,7.047778167273489,6.962596431149812,7.073654378554625
hsp90_3hvd_custcore_molecule_9,-9.71030044555664,6.950515616991727,6.886010724092175,6.928186640934601,7.080247585095151,6.9269581406894725,6.931174994147237
hsp90_3hvd_custcore_molecule_16__3VHD,-12.74081039428711,7.057162961013944,7.089099137937656,7.100882413623185,7.181756559839524,6.854131034138596,7.059945659530755
hsp90_3hvd_custcore_molecule_11__3VHC,-12.194700241088867,6.9706715347075345,6.96416786017337,6.952270034445201,7.0021277256210475,6.888313810442724,7.04647824285533
hsp90_3hvd_custcore_molecule_12,-11.158180236816406,7.063765707973902,6.99557652249643,7.083556248112997,7.082758087148755,6.991005997589038,7.165931684522291
hsp90_3hvd_custcore_molecule_7,-9.497720718383787,6.949477511694323,6.862054217249261,6.938429894852209,7.0683856723921075,6.91950320776527,6.959014566212772
hsp90_3hvd_custcore_molecule_17__top_conformer,-12.927749633789062,7.055482033691744,7.0882641615001605,7.067728212284354,7.2013678199984215,6.8764666342347365,7.043583340441051
Fxa_2ei8_molecule_Edoxaban,-12.59000015258789,6.557368453577181,6.635952428120514,6.792047203584037,6.34493694933313,6.580910203434145,6.432995483414073
Fxa_2ei8_molecule_4d,-11.720000267028809,6.830719535722932,6.98674170772182,6.92970616206936,6.965681153383755,6.703228319804373,6.568240335635345
Fxa_2ei8_molecule_4c,-11.789999961853027,6.830719535722932,6.98674170772182,6.92970616206936,6.965681153383755,6.703228319804373,6.568240335635345
TPSB2_3v7t_molecule_1,-10.460000038146973,5.521890345326872,5.436654990259108,5.3590197703132505,5.688071153798801,5.621927305251064,5.503778507012135
TPSB2_3v7t_molecule_2,-9.84000015258789,5.553765139682804,5.446983269458108,5.438940665723059,5.742032752656785,5.628231212827624,5.512637797748442
Bace1_4zsp_molecule_31,-8.350000381469727,5.28506764916729,5.1542932830657024,5.072611607574173,5.539176435006419,5.405347773661951,5.253909146528209
Bace1_4zsp_molecule_7,-7.710000038146973,5.6705164858916985,5.375096793302714,5.6200832482041,5.898044959765303,5.895158474113377,5.5641989540729995
Bace1_4zsp_molecule_6,-7.829999923706055,5.550074044346708,5.36061303166923,5.568017661399146,5.728065558814838,5.649930326146941,5.443743643703387
EZH2_5ij7_corehop_molecule_22,-9.6899995803833,6.395041796063067,6.310580062981653,6.497426317563191,6.209028648632615,6.72179169072524,6.236382260412635
EZH2_5ij7_corehop_molecule_31,-10.270000457763672,6.103552485552233,6.353324402794502,6.138212924548039,5.930833106715836,6.253523658599667,5.841868335103117
EZH2_5ij7_corehop_molecule_29,-10.270000457763672,6.106045611423454,6.350444912991729,6.14565416787541,5.927356695152799,6.262042732320971,5.844729548776359
EZH2_5ij7_corehop_molecule_27,-8.369999885559082,6.3446307831467434,6.270524430937215,6.485108463284993,6.1435181229649105,6.686170398609937,6.137832499936662
CHK1_3u9n_corehop_molecule_17,-9.715999603271484,7.036609517062297,7.183579913405105,7.029785986841904,6.848416711421713,7.172371134981949,6.948893838660814
CHK1_3u9n_corehop_molecule_1,-9.699999809265137,6.858761470869743,7.005555858872045,6.793503501925762,6.760632894112122,6.925237062648653,6.808878036790141
CHK1_3u9n_corehop_molecule_21,-9.142000198364258,6.796180838201596,6.890329696040568,6.709234756758216,6.737499083607546,6.897944558639213,6.745896095962435
CHK1_3u9n_corehop_molecule_20,-9.208000183105469,6.812883871490314,6.9313684579439,6.743899517638294,6.728082016650697,6.896233959858199,6.764835405360479
CHK1_3u9n_corehop_molecule_19,-8.54800033569336,6.719553676702574,6.8906803396705145,6.684647800212896,6.579356994676723,6.759323279777382,6.683759969175352
a2a_hip278_molecule_4g,-11.064042091369627,5.778470661786785,5.864292075427275,5.460287103242206,5.647821644087806,5.877701583077111,6.042250903099526
a2a_hip278_molecule_4h,-10.654767990112305,6.3691188007552295,6.401357368212517,6.167796563437933,6.4287383703291985,6.392068182920973,6.455633518875522
a2a_hip278_molecule_4jS,-10.886690139770508,6.31805134136984,6.373924921144265,6.125607916070443,6.372513987704583,6.328214902290854,6.389994979639056
a2a_hip278_molecule_4kU,-11.541528701782228,5.747447226335298,5.817755300157686,5.455285888132642,5.611237782163659,5.884602537354251,5.968354623868255
a2a_hip278_molecule_4lD,-11.377819061279297,6.226454998208148,6.327659318800868,6.065069919906311,6.16890316881841,6.2714671206831785,6.2991754628319665
a2a_hip278_molecule_4i,-10.313706398010254,6.661600563919999,6.7014969793417976,6.713354431867948,6.761514270453783,6.4508446725096755,6.680792465426791
a2a_hip278_molecule_4a,-9.41330337524414,4.947052730501019,5.005511373585937,4.8636646970538235,5.042169381534881,4.689010890983573,5.134907309346882
a2a_hip278_molecule_4b_D,-9.959002494812012,5.110151440200685,5.391086119059008,5.039491399987788,5.1868522072917695,4.8681011929019995,5.065226281762858
a2a_hip278_molecule_4c,-11.459673881530762,5.553467671433871,5.73287555117882,5.312669803626533,5.469320639255271,5.609814596558401,5.642657766550333
a2a_hip278_molecule_4d,-10.504701614379885,5.753490049358492,5.84743180881339,5.4371888175258976,5.636664420997622,5.883673540604281,5.962491658851265
a2a_hip278_molecule_4o,-11.35667324066162,5.16417473081335,5.421713477335646,4.925664593476635,5.305382367644864,4.989889216831826,5.1782239987777805
a2a_hip278_molecule_4f,-11.44603157043457,6.066428936231579,6.200405733538292,5.856796152060469,6.117997957925531,6.070613717323472,6.0863311203101285
a2a_hip278_molecule_4e_D,-12.073585510253906,5.228198478408471,5.582826944848368,5.070690343130192,5.2767375225437005,5.090149524356594,5.120588057163499
a2a_hip278_molecule_4m_D,-10.550403594970703,5.11256866564924,5.393400348849108,5.033547442067038,5.142894838814049,4.88810849432152,5.104892204194487
a2a_hip278_molecule_4q,-8.886704444885254,4.950215506372486,5.028626560944136,4.849306027358247,5.056058626896393,4.686068130799098,5.131018185864558
a2a_hip278_molecule_4n,-11.550395965576172,5.28742698784977,5.550531479538647,5.092501374677514,5.230719187244806,5.192390612987328,5.370992284800556
a2a_hip278_molecule_4r_U,-11.461993217468262,6.195518734747433,6.227721824797622,6.052004490943951,6.273182797100573,6.233320687607029,6.1913638732879885
a2a_hip278_molecule_4o_deprotonated,-11.35667324066162,5.085221962556914,5.322578006871548,4.893168968453438,5.172485385820154,4.887400999891185,5.150476451748248
a2a_hip278_molecule_4eD_deprotonated,-12.073585510253906,5.144994799305389,5.465192093837168,5.037355710693162,5.148942778520025,4.985595123777644,5.08788828969894
a2a_hip278_molecule_4f_deprotonated,-11.44603157043457,6.079928414236233,6.252607818649642,5.85561553259235,6.105480340266286,6.079611985906936,6.106326393765948
ox2_hip_custcore_molecule_set_1__1,-10.978231430053713,6.910271921250285,6.937132257951332,7.0485997961629305,6.844709810882243,6.94749048332218,6.773427257932738
ox2_hip_custcore_molecule_set_1__2,-10.049724578857422,6.623627481724858,6.599106827562572,6.756681689123664,6.492575563074058,6.751514181595286,6.518259147268709
ox2_hip_custcore_molecule_set_1__3,-8.59611988067627,6.817172178010213,6.86497514169338,6.8470864208225555,6.827376425839625,6.9103525893387525,6.636070312356751
ox2_hip_custcore_molecule_set_1__4,-10.603745460510254,6.977405617337437,6.979495674879939,7.052036688965589,7.02069642897104,7.00507950098234,6.829719792888283
ox2_hip_custcore_molecule_set_1__5,-10.885735511779783,6.903623071034424,6.926251516533717,6.965622068424182,6.954841900050607,6.936754418797135,6.734645451366481
ox2_hip_custcore_molecule_set_1__6,-10.013026237487791,6.729454553355607,6.747687908228936,6.806753728622619,6.78430757878739,6.7839593591328695,6.52456419200623
ox2_hip_custcore_molecule_set_1__7,-11.577681541442873,6.958219858001269,7.03687164666584,7.011526712597711,6.94298903809625,7.006759643062675,6.792952249583868
ox2_hip_custcore_molecule_set_1__8,-10.151361465454102,6.93281250262267,6.97506512352916,7.016695376695195,6.939913081833386,6.938137227665104,6.794251703390506
ox2_hip_custcore_molecule_set_1__9,-8.624086380004883,6.5463380224074355,6.484077431061413,6.655966862135067,6.389014100847903,6.616771379662976,6.585860338329819
ox2_hip_custcore_molecule_set_1__10,-10.316571235656738,6.847295796804509,6.815069149275032,6.930478982174185,6.940800458272797,6.841016263387904,6.709114130912631
ox2_hip_custcore_molecule_set_1__11,-11.125433921813965,6.949278266802802,6.961239091237657,7.03900102240246,6.904098596954945,7.011443497168543,6.830609126250403
ox2_hip_custcore_molecule_set_1__12,-10.54126262664795,6.8453888287067715,6.924041106832249,6.885583471163567,6.808877322902057,6.895950686916358,6.712491555719628
ox2_hip_custcore_molecule_set_1__13,-8.972378730773926,6.970547752456447,7.002162237347549,7.02111719977057,6.967026427249527,7.002818203798411,6.8596146941161775
ox2_hip_custcore_molecule_set_1__14,-11.169498443603516,6.878609969312572,6.901066166687818,6.946922418099447,6.9056297387661045,6.888388079089181,6.751043443920307
ox2_hip_custcore_molecule_set_1__15,-6.821234703063965,6.98112771734457,7.067130719566456,7.0360169058430975,6.943980008056711,7.020599420260968,6.837911532995619
ox2_hip_custcore_molecule_set_1__16,-10.950536727905272,6.836706103319061,6.811433429036744,6.9227823915279405,6.88575128185834,6.877718708314136,6.685844705858144
ox2_hip_custcore_molecule_set_1__17,-6.883717060089111,6.822849142929056,6.797429375720971,6.918586971398192,6.911279845514806,6.81226545741716,6.6746840645941505
ox2_hip_custcore_molecule_set_1__18,-8.276204109191895,6.8540998835280025,6.912097939952603,6.911298477785075,6.821790603799157,6.954425803010173,6.670886593092998
ox2_hip_custcore_molecule_set_1__19,-7.515090465545654,6.968069825465906,6.948440165926992,7.037945907888849,7.0462740986468235,6.990568287531122,6.817120667335749
ox2_hip_custcore_molecule_set_1__20,-10.399927139282228,6.914517306960907,6.995158339141906,6.938102384607011,6.949891354658934,6.942723162736085,6.746711293660604
ox2_hip_custcore_molecule_set_1__21,-8.688343048095703,6.5677837626294275,6.533658821207121,6.725459708635362,6.4032581096381245,6.629939065020084,6.546603108646451
ox2_hip_custcore_molecule_set_1__22,-10.420527458190918,6.859739906046784,6.861291228362978,6.923646339017122,6.875855866691232,6.914214976684815,6.723691119477772
ox2_hip_custcore_molecule_set_1__23,-10.080965995788574,6.767463346585908,6.795553209233365,6.849014721307735,6.740408496159529,6.8038109479962765,6.6485293582326355
ox2_hip_custcore_molecule_set_1__24,-10.443309783935549,6.9287455488875,7.018401474598594,6.9547206779499104,6.9088332843890905,6.983960063309188,6.777812244190713
ox2_hip_custcore_molecule_set_1__25,-11.097330093383787,6.782569397288112,6.919123742493699,6.825046919083372,6.712167271297232,6.878069892237755,6.578439161328506
ox2_hip_custcore_molecule_set_1__26,-11.387232780456545,6.96325305111939,7.076703498800736,6.989390243062366,6.9329091598683386,6.99747170259703,6.819790651268486
ox2_hip_custcore_molecule_set_1__27,-10.95654010772705,6.873752425118456,6.893425305950898,6.9549902433012445,6.894546173829984,6.892660017373155,6.733140385136999
ox2_hip_custcore_molecule_set_2__1,-9.413166999816896,6.784981750022334,6.862894526946893,6.923878118478636,6.665466635562608,6.80783624233675,6.664833226786786
ox2_hip_custcore_molecule_set_2__2,-8.611808776855469,6.938127808016098,6.939344402987388,7.092491770700827,6.901483857369794,6.967450401131344,6.789868607891135
ox2_hip_custcore_molecule_set_2__3,-9.46992015838623,6.835770647284727,6.860371675806365,7.003018799109236,6.743171925746036,6.859571228496918,6.712719607265078
ox2_hip_custcore_molecule_set_2__4,-9.716166496276855,6.773940234259055,6.7726591630319515,6.933576492518699,6.689334927382485,6.796551826133885,6.6775787622282525
ox2_hip_custcore_molecule_set_2__5_adjust,-10.85299301147461,6.736095502211368,6.794211667908942,6.863423147036929,6.750141321224943,6.765879192491837,6.506822182394189
ox2_hip_custcore_molecule_set_2__6,-10.490240097045898,6.7324252480799505,6.752202940423619,6.852273928694402,6.630837317440657,6.768867314089718,6.657944739751355
ox2_hip_custcore_molecule_set_2__7,-7.945237636566162,6.696507292957793,6.7128885555720865,6.856152521708233,6.643149940876932,6.7645457115155105,6.505799735116204
ox2_hip_custcore_molecule_set_2__8,-10.95654010772705,6.759687455165727,6.820303362048074,6.881157872753099,6.635245626529691,6.787204864245223,6.6745255502525485
ox2_hip_custcore_molecule_set_2__9,-10.010706901550291,6.662039428720473,6.689448912451078,6.791225249940044,6.5914092000847075,6.7296742278429935,6.508439553283541
ox2_hip_custcore_molecule_set_2__10,-6.852475643157959,6.792005127683351,6.858997270994531,6.8103318771683865,6.905664138776927,6.8221991427278805,6.562833208749025
ox2_hip_custcore_molecule_set_2__11,-9.472103118896484,6.543280425592107,6.5243877578291,6.7375067296156255,6.356826000307306,6.650718910807677,6.446962729400832
ox2_hip_custcore_molecule_set_2__12,-9.990925788879396,6.798886864179683,6.839503228657478,6.932073535136732,6.690031448452433,6.810834064040561,6.721992044611208
ox2_hip_custcore_molecule_set_2__13,-10.815340042114258,6.545192933862429,6.521391831147186,6.781897835606087,6.320340545512864,6.627825238784716,6.474509218261297
ox2_hip_custcore_molecule_set_2__14,-10.7535400390625,6.843309282978721,6.89473078418699,7.028750753782288,6.755912761494305,6.850410025316273,6.686742090113755
ox2_hip_custcore_molecule_set_2__15,-9.641133308410645,6.805588425845251,6.826773272753181,6.925673643488625,6.837817871856765,6.872586543004298,6.565090798123383
ox2_hip_custcore_molecule_set_2__16,-9.674556732177734,7.003175342810662,7.05901513766569,7.047994499977685,6.943711688174954,6.9728851849084155,6.992270203326567
ox2_hip_custcore_molecule_set_2__17,-9.98465061187744,6.990133634257411,6.95544586483831,7.1824754300195846,6.82060723459799,7.103506749217183,6.888632892613994
ox2_hip_custcore_molecule_set_2__18,-9.408119201660156,6.99200373330778,7.085345978586059,7.052729666145582,7.0754768767345215,6.9656597119672865,6.780806433105449
ox2_hip_custcore_molecule_set_2__19,-9.02353858947754,6.52814903931426,6.504666644189885,6.721864406662392,6.346044034993487,6.636297462658942,6.431872648066601
ox2_hip_custcore_molecule_set_2__20,-11.045079231262209,6.769127109858426,6.7765609900973836,6.90314484663938,6.6490526358141615,6.80547530734381,6.711401769397391
ox2_hip_custcore_molecule_set_2__21,-10.565683364868164,6.8802779414270105,6.904999457966036,7.063496040292164,6.880154479418626,6.851915053057783,6.700824676400446
ox2_hip_custcore_molecule_set_2__22,-8.531181335449219,6.855638445556073,6.8804623342413285,6.965481017784992,6.760014981990672,6.90867090466918,6.763562989094194
ox2_hip_custcore_molecule_set_2__23,-10.52380084991455,6.900194221219738,6.9932033736540085,7.05462758099738,6.870275983161895,6.88246160685948,6.7004025614259275
ox2_hip_custcore_molecule_set_2__24,-9.534994125366213,6.913229910280977,6.902253395024112,7.011146342965363,6.977762898653417,6.913415227524206,6.7615716872377805
p2y1_meta_sub_molecule_16,-11.216630935668944,5.8963079715565225,5.720602655782173,6.026101850721999,5.8544247587584275,5.996033818096839,5.884376774423176
p2y1_meta_sub_molecule_11a,-7.774801731109619,5.599454020813888,5.3909977759173024,5.737738471796776,5.571503716860678,5.8051105053038885,5.491919634190798
p2y1_meta_sub_molecule_6e,-9.403467178344728,5.652044244908071,5.485289766680587,5.776276926380294,5.596668391632398,5.881773722535243,5.520212417311827
p2y1_meta_sub_molecule_11c,-10.20659351348877,5.845728909085275,5.687705765994883,5.990435100417196,5.7681003277816005,5.99587683699307,5.786526514239626
p2y1_meta_sub_molecule_6b,-9.99706745147705,5.691848682717195,5.553683902285697,5.819708838753575,5.616769094934681,5.91880589524283,5.55027568236919
p2y1_meta_sub_molecule_1,-9.720174789428713,5.777104908788692,5.637543887438074,5.911702498340887,5.735805323320458,5.998559283406759,5.601913551437277
p2y1_meta_sub_molecule_6a,-9.231863975524902,5.644649684959482,5.480803228662178,5.763770179443991,5.61606636148485,5.84135888030676,5.521249774899631
p2y1_meta_sub_molecule_6f,-9.329582214355469,5.693292002294328,5.5114926081809,5.830175913798054,5.63606104967541,5.908613503059012,5.5801169367582615
p2y1_meta_sub_molecule_6h,-9.984593391418455,5.692620214138133,5.508869972862273,5.820779025121018,5.6511515668913965,5.915183788125282,5.567116717690696
p2y1_meta_sub_molecule_6d,-8.4812650680542,5.6672600428847115,5.49610597617034,5.808176194203166,5.618974115442268,5.86533584070461,5.547708087903171
p2y1_meta_sub_molecule_6i,-10.24363613128662,5.739380253483485,5.571223772936756,5.8643790569386685,5.706880711508658,5.916203843724773,5.63821388230857
p2y1_meta_sub_molecule_6g,-9.769577026367188,5.647436444714596,5.45287198887752,5.765726344464487,5.622698032920491,5.870219546727859,5.52566631058262
p2y1_meta_sub_molecule_6n,-8.517489433288574,5.696825087435444,5.505410212965969,5.823815508910186,5.650755994639727,5.929829270556469,5.574314450104871
p2y1_meta_sub_molecule_6m,-8.589093208312988,5.702150714805068,5.525193267365057,5.819857755423536,5.661056237397518,5.909851079177332,5.594795234661897
p2y1_meta_sub_molecule_6p,-9.653029441833496,5.6797954343808925,5.505991384171751,5.799185274940549,5.631589857135875,5.92076652754124,5.541444128115044
p2y1_meta_sub_molecule_6k,-10.303940773010254,5.704944367770548,5.541172565559385,5.8146234248619075,5.656027747472494,5.943844522854408,5.569053578104545
p2y1_meta_sub_molecule_6o,-8.446208000183105,5.827585351159228,5.722487548588266,5.886543114370251,5.848948751932489,6.010596696003541,5.669350644901596
p2y1_meta_sub_molecule_6q,-9.238834381103516,5.6756643705069765,5.485110121340724,5.819105159554485,5.649954304813474,5.906746576771573,5.5174056900546224
p2y1_meta_sub_molecule_6l,-10.474388122558594,5.696084461146924,5.519291881542485,5.808000946327679,5.640246429221077,5.925329254819557,5.587553793823821
p2y1_meta_sub_molecule_6j,-8.873682975769043,5.690387575145001,5.515117046459236,5.807983737764857,5.626757918940815,5.921492159828305,5.580587012731796
p2y1_ortho_sub_molecule_16,-11.216630935668944,5.632785587700876,5.496410555151119,5.838114305206749,5.759024618524899,5.5720790248735295,5.498299434748083
p2y1_ortho_sub_molecule_11b,-10.565719604492188,5.811357701207646,5.6242060983233255,5.934623227283365,5.8255651216121995,5.9101903779917135,5.762203680827626
p2y1_ortho_sub_molecule_17,-11.046183586120604,5.654089117726426,5.503578086546683,5.866122242051763,5.781053449087858,5.5956225866371545,5.52406922430867
p2y1_ortho_sub_molecule_14,-9.21816349029541,5.6858087585828,5.534987547867637,5.910521636629657,5.803915857229299,5.607306004137795,5.572312747049614
p2y1_ortho_sub_molecule_11e,-9.704582214355469,5.779265474529526,5.596299717425615,5.907803301990428,5.793467237700439,5.872020617626415,5.726736497904734
p2y1_ortho_sub_molecule_11d,-10.303940773010254,5.828794809392335,5.6262200019290916,5.946844932344983,5.810426380928599,5.955589303947971,5.804893427811027
p2y1_ortho_sub_molecule_11f,-9.228408813476562,5.699480626085793,5.517190715445686,5.794227171138975,5.729128404846537,5.865938913330722,5.590917925667047
p2y1_ortho_sub_molecule_18,-11.125299453735352,5.681159870407943,5.512301282144491,5.881823548166951,5.803191005606092,5.646728451486671,5.561755064635514
p2y1_ortho_sub_molecule_12,-11.125299453735352,5.661136644032098,5.503827489529218,5.864399539398848,5.796900559903022,5.609517957553578,5.531037673775826
p2y1_ortho_sub_molecule_11a,-7.774801731109619,5.196484104145277,4.99253273927111,5.359176192434946,5.369983891320941,5.165385612214725,5.095342085484664
p2y1_ortho_sub_molecule_19,-10.635504722595217,5.664118456764172,5.498633624420858,5.864637013893657,5.7759648920473845,5.638852653816518,5.542504099642445
p2y1_ortho_sub_molecule_13,-10.5032958984375,5.589438031945927,5.41896764395252,5.764539146820541,5.77563355908433,5.513725214745557,5.474324595126689
bace_keranen_p2_molecule_29,-9.989999771118164,5.516357620122962,5.479860629160636,5.47058798981723,5.347649232283789,5.612296555336577,5.671393694016578
bace_keranen_p2_molecule_30,-10.359999656677246,5.414888590428634,5.2980348657870975,5.409962620006084,5.240919730300495,5.539623337069792,5.585902398979703
bace_keranen_p2_molecule_31,-10.359999656677246,5.5138709074415395,5.457622490969693,5.486819032077825,5.3391787779298605,5.64271770778675,5.643016528443568
bace_keranen_p2_molecule_32,-10.359999656677246,5.479974705179309,5.430984178799063,5.453254925120723,5.207256232435209,5.649003480046894,5.659374709494658
bace_keranen_p2_molecule_33,-10.239999771118164,5.487866493140466,5.457817992796951,5.486486735013366,5.221218977214685,5.613759047180681,5.660049713496648
bace_keranen_p2_molecule_34,-10.149999618530272,5.8159498553695,5.583987047133698,5.591445784948559,5.666704176075075,6.124488918974426,6.113123349715744
bace_keranen_p2_molecule_35,-9.8100004196167,6.442518820878194,6.411209611350026,6.628762221553157,6.211137375665746,6.528369014027673,6.433115881794364
bace_keranen_p2_molecule_36_out,-10.359999656677246,5.53541283295488,5.474808557777029,5.491807500052202,5.3620027426587775,5.6417362177638,5.7067091465225905
bace_keranen_p2_molecule_37_out,-10.5600004196167,5.506479165646396,5.46270970830192,5.499305205609117,5.3175077523878125,5.596697273981088,5.656175887952041
bace_keranen_p2_molecule_39_out,-9.68000030517578,5.520350009127689,5.472085675003326,5.471119036751097,5.3144954498214165,5.645976328109043,5.698073555953563
bace_keranen_p2_molecule_38_out,-10.489999771118164,5.558683999772104,5.508710621711,5.512633459709722,5.368520083894193,5.677259440655987,5.726296392889616
bace_keranen_p2_molecule_28_out,-10.489999771118164,5.512765381593706,5.470715090590366,5.479717007329786,5.297134231773525,5.640585553513515,5.67567502476134
bace_ciordia_retro_molecule_1a,-6.084681987762451,5.654520538066297,5.658133140866271,5.44869911221569,5.741086508894805,5.705280066074574,5.719403862280146
bace_ciordia_retro_molecule_11,-8.703369140625,5.910813366495299,5.825454748932455,5.586909422064132,6.050124168204219,5.927821911537366,6.163756581738318
bace_ciordia_retro_molecule_12,-10.45694637298584,5.918966372316263,5.873364530161746,5.575184637989266,5.962323272611999,5.970685819424232,6.213273601394071
bace_ciordia_retro_molecule_13,-9.64326286315918,5.940883441804526,5.903510420414597,5.565823317343897,5.967135215228087,6.019015187782014,6.248933068254037
bace_ciordia_retro_molecule_14,-9.8362398147583,5.8571387567624384,5.844412623076924,5.509591357557463,5.84255559542984,5.948424265195828,6.140709942552133
bace_ciordia_retro_molecule_15,-7.917439460754394,5.9294263051842915,5.832658424729945,5.568488104516158,6.0880685385124185,5.96122289587165,6.196693562291289
bace_ciordia_retro_molecule_16,-7.057740211486816,5.857360819169525,5.851704335692259,5.539049744305322,5.8343120847716845,5.943344306517001,6.118393624561357
bace_ciordia_retro_molecule_17,-10.365072250366213,6.030541476757556,5.983274591073838,5.677424499780325,6.213465779999082,6.033774225779892,6.244768287154644
bace_ciordia_retro_molecule_18,-9.900985717773438,5.9766874656377365,5.998192622820466,5.608807279082124,6.08038560089967,6.022668593131946,6.173383232254473
bace_ciordia_retro_molecule_19,-9.910837173461914,5.952770052109225,5.964806762955884,5.565908175994321,6.0778952027318045,5.984711698431674,6.170528420432443
bace_ciordia_retro_molecule_20,-10.167583465576172,6.073612461426739,6.02621789851535,5.685159004543105,6.257783741302918,6.098115292806691,6.300786369965637
bace_ciordia_retro_molecule_21,-10.215289115905762,6.014100238252878,5.9615248756906745,5.632112055983065,6.219848328972715,6.006639101513443,6.250376829104498
bace_ciordia_retro_molecule_22,-7.606921672821045,5.9020552144756495,5.900420029490522,5.5892639585816335,5.872088061541739,6.001761658291981,6.146742364472373
bace_ciordia_retro_molecule_23,-9.818963050842283,5.876879655759033,5.864425263645433,5.549716988678878,5.845394987583148,5.982347462276213,6.142513576611491
bace_ciordia_retro_molecule_24,-9.785843849182127,5.985437463746152,5.9546807579878385,5.592925280034582,5.99990362172523,6.074274410347712,6.305403248635396
bace_ciordia_retro_molecule_25,-8.870043754577637,5.966674412912122,5.931254743571638,5.579568777950934,6.003901138392682,6.031393418097149,6.287253986548203
bace_ciordia_retro_molecule_26,-10.365072250366213,5.895250713513265,5.877471925159311,5.55453371258695,5.848247108201369,5.994307795303982,6.20169302631471
bace_ciordia_retro_molecule_27,-9.612375259399414,5.951135820632754,5.91495063626984,5.5736158031829985,5.9791261409362,6.025593410639665,6.262393112135062
bace_ciordia_retro_molecule_28,-8.997004508972168,6.37744252253965,6.331866655949862,6.5674101289842985,6.378913490642881,6.3016873271440135,6.307335009977196
bace_ciordia_retro_molecule_29,-8.735666275024414,5.645852647030287,5.608383184978472,5.435486330107182,5.71690471238206,5.745382821438307,5.7231061862454125
bace_ciordia_retro_molecule_30,-6.947381496429443,6.327687564522565,6.319578623527915,6.529293670574074,6.304427305583591,6.31907777303982,6.166060449887426
bace_ciordia_retro_molecule_31,-9.533543586730955,6.060498521299253,5.9707316584232455,5.665436858920837,6.188360626913481,6.071199488074823,6.4067639741638756
bace_ciordia_retro_molecule_32,-7.721524715423584,6.020105433679603,5.935553140154871,5.616330076905728,6.149372380663197,6.061045846461926,6.338225724212297
bace_ciordia_retro_molecule_33,-7.13992166519165,6.065288560397755,5.982494207150828,5.657985906113219,6.192494755555869,6.0856515842646335,6.407816348904222
bace_ciordia_retro_molecule_34,-10.24935531616211,6.047385269606324,5.996801235204193,5.658149962253397,6.077498926193764,6.079225535594948,6.425250688785319
bace_ciordia_retro_molecule_35,-9.881757736206056,6.123213990013506,6.08148623443958,5.692691669026496,6.131753935420865,6.189476284465739,6.520661826714852
bace_ciordia_retro_molecule_36,-10.97872543334961,6.11660872305786,6.082435546839613,5.6737322821476175,6.142634891302151,6.155416340768239,6.528824554231675
bace_ciordia_retro_molecule_37,-9.450016021728516,6.061342975754271,6.0352488729660605,5.6551562080499,6.056947863881912,6.114526146332138,6.444835787541344
bace_ciordia_retro_molecule_38,-9.384933471679688,6.0860650590401395,6.043268311931181,5.668193175947537,6.110372383706193,6.13579780601947,6.472693617596317
bace_ciordia_retro_molecule_39,-9.360767364501951,6.1494981742934165,6.045867281451217,5.6883512448676985,6.241051411574915,6.177185114105951,6.595035819467302
bace_ciordia_retro_molecule_40,-8.64596939086914,6.033219733758899,5.936977012983677,5.666846151635931,6.1136678190379,6.067829439157392,6.3807782459795925
bace_ciordia_retro_molecule_41,-9.109971046447754,6.17907215794673,6.08403183563822,5.958023808317256,6.169766248991013,6.214652690004434,6.468886206782728
bace_ciordia_retro_molecule_30_protonated,-6.947381496429443,6.321908295462046,6.299034455681993,6.514302756046542,6.296881764769725,6.305434723218894,6.193887777593073
bace_p3_arg368_in_molecule_8a,-7.789851188659668,5.869904702681124,6.06852489594581,5.964619096097996,5.690269326918526,5.793777953532619,5.8323322409106675
bace_p3_arg368_in_molecule_8b,-8.512900352478027,6.06005749295159,6.085358251510816,6.16389430919039,6.0199984048930055,5.99854710830848,6.032489390855262
bace_p3_arg368_in_molecule_8c,-8.308263778686523,6.104199529874672,6.1270523078645525,6.155631974955478,6.06025873848894,6.076775226408958,6.1012794016554315
bace_p3_arg368_in_molecule_8d,-8.349190711975098,6.122821568010389,6.21197643657259,6.233258519432007,6.008149524417458,6.056752570556024,6.1039707890738635
bace_p3_arg368_in_molecule_8e,-8.417403221130371,6.310812421524766,6.335265900113809,6.394030721690557,6.283956797533969,6.319908389818243,6.2209002984672495
bace_p3_arg368_in_molecule_8f,-7.462430953979492,6.3036021832419085,6.356936987685272,6.381003586674276,6.250543299967601,6.291171760329274,6.238355281553116
bace_p3_arg368_in_molecule_8g,-10.35463523864746,6.3441309452730055,6.398237812642292,6.416860790035329,6.2893733960524765,6.324625332865817,6.291557394769109
bace_p3_arg368_in_molecule_17a,-10.94126033782959,6.372159831508739,6.337517857790452,6.137551168666027,6.447202851621571,6.285729025727086,6.652798253738558
bace_p3_arg368_in_molecule_17b,-11.5824556350708,6.571678528536569,6.460953052582011,6.396038806886407,6.693827342959168,6.506506895592587,6.80106654466267
bace_p3_arg368_in_molecule_17c,-11.74616527557373,6.57168717068865,6.501450878856924,6.378001118107095,6.67092777933536,6.51346734284751,6.794588734296361
bace_p3_arg368_in_molecule_17d,-11.391462326049805,6.606023525055908,6.470427287491961,6.474073734200146,6.705701925849184,6.593080789751496,6.786833887986748
bace_p3_arg368_in_molecule_17e,-11.95080280303955,6.685621963947002,6.565235497992499,6.5438598882115455,6.7757091023754805,6.69496436946762,6.848340961687858
bace_p3_arg368_in_molecule_17f,-11.637025833129885,6.602599960251119,6.486475754836488,6.489167367697891,6.6221172166253295,6.6524913649592445,6.762748097136644
bace_p3_arg368_in_molecule_17g,-11.118612289428713,6.675505440142726,6.5830565991082945,6.544884470863035,6.720707260389493,6.689849828204118,6.839029042148687
bace_p3_arg368_in_molecule_27a,-9.154098510742188,6.408116155405999,6.383679194671746,6.155766107972688,6.467027637361165,6.368271089947601,6.665836747076794
bace_p3_arg368_in_molecule_27b,-9.972644805908203,6.622161049193322,6.533126908565545,6.422943093703605,6.742611552531042,6.629995377998824,6.782128313167593
bace_p3_arg368_in_molecule_27c,-10.013572692871094,6.720811357607263,6.6105473333792775,6.492700622749248,6.806827877007824,6.805961630219355,6.888019324680615
bace_p3_arg368_in_molecule_27d,-9.276880264282228,6.6367915731628,6.523855499198116,6.499389788903195,6.722523659331937,6.650129429289963,6.788059489090792
bace_p3_arg368_in_molecule_27e,-9.358736038208008,6.774992336263926,6.641615403342941,6.600084850084644,6.843486452823612,6.883034260879536,6.906740714188903
bace_p3_arg368_in_molecule_27f,-9.099527359008787,6.623414699691269,6.520284819750147,6.482417672180089,6.650107577222186,6.704424734025294,6.759838695278625
bace_p3_arg368_in_molecule_27g,-12.250936508178713,6.706741378388479,6.6251324543256604,6.570740394623213,6.739853234205018,6.764858194930474,6.833122613858031
bace_ciordia_prospective_molecule_spiro16,-8.180000305175781,5.751985505470699,5.736006024968248,5.110290721764442,6.002193694936622,5.886186629469675,6.025250456214509
bace_ciordia_prospective_molecule_spiro5,-7.760000228881836,5.857668697170574,5.82990828301276,5.2719909671967695,5.894250537702978,6.088062899698691,6.204130798241672
bace_ciordia_prospective_molecule_spiro2,-7.03000020980835,5.948672401938843,5.833636783111306,5.3654793065735324,5.928935270459222,6.218164160111843,6.39714648943831
bace_ciordia_prospective_molecule_spiro10,-8.5,5.877973695589817,5.799991105779641,5.363952677236043,5.84664537997835,6.151476077686716,6.227803237268333
bace_ciordia_prospective_molecule_spiro3,-8.979999542236328,5.745982401337241,5.706273648145338,5.129423872422459,6.093222172861321,5.8305357873659815,5.970456525891107
bace_ciordia_prospective_molecule_spiro6,-9.529999732971191,6.087287796136106,5.979792389538246,5.440733858565685,6.28414695939876,6.2950295329195844,6.436736240258255
bace_ciordia_prospective_molecule_spiro4,-7.619999885559082,5.667403979994716,5.6075057731281355,5.086685175356222,5.804996829670664,5.897061539901038,5.940770581917518
bace_ciordia_prospective_molecule_spiro1,-7.519999980926514,5.899499600123204,5.872922483965279,5.288764067595295,6.043739010645577,6.057690715506307,6.234381722903561
bace_ciordia_prospective_molecule_spiro15,-9.050000190734863,5.711241960122513,5.667503272361388,5.119731672967852,5.932380184626483,5.862078368096622,5.974516302560224
renin_customcore_molecule_b1i5k_xray,-11.867584228515623,7.039492505294828,7.184049117897083,6.965830371743664,6.957684713021901,6.998677670773171,7.0912206530383175
renin_customcore_molecule_b1i5j,-11.456809043884276,6.797430405464802,6.876823013946699,6.799466798780852,6.748827688884319,6.835111110725091,6.7269234149870485
renin_customcore_molecule_b1i2n,-10.976457595825195,6.683618879420747,6.717124789829287,6.7127980043991045,6.596757442286642,6.734324442249874,6.657089718338829
renin_customcore_molecule_b1i5i,-11.456809043884276,6.810059111311982,6.866729899942256,6.797393796561399,6.75261900988274,6.872503190903823,6.761049659269692
renin_customcore_molecule_b1i5h,-10.805927276611328,6.709407484589292,6.808641872875477,6.699442850189209,6.678287158453806,6.801943115760585,6.5587224256673835
renin_customcore_molecule_b1i5l,-9.65300178527832,6.742976632341639,6.790951235765826,6.751755965868108,6.657782491763593,6.807856313385636,6.70653715492503
renin_customcore_molecule_b1i5n,-10.243584632873535,6.695721767788631,6.780960667460297,6.677051190413667,6.693600615620807,6.813155618196682,6.5138407472517015
renin_customcore_molecule_b1a2m,-9.60566234588623,5.7634148359744195,5.820215855011525,5.8941077894407705,5.65827441939364,5.941211186779444,5.503264929246719
renin_customcore_molecule_b1i2o,-10.565683364868164,6.451930331851992,6.530503315044693,6.579309524631512,6.236781589462412,6.506057150896571,6.407000079224768
renin_customcore_molecule_b1i5o,-10.03608226776123,6.745276971721322,6.838240329830943,6.7643589745346775,6.693094030788654,6.7627958944303765,6.667895629021956
renin_customcore_molecule_b1i4i,-8.79079818725586,6.886906943236281,7.010164743648951,6.89999392279862,6.85120087539591,6.900153086447228,6.773022087890698
renin_customcore_molecule_b1i4e,-10.188878059387209,6.759622086894419,6.823913248056278,6.8583655570676045,6.568301139258527,6.816035504679498,6.731494985410186
renin_customcore_molecule_b1i4g,-8.354374885559082,6.74606158541186,6.811278795833825,6.8324083542461835,6.54138245664147,6.817559049660729,6.727679270677095
renin_customcore_molecule_b1i1,-7.394491195678711,5.812660947370131,5.762152275928301,5.9090607133975315,5.606941222209109,6.094029807304136,5.691120718011578
renin_customcore_molecule_b1i2a,-8.699529647827148,5.702517689796885,5.75759571798964,5.819766171126088,5.610070963547307,5.893588645362296,5.431566950959092
renin_customcore_molecule_b1i2e,-10.474414825439451,6.110222712352726,6.183525803657736,6.222269502069215,5.918792147601061,6.172413815252906,6.0541122931827145
renin_customcore_molecule_b1i2i,-9.814119338989258,6.405367071611155,6.4894765978404125,6.456253672013737,6.245862650417165,6.435618713275604,6.399623724508858
renin_customcore_molecule_b1i2j,-11.324613571166992,6.413771459464809,6.51893999355133,6.489617573042418,6.222464390749952,6.460717442693806,6.377117897286539
renin_customcore_molecule_b1i5c,-11.867584228515623,6.648307071084252,6.773800735173125,6.657081722074806,6.5734248614514215,6.737999807980798,6.499228228741111
renin_customcore_molecule_b1i5b,-8.007719993591309,6.664883899587627,6.789329577277708,6.6838968430738355,6.629193921061588,6.734695855859092,6.487303300665916
renin_customcore_molecule_b1i2k,-10.63553237915039,6.292833246219805,6.376695044044813,6.3702939435255965,6.140271346121771,6.349235368475202,6.227670528931644
renin_customcore_molecule_b1i2h,-9.823533058166504,6.08124902967779,6.188026970319143,6.247349984717638,5.8584637273178535,6.221228585971871,5.89117588006244
renin_customcore_molecule_b1i2g,-8.338004112243652,6.252354605014408,6.320393016026166,6.371894265117436,6.040453962584653,6.335786937056411,6.19324484428737
renin_customcore_molecule_b1i4b,-8.390936851501465,6.0840619531894,6.18271633470882,6.164434954094689,5.855831925050004,6.233392936854981,5.9839336152385005
renin_customcore_molecule_b1i5a,-10.395288467407228,6.668876057376842,6.7913800827980655,6.659706263443278,6.630416219008496,6.753867629786979,6.509010091847391
renin_customcore_molecule_b1i2d,-8.413992881774902,6.1614335623783685,6.258463551798634,6.252428360931966,5.988730385809388,6.222107250426562,6.085438262925296
renin_customcore_molecule_b1i4a,-7.235419750213623,5.876848961413481,6.0059402722636195,5.962907233062346,5.758716787263449,6.015090131834956,5.641590382643037
renin_customcore_molecule_b1i5d,-11.216565132141112,6.855271731023047,6.936506763760653,6.867442356715641,6.894279304000726,6.91175355597428,6.6663766746639315
renin_customcore_molecule_b1i2c,-6.883717060089111,6.267320321654141,6.3921211449339195,6.470664737098874,6.047965068373071,6.412410352630802,6.01344030523404
hne_molecule_6,-7.032558917999268,6.32985998870052,6.417216926063373,6.441677608696798,6.325791435463594,6.371202496387569,6.093411476891265
hne_molecule_14,-10.325488090515137,6.253106400682626,6.279169388045479,6.341876652257219,6.28898575826496,6.280260547509704,6.075239657335763
hne_molecule_15,-12.27822208404541,6.287115393364699,6.314692025042201,6.362815482504885,6.352462612064697,6.331214830455703,6.07439201675601
hne_molecule_16,-11.838635444641112,6.323628600479198,6.369584311767586,6.408445920479482,6.382832966141013,6.34417966664123,6.113100137366682
hne_molecule_17,-11.41401481628418,6.240022531849891,6.287980684214991,6.312896382385473,6.278860117126076,6.323572895316483,5.996802580206435
hne_molecule_18,-10.75852870941162,6.208416567335898,6.244587586490487,6.282042376730595,6.245814420197148,6.255315032686502,6.014323420574753
hne_molecule_19,-11.53597927093506,6.271648484158681,6.32653282800467,6.354992125380373,6.324319480974422,6.296743990729048,6.055653995704891
hne_molecule_20,-10.5032958984375,6.238456146604281,6.244402941376573,6.363206060066766,6.116829386742036,6.357805419813626,6.110036925022401
hne_molecule_21,-12.27822208404541,6.324776886143631,6.393074604688068,6.387375731974627,6.362584653538825,6.331813042494092,6.149036398022544
hne_molecule_22,-11.36131477355957,6.137613176438857,6.190584838413889,6.200028864103675,6.13179706897068,6.23425647816989,5.931398632536152
hne_molecule_23,-10.371087074279783,6.186474816686223,6.234482901186753,6.253117188960594,6.203178313021132,6.2582472361028385,5.983348444159797
hne_molecule_25,-11.999752044677734,6.195827964420806,6.246082972292776,6.3056032419788,6.200009490238463,6.234331911737514,5.993112205856472
hne_molecule_26,-12.580878257751465,6.206334082314524,6.291933306998049,6.275636221833248,6.146460971264018,6.260352191933502,6.0572877195438
hne_molecule_27,-14.488014221191406,6.2825172427430775,6.357560290549947,6.385257421812902,6.230557575658946,6.28251723062539,6.156693695068202
hne_molecule_28,-12.643302917480469,6.125465972397409,6.207920747793173,6.159815159192517,6.06387932975674,6.176119699305872,6.019594925938741
hne_molecule_29,-13.897701263427734,6.315708471082389,6.376418122236463,6.425656377094404,6.257826299635592,6.33135556816366,6.1872859882818245
hne_molecule_30,-13.099580764770508,6.342338379456,6.388151942992571,6.466023339162566,6.276796733423895,6.360391378423329,6.220328503277635
hne_molecule_21_neutral,-12.27822208404541,6.325091664692219,6.393074604688068,6.387375731974627,6.362584653538825,6.333785083676854,6.14863824958272
hne_molecule_19_neutral,-11.53597927093506,6.271648484158681,6.32653282800467,6.354992125380373,6.324319480974422,6.296743990729048,6.055653995704891
hne_molecule_16_neutral,-11.838635444641112,6.323628600479198,6.369584311767586,6.408445920479482,6.382832966141013,6.34417966664123,6.113100137366682
hfaah_molecule_6MRG_ligand,-10.287250518798828,6.654649653143492,6.829607434790272,6.6222070786702405,6.281999977132805,6.7011472440401025,6.8382865310840435
hfaah_molecule_fig_3,-10.59958553314209,5.729038748632774,5.664800709858677,5.821960453901854,5.822754741258715,5.714312956645853,5.62136488149877
hfaah_molecule_2,-8.665205001831055,5.8153896539870225,5.7576424322980175,5.936372365843558,5.920279188354934,5.763827611818129,5.698826671620474
hfaah_molecule_4,-11.324654579162598,5.80233202107033,5.741953353939096,5.92201776207571,5.859628700661994,5.772515291422217,5.715544997252635
hfaah_molecule_6,-10.420489311218262,5.760409235284122,5.725826797377511,5.84180874480595,5.861294550598046,5.745945516857226,5.627170566781879
hfaah_molecule_9,-10.565720558166504,5.7420840529213395,5.663292471756175,5.864165761970536,5.7958903283641545,5.724502207436679,5.662569495079152
hfaah_molecule_11,-12.122775077819824,5.824269506891014,5.747532849417228,5.963022154777857,5.882345084432442,5.7946644488858094,5.733782996941734
hfaah_molecule_12,-11.046184539794922,5.759999696294097,5.729520057124265,5.842480339260559,5.854081456241717,5.743680083768229,5.6302365450757135
hfaah_molecule_15,-8.590265274047852,5.778361366442169,5.738862567860219,5.887391700613787,5.833157194484879,5.7793630494646475,5.653032319787313
hfaah_molecule_14,-7.842516899108887,5.759116412755103,5.719431736123545,5.85933434123214,5.8585540947519315,5.737713051634499,5.620548840033401
hfaah_molecule_19,-7.972322940826416,5.82876624902997,5.718097246935978,5.93283321485375,5.92658134637819,5.810678353594816,5.755641083387119
hfaah_molecule_20,-6.821234703063965,5.8477124923753765,5.733373066178859,5.98301875683084,6.014836483683888,5.809640538628037,5.697693616555256
hfaah_molecule_22,-9.97237777709961,6.04453521378274,6.155581679979585,6.135665330203184,5.996796949327326,6.025935443591458,5.908696665812146
hfaah_molecule_23,-10.67374324798584,5.9939004537881715,6.0977941197086825,6.066031000114359,5.918164619044384,5.978609713703067,5.908902816370363
hfaah_molecule_24,-11.627310752868652,6.086940115477054,6.143859013869617,6.226363187946406,5.959368749252987,6.030993349942139,6.074116276374121
hfaah_molecule_25,-12.03799057006836,5.88426378482753,5.964659409179481,5.887039903490594,5.872454966662853,5.87546554698108,5.821699097823642
hfaah_molecule_26,-10.67374324798584,6.032870644104241,6.092656019914472,6.15800968424402,5.912298037428636,6.02759926454151,5.973790214392569
hfaah_molecule_27,-11.187724113464355,6.00846576593369,6.090552051316823,6.115764771158658,5.884368072763558,5.982052928087474,5.969591006341937
hfaah_molecule_28,-11.589073181152344,6.51780613420082,6.573540468552945,6.499588075302169,6.435435115255504,6.652817957447035,6.427649054446441
hfaah_molecule_29,-10.805952072143556,5.976389368269844,6.10260995800353,6.015298167893692,5.934856988500599,5.991360493136255,5.837821233815142
hfaah_molecule_30,-9.903937339782717,5.907188728440661,6.059108358840671,5.878122689873526,5.93513190693716,5.903249425457833,5.760331261094121
hfaah_molecule_31,-11.290130615234377,5.871283531147125,6.008141077721094,5.813768526545337,5.925348404346935,5.878255852686967,5.730903794435298
hfaah_molecule_33__Saha_2018_,-9.73618984222412,6.133437042346108,6.187569364341324,5.904118238146456,6.140873199295055,6.37608179110353,6.058542618844174
hfaah_molecule_39,-10.71462059020996,6.589784439256386,6.811509798346152,6.363443070578697,6.542651765153946,6.704369927708792,6.5269476344943405
hiv_prot_ekegren_molecule_1,-11.759520530700684,7.087348327229431,7.123379523047768,7.036339474861909,7.079124156341189,7.131460587181561,7.066437894714729
hiv_prot_ekegren_molecule_9,-10.5032958984375,7.193168201368957,7.189504440900757,7.134954024671088,7.168715732093031,7.294540634335388,7.178126174844521
hiv_prot_ekegren_molecule_10,-10.805952072143556,7.228220806614684,7.230052446451023,7.172231171420025,7.197666996564655,7.330313083591123,7.210840335046589
hiv_prot_ekegren_molecule_11__2cen_,-11.324654579162598,7.22220885767918,7.221954843385331,7.170677937202174,7.1932679380617905,7.316553195527641,7.208590374218968
hiv_prot_ekegren_molecule_12,-11.268184661865234,7.22507026603482,7.22179988783165,7.178974027111019,7.18820075794648,7.318284181034269,7.21809247625068
hiv_prot_ekegren_molecule_13,-10.857505798339844,7.065225393949052,7.070875783505052,7.040913844165668,7.041035386542535,7.124644553281846,7.048657402250155
hiv_prot_ekegren_molecule_14,-10.67374324798584,7.142645440577783,7.1517368127753205,7.071998806097694,7.136424636791647,7.229150018074775,7.123916929149478
hiv_prot_ekegren_molecule_15,-10.976399421691896,7.148671121439752,7.165691963108342,7.077057948886735,7.139568400622531,7.234347480552375,7.1266898140287775
hiv_prot_ekegren_molecule_16,-11.061184883117676,7.142594619181087,7.1498839946489445,7.07221347804964,7.1348242250694085,7.231480924249752,7.124570473887689
hiv_prot_ekegren_molecule_17,-11.48725414276123,7.3805283880509105,7.403359600277002,7.378642217527679,7.340584307165892,7.446602656409253,7.333453158874735
hiv_prot_ekegren_molecule_18,-11.838635444641112,7.286207138644772,7.290059603292652,7.234557311713135,7.276861946646975,7.367065039203205,7.262491792367894
hiv_prot_ekegren_molecule_19,-10.857505798339844,7.197510093441896,7.17531981258247,7.172585189046268,7.197390298887662,7.2803826693498985,7.161872497343185
hiv_prot_ekegren_molecule_20,-11.53597927093506,7.192267224314408,7.135215948341581,7.216807427542398,7.15632588805276,7.263972307336067,7.189014550299232
cdk8_koehler_molecule_12,-9.83295726776123,7.119440219112867,6.686546128678501,7.214431436339583,7.311803195829071,7.234744949326377,7.149675385390801
cdk8_koehler_molecule_13,-11.19720458984375,6.834119785565808,6.6400765334431275,6.812048836872093,7.041679573644549,6.8487696415203585,6.828024342348912
cdk8_koehler_molecule_14,-11.031554222106934,7.434149297363078,6.853159558093135,7.504915600057555,7.5531138995654,7.66832583680811,7.591231592291184
cdk8_koehler_molecule_15,-9.720175743103027,7.154233677084854,6.763895728471716,7.208124323993204,7.3291812050453995,7.244795038781916,7.225172089132028
cdk8_koehler_molecule_16,-10.635504722595217,7.396805704916767,6.861526988081817,7.4557338870550565,7.523796010106194,7.607680120272555,7.53529151906821
cdk8_koehler_molecule_17,-10.395273208618164,7.286892617755899,7.247319259702719,7.318121995112297,7.280702438150363,7.346192367052236,7.242127028761882
cdk8_koehler_molecule_19,-10.224825859069824,7.142447949127613,6.7046996847468385,7.200752979366204,7.3231658417292325,7.275361427559995,7.208259812235793
cdk8_koehler_molecule_20,-10.28314971923828,7.165707760441913,6.759009703512276,7.2117100917506844,7.341060925663175,7.302419581603105,7.214338499680326
cdk8_koehler_molecule_21,-9.862342834472656,7.18974758558269,7.149351337033458,7.078856660329339,7.245417537149659,7.270987572685811,7.204124820715179
cdk8_koehler_molecule_22,-11.290130615234377,7.46028695236659,6.8586025592994195,7.554013946824565,7.594064799021827,7.683956806992859,7.610796649694283
galectin3_extra_molecule_18a,-6.327748299,5.457698182194834,5.466901951108424,5.480119830300723,5.377532290361502,5.498846519592041,5.465090319611479
galectin3_extra_molecule_18b,-7.460412979,5.396845429560919,5.431389796010798,5.406787516564921,5.208623372103843,5.481760788771469,5.45566567435356
galectin3_extra_molecule_18d,-6.764764786,5.366153654062537,5.409519384607535,5.376876932189659,5.172577941124222,5.435679664600561,5.436114347790711
galectin3_extra_molecule_18e,-6.472980022,5.431325418386901,5.474454322385993,5.4709098075593365,5.238360590727555,5.494669620231808,5.478232751029814
galectin3_extra_molecule_18f,-5.532726765,5.446517834460818,5.487121899658802,5.482260616186363,5.246711772231206,5.508351496722272,5.508143387505446
galectin3_extra_molecule_18g,-6.472980022,5.6791563523144095,5.784377354608692,5.7860092438710105,5.492763174432608,5.662810330127295,5.669821658532444
galectin3_extra_molecule_18h,-5.999876022,5.508936811788293,5.581959648742037,5.5215150334168674,5.320571792583219,5.557622686371673,5.563014897827668
galectin3_extra_molecule_18i,-4.806076527,5.479912391103153,5.446750522316467,5.3544179834957735,5.1903403991438175,5.820222729028759,5.587830321530946
galectin3_extra_molecule_17m,-4.104710579,5.055106179111872,5.019752776049313,5.017128818059252,5.147719964369984,5.205916957750694,4.885012379330123
galectin3_extra_molecule_17q,-4.9898386,4.992343734907224,5.169137032212754,5.148896294426574,4.988136236227665,4.936797401343005,4.718751710326122
galectin3_extra_molecule_17r,-4.749606609,4.959827184257688,5.138062670137908,5.108369511759144,4.957196152096629,4.935396793044206,4.660110794250551
galectin3_extra_molecule_17n,-4.914099216,4.960583469380179,5.1573825620800475,5.125987041865276,4.986707032563876,4.914185326883751,4.618655383507941
galectin3_extra_molecule_17p,-5.046308517,4.944716989823891,5.145307346123202,5.101138697915945,4.9534065872173345,4.910418342189898,4.61331397567308
galectin3_extra_molecule_17o,-5.1087327,4.965361267608334,5.1634937180744425,5.139881863302673,4.970355827949748,4.905903557905322,4.647171370809486
galectin3_extra_molecule_17f,-6.581002712,5.00079518217803,5.121147992207139,5.1234733078230095,5.1615929651028924,4.9512319408922325,4.646529704864879
galectin3_extra_molecule_17e,-6.896974087,5.143832842571489,5.220538151591437,5.248991136925898,5.178071767262412,5.193184069208297,4.878379087869397
galectin3_extra_molecule_17g,-7.208675861,5.1697324628675485,5.255385977479652,5.253891239454578,5.202124960350969,5.22894038675513,4.908319750297418
galectin3_extra_molecule_17a,-5.532726765,5.05968920064377,5.116459609240728,5.27945079514233,5.123924224884376,4.953091845932069,4.825519528019346
galectin3_extra_molecule_17j,-6.440945625,4.951863591155447,5.063019143712313,5.1314801529082885,5.107448040792263,4.857402754785531,4.599967863578837
galectin3_extra_molecule_17l,-5.943406105,4.971658163511975,5.079778515996324,5.13260540932602,5.115566391887985,4.88595124325392,4.644389257095629
galectin3_extra_molecule_17c,-6.354085445,4.996617350382293,5.114392331471433,5.124630575468234,5.148007508558834,4.939798926042803,4.656257410370161
galectin3_extra_molecule_17k,-6.621879578,5.073155480301937,5.172176866032423,5.225566951096987,5.153711469499857,5.043399802897973,4.770922311982442
galectin3_extra_molecule_17b,-5.506390095,5.020150472973471,5.0924723181564895,5.186663742000983,5.121819007211231,4.926745568955608,4.773051728543042
galectin3_extra_molecule_17h_flip,-6.327748299,4.967869271507526,5.101644565472826,5.1188109590076705,5.122671526348175,4.879383163066221,4.6168361436427405
galectin3_extra_molecule_17i,-5.943406105,4.963841528659946,5.086510777587079,5.124382352491639,5.129969729676955,4.889536401934435,4.5888083816096215
galectin3_extra_molecule_17d,-6.150896072,4.980680170217363,5.0887492198317705,5.142074474800676,5.126550821258049,4.889161083422203,4.656865251774116
btk_extra_flip_molecule_2,-7.687934875488281,5.318304499829408,5.362667156533906,5.355369419034581,5.302493851398663,5.347625165431279,5.22336690674861
btk_extra_flip_molecule_7,-9.084606170654297,6.359951558133629,6.699035141993815,6.217858687974628,6.48948789955399,6.192364775041508,6.201011286104205
btk_extra_flip_molecule_8,-9.606385231018066,6.958467549970587,7.46733612348887,6.70320725866412,6.926510346066447,6.897824642527671,6.7974593791058275
btk_extra_flip_molecule_9_flip,-8.33090591430664,6.120201513796216,6.857590822545385,5.6909239149200035,6.000641503404364,5.8561468260908365,6.1957045020204955
btk_extra_flip_molecule_10,-10.870059967041016,6.42966906195191,6.96467644824642,5.916691159319642,6.317785313428387,6.197425000221587,6.751767388543512
btk_extra_flip_molecule_11,-11.524829864501951,7.464894058442518,7.83569197601237,6.764708537700245,7.542096229257714,7.6176616987230386,7.564311850519219
cr_bace1_molecule_4,0.4099999964237213,5.961699375313713,5.8556688349993635,5.858006663277954,6.01036863306244,6.052182006222877,6.032270739005928
cr_bace1_molecule_1,-0.9900000095367432,5.9621053864964395,5.87296329162408,5.809427895291249,6.007993821252429,6.105225929432232,6.014915994882204
cr_bace1_molecule_3,-0.8899999856948853,5.92560505977929,5.820557498540623,5.820393139899678,5.96515921198652,6.010125567463245,6.011789881006384
cr_bace1_molecule_7,0.9100000262260436,6.324705030467126,6.246253592026327,6.397814975112938,6.408882503785067,6.251094599853751,6.3194794815575515
cr_bace1_molecule_9R,0.7099999785423279,6.081128834871828,5.9661930746032485,5.86053476631759,6.245566374473842,6.121594571009745,6.211755387954712
cr_bace1_molecule_5,0.9100000262260436,5.965235881397228,5.874096550190696,5.913887576038777,5.994767750483218,6.09221199683037,5.951215533443079
cr_bace1_molecule_10,-0.2899999916553497,6.236655155573762,6.190744391605654,6.030806712466386,6.303835108453349,6.221478866960815,6.436410698382601
cr_bace1_molecule_6,-1.7899999618530271,5.970425328624262,5.948920278646258,5.869217500195376,5.9321873205773965,6.099360373509012,6.00244117019327
cr_bace1_molecule_2,-0.1899999976158142,5.949386119415619,5.832403183239179,5.816219358520371,5.994175147996622,6.066312905114828,6.037820002207096
cr_bace1_molecule_9S,1.809999942779541,6.084293022435545,5.991432123399406,5.859620429938092,6.194071331473965,6.144860204143093,6.231481023223169
cr_bace1_molecule_8,-0.5899999737739563,6.101152106165146,5.93478387312984,5.937569831045021,6.18736447449364,6.194218751756669,6.25182360040056
hc_bace1_molecule_22256_26_0_ligand,-6.960000038146973,6.688297210180576,6.649813573148376,6.82729050232877,6.722862330757579,6.654768022454438,6.58675162221372
hc_bace1_molecule_22250_20_0_ligand,-8.109999656677246,6.416337491101143,6.396273320137492,6.584240388344545,6.511860517357608,6.366140529736726,6.223172699929344
hc_bace1_molecule_22251_21_0_ligand,-9.40999984741211,6.429244188211856,6.416503129793013,6.597110340319932,6.537138387225198,6.3795050852450546,6.215963998476081
hc_bace1_molecule_19677_19_0_ligand,-9.829999923706056,6.548568549895675,6.524888604024225,6.696375246109419,6.613445428907975,6.4868527542021015,6.421280716234661
hc_bace1_molecule_22254_24_0_ligand,-9.470000267028809,6.614344860546258,6.593525833290372,6.766697427739198,6.658916893433158,6.575211312040143,6.4773728362284215
hc_bace1_molecule_22252_22_0_ligand,-10.010000228881836,6.428966226837742,6.389368086402027,6.624228151016653,6.532068341888149,6.375158500494341,6.224008054387544
hc_bace1_molecule_22253_23_0_ligand,-8.75,6.411807616799675,6.3851169091876105,6.5942248421658585,6.515920797566147,6.344246672721129,6.219528862357631
fxa_yoshikawa_set_molecule_5f,-11.570840835571287,7.173145531130753,7.3507854949601725,7.27487745079623,7.378849289236552,6.968618865414719,6.892596555246088
fxa_yoshikawa_set_molecule_5g,-10.17173194885254,7.040307779303559,7.166178894118127,7.041686745481169,7.233911934196349,6.964724754025751,6.795036568696406
fxa_yoshikawa_set_molecule_5e,-8.26799201965332,7.175439677153302,7.349171141595716,7.275008829794308,7.369488133031198,6.976452525943941,6.90707775540135
fxa_yoshikawa_set_molecule_5i,-10.805952072143556,7.006394044565752,7.203814334549811,7.0654621057609495,7.146111297778576,6.832017847054246,6.784564637685179
fxa_yoshikawa_set_molecule_5b,-7.364122867584228,7.066383175343731,7.190089064093971,7.173508516652284,7.224380053393379,6.86293811498927,6.8810001275897505
fxa_yoshikawa_set_molecule_5h,-12.7782621383667,7.018161739374021,7.207527337762589,7.085330797910741,7.142123408979438,6.866338136395467,6.789489015821872
fxa_yoshikawa_set_molecule_5a,-11.24702262878418,6.891030532746392,7.0497975837004425,6.957580878360493,7.0536159903401385,6.727692065652396,6.666466145678489
fxa_yoshikawa_set_molecule_5k,-11.336624145507812,7.01999425248011,7.129798369818978,7.10122224422309,7.228977666243885,6.866833886907652,6.773139095206948
fxa_yoshikawa_set_molecule_5d,-11.44223403930664,7.093144373243925,7.227593731576167,7.2061614260691504,7.267679928381488,6.902391590602525,6.86189518959029
fxa_yoshikawa_set_molecule_5c,-11.627310752868652,7.051285086325301,7.207233979841522,7.119117774663484,7.212865179392988,6.864545487824588,6.852663009903924
fxa_yoshikawa_set_molecule_8e,-11.169207572937012,6.997946076656642,7.14482017770586,7.154737340764197,7.175384247470846,6.823167818359026,6.691620798983286
fxa_yoshikawa_set_molecule_8b,-8.129011154174805,6.849650756522905,7.056620348779208,6.936978379009523,7.013112550477374,6.694480050836417,6.547062453511998
fxa_yoshikawa_set_molecule_8d,-7.691995143890381,7.053275651684101,7.210006713332079,7.1865502322370585,7.198294480741521,6.891491342193444,6.780035489916402
fxa_yoshikawa_set_molecule_8c,-7.805192470550537,6.862862837370711,7.053036036310845,6.949997118024241,7.021898624597824,6.7014938157373,6.587888592183346
fxa_yoshikawa_set_molecule_8g,-9.903937339782717,7.059582574650941,7.20974246126241,7.163740991976867,7.230452128515432,6.918861156966078,6.7751161345339135
fxa_yoshikawa_set_molecule_A_cor,-11.784735679626465,6.848040844445582,7.05868620129545,6.900634366826371,7.020771397448657,6.705459705002496,6.554652551654932
fxa_yoshikawa_set_molecule_8f,-9.769577980041504,7.081451601134818,7.228518781637511,7.150916937112924,7.282723010853525,6.94082948681129,6.804269789258837
fxa_yoshikawa_set_molecule_8a,-9.441705703735352,6.957036988217128,6.9683739920281225,7.13767505781257,7.145018182447108,6.8175831212737075,6.716534587524132
fxa_yoshikawa_set_molecule_8h,-12.078866958618164,7.068267651478827,7.224571734009127,7.158564636157797,7.186807641822512,6.927844373859271,6.843549871545427
fxa_yoshikawa_set_molecule_8i,-9.97237777709961,7.04114117118089,7.198930510483913,7.121399129597892,7.164262011036865,6.9172854887399895,6.803828716045789
fxa_yoshikawa_set_molecule_8j,-11.53597927093506,7.036405616758421,7.205058002516633,7.099508315063119,7.163235801991462,6.91640440686523,6.79782155735566
fxa_yoshikawa_set_molecule_8k,-11.348840713500977,7.012520720102858,7.189582769917755,7.076207135171292,7.130494686402099,6.890667409292206,6.775651599730932
fxa_yoshikawa_set_molecule_8l,-11.24702262878418,7.037218424359186,7.206339681075634,7.124074516150912,7.150123700149283,6.917511261344879,6.788042963075219
fxa_yoshikawa_set_molecule_8m,-11.838635444641112,7.003365604264884,7.174527108885416,7.032416990408616,7.135227694576976,6.884972883058799,6.789683344394617
fxa_yoshikawa_set_molecule_8n,-10.138808250427246,7.025789115721517,7.176762212627651,7.075034075206086,7.151639110405257,6.910728805870038,6.814781374498552
fxa_yoshikawa_set_molecule_8o,-10.67374324798584,6.7729674622459175,6.991453590136692,6.723828982846791,6.909256040116401,6.701412904387475,6.538885793742225
fxa_yoshikawa_set_molecule_8p,-11.589073181152344,6.750553612736264,6.9819810372555935,6.687792524855702,6.890164687842782,6.67430630422813,6.518523509499114
cr_bace2_molecule_22,1.2599999904632568,6.160023461778499,5.996005885137518,6.079351392012836,6.277864410834461,6.249903758178052,6.19699186272963
cr_bace2_molecule_16,-0.3400000035762787,6.010277898467502,5.91725651116998,5.8393952626203305,6.093061924091722,6.089487829138141,6.112187965317332
cr_bace2_molecule_11,-1.2400000095367432,5.990017958684797,5.861477775876369,5.845268175894898,6.090106196579906,6.142282714619931,6.010954930452881
cr_bace2_molecule_21,1.4600000381469729,6.182550795673235,6.060796490828961,6.142273859410696,6.3576148677324555,6.1847653202785295,6.167303440115534
cr_bace2_molecule_24,3.1600000858306885,6.137532154171545,5.990977017593198,6.097120333789714,6.2229515134000355,6.175320811010765,6.201291095064013
cr_bace2_molecule_12,-0.5400000214576721,5.9869107104811095,5.902280639958918,5.845408013499526,6.076187611899117,6.094641216491838,6.0160360705561455
cr_bace2_molecule_20,-0.9399999976158142,6.118880835355661,6.005461438028482,5.988904554491214,6.337320609050706,6.190450990432889,6.0722665847750115
cr_bace2_molecule_19,-1.1399999856948853,6.061531227160391,5.997910310215912,5.892047789915583,6.169834935584655,6.137221143306,6.110641956779807
cr_bace2_molecule_13,-1.2400000095367432,6.0150098843640905,5.8902538540729354,5.868192004688234,6.095062064765515,6.146420729292514,6.075120769001251
cr_bace2_molecule_23,1.3600000143051147,6.215816112030057,6.104839050368215,6.162201311411107,6.3789316702783445,6.209764535956867,6.22334399213575
cr_bace2_molecule_15,-0.7400000095367432,5.93701758703153,5.849825356586915,5.814137929812872,6.007841826941331,6.000829556637275,6.012453265179257
cr_bace2_molecule_14,-1.0399999618530271,6.043462592759601,5.9213286046732,5.879208985732721,6.116802367967956,6.140093237983469,6.159879767440657
fxa_set3_molecule_20814_6,-10.529999732971191,6.853810747719551,6.876288752571215,6.975088630579779,6.927419487248006,6.6918123928675195,6.798444475331235
fxa_set3_molecule_20539_10,-11.18000030517578,6.776211753898956,6.806415395020467,6.952097560082262,6.661920809124665,6.7031841778453645,6.75744082742202
fxa_set3_molecule_20820_11,-10.829999923706056,6.873245121842224,6.918991147932628,7.035852959254023,6.8191469654304155,6.807853577848748,6.784380958745301
fxa_set3_molecule_20819_8,-11.18000030517578,6.6457577775401955,6.68755971585307,6.803582018257684,6.460791670131114,6.600943861753644,6.675911621705465
fxa_set6_molecule_21083,-6.530872344970703,6.459615641253786,6.491602040960354,6.6682022852258145,6.300940151706424,6.492537420271644,6.3447963081047
fxa_set6_molecule_21084,-7.469595909118652,6.45806299135719,6.49217822864441,6.6467218317655865,6.332292914085924,6.436219430492062,6.382902551797968
fxa_set6_molecule_21085,-8.053603172302246,6.194837070537105,6.378326405077744,6.262034562122315,6.135993655742228,6.180151274673804,6.017679455069436
fxa_set6_molecule_21086,-11.29120922088623,6.383833641809785,6.460957135480879,6.49409077696545,6.262405354059533,6.430382035160185,6.271332907382876
fxa_set6_molecule_20524_2j95_cys,-11.423027992248535,6.207614558892564,6.3765922937196144,6.29339262152403,6.154666746044778,6.197342269162761,6.016078864011631
fxa_set6_molecule_21087,-11.832493782043455,6.344691838002852,6.454166375325639,6.463248336748596,6.208699411920892,6.378186318540884,6.219158747478248
fxa_set5_molecule_20705_cys,-10.90999984741211,7.0956144029268255,7.245173655490388,7.240474926889323,7.204030929514958,6.903178851704966,6.885213651034495
fxa_set5_molecule_21331,-10.770000457763672,6.90820523459858,7.098401755568634,7.003821094313271,7.030182644414128,6.760899531606351,6.647721147090511
hc_bace2_molecule_37_0_ligand,-6.789999961853027,6.701486893879528,6.767062549410411,6.9863177307501365,6.642387592702944,6.771579245964939,6.3400873505692035
hc_bace2_molecule_35_0_ligand,-7.960000038146973,6.796415201708139,6.830358235469232,6.9221259554534775,6.757686609966552,6.717635781178353,6.754269426473077
hc_bace2_molecule_39_0_ligand,-8.970000267028809,6.819397546031257,6.8235371144354,7.002543173792746,6.738753045965955,6.774129009107699,6.758025386854489
hc_bace2_molecule_34_0_ligand,-8.0,6.77068027964234,6.801909642744003,6.922098560656656,6.751906775137142,6.7184314962577725,6.659054923416125
hc_bace2_molecule_40_0_ligand,-8.0,6.8537991566218235,6.901708966242563,7.033178265214685,6.780776672595531,6.77665295485342,6.776678924202916
hc_bace2_molecule_30_0_ligand,-8.1899995803833,6.685678612059038,6.751300048265845,6.9592057197008605,6.630028462593908,6.755669081827788,6.332189747906787
hc_bace2_molecule_33_0_ligand,-8.270000457763672,6.817358806636927,6.815875839189417,6.999291978648886,6.779192328830045,6.790954562007772,6.701479324508509
hc_bace2_molecule_41_0_ligand,-8.149999618530273,6.828127696579367,6.861429382592341,7.013707733105524,6.773534429815037,6.757129785508079,6.734837151875853
hc_bace2_molecule_42_0_ligand,-8.319999694824219,6.88756439641341,6.919638071086792,7.013306681170201,6.8196475226326685,6.826417628662602,6.858812078514785
hc_bace2_molecule_44_0_ligand,-8.359999656677246,6.705655920893608,6.742311860512968,6.965961501855445,6.636914526070643,6.748979565503035,6.434112150525948
fxa_set4_molecule_1s,-9.579999923706056,6.476359430706518,6.477767583220924,6.501407833916619,6.30304036729737,6.618364515928619,6.4812168531690535
fxa_set4_molecule_21080_1j,-9.229999542236328,6.776976277302294,6.630284032712894,6.848482038177992,6.553118051560684,6.911175040081338,6.941822223978559
fxa_set4_molecule_21030_1o,-8.899999618530273,6.495287879798326,6.484130371870544,6.516471344464455,6.332038883532546,6.638866171045942,6.504932628078143
fxa_set4_molecule_21028_1r,-9.449999809265137,6.644365605867795,6.5576283515038485,6.6729545136090795,6.46354047926065,6.826756814093566,6.700947870871825
fxa_set4_molecule_21027_1q,-7.309999942779541,6.670364447746128,6.601024983736306,6.7234907491734885,6.445739679674144,6.820848353898084,6.760718472248619
fxa_set4_molecule_1t,-9.199999809265137,6.486592421345487,6.49662269108337,6.5170400708110705,6.3189086104701895,6.616759391061884,6.483631343300924
fxa_set4_molecule_16352_1e,-10.630000114440918,6.512341436684039,6.487927548625945,6.563057084201024,6.323148335030272,6.670594586115026,6.5169796294479285
fxa_set4_molecule_21081_1k,-7.53000020980835,6.759475506494854,6.633517994702915,6.807695354754519,6.527439369009496,6.880986751366271,6.947738062641074
fxa_set4_molecule_21031_1p,-8.300000190734863,6.486568628352812,6.477603006000062,6.505326244691296,6.308562029783776,6.628132903106987,6.513218958181936
fxa_set4_molecule_16353_1d,-9.960000038146973,6.526500948527229,6.4869660667788995,6.580545678936495,6.346006489661327,6.691555379554422,6.527431127704999
fxa_set4_molecule_21082_1l,-7.389999866485596,6.760666616132697,6.64517545592272,6.827671090285729,6.522196374648926,6.870300028728281,6.937990131077833
chk1_set2_molecule_17374_cys,-12.49643898010254,8.029113659288502,8.180670355594202,7.946618675120311,8.166614033697096,8.1026321615608,7.749033070470097
chk1_set2_molecule_17509,-11.380305290222168,7.583886865024954,7.688810780733176,7.646152068513567,7.737477303269282,7.432420767627278,7.414573404981467
chk1_set3_molecule_23882,-10.881742477416992,7.7656564095322596,7.8231139323362,7.450110405746018,7.86389990358058,7.864143615738284,7.8270141902602175
chk1_set3_molecule_23703_cys,-11.092443466186523,7.759850758549289,7.828075816724542,7.412990846056568,7.8800203857539675,7.860889034054526,7.817277710156846
chk1_set3_molecule_23864,-11.423027992248535,7.808698924209135,7.87387709953027,7.455654007598164,7.908980100481293,7.912339094630435,7.892644318805511
chk1_set3_molecule_23863,-11.183505058288574,7.8035909524999125,7.876238464284206,7.439507814328039,7.900146173632318,7.907681069375067,7.894381240879935
chk1_set7_molecule_19997,-10.774039268493652,8.029838195233284,8.020688305577835,8.167511710673491,7.9529380132038305,7.99033602031192,8.017716926399336
chk1_set7_molecule_19998,-8.94359302520752,8.02437835551874,8.022534518504429,8.17198585113419,7.93967216645314,7.9819045162343905,8.005794725267553
chk1_set7_molecule_19934_cys,-10.726755142211914,8.02437835551874,8.022534518504429,8.17198585113419,7.93967216645314,7.9819045162343905,8.005794725267553
chk1_set6_molecule_23708_cys,-9.6899995803833,6.872610708417274,7.018106806055624,6.809798384657233,6.788327720652217,6.936128957962382,6.810691672758911
chk1_set6_molecule_13,-6.420000076293945,7.572165729795313,7.367123401761734,7.7814166996219365,7.594084662172948,7.461301693149945,7.656902192269996
chk1_set6_molecule_15,-7.510000228881836,6.835995057703807,6.841216998820804,6.836359892539503,6.750992642624419,6.9568853455995265,6.794520408934778
chk1_set4_molecule_23704_cys,-11.29120922088623,7.977233983445073,7.854786368430461,7.940180793431761,8.022147859524377,8.077817120437144,7.991237775401624
chk1_set4_molecule_23873,-10.825439453125,7.899551732460795,7.823716419606324,7.815982071526711,7.940135106300685,7.999377836438577,7.91854722843168
chk1_set5_molecule_20315,-10.94398307800293,8.206813351814024,7.974389250687912,8.30577949781137,8.322453923087021,8.135787353426974,8.29565673405683
chk1_set5_molecule_19939_cys,-11.592971801757812,8.039838430952813,7.910609435938913,8.13060464046869,8.140730957509042,7.888883833870973,8.128363286976441
chk1_set5_molecule_19940,-12.241960525512695,8.195250293871997,7.897696780706266,8.287734698746481,8.30999285494589,8.154777797639165,8.326049337322184
pb_bace3_molecule_22316,-7.876320838928223,6.125087938347914,6.15260620283506,6.055912594362004,6.096976571831059,6.204949518937624,6.114994803773821
pb_bace3_molecule_22320,-7.502553939819336,6.156368556634979,6.238846004560932,6.067782603788375,5.978297967180138,6.249014459387292,6.247901748258158
pb_bace3_molecule_22319,-6.840160369873047,6.1902017065429344,6.263749107903725,6.086459853842045,6.092533395873657,6.248225901284905,6.260040273810341
pb_bace3_molecule_19678_cys,-8.607325553894043,6.1364566113240695,6.155523225568234,6.075902021443342,6.118446437718863,6.223615533007447,6.108795838882463
chk1_set1_molecule_19967,-10.534516334533691,7.5086078674093955,7.459422084895918,7.498639952782817,7.496004286969412,7.458019850956874,7.63095316144196
chk1_set1_molecule_17353_cys,-11.092443466186523,7.3555265778858825,7.318452884875591,7.426013857362604,7.350531009680841,7.22136833018226,7.461266807328114
chk1_set1_molecule_19971,-10.340457916259766,7.409551810862302,7.381388964906464,7.499901394664436,7.4150596046088735,7.298536514186967,7.452872575944774
pfkfb3_automap_molecule_43,-7.997664928436279,7.167000612022299,7.257904414183447,7.160176595195378,7.205085353899234,7.005014153601545,7.206822543231895
pfkfb3_automap_molecule_30_flip_b,-9.198190689086914,7.444245400065161,7.492290861735383,7.424453437639931,7.486885106097161,7.24018129982866,7.577416295024671
pfkfb3_automap_molecule_65,-9.487896919250488,7.511718127419186,7.564726673759823,7.480883945991969,7.618565030063033,7.298819364173076,7.595595623108035
pfkfb3_automap_molecule_49,-7.934291839599609,7.150250269399734,7.214320439584923,7.16326019317971,7.173251720720463,7.007298787466253,7.19312020604732
pfkfb3_automap_molecule_24,-8.869909286499023,7.2368448413982644,7.238161755261111,7.243060039003926,7.2319459080844775,7.130108500002523,7.340948004639285
pfkfb3_automap_molecule_67,-10.24363613128662,7.490878868003658,7.610923511490003,7.479756439798268,7.540176497708217,7.32825064056528,7.495287250456518
pfkfb3_automap_molecule_62_flip,-7.691737651824951,7.463504958067089,7.489300114053446,7.43624773547739,7.546184474546518,7.210857871684611,7.634934594573481
pfkfb3_automap_molecule_56,-10.565720558166504,7.569457591303427,7.579900778425549,7.63654525775553,7.5646834236286296,7.500401190784192,7.565757305923232
pfkfb3_automap_molecule_59,-8.1151704788208,7.314684295087838,7.344345621977513,7.318183687112793,7.363343241058318,7.286599684981015,7.260949240309554
pfkfb3_automap_molecule_38,-8.758760452270508,7.200167936785005,7.195778611454446,7.251456249821844,7.184786962606753,7.071029468035158,7.297788392006819
pfkfb3_automap_molecule_31,-9.282472610473633,7.418939379476962,7.485375264288313,7.426540018817594,7.423077903302402,7.293795912921577,7.465907798054924
pfkfb3_automap_molecule_48,-8.006359100341797,7.263399897329252,7.2897812128396895,7.318204003046812,7.274700413393069,7.158638622243845,7.2756752351228435
pfkfb3_automap_molecule_58,-9.133153915405272,7.359700844005497,7.3892790794315175,7.3935393212857985,7.38142383917222,7.319309588852037,7.314952391285913
pfkfb3_automap_molecule_41,-7.387692451477051,7.266267547464906,7.343053952622785,7.307273748911392,7.283974224249379,7.111815687644095,7.28522012389688
pfkfb3_automap_molecule_29,-9.646018028259276,7.27361139908041,7.278147608796919,7.309470926101436,7.252716615475632,7.20339332097832,7.324328524049746
pfkfb3_automap_molecule_54,-8.179586410522461,7.502554310934867,7.398998142048131,7.542977018278945,7.5135324760756905,7.4614802694012505,7.595783648870324
pfkfb3_automap_molecule_47,-8.333451271057129,7.3244246804467625,7.376747252190316,7.362004677239423,7.3551325782486465,7.204026489008503,7.32421240554692
pfkfb3_automap_molecule_26,-9.169439315795898,7.2664112999642585,7.231773589961589,7.3144790732528815,7.231351423234969,7.184546713274598,7.369905700097256
pfkfb3_automap_molecule_55,-10.635504722595217,7.593135412247898,7.6254493594227215,7.638204053880808,7.596283481668647,7.517966686836983,7.587773479430335
pfkfb3_automap_molecule_20,-8.51645278930664,7.2034963157654825,7.297772896666366,7.280180164681612,7.249053273594904,7.0153607765177055,7.175114467366823
pfkfb3_automap_molecule_57,-10.474388122558594,7.438791689272357,7.360722435505208,7.509967230011715,7.50089265816365,7.308865294254588,7.513510828426623
pfkfb3_automap_molecule_42,-8.466802597045898,7.209114496662602,7.320163626712672,7.2685930720204714,7.228672300839387,7.020558238064991,7.207585245675492
pfkfb3_automap_molecule_35,-10.138808250427246,7.493341841859751,7.5488081875395,7.503463871720552,7.517909655291898,7.357336441533343,7.5391910532134645
pfkfb3_automap_molecule_44,-9.948675155639648,7.153339796755271,7.263255175103783,7.1646108525313625,7.195266521048762,6.971275729991901,7.172290705100551
pfkfb3_automap_molecule_63,-8.561636924743652,7.5500315913788185,7.599930774112311,7.524466192521328,7.622102936898265,7.331817799763671,7.671840253598518
pfkfb3_automap_molecule_69,-10.71462059020996,7.5304589262554575,7.570988300342982,7.585043374317509,7.5888747400943,7.425998632443312,7.48138958407918
pfkfb3_automap_molecule_52,-10.395273208618164,7.539149476503392,7.5819988836963965,7.546459165058718,7.577692967151798,7.381653714163668,7.607942652446385
pfkfb3_automap_molecule_19,-7.550787448883057,7.157250255267877,7.159342913660526,7.157551445897619,7.180168678147004,7.022193915340529,7.266994323293706
pfkfb3_automap_molecule_68,-9.778227806091309,7.415741185649912,7.483165455108381,7.41200424378208,7.489426693417403,7.292291576847827,7.40181795909387
pfkfb3_automap_molecule_33,-8.606922149658203,7.4170928553778115,7.48532728328533,7.477369108037543,7.407315840543975,7.2626406060089925,7.4528114390132165
pfkfb3_automap_molecule_70,-10.30394172668457,7.545657148029518,7.605841042337804,7.5993241718763045,7.608550849173181,7.45974355989308,7.454826116867219
pfkfb3_automap_molecule_53,-6.997636318206787,7.528774141217712,7.568799745467976,7.532741702988726,7.585003311957973,7.3847417756765745,7.572584169997308
pfkfb3_automap_molecule_64,-9.42227840423584,7.5059621242940056,7.541587820616712,7.487374059562074,7.604489917684107,7.29807006790036,7.598288755706768
pfkfb3_automap_molecule_39,-7.197502136230469,7.068138926781754,7.10199647269773,7.0909213213734095,7.096757591731821,6.917358679520935,7.133660568584877
pfkfb3_automap_molecule_37,-9.99706745147705,7.5109165678070084,7.405444856878843,7.522840949197798,7.525482845136255,7.511618940236424,7.589195247585719
pfkfb3_automap_molecule_23,-7.914463996887207,7.318626029593062,7.355228276757106,7.32629983361143,7.362587786507089,7.168466252791025,7.380547998298664
pfkfb3_automap_molecule_60_adjust,-8.143735885620117,7.51918157972914,7.472365273573171,7.575580045434211,7.475797817478091,7.508269791625361,7.563894970534871
pfkfb3_automap_molecule_34,-9.97237777709961,7.4650270575853614,7.4912093759098015,7.491409918160086,7.467072843157024,7.330026473105348,7.545416677594547
pfkfb3_automap_molecule_36,-7.440536022186279,7.424495610309468,7.51902361417129,7.439220594941749,7.4337450281699855,7.302977173038588,7.42751164122573
pfkfb3_automap_molecule_46,-7.859359264373779,7.360925364702167,7.426930540564211,7.392460895041518,7.389484102116511,7.154724753189365,7.441026532599229
shp2_molecule_SHP099-1_Example_7,-9.75264835357666,7.522950830788763,7.7262394533896765,7.614449880138484,7.9901340640734855,7.198698790976475,7.085231965365691
shp2_molecule_Example_22,-9.238834381103516,7.581189268047529,7.78257713508252,7.728791737628379,7.921450587544212,7.2876871302888535,7.185439749693687
shp2_molecule_Example_29,-7.622783184051514,6.786608039448758,6.799450326022529,7.036323642017325,6.789677338622239,6.864168405421803,6.443420485159895
shp2_molecule_11,-6.354085445404053,7.820125609928548,7.954397809257857,7.894067094074565,8.227704424539844,7.593415952523108,7.431042769247365
shp2_molecule_4,-5.822068691253662,7.723982837283397,8.083604499482458,7.9161244963186554,8.263413103829926,7.164825196971424,7.191946889814521
shp2_molecule_Example_2,-8.27622127532959,7.571493087846951,7.8063952366380445,7.694485645714819,8.057964746985204,7.228934971554958,7.069684838341738
shp2_molecule_Example_14,-9.778227806091309,7.614944852473352,7.9205660977305055,7.753432437446532,8.227264258365054,7.0766971965299925,7.0967642722946715
shp2_molecule_Example_26,-8.959051132202148,7.528063164174135,7.71009668559753,7.65035539858897,7.623748963297083,7.410553412325826,7.245561361061264
shp2_molecule_SHP836-2,-6.713211536407471,7.75892751191179,8.086744570212623,7.937974231648169,8.290093418244796,7.194427408437806,7.285397931015558
shp2_molecule_Example_6,-9.06926441192627,7.625525081320246,7.838834438776373,7.698101625191406,8.02315860247007,7.3543600713041375,7.213170668859247
shp2_molecule_Example_1,-8.988177299499512,7.533993216277098,7.724574384284952,7.627029099672398,8.0272489234171,7.208971180504119,7.0821424935069235
shp2_molecule_3,-5.462942123413086,7.257041836560219,7.396812540865997,7.393246805071092,7.390996738146337,7.035405489260221,7.068747609457453
shp2_molecule_Example_9,-8.794095039367676,7.628560662321341,7.986100984348295,7.738410251148617,8.273156079243709,7.08627436045724,7.058861636408843
shp2_molecule_Example_8,-9.71232795715332,7.532471171853717,7.735650727589462,7.629858108975759,8.01608339239002,7.210395697003499,7.070367933309848
shp2_molecule_7,-7.076467037200928,7.700719194741231,7.993793047849372,7.896481713982136,8.268075875221552,7.165881991918012,7.179363344735082
shp2_molecule_Example_24,-9.07721710205078,7.644268498953383,7.8702834009635065,7.797530750335832,8.003069140657548,7.334883728935631,7.2155754738744
shp2_molecule_Example_28,-8.457352638244629,7.481845884123215,7.658437097080638,7.558947657824087,7.961222649281618,7.1992632622470225,7.03135875418271
shp2_molecule_10,-7.1542816162109375,7.452638657787304,7.633449194324697,7.557149710063391,7.9106887372398775,7.224178105070479,6.9377275422380755
shp2_molecule_Example_25,-8.869909286499023,7.616341499373542,7.765873362709655,7.768523546208459,7.937827942587486,7.37200021486387,7.237482430498234
shp2_molecule_Example_27,-8.51852798461914,7.743572704241707,8.063109153150553,7.92043525933892,8.268263438855557,7.160452551327845,7.305603118535664
shp2_molecule_6,-8.030035018920898,7.640862434575783,7.990022134428186,7.766016528173012,8.266985692090058,7.104473347563015,7.076814470624642
shp2_molecule_Example_30,-9.157095909118652,7.566199068931885,7.80571580847785,7.6917385513675995,7.978300810555675,7.259220381881168,7.096019792377141
shp2_molecule_Example_5,-7.5630927085876465,7.58561167163558,7.8228096030914225,7.664050164188476,8.036310024586195,7.297985800788426,7.106902765523381
shp2_molecule_Example_4,-8.201089859008789,7.385432061338788,7.547050491408961,7.517712457200448,7.813017069793832,7.16805538524177,6.88132490304893
shp2_molecule_Example_23,-8.740339279174805,7.592493900057512,7.785717326314674,7.7210221610052345,7.936386607294371,7.3188253611193215,7.200518044553958
shp2_molecule_Example_3,-8.215871810913086,7.317188831470527,7.470302801513395,7.434265100102019,7.73193651202244,7.101530749862154,6.847908993852625
cmet_molecule_CHEMBL3402753_200,-9.139049530029297,7.0892712452492646,7.246107920725679,7.096037260347366,7.021271199570781,7.013982811589495,7.068957034013002
cmet_molecule_CHEMBL3402747_3400,-7.460412979125977,7.4631245886541775,7.518054193970486,7.462248403086103,7.461069925579034,7.424144325208985,7.450106095426281
cmet_molecule_CHEMBL3402744_300,-8.89881706237793,6.970867060865932,7.064268013032251,6.875518445657099,7.0813954560425545,6.837260927484954,6.9958924621128
cmet_molecule_CHEMBL3402745_200,-9.139049530029297,7.024358711293376,7.098402858401252,6.924549995573202,7.144282596453469,6.919996159923726,7.034561946115225
cmet_molecule_CHEMBL3402750_400,-8.72836971282959,7.183486544314657,7.3171716999449306,7.153357323462639,7.1122301535750925,7.163454483981444,7.171219060609178
cmet_molecule_CHEMBL3402743_42,-10.063709259033203,7.028943403627426,7.0684559226180665,6.954197789200377,7.1112216106313095,6.928386794179225,7.0824549015081475
cmet_molecule_CHEMBL3402752_30000,-6.170323371887207,7.3147022231811665,7.399005283006531,7.366257040932973,7.319624968795873,7.234257696281292,7.254366126889169
cmet_molecule_CHEMBL3402755_4200,-7.33521556854248,7.431289846313101,7.528371177514742,7.422058765136678,7.422358726662148,7.322783696109389,7.460876866142538
cmet_molecule_CHEMBL3402749_500,-8.596160888671875,7.097700307482924,7.222662964001284,7.056199753025798,7.0172820537901925,7.075169244725972,7.11718752187137
cmet_molecule_CHEMBL3402765_11-charged-pKa-8.1,-10.857505798339844,6.901733353271983,6.90488621821469,6.982014691724858,7.101056741179647,6.8945441933800415,6.626164921860679
cmet_molecule_CHEMBL3402742_23,-10.420489311218262,7.036006838547029,6.988295717050896,7.313204359475383,7.1011697352044285,6.878461291848884,6.898903089155555
cmet_molecule_CHEMBL3402754_40,-10.09261703491211,7.383208860275414,7.469578198536595,7.322800991964563,7.352008005897369,7.393724157593362,7.377932947385183
cmet_molecule_CHEMBL3402748_5300,-7.197390079498291,7.101502704744659,7.259057741085459,7.075971523235074,7.0629582757044735,7.014790651081534,7.0947353326167555
cmet_molecule_CHEMBL3402741_400,-8.72836971282959,6.974150141882459,6.905222672054288,7.325347771305968,7.022058276840092,6.816255197336107,6.801866791875842
cmet_molecule_CHEMBL3402763_90,-9.612153053283691,7.054273691745214,7.037154765749649,7.220791460061235,7.144263262515502,7.01956536799561,6.8495936024040756
cmet_molecule_CHEMBL3402764_90,-9.612153053283691,6.788950807720679,6.824899032462467,6.679112651125958,6.7521038417392605,6.7567174897589695,6.9319210235167334
cmet_molecule_CHEMBL3402751_2100,-7.745894908905029,7.23633741336252,7.425144401925331,7.2005864577392495,7.225601481064939,7.151505373954459,7.178849352128623
cmet_molecule_CHEMBL3402756_2.7_redocked,-11.689735412597656,7.343220332556082,7.466558474195234,7.3023561213916235,7.427228535051624,7.253165057424909,7.266793474717022
cmet_molecule_CHEMBL3402762_1_redocked,-12.27822208404541,7.454551751286064,7.458360623620595,7.535414558015064,7.55991440149258,7.401833058197423,7.317236115104662
cmet_molecule_CHEMBL3402760_1_redocked,-12.27822208404541,7.222850838404208,7.37910907430291,7.212256740277357,7.328892698752435,7.0883793161178215,7.105616362570507
cmet_molecule_CHEMBL3402757_6.5_redocked,-11.169207572937012,7.248544881958692,7.412310175117195,7.222339254708876,7.359338375367706,7.1231640170127895,7.125572587586892
cmet_molecule_CHEMBL3402761_1_redocked,-12.27822208404541,7.318598580407484,7.357605104464829,7.3272429924691895,7.356934380752146,7.333247785312995,7.217962639038254
cmet_molecule_CHEMBL3402758_10_redocked,-10.91397476196289,7.364373509131704,7.4699108426952225,7.294334516270518,7.414934370540121,7.307465683228289,7.335222132924371
cmet_molecule_CHEMBL3402759_5.7_redocked,-11.24702262878418,7.23158974495131,7.395319213546854,7.24079471878152,7.376083005161985,7.065699976124054,7.080051811142137
eg5_extraprotomers_molecule_CHEMBL1078774,-10.662470817565918,7.113246822336417,7.390250833682144,7.189877232860513,7.229379931562418,6.897019736176329,6.859706377400681
eg5_extraprotomers_molecule_CHEMBL1093087,-10.59618091583252,6.379309235498207,6.543677270841836,6.430391382236556,6.438727111460959,6.343642590149661,6.140107822802021
eg5_extraprotomers_molecule_CHEMBL1082249,-11.283177375793455,6.7594485725384725,6.951486979759582,6.7584601486038896,6.8292155249526125,6.771909567249403,6.48617064212688
eg5_extraprotomers_molecule_CHEMBL1089393,-8.429832458496094,6.251009202073109,6.365384835896457,6.375988976956659,6.335265724393036,6.215768002715493,5.962638470403903
eg5_extraprotomers_molecule_CHEMBL1078691,-10.24935531616211,6.867440878958632,7.06038221573421,6.993582501580107,6.951582005101257,6.748204392962469,6.58345327941512
eg5_extraprotomers_molecule_CHEMBL1086409,-9.931042671203612,6.699240017082035,6.870836705116246,6.813272010219019,6.769842384762606,6.583735727568299,6.458513257744004
eg5_extraprotomers_molecule_CHEMBL1082248,-11.696293830871582,6.637108198488211,6.828261883062312,6.706228511008387,6.747430427692355,6.528580790663492,6.375039380014514
eg5_extraprotomers_molecule_CHEMBL1084678,-11.191304206848145,6.51016565562098,6.604459912592545,6.59448019862883,6.57422565693536,6.508829392971922,6.268833116976246
eg5_extraprotomers_molecule_CHEMBL1084115,-9.497721672058104,6.630371759258757,6.69011805852079,6.7983891000596035,6.728033386562741,6.539041367950966,6.396276883199689
eg5_extraprotomers_molecule_CHEMBL1084431,-9.863131523132324,6.509629853305988,6.672714212005787,6.576023218853607,6.58066276552326,6.555013342822388,6.1637357273249
eg5_extraprotomers_molecule_CHEMBL1085895,-10.921920776367188,6.520285324547032,6.617398339955513,6.529817539693955,6.553429183831579,6.660572355110587,6.240209204143522
eg5_extraprotomers_molecule_CHEMBL1084677,-11.524834632873535,6.523366140124672,6.59640966613833,6.631445162929464,6.60181451061248,6.530776558006394,6.2563848029366875
eg5_extraprotomers_molecule_CHEMBL1077227,-11.391841888427734,6.588390993508499,6.658310325800835,6.745335131558314,6.686551028538054,6.524316941642806,6.3274415400024795
eg5_extraprotomers_molecule_CHEMBL1086410,-11.524834632873535,6.547042517937852,6.618415635055868,6.678273590060523,6.620104663841367,6.498043589266788,6.320375111464711
eg5_extraprotomers_molecule_CHEMBL1083517,-11.524834632873535,6.731129519946788,6.939585293580601,6.83633410493689,6.824313954655991,6.6143191699592725,6.441095076601184
eg5_extraprotomers_molecule_CHEMBL1096003,-11.93795108795166,6.871468344373025,7.04602804324404,6.94267461723614,7.017632210227751,6.794697451846565,6.556309399310628
eg5_extraprotomers_molecule_CHEMBL1077204,-11.111719131469728,6.598104304732516,6.666058287296644,6.651394589454946,6.631975967274582,6.684653298479552,6.356439381156856
eg5_extraprotomers_molecule_CHEMBL1083836,-10.921920776367188,6.499905221964864,6.604577225937146,6.577771516159856,6.622090543834441,6.387768546999315,6.3073182768935645
eg5_extraprotomers_molecule_CHEMBL1085666,-10.5656099319458,6.2819200045788675,6.412849519649746,6.36474865047697,6.3695003464532345,6.292988310569422,5.969513195744965
eg5_extraprotomers_molecule_CHEMBL1085692,-11.391841888427734,6.778548897856905,6.961762388341794,6.801264192167098,6.909625795891445,6.746610409848941,6.473481703035245
eg5_extraprotomers_molecule_CHEMBL1084143,-11.93795108795166,6.654250633122755,6.710397669515543,6.767075680052559,6.721295338732356,6.671197986362729,6.401286490950594
eg5_extraprotomers_molecule_CHEMBL1096002,-11.191304206848145,6.575863324856973,6.846836687649779,6.605124308413334,6.710379351487963,6.487804441542173,6.229171835191619
eg5_extraprotomers_molecule_CHEMBL1089056,-9.497721672058104,6.6044706868489245,6.6808201361915,6.7166120167529115,6.6900887732464325,6.544334916289931,6.390497591763845
eg5_extraprotomers_molecule_CHEMBL1093088,-11.283177375793455,6.703045782363335,6.669710054848393,6.736730901904158,6.682724865875709,6.7647037705444975,6.661359318643922
eg5_extraprotomers_molecule_CHEMBL1084676,-10.778188705444336,6.506427803368441,6.605682546515247,6.6429992020666155,6.566407488587002,6.497960420707715,6.219089358965627
eg5_extraprotomers_molecule_CHEMBL1084935,-10.59618091583252,6.566636728958294,6.6581998953992745,6.668477406337689,6.664789424364012,6.516523469001966,6.325193449688526
eg5_extraprotomers_molecule_CHEMBL1078998,-10.432616233825684,6.629036580458015,6.702453934048417,6.781764109910206,6.716314598011324,6.556574552375463,6.388075707944663
eg5_extraprotomers_molecule_CHEMBL1088740,-8.75107479095459,6.498528730001759,6.583009201959203,6.64700248701948,6.566605911659114,6.446869914637667,6.249156134733331
eg5_extraprotomers_molecule_CHEMBL1084143_1,-11.93795108795166,6.627413516462312,6.673799808451718,6.731944054679227,6.7102429585559715,6.619335461621721,6.401745299002921
eg5_extraprotomers_molecule_CHEMBL1096003_1,-11.93795108795166,6.657500389821697,6.758648129390429,6.4992277187224055,6.88955969260157,6.665260252050996,6.474806156343088
eg5_extraprotomers_molecule_CHEMBL1096002_1,-11.191304206848145,6.552855807802096,6.803070482551115,6.618778536276339,6.695279139355615,6.457591720671295,6.189559160156117
eg5_extraprotomers_molecule_CHEMBL1084676_1,-10.778188705444336,6.196366086446626,6.226745657960968,5.897001094202907,6.393293057304216,6.322494373840417,6.142296248924622
eg5_extraprotomers_molecule_CHEMBL1084677_1,-11.524834632873535,6.469536046158422,6.486555530030664,6.310863789538897,6.6343067806511185,6.582009790822226,6.333944339749201
eg5_extraprotomers_molecule_CHEMBL1084935_1,-10.59618091583252,6.007067639831591,6.021434140445606,5.208613694596949,6.395497300870485,6.182068253918223,6.227724809326699
syk_4puz_fullmap_molecule_CHEMBL3265014,-10.40023136138916,7.452625179920437,7.572413592994859,7.352394481708598,7.50284016327683,7.359732850185427,7.475744811436478
syk_4puz_fullmap_molecule_CHEMBL3265036,-10.417919158935549,7.502839310856101,7.517505376850673,7.514847866533503,7.362887895558958,7.583235215113298,7.535720200224068
syk_4puz_fullmap_molecule_CHEMBL3265020,-11.003335952758787,7.27749264035068,7.430386327974519,7.2858687861788765,7.341348351978534,7.061414936695944,7.268444798925526
syk_4puz_fullmap_molecule_CHEMBL3265023,-10.477216720581056,7.57073539465308,7.673395249485766,7.567348607576718,7.686004872945922,7.4129486483074665,7.513979594949529
syk_4puz_fullmap_molecule_CHEMBL3265033,-11.838635444641112,7.435408107309781,7.369808989952238,7.50378002020232,7.308959625657599,7.552502823737384,7.441989076999369
syk_4puz_fullmap_molecule_CHEMBL3265027,-10.329894065856934,7.005621075108721,6.917477503066013,7.096024135711632,6.97280008839001,6.938343538015032,7.103460110360918
syk_4puz_fullmap_molecule_CHEMBL3265028,-11.010265350341797,7.215514955505637,7.252103157632327,7.2402762156838305,7.154806877413754,7.102255938671048,7.328132588127229
syk_4puz_fullmap_molecule_CHEMBL3265032,-11.068829536437988,7.434688151827608,7.344378968943199,7.480506019815303,7.33696615855422,7.582583729613055,7.429005882212261
syk_4puz_fullmap_molecule_CHEMBL3265031,-12.078866958618164,7.465814774817202,7.395221369916503,7.503247477654392,7.3582700549644064,7.602001114017659,7.470333857533055
syk_4puz_fullmap_molecule_CHEMBL3265037,-12.764640808105469,7.646149796181183,7.721432946623139,7.583144264484271,7.614154751196536,7.640129016930278,7.671888001671691
syk_4puz_fullmap_molecule_CHEMBL3265026,-11.36131477355957,7.657605881282619,7.6600391428611,7.65074115398083,7.6827329623692115,7.622790797297707,7.671725349904248
syk_4puz_fullmap_molecule_CHEMBL3265012,-10.546293258666992,7.318440129988237,7.458911335970218,7.287252231097799,7.405715785730257,7.09817032074336,7.342150976399548
syk_4puz_fullmap_molecule_CHEMBL3265029,-11.125299453735352,7.128955347063427,7.100748811643561,7.170911525813773,7.0491513264982215,7.060742739949125,7.263222331412455
syk_4puz_fullmap_molecule_CHEMBL3265035,-11.07657527923584,7.142481837695162,7.111665404504061,7.187530990509341,7.083330132065966,7.061423782949748,7.268458878446692
syk_4puz_fullmap_molecule_CHEMBL3265024,-11.784735679626465,7.658175213468615,7.7659550571845,7.601146897450036,7.751254006880284,7.496696494593872,7.675823611234385
syk_4puz_fullmap_molecule_CHEMBL3265018,-11.187724113464355,7.376839120887174,7.455475688887303,7.426068763851564,7.466734320020977,7.181818113568444,7.35409871810759
syk_4puz_fullmap_molecule_CHEMBL3265008,-9.784358024597168,7.3371021447414835,7.474686215607791,7.294873759466016,7.448117086478993,7.0926655759173,7.3751680862373155
syk_4puz_fullmap_molecule_CHEMBL3265016,-11.689735412597656,7.280339054461436,7.426805665580839,7.306816378267654,7.347614529376379,7.0552537451754835,7.265204953906821
syk_4puz_fullmap_molecule_CHEMBL3265025_flip,-10.199455261230469,7.469710399648062,7.542092224231979,7.430086319309154,7.515021038208886,7.340282081612542,7.521070334877751
syk_4puz_fullmap_molecule_CHEMBL3265013,-9.81322193145752,7.355227467318892,7.485841999661662,7.318638969354232,7.445127924120983,7.15869750303435,7.367830940423232
syk_4puz_fullmap_molecule_CHEMBL3259820,-10.575678825378418,7.237961848136628,7.303518262680889,7.215707355565796,7.120016573040607,7.14904454443653,7.401522504959317
syk_4puz_fullmap_molecule_CHEMBL3265006,-9.95804214477539,7.445427344893955,7.542724455863727,7.401581889304473,7.52422632831138,7.2796909102685685,7.478913140721623
syk_4puz_fullmap_molecule_CHEMBL3265030_n,-11.471863746643066,7.4398718355358495,7.380342640997398,7.497729769829486,7.344054597063455,7.533705702084028,7.443526467704882
syk_4puz_fullmap_molecule_CHEMBL3265022,-10.791322708129885,7.5655517424268,7.688527040819915,7.564539048337008,7.725035547606078,7.338985969013723,7.510671106357272
syk_4puz_fullmap_molecule_CHEMBL3265019,-10.777045249938965,7.423460283104238,7.508778521111143,7.449103970607,7.529916911544611,7.26306279631196,7.366439215946472
syk_4puz_fullmap_molecule_CHEMBL3265009,-10.297627449035645,7.440823818255593,7.585101285007657,7.381971968973543,7.5347839123775735,7.237533827993725,7.464728096925464
syk_4puz_fullmap_molecule_CHEMBL3265021,-10.890737533569336,7.423150780854909,7.523830553695089,7.469633618328875,7.54508909366419,7.233166396592745,7.344034241993646
syk_4puz_fullmap_molecule_CHEMBL3265005,-10.323298454284668,7.336652928842442,7.482070723970857,7.27322444334253,7.406432029911013,7.154832737421617,7.366704709566192
syk_4puz_fullmap_molecule_CHEMBL3265017,-11.48725414276123,7.419182418535193,7.513667024819865,7.453251143133435,7.530997558027118,7.2470406817395085,7.350955684956042
syk_4puz_fullmap_molecule_CHEMBL3265010,-10.132436752319336,7.412554531153883,7.541536556861155,7.3378949094488055,7.4780202005426375,7.259086314099914,7.446234674816906
syk_4puz_fullmap_molecule_CHEMBL3265034,-11.48725414276123,7.670085330424859,7.652998580759926,7.63128744485448,7.718349238322031,7.7274871197646755,7.620304268423183
syk_4puz_fullmap_molecule_CHEMBL3265011_flip,-8.637885093688965,7.35049056993652,7.420066353880074,7.303658795693703,7.490676799191418,7.177539490456186,7.360511410461219
syk_4puz_fullmap_molecule_CHEMBL3265015_flip,-9.47731590270996,7.37074341528421,7.427798086768302,7.323599414653972,7.463161680305591,7.248783246561919,7.390374648131264
syk_4puz_fullmap_molecule_CHEMBL3265002,-10.617273330688477,7.529465057271776,7.58288327323449,7.669130678927835,7.650269525160695,7.211812245235731,7.5332295638001305
syk_4puz_fullmap_molecule_docked_CHEMBL3264998,-11.712096214294434,7.4866661635279765,7.580639698956213,7.527727249899724,7.630648966167537,7.13058197096337,7.563732931653043
syk_4puz_fullmap_molecule_CHEMBL3264997,-10.983019828796388,7.477796316823333,7.579477412560414,7.564804851282498,7.611584739833622,7.084896488566447,7.548218091873684
syk_4puz_fullmap_molecule_docked_CHEMBL3264994,-9.804960250854492,7.38179536539666,7.439919950364012,7.446719292696997,7.465800338884034,7.076126276903896,7.480410968134363
syk_4puz_fullmap_molecule_CHEMBL3264995,-12.381524085998535,7.450037406334081,7.531366327745425,7.5109094587547585,7.57930301075618,7.08565233408275,7.542955900331292
syk_4puz_fullmap_molecule_docked_CHEMBL3265004,-10.857505798339844,7.439628851080242,7.487134654122294,7.555621125399872,7.571695023000193,7.110343951802266,7.473349501076586
syk_4puz_fullmap_molecule_CHEMBL3265001,-12.03799057006836,7.654696501059595,7.654200817029103,7.7624840039656835,7.760645522560949,7.336635051973691,7.759517109768552
syk_4puz_fullmap_molecule_CHEMBL3264996,-10.665895462036133,7.413208289254638,7.420047797136831,7.499376174853356,7.489461413182441,7.137588292737869,7.519567768362694
syk_4puz_fullmap_molecule_docked_CHEMBL3264999_adjust,-11.41401481628418,7.479182431693118,7.545348675385054,7.536219279107474,7.643346438988625,7.075202096016146,7.595795668968294
syk_4puz_fullmap_molecule_redocked_CHEMBL3265000_ground_state,-11.811073303222656,7.4972796529575785,7.606288678464789,7.5391981812506375,7.628589045392602,7.117195007967844,7.595127351712019
syk_4puz_fullmap_molecule_redocked_CHEMBL3265000,-11.811073303222656,7.539764706769904,7.617867632161599,7.583579336462004,7.667989329160299,7.172928588190959,7.656458647874656
syk_4puz_fullmap_molecule_CHEMBL3265003_tautomer_1,-10.820952415466309,7.500708217557748,7.569180550805353,7.633426862044613,7.637187134821776,7.184093629662033,7.479652910454967
syk_4puz_fullmap_molecule_CHEMBL3265003_tautomer_2,-10.820952415466309,7.537432591271556,7.620165247413035,7.693998581674463,7.648662213548977,7.217323545583899,7.507013368137409
hif2a_automap_molecule_338,-10.75852870941162,5.323476977529047,5.57371650882422,5.174418296870458,5.269358132974823,5.381677429032339,5.218214519943395
hif2a_automap_molecule_43,-8.699462890625,5.150092708120261,5.3959080984989924,5.081851723253557,5.061110560522023,5.194378898158108,5.017214260168625
hif2a_automap_molecule_235,-10.123006820678713,5.652372808099375,5.880158385793626,5.421647508862509,5.361049100330515,5.879276299697168,5.719732745813058
hif2a_automap_molecule_234,-10.347848892211914,5.8354724585009725,5.989261785092656,5.478718445451442,5.695011317042358,5.962462250382931,6.051908494535479
hif2a_automap_molecule_30,-10.565720558166504,5.285978300890113,5.549789754813965,5.183936615861031,5.238891910119634,5.283559329280678,5.1737138943752585
hif2a_automap_molecule_1,-11.324654579162598,6.013868820464132,6.190891527213052,5.593477847944017,5.973857210447009,6.000406431738147,6.310711084978433
hif2a_automap_molecule_237,-9.549728393554688,5.69414467267855,5.8885357410247705,5.33392303152076,5.50494579035987,5.883649689577032,5.859669110910317
hif2a_automap_molecule_227,-10.75852870941162,5.76453092507911,5.92282888270605,5.409892780779641,5.6234189436525615,5.931422423788488,5.935091594468807
hif2a_automap_molecule_266,-10.533686637878418,6.4213149216927174,6.458348908995023,6.128085758313879,6.367881203317555,6.570627174036845,6.581631563800283
hif2a_automap_molecule_206,-10.123006820678713,5.946162748204096,6.041121016869328,5.548635280066378,5.790793505068233,6.0857700260143615,6.264493913002176
hif2a_automap_molecule_67,-10.17173194885254,5.369362195673721,5.429816676174047,4.946378042404389,5.0981927119066075,5.747270169288915,5.625153378594651
hif2a_automap_molecule_156,-9.73618984222412,5.807367525347809,6.028145772095531,5.426086719905496,5.630496873718793,5.839594062524837,6.112514198494386
hif2a_automap_molecule_31,-8.842347145080566,5.205695469907168,5.445102958501787,5.163330904748561,5.06011339213256,5.290688041865538,5.069242052287393
hif2a_automap_molecule_289,-10.91397476196289,5.477962608848005,5.7768611892868735,5.332671771116198,5.4819198549770976,5.479518376625734,5.3188418522341205
hif2a_automap_molecule_61,-10.107617378234863,5.9833430178599,6.127631339025473,5.6079894758368924,5.974297303723906,5.952781443498175,6.254015527215051
hif2a_automap_molecule_167,-10.67374324798584,5.755493720082522,5.907214079439272,5.429766399489418,5.606449146325716,5.902539942450871,5.931499032707333
hif2a_automap_molecule_165,-9.235339164733888,5.773368083254125,5.86303758531949,5.4083435222312,5.651126422055499,5.888513275872121,6.055819610792318
hif2a_automap_molecule_41,-9.787005424499512,5.256887416995095,5.532264653357218,5.166873657187156,5.258498215075886,5.205105487801662,5.121695071553556
hif2a_automap_molecule_7b,-7.394513607025146,5.860946396309943,5.994727387435967,5.468632042525108,5.685306500030975,6.057505645078647,6.09856040647902
hif2a_automap_molecule_54,-9.30949592590332,5.361132965886464,5.623480416100244,5.24968443234707,5.400732530811282,5.258690596652098,5.273076853521625
hif2a_automap_molecule_215,-10.59958553314209,5.743498462889975,5.884212657207007,5.39138829830051,5.594618455401339,5.910555064982343,5.936717838558676
hif2a_automap_molecule_57,-10.67374324798584,5.93858171919485,6.142966486993293,5.528927489896614,5.9123744943722025,5.92401891878413,6.184621205928007
hif2a_automap_molecule_42,-8.93969440460205,5.285573571900383,5.550442863160394,5.172939476181679,5.250621810072674,5.279401690464256,5.174462019622917
hif2a_automap_molecule_252,-9.71232795715332,5.6369320307907,5.763676073768806,5.277577709083559,5.499182604260193,5.819920176540341,5.824303590300598
hif2a_automap_molecule_336,-9.823477745056152,5.330575703298263,5.5913465105483855,5.182998044265834,5.30067868991599,5.386166132100962,5.191689139660143
hif2a_automap_molecule_290,-10.565720558166504,5.67084029168088,5.78011281657983,5.312704639992385,5.5518927583733575,5.797151708608857,5.912339534849972
hif2a_automap_molecule_155,-10.5032958984375,5.972611031093434,6.158492148977152,5.54344123379284,5.9101290952058125,5.986123411172899,6.264869266318471
hif2a_automap_molecule_164,-6.764764785766602,5.72592467661637,5.820800758850981,5.40255071283808,5.538862397357323,5.881104972486777,5.986304541548686
hif2a_automap_molecule_7a,-9.99706745147705,5.874578081450044,5.9953952973589635,5.478130560054039,5.76782698820304,6.046042411955853,6.085495149678325
hif2a_automap_molecule_224,-9.660125732421877,5.459572897023428,5.560072886430603,5.357143991867908,5.160341724510021,5.7391956078283375,5.481110274480272
hif2a_automap_molecule_84,-7.5754475593566895,6.1136885668084755,6.186696474937399,5.789317748919782,6.038869248641795,6.2739015392110655,6.279657822332337
hif2a_automap_molecule_254,-9.549728393554688,6.34609494724595,6.409034133171253,6.129101211133344,6.103327241413523,6.475119000947167,6.613893149564461
hif2a_automap_molecule_23,-7.067420959472656,5.722923071473297,5.8977310381433705,5.363000650968661,5.569403445256803,5.90152004569872,5.882960177298929
hif2a_automap_molecule_251,-10.24363613128662,6.31970143489812,6.383111008830548,6.11099967917347,6.0761646718996305,6.438004899920487,6.590226914666469
hif2a_automap_molecule_256,-10.67374324798584,5.604203636687889,5.751258246967095,5.235316426407565,5.475766003699046,5.770519219852218,5.788158286513523
hif2a_automap_molecule_50,-9.696937561035156,5.396324444151118,5.65919656057064,5.295199552498441,5.382935669067977,5.352091943713206,5.292198494905325
hif2a_automap_molecule_231,-10.022831916809082,5.855177084450584,5.980544625335639,5.487781803736049,5.725133215679661,6.020915674207306,6.061510103294266
hif2a_automap_molecule_15,-11.046184539794922,5.711131641973511,5.883167330883287,5.3623210823352805,5.52792036569851,5.87077015721752,5.911479273732956
hif2a_automap_molecule_124,-10.123006820678713,5.158292410423819,5.383673230045894,5.10311607381719,5.0972606224580055,5.1944425929196685,5.012969532878336
hif2a_automap_molecule_25,-10.28314971923828,5.6725290599618825,5.8863097874593535,5.448406505119488,5.352898217121427,5.869853672666479,5.805177117442665
hif2a_automap_molecule_163,-11.010265350341797,5.808845699207921,5.966829736151438,5.446792079912612,5.668299923174263,5.9396260961993725,6.022680660601918
tnks2_fullmap_molecule_1a,-8.550562858581543,6.012555341496745,6.034942017855159,6.091024396736207,5.8470499072934725,6.144478073486611,5.945282312112274
tnks2_fullmap_molecule_1b,-9.937170028686523,6.453318104048648,6.506305370431658,6.552655938875446,6.394282930779926,6.4382807279092304,6.3750655522469835
tnks2_fullmap_molecule_3a,-10.996485710144045,6.504106960146809,6.5778750822604986,6.541124619084258,6.497133821190952,6.45814314380332,6.44625813439502
tnks2_fullmap_molecule_3b,-11.519288063049316,6.66402163327321,6.713641231199203,6.677894928817552,6.580605859541394,6.739011355023854,6.608954791784045
tnks2_fullmap_molecule_5f,-10.26306438446045,6.625336702257103,6.681199671412746,6.688921369318878,6.559155452963971,6.682916646822016,6.514490370767902
tnks2_fullmap_molecule_5l,-10.09261703491211,6.66735907937309,6.6895294618291254,6.693603866772653,6.587815919096728,6.803359804543193,6.562486344623752
tnks2_fullmap_molecule_5g,-10.805952072143556,6.585741118681197,6.654332628372323,6.704214547074145,6.5139091407909,6.607016622960785,6.449232654207834
tnks2_fullmap_molecule_5e,-10.107617378234863,6.64786968147146,6.713995923989562,6.740469348060091,6.517309919225627,6.712994007072108,6.554579209009908
tnks2_fullmap_molecule_5i,-12.078866958618164,6.609145394567564,6.68196093503496,6.677797138069042,6.572012977091238,6.645743826641448,6.468212096001131
tnks2_fullmap_molecule_5b,-10.474388122558594,6.662635443333616,6.693482130312338,6.7002118916607465,6.574482469383685,6.7879846792059855,6.557016046105324
tnks2_fullmap_molecule_5h,-10.04976749420166,6.628269759447076,6.717264620105204,6.671007171429702,6.666023069318925,6.6437041716407395,6.4433497647408124
tnks2_fullmap_molecule_5a,-10.75852870941162,6.574674951785059,6.640511214029862,6.648378939164418,6.511440795819055,6.614426374486775,6.458617435425182
tnks2_fullmap_molecule_5k,-10.963377952575684,6.713841396060206,6.731581481309442,6.734107251306308,6.611095624693701,6.834322399168502,6.658100223823081
tnks2_fullmap_molecule_5p,-10.5032958984375,6.729900841476038,6.819343330425482,6.739423478794095,6.701814445815795,6.765773079537345,6.623149872807473
tnks2_fullmap_molecule_5j,-11.08442211151123,6.703604255722418,6.711777354395491,6.716359881729507,6.60947822544812,6.858708336075592,6.6216974809633795
tnks2_fullmap_molecule_5d,-10.8850679397583,6.6928576052106505,6.7316628228737,6.718685135885096,6.579961995674685,6.792303642116907,6.6416744295028645
tnks2_fullmap_molecule_5m,-12.6889009475708,6.69243954957679,6.718297972484604,6.72279023728906,6.615212852035332,6.812758306311705,6.5931383797632455
tnks2_fullmap_molecule_5n,-10.71462059020996,6.759089351289957,6.842476081843763,6.767941209445393,6.677864893909113,6.803984240441422,6.703180330810095
tnks2_fullmap_molecule_5c,-9.960407257080078,6.645837809153077,6.726704448255835,6.734767067742817,6.559697606502844,6.738819101216285,6.469200822047604
tnks2_fullmap_molecule_7,-8.396805763244629,6.8052248349274365,6.789807942975833,6.825754009519032,6.696635756756415,6.966311319681542,6.747615145704359
tnks2_fullmap_molecule_8a_neutral,-10.805952072143556,6.508015759951164,6.687095034484956,6.4594140627893175,6.430137668179011,6.748096021977772,6.215336012324765
tnks2_fullmap_molecule_8b_neutral,-11.929967880249023,6.632017022104828,6.782568812651992,6.616646879962391,6.4996643426030944,6.883552421108868,6.377652654197791
tnks2_fullmap_molecule_8c_adjust,-10.123006820678713,6.718911137667506,6.951306544666325,6.933035728398471,6.639259265251526,6.893078245177778,6.177875904843433
tnks2_fullmap_molecule_8d,-12.489546775817873,6.778520045689767,6.982606095450891,7.021119835187384,6.6790494438788715,6.930397680984457,6.27942717294723
tnks2_fullmap_molecule_8e_adjust_neutral,-10.24363613128662,6.719176976238543,6.9258623502740875,6.953928581237068,6.654085639598469,6.883355927950156,6.178652382132936
tnks2_fullmap_molecule_8f_neutral,-11.811073303222656,6.772114526955829,6.955761532248936,7.03461942862115,6.6705967228230305,6.91469792292838,6.284897028157648
tnks2_fullmap_molecule_8d_neutral_equitorial,-12.489546775817873,6.842277366404349,7.052430510086219,7.110771789805167,6.81214973239886,6.934642410016176,6.3013923897153274
tnks2_fullmap_molecule_8c_neutral_equitorial,-10.123006820678713,6.779480804261281,7.015183522048731,7.0252714333427875,6.758202770427173,6.9017616789381595,6.196984616549555
tnks2_fullmap_molecule_5o_adjust,-12.03799057006836,6.750030950618543,6.810286668231295,6.755759241813424,6.689304840004195,6.83130546434117,6.663498538702634
tnks2_fullmap_molecule_8f,-11.811073303222656,6.771743803692632,6.972893735597969,7.025729407644046,6.619524698069846,6.947328206405982,6.293242970745324
tnks2_fullmap_molecule_8b,-11.929967880249023,6.632505865368179,6.756146278541794,6.634930579840423,6.502379275020946,6.9267111991039,6.342361994333838
tnks2_fullmap_molecule_8e,-10.24363613128662,6.7403880004065275,6.945337325311626,6.9654276277943685,6.654484904308998,6.908062379014028,6.228627765603612
tnks2_fullmap_molecule_8a,-10.805952072143556,6.527733974480955,6.661442643902678,6.501441141834203,6.45820357029827,6.80400084581147,6.213581670558153
cdk8_5cei_new_helix_loop_extra_molecule_43,-11.93795108795166,7.634431198797364,7.50098340907132,7.611023955033511,7.678696714375169,7.626491914794637,7.7549600007121855
cdk8_5cei_new_helix_loop_extra_molecule_22,-10.28548812866211,7.370284658406556,7.303161708012291,7.3380256136691875,7.292472895069767,7.426300533408724,7.491462541872806
cdk8_5cei_new_helix_loop_extra_molecule_30,-11.696293830871582,7.283657008665076,7.219698019437565,7.241468250070291,7.293947515408889,7.326159936801589,7.337011321607045
cdk8_5cei_new_helix_loop_extra_molecule_21,-9.754467964172363,7.3875293489340335,7.3231024594463605,7.353040195865758,7.30900088470754,7.452766410660704,7.499736793989802
cdk8_5cei_new_helix_loop_extra_molecule_24,-10.344158172607422,7.471895885358009,7.3930138108543,7.517793021489938,7.420298614582338,7.48174791945728,7.546626060406185
cdk8_5cei_new_helix_loop_extra_molecule_38,-11.391841888427734,7.571745531867267,7.360049816709397,7.585421024709667,7.643241922727083,7.5594820620800744,7.710532833110109
cdk8_5cei_new_helix_loop_extra_molecule_31,-11.93795108795166,7.259896580150601,7.280710843910613,7.253420283493235,7.22528938247182,7.259251563315767,7.280810827561573
cdk8_5cei_new_helix_loop_extra_molecule_41,-11.283177375793455,7.421014799816855,7.191062662142234,7.507167272946345,7.481888229566212,7.305452183471139,7.619503650958347
cdk8_5cei_new_helix_loop_extra_molecule_29,-9.256064414978027,7.24527976488492,7.2132572960322445,7.251762663988757,7.176612860046766,7.273925415511374,7.310840588845458
cdk8_5cei_new_helix_loop_extra_molecule_26,-10.215289115905762,7.434916191016372,7.268188350954221,7.499319151549738,7.353924826758567,7.432108978470219,7.621039647349116
cdk8_5cei_new_helix_loop_extra_molecule_20,-10.698603630065918,7.427479040107743,7.3395960095879875,7.466378451570054,7.393395524567131,7.435554059631448,7.502471155182092
cdk8_5cei_new_helix_loop_extra_molecule_35,-11.524834632873535,7.2640881723761055,7.281345751592061,7.244348175016398,7.2625427160110165,7.269273559929474,7.262930659331574
cdk8_5cei_new_helix_loop_extra_molecule_40,-11.191304206848145,7.398763960944663,7.195507958373237,7.489561070246734,7.480342770459366,7.262971342186885,7.56543666345709
cdk8_5cei_new_helix_loop_extra_molecule_19,-10.737068176269531,7.455076472014125,7.399842840764885,7.476785959638108,7.433869058927173,7.47186273735278,7.493021763387681
cdk8_5cei_new_helix_loop_extra_molecule_33,-11.111719131469728,7.287147538895335,7.264771149715548,7.306784461863146,7.216435965678416,7.3422454386351985,7.305500678584363
cdk8_5cei_new_helix_loop_extra_molecule_27,-8.463898658752441,7.394802573123141,7.3374671128764515,7.438022639542145,7.319195507434555,7.417535898637223,7.4617917071253315
cdk8_5cei_new_helix_loop_extra_molecule_13,-11.283177375793455,7.339941654249493,7.365449253598685,7.2798645652531375,7.273165272433495,7.391903262340797,7.389325917621354
cdk8_5cei_new_helix_loop_extra_molecule_39,-11.524834632873535,7.372512443693947,7.16891864707059,7.45822045827438,7.4071106490437355,7.27080479516469,7.5575076689163385
cdk8_5cei_new_helix_loop_extra_molecule_32,-9.549580574035645,7.4172060470765135,7.380183380137116,7.369036905610325,7.492902712527342,7.4207038746105995,7.423203362497183
cdk8_5cei_new_helix_loop_extra_molecule_37,-11.524834632873535,7.407826451038344,7.169468659822445,7.497560335008586,7.469831895874566,7.297154236125978,7.6051171283601455
cdk8_5cei_new_helix_loop_extra_molecule_23,-9.01440715789795,7.407670325435123,7.434046896480731,7.336648537189858,7.45065125580845,7.3570656656886335,7.459939272007946
cdk8_5cei_new_helix_loop_extra_molecule_15,-7.687934875488281,7.243002804077999,7.150853149941699,7.311887565244958,7.237451214356659,7.266638416161764,7.248183674684916
cdk8_5cei_new_helix_loop_extra_molecule_34,-11.191304206848145,7.497303987563262,7.357964909670831,7.4880102322931075,7.62608478181222,7.438181117678204,7.576278896361952
cdk8_5cei_new_helix_loop_extra_molecule_25,-9.793952941894531,7.365119424176544,7.284033237882147,7.412166937748766,7.2921819628219735,7.404805381329296,7.432409601100534
cdk8_5cei_new_helix_loop_extra_molecule_14,-8.337959289550781,5.849607041160444,5.975308814334285,5.880906261881727,5.756628296353711,5.883255220083794,5.7519366131486995
cdk8_5cei_new_helix_loop_extra_molecule_36,-11.283177375793455,7.252478354847949,7.31249208456895,7.218238845910405,7.2140151292356505,7.293363266657169,7.224282447867572
cdk8_5cei_new_helix_loop_extra_molecule_18_flipped,-10.97872543334961,7.427912687080514,7.365179587731484,7.479484505185467,7.422034377523779,7.426673491450282,7.44619147351156
cdk8_5cei_new_helix_loop_extra_molecule_16_flipped,-9.290130615234377,7.203518296116296,7.106803596401981,7.148550312438891,7.2566874221368085,7.2538812333504525,7.251668916253349
cdk8_5cei_new_helix_loop_extra_molecule_17_flipped,-8.992732048034668,7.4462558718406395,7.392954544480428,7.478243014736002,7.466617953770093,7.438637545172886,7.454826301043785
cdk8_5cei_new_helix_loop_extra_molecule_44_flipped,-11.524834632873535,7.314942241352783,7.405196344443595,7.276057501325065,7.288634536060935,7.317170486097652,7.28765233883667
cdk8_5cei_new_helix_loop_extra_molecule_45_flipped,-11.191304206848145,7.317746785370382,7.369411250741655,7.2897113317246305,7.285834748715103,7.314670823898764,7.329105771771757
cdk8_5cei_new_helix_loop_extra_molecule_42_flipped,-11.524834632873535,7.344650682774623,7.316590511747706,7.285201496456711,7.34753149141805,7.394107324611666,7.379822589638984
urokinase_molecule_10302__1GJ7__no_water_pose_,-10.82235622406006,6.093161014594198,6.370705923973647,6.082918227979512,5.979209567963247,6.066215341453267,5.9667560116013165
urokinase_molecule_11417__no_water_pose_,-10.5656099319458,6.196412040509019,6.4550683110906615,6.136225825152245,6.031714673039157,6.200595605898613,6.15845578736442
urokinase_molecule_7806__no_water_pose_,-8.651498794555664,6.058733040291947,6.325367146472648,6.017903403425272,5.951399087833931,6.054257848031165,5.944737715696722
urokinase_molecule_8696__no_water_pose_,-9.802173614501951,5.996920674175125,6.23470760006627,5.946229837668931,5.946027256068726,5.99365086915361,5.863987807918084
scyt_dehyd_molecule_3d,-9.19326877593994,5.112561787391706,4.819221170668873,5.212444347895371,5.214825364536476,5.1079198339060845,5.208398219951726
scyt_dehyd_molecule_8d,-10.628399848937988,5.182803570426819,4.877132650348402,5.268919784702081,5.296679829438803,5.211629849664205,5.259655737980604
scyt_dehyd_molecule_2d,-13.481749534606934,5.185811250108616,4.876040807688051,5.278125942503213,5.2892640009799425,5.206897118526857,5.278728380845012
scyt_dehyd_molecule_4d,-15.34340000152588,5.232659465891669,4.973554237220799,5.332280340923421,5.348215959790187,5.206019664629715,5.303227126894224
scyt_dehyd_molecule_5d,-13.253490447998049,5.196021852881844,4.8830909939743234,5.303720760804829,5.273111803289637,5.248753840892904,5.271431865447523
scyt_dehyd_molecule_6d,-9.405847549438477,5.170534342970952,4.87908384020481,5.268750127763371,5.255833806128295,5.184328993732881,5.264674947025406
scyt_dehyd_molecule_7d,-15.251520156860352,5.294239316573063,5.050356472532937,5.384047263907541,5.394597196188539,5.2925365365414425,5.349659113694851
brd41_ASH106_molecule_cmpd_5__1-Butenyl_,-7.639999866485596,5.883081429793423,5.8967794073682684,5.837764400960071,5.834427115801234,6.002438514830537,5.843997710007002
brd41_ASH106_molecule_cmpd_2__methyl_,-9.59000015258789,5.857499863796196,5.807314750995544,5.70121981936886,5.842202072199314,6.083754689605431,5.853007986811831
brd41_ASH106_molecule_cmpd_3__Allyl_,-7.090000152587891,5.851880426755166,5.878819046356348,5.801805875004569,5.814978210390192,5.976014427342961,5.7877845746817576
brd41_ASH106_molecule_cmpd_9__methoxyethyl_,-7.21999979019165,6.04049427904433,5.9401186156824695,5.9445381055256235,6.107618541113465,6.223353573992561,5.9868425589075285
brd41_ASH106_molecule_cmpd_6__ethyl_,-8.59000015258789,5.961418462461955,5.901233297600241,5.865835529099632,5.978157937869381,6.153242920979131,5.908622626761388
brd41_ASH106_molecule_cmpd_8__n-Butyl_,-7.659999847412109,6.064238786156336,5.969371254021748,5.987874793140817,6.1015023525267065,6.23074267308153,6.03170285801088
brd41_ASH106_molecule_cmpd_7__n-propyl_,-7.019999980926514,6.011796132143544,5.9391465610700855,5.9232565063034395,6.031067798607528,6.191113033268751,5.974396761467919
brd41_ASH106_molecule_cmpd_4__Crotyl_,-8.640000343322754,6.043127459896638,5.973677348741805,5.963310120655405,6.096165423915139,6.202858543996036,5.979625862174808
hsp90_woodhead_molecule_4,-8.930000305175781,6.635487150912326,6.620168515696526,6.606679119290585,6.919358418693981,6.605720849538965,6.425508851341575
hsp90_woodhead_molecule_1,-12.720000267028809,6.191401094932077,6.115389528751052,6.130824117462138,6.300533517966916,6.053806064763558,6.356452245716716
hsp90_woodhead_molecule_3,-8.079999923706055,6.6093848438358815,6.63655656624132,6.559414526714525,6.876970698485459,6.596168361703497,6.37781406603461
hsp90_woodhead_molecule_2,-10.739999771118164,6.211553178918,6.2790809777598735,6.10668975925552,6.352131757504415,6.087301326325156,6.232562073745031
throm_nozob_hip75_molecule_2d_pose_2,-6.630871772766113,6.051476093488113,6.060017376242206,6.194729376206891,6.032180165082795,6.183587787356858,5.786865762551816
throm_nozob_hip75_molecule_2c_pose_2,-7.285645008087158,6.100445531912827,6.077063136236156,6.295465659837941,6.097350347452797,6.252532568704913,5.779815947332334
throm_nozob_hip75_molecule_7b,-7.409305095672607,6.152876224908415,6.126639892840786,6.335505233677232,6.168784297384142,6.242813596058854,5.89063810458106
throm_nozob_hip75_molecule_7c_pose_1,-8.008489608764648,6.0381528970598515,6.013941034924764,6.211987397286585,6.049679044710899,6.14492801061425,5.770228997762762
throm_nozob_hip75_molecule_7f,-6.122768878936768,6.151068722511889,6.118118650472864,6.3748603941469195,6.165022113541134,6.226794815129868,5.87054763926866
throm_nozob_hip75_molecule_2b_pose_1,-7.285645008087158,6.061966679033739,6.033378162866083,6.27815025038635,6.0707274918065695,6.0879904409028445,5.839587049206848
throm_nozob_hip75_molecule_1a_pose_2,-7.409305095672607,5.90431763403751,5.703545461927428,6.159716365017563,5.919317015213115,6.101033804354235,5.6379755236752125
throm_nozob_hip75_molecule_7e_pose_1,-5.654734134674072,6.2130478299153875,6.246799415943501,6.398251414868113,6.248667389210724,6.309388441588238,5.862132487966362
throm_nozob_hip75_molecule_6a_pose_1,-9.910837173461914,6.605128246696458,6.6714921462411745,6.7058475059777205,6.568134628152985,6.764116205521705,6.316050747588701
throm_nozob_hip75_molecule_5,-6.793628215789795,5.523968550579912,5.2393448099248925,5.738342963560291,5.6001550843605505,5.689019869476927,5.3529800255769
throm_nozob_hip75_molecule_1c_pose_2,-8.579615592956543,6.065161962525604,6.056478547458966,6.223795946564186,6.068871027336634,6.208360615721014,5.76830367554722
throm_nozob_hip75_molecule_2a_pose_2,-6.616480827331543,6.093630595606298,6.110747371858902,6.210846467757111,6.096887491204542,6.253022783114763,5.796648864096171
throm_nozob_hip75_molecule_7a_pose_2,-7.624663829803467,6.700902782579819,6.791753524633565,6.825604490649365,6.6638967456124325,6.794209682881987,6.429049469121741
throm_nozob_hip75_molecule_3b_pose_1,-7.254891872406006,6.148612206057589,6.15951614272259,6.380420523429531,6.129355291341971,6.1374200123848786,5.936349060408972
throm_nozob_hip75_molecule_6d_pose_2,-8.73290729522705,6.56722931856134,6.647973085351829,6.701830872424936,6.522080693130762,6.745114605848796,6.219147336050373
throm_nozob_hip75_molecule_6c_pose_1,-9.01440715789795,6.611761362225562,6.696617495635271,6.683248753251997,6.561986658841936,6.762035516793066,6.354918386605539
throm_nozob_hip75_molecule_3a_xtal_pose,-8.120434761047363,6.193081444641994,6.168130258417185,6.366271403092496,6.164742789561408,6.242875502632743,6.023387269506138
throm_nozob_hip75_molecule_1b_pose_2,-9.256064414978027,6.080608103014276,6.069671673559946,6.232048206987176,6.0861962372436915,6.2210850666587225,5.794039330621842
throm_nozob_hip75_molecule_6b_pose_2,-9.03689956665039,6.668197126995954,6.752224584569047,6.779399386350901,6.619742053370324,6.792769584411895,6.396850026277602
throm_nozob_hip75_molecule_6e_pose_1,-8.647159576416016,6.614203777313148,6.694395884531375,6.704668590000573,6.573322832982047,6.7829658465897715,6.315665732461974
throm_nozob_hip75_molecule_1d_pose_2,-8.601290702819824,6.066851551678441,6.060859285409613,6.222234117298272,6.06727363012162,6.212462517961916,5.771428207600789
taf12_molecule_cmpd_5__1-Butenyl_,-10.0,5.780934421201051,5.7539133665250946,5.786727511437635,5.745693178150753,5.823920969523481,5.7944170803682935
taf12_molecule_cmpd_2__methyl_,-9.859999656677246,5.697625273526992,5.707914993470509,5.652950459744247,5.707356314997442,5.720294318727938,5.699610280694823
taf12_molecule_cmpd_3__Allyl_,-8.34000015258789,5.758484615857322,5.746801508089278,5.767617836607195,5.7339047793062665,5.793522134918201,5.750576820365668
taf12_molecule_cmpd_9__methoxyethyl_,-7.690000057220459,5.788337507664551,5.738227554474,5.731002356645985,5.791662612990185,5.852539893645278,5.828255120567308
taf12_molecule_cmpd_6__ethyl_,-8.529999732971191,5.763298513936558,5.760583974226158,5.720683736975677,5.755796592512256,5.814673511810028,5.76475475415867
taf12_molecule_cmpd_8__n-Butyl_,-8.279999732971191,5.822814713848716,5.812483579862751,5.775496729815978,5.810343807833946,5.8730341816885385,5.842715270042367
taf12_molecule_cmpd_7__n-propyl_,-8.119999885559082,5.804084745813961,5.786838672671223,5.753740577290071,5.783456602327968,5.861621551818467,5.834766324962078
taf12_molecule_cmpd_4__Crotyl_,-8.710000038146973,5.804579211187635,5.793994922231262,5.797451650691651,5.796363373143052,5.840438893406773,5.794647216465437
chk1_molecule_21__Xtal_,-13.06863021850586,8.173743178388559,8.304227776102461,8.287615847989626,8.35857806078301,8.23186832865327,7.686425878414432
chk1_molecule_22,-13.06863021850586,8.162118925983101,8.29136865566053,8.313040326981538,8.330159468379073,8.173734196663696,7.702291982230666
chk1_molecule_24_pose_2,-13.177300453186035,8.015740879879495,8.119926576086396,7.997885171778648,8.006679290299967,8.136662648820685,7.817550712411782
chk1_molecule_14_docked,-10.870059967041016,7.6851732864439795,7.786502382777011,7.703376156363742,7.779949150392376,7.615614816849832,7.540423925836939
chk1_molecule_18_docked,-9.549579620361328,7.101508345863389,7.02276064590509,7.166632387079988,7.0227579416970425,7.136606645090276,7.158784109544555
chk1_molecule_13_docked,-9.920853614807127,7.609316112237183,7.658293920645694,7.644056729140135,7.693248781571536,7.62224681023914,7.428734319589408
chk1_molecule_20,-10.082300186157228,7.356195246993342,7.409924402970123,7.429144654969254,7.364083415963394,7.201902123741756,7.375921637322185
chk1_molecule_12_docked,-8.612431526184082,7.626602492235078,7.685436800928538,7.6530586362645145,7.652571117387904,7.576622064244605,7.565323842349825
chk1_molecule_16_docked,-11.781579971313477,7.179733395267718,7.110292451658807,7.229740128987328,7.072134983643054,7.233014639470776,7.253484772578623
chk1_molecule_19,-10.249360084533691,7.170124174568142,7.099757107194473,7.217345265888899,7.077690175373448,7.208522403624076,7.247305920759808
chk1_molecule_17_torsion_adjust,-10.323949813842772,7.646072232793715,7.705905591404793,7.681344501095727,7.720392253360696,7.583664916573877,7.539053901533481
chk1_molecule_15_docked,-10.043829917907717,7.661092582206945,7.754133346714951,7.690440639691909,7.725242371314934,7.600194076732334,7.535452476580595
chk1_molecule_11_docked,-10.978730201721191,7.56976011221292,7.617392840947192,7.599012464254151,7.68167595557836,7.58334420122602,7.36737509905888
hsp90_kung_molecule_cmpd_16,-10.329999923706056,6.868250257713339,6.945676332458851,6.848655718957477,7.005120215452359,6.8263018144732355,6.715497207224772
hsp90_kung_molecule_cmpd_9,-7.920000076293945,5.0969997708726265,5.036964280099443,5.170568427350008,4.854272113197589,5.2690347537313915,5.154159279984706
hsp90_kung_molecule_cmpd_13,-10.149999618530272,5.870957864442339,5.75207995406181,5.754440851263959,5.461632040425668,6.323439578739418,6.06319689772084
hsp90_kung_molecule_cmpd_14,-7.820000171661377,5.979452901737573,5.826206721200744,5.928859925932713,5.55092891550309,6.410475111393463,6.180793834657854
hsp90_kung_molecule_cmpd_15,-9.609999656677246,6.838234845298689,6.90234337508914,6.838822734571988,6.954506564989134,6.788260605435742,6.707240946407442
hsp90_kung_molecule_cmpd_7,-9.40999984741211,4.816862717351195,4.7933940262318,4.843247685102005,4.675916084062535,4.8222014808580616,4.94955431050157
hsp90_kung_molecule_cmpd_17,-10.739999771118164,6.911347544650079,6.970638413483855,6.8804614318337505,7.068040234437582,6.881941168083241,6.755656475411963
hsp90_kung_molecule_cmpd_11,-9.1899995803833,5.9129329581713055,5.773839883660621,5.789438076669279,5.499460323822983,6.372878759082123,6.129047747621524
hsp90_kung_molecule_cmpd_12,-9.1899995803833,5.882663998768704,5.743368072485967,5.789442776139274,5.489837960401174,6.317583187811054,6.073087997006054
hsp90_kung_molecule_cmpd_10,-9.1899995803833,6.652147848779661,6.623977887000405,6.503288312741832,6.530630964802892,6.830594861783651,6.772247217569526
hsp90_kung_molecule_cmpd_8,-6.860000133514404,4.828397917064472,4.743075245814044,4.839249744267343,4.761904759218809,4.844004089292674,4.953755746729491
