unique_id,dg_exp,preds,preds_1,preds_2,preds_3,preds_4,preds_5
wagner_brd4_molecule_61a,-12.0,6.970941198099714,7.178458751268146,7.310471047378256,6.708434298720587,6.295743283652295,7.361598609479284
wagner_brd4_molecule_25e,-11.300000190734863,7.280853113514411,7.356623467092069,7.595183349853113,6.930668921434424,6.695002936840906,7.8267868923515405
wagner_brd4_molecule_11,-8.199999809265137,6.837760075297811,6.963893999656982,6.971940613903114,6.586208164839343,6.145544752850044,7.521212845239575
ftase_extraligs_custcore_stereo_molecule_lig_2__deprot,-12.40999984741211,5.471360120424444,5.571278759539919,5.495253126778344,5.319199486120143,5.485631976134114,5.4854372535497005
ftase_extraligs_custcore_stereo_molecule_lig_66__deprot,-12.289999961853027,5.558789519257145,5.561322873420624,5.244935871424522,5.403810470090127,5.906888235680918,5.676990145669532
ftase_extraligs_custcore_stereo_molecule_lig_68__deprot,-12.109999656677246,5.5660706970661815,5.575962332119112,5.251089748609423,5.402521395336627,5.9194455547682985,5.681334454497446
ftase_extraligs_custcore_stereo_molecule_lig_51_stereo,-11.399999618530272,5.619996418207033,5.609367579107769,5.308570174054597,5.411777915764036,6.021684877828891,5.7485815442798724
ftase_extraligs_custcore_stereo_molecule_lig_49_stereo,-11.600000381469728,5.6201661563857686,5.609367579107769,5.3089591659719435,5.412497909034724,6.021684877828891,5.748321249985516
ptp1b_molecule_23477,-8.850000381469727,5.932325702936969,5.7192846734090415,5.947321133338812,5.599862295560189,6.437421581652951,5.957738830723846
ptp1b_molecule_23484,-7.75,5.7821808353552,5.851702766590183,5.875820047571349,5.5414996049721985,5.837458496822902,5.8044232608193695
ptp1b_molecule_23467,-7.340000152587891,5.739815873236095,5.470723386208844,5.840124358718509,5.551878326117691,5.8790327185360916,5.957320576599341
ptp1b_molecule_20667,-11.420000076293944,5.890087972635631,5.909956961645571,5.978914489579198,5.5767890766660235,5.976837004187547,6.007942331099812
ptp1b_molecule_23469,-7.71999979019165,5.830611417648114,5.707492660027656,5.880449547593078,5.612387888188846,5.96524513016094,5.987481862270048
ptp1b_molecule_23483,-9.869999885559082,5.832914011988349,5.736369351385749,5.968023619140376,5.555288376108635,5.925084460486386,5.979804252820595
ptp1b_molecule_23480,-8.720000267028809,5.811765314560302,5.63497395255228,5.931281750938743,5.546221890594375,5.91565305926719,6.03069591944892
ptp1b_molecule_23474,-9.109999656677246,5.793268285842141,5.651246174675994,5.845162918328377,5.544483746384305,5.982285447209945,5.943163142612088
ptp1b_molecule_23473,-8.390000343322754,5.935860242600743,5.879720755695464,5.946370862850062,5.6920098636571135,6.113103745225691,6.0480959855753875
ptp1b_molecule_23471,-7.75,5.762467065967951,5.491834960294604,5.819730002775937,5.548990128424048,5.952118173687946,5.999662064657217
ptp1b_molecule_20669,-8.609999656677246,5.912630753754292,5.839715351811113,5.911208075581792,5.6916952531211376,6.070712379066569,6.049822709190845
ptp1b_molecule_23476,-9.40999984741211,5.694568856776367,5.458692179307108,5.7684733769912455,5.537823993215004,5.824553661130588,5.883301073237888
ptp1b_molecule_23466,-7.849999904632568,5.6743560233519075,5.4013713202451,5.749370720560226,5.534157919042533,5.8154618160388845,5.871418340872794
ptp1b_molecule_23472,-8.649999618530273,5.8957222779550245,5.758399036470768,6.0435713197947285,5.581293073054355,6.073499115624556,6.021848844830715
ptp1b_molecule_23482,-10.010000228881836,5.752980904202555,5.583014755579753,5.85010475474658,5.528277108231527,5.867448199928308,5.936059702526607
ptp1b_molecule_23486,-12.470000267028809,6.338773690999457,6.270202582147527,6.684439770473888,6.001916538567312,6.27582770496211,6.461481858846448
ptp1b_molecule_23470,-7.71999979019165,5.830045043173315,5.555756016334701,5.894053550245636,5.574095848310942,6.075021490587049,6.051298310388245
ptp1b_molecule_23468,-7.75,5.885393370822349,5.7536966781075884,5.84220158838703,5.556327639363487,6.189137614297725,6.085603333955915
ptp1b_molecule_23485,-11.010000228881836,5.968006105199668,6.004262208729405,6.070587367704995,5.5959007567042445,6.078545081500136,6.0907351113595585
ptp1b_molecule_23330,-10.130000114440918,5.8719485837376055,5.6391005381596955,5.947948125443099,5.586465109552214,6.112806333756215,6.073422811776804
ptp1b_molecule_20670,-9.079999923706056,5.743885168717061,5.515824269788955,5.825416742534872,5.562197345062925,5.86517908127732,5.950808404921232
ptp1b_molecule_23479,-9.140000343322754,5.834101994388066,5.656653668167561,5.9080986292923106,5.550295585950058,5.999629065574776,6.055833022955622
ptp1b_molecule_23475,-8.720000267028809,5.70501053971166,5.466092878902071,5.808747986544982,5.531171728831722,5.834387261520947,5.884652842758575
mcl1_extra_flips_molecule_23,-8.829999924,6.038573614525492,6.273775220618761,6.104751915753919,5.675219125903715,6.089885380008252,6.049236430342815
mcl1_extra_flips_molecule_26,-8.239999771,6.052531489372478,6.299111836902163,6.104158782405915,5.771543232916367,6.065379439362289,6.022464155275653
mcl1_extra_flips_molecule_27,-6.119999886,5.712258801126807,5.960444717031959,5.682605440912149,5.470863482529031,5.777824803178949,5.669555561981947
mcl1_extra_flips_molecule_28,-6.619999886,5.958680789675145,6.193020221946585,6.051953771367554,5.557956013679813,6.11914623873437,5.8713277026474024
mcl1_extra_flips_molecule_29,-6.940000057,5.852115170899389,6.097791451544112,5.873476920835953,5.516000048917766,5.962164930641543,5.811142502557569
mcl1_extra_flips_molecule_30_flip,-7.849999905,5.98301512190825,6.228574726215015,6.074361494641362,5.5583522579082585,6.126735465830196,5.927051664946418
mcl1_extra_flips_molecule_31,-7.920000076,5.88872667590155,6.110612336381214,5.933739570346655,5.5355215489238425,5.987623688009848,5.876136235846192
mcl1_extra_flips_molecule_32,-6.579999924,5.951569358190975,6.187963446308062,6.033043800898213,5.531179112107006,6.087459045922038,5.918201385719551
mcl1_extra_flips_molecule_33,-6.880000114,6.101748196552574,6.26760013910432,6.255779596747937,5.696491614723074,6.137789970332459,6.151079661855078
mcl1_extra_flips_molecule_34,-6.869999886,5.914648798897366,6.144861779058326,6.004489021533305,5.502858615768333,6.023719280772346,5.897315297354525
mcl1_extra_flips_molecule_35,-8.81000042,6.3336012676191125,6.453265199483469,6.386220718393466,6.204489158345765,6.321412046526616,6.302619215346244
mcl1_extra_flips_molecule_36,-8.180000305,6.347824134456322,6.474070642580722,6.49276260541208,6.065214535569361,6.391302013838223,6.315770874881226
mcl1_extra_flips_molecule_37,-8.949999809,6.735227503488209,6.8410449164723515,6.654576526327539,6.6964405118256805,6.714586298688454,6.769489264127028
mcl1_extra_flips_molecule_38_flip,-7.019999981,6.057779951303733,6.254743025312535,6.081896996324303,5.923667291337994,6.008175424624784,6.020417018919047
mcl1_extra_flips_molecule_39,-7.03000021,6.008055380759126,6.226466647147773,6.007801700173747,5.876363971811333,6.037379091895832,5.892265492766941
mcl1_extra_flips_molecule_40_flip,-7.25,6.048602437319796,6.276842946714822,6.035455163329872,5.912762376180075,6.086554841627851,5.931396858746362
mcl1_extra_flips_molecule_41_flip,-7.130000114,6.199650423702352,6.365433212122906,6.142546161629368,6.206174010631991,6.131798066654426,6.152300667473072
mcl1_extra_flips_molecule_42,-8.899999619,6.018082857482797,6.246104679003901,6.0718663562394735,5.767851339338954,6.014478796622295,5.990113116209364
mcl1_extra_flips_molecule_43_flip,-7.03000021,5.972538557836172,6.222708517510026,5.9903573329484185,5.785291191315879,6.000029216212535,5.864306531194004
mcl1_extra_flips_molecule_44,-8.670000076,6.585395509385991,6.602961241324465,6.560676602995921,6.721322554898075,6.44598499553045,6.596032152181043
mcl1_extra_flips_molecule_45,-8.949999809,6.234978380856176,6.368426058433953,6.16484846391304,5.969875972107591,6.556199433923077,6.115541975903221
mcl1_extra_flips_molecule_46_flip,-7.599999905,6.05560900179427,6.206274693478561,6.114462299104428,5.8075646763622,6.214149692388889,5.935593647637268
mcl1_extra_flips_molecule_47_flip,-5.78000021,5.998358001359734,6.20306512022889,6.013567774709679,5.816844790222756,6.068822177807325,5.889490143830021
mcl1_extra_flips_molecule_48_flip,-6.659999847,6.001540560259558,6.197010664637502,6.013411132632586,5.873058332593284,6.043234416595239,5.880988254839176
mcl1_extra_flips_molecule_49,-8.359999657,6.723518847803196,6.728209654007022,6.710312457776052,6.734811905531963,6.728475412284619,6.715784809416325
mcl1_extra_flips_molecule_50,-9.329999924,7.140352400196481,7.132232147038272,7.061671648677156,7.232712247198011,7.0929366751464995,7.182209282922465
mcl1_extra_flips_molecule_51,-8.449999809,6.552118121062156,6.519271152633178,6.586045898045913,6.636283190159346,6.466527722956673,6.552462641515669
mcl1_extra_flips_molecule_52,-9.229999542,6.732817726405204,6.743779360272957,6.732155493500708,6.749313024549146,6.710663512241869,6.728177241461341
mcl1_extra_flips_molecule_53,-9.960000038,7.104490849161577,7.092507104206802,7.0748503114172,7.164116668499693,7.158858100715711,7.032122060968479
mcl1_extra_flips_molecule_54,-9.779999733,6.491372791418797,6.499867073951139,6.51558153129172,6.529994122951679,6.409060285930856,6.502360942968597
mcl1_extra_flips_molecule_56,-9.260000229,6.784457808069627,6.876514833731509,6.704240696494343,6.758227559785919,6.755511049682416,6.827794900653949
mcl1_extra_flips_molecule_57,-9.039999962,6.00569029236278,6.264224303622548,6.091885134917437,5.6262903292313196,6.054129907318085,5.9919217867245065
mcl1_extra_flips_molecule_58,-9.409999847,7.15290214336647,7.13366764889252,7.121204824194325,7.233386486445801,7.199828875887412,7.076422881412291
mcl1_extra_flips_molecule_60,-8.920000076,6.737875198478602,6.856580316664828,6.671525612607622,6.679399062547754,6.72798687761062,6.753884122962192
mcl1_extra_flips_molecule_61,-8.079999924,7.116428101558968,7.074253834792221,7.082742601587813,7.156480990217373,7.174387080392541,7.094276000804887
mcl1_extra_flips_molecule_62,-7.960000038,6.467526103243314,6.485218792908894,6.511502576931021,6.47509765640079,6.383124686944332,6.482686803031536
mcl1_extra_flips_molecule_63,-9.06000042,7.1331204095932375,7.114872529684083,7.11893278942075,7.191272851827369,7.199923659741739,7.040600217292251
mcl1_extra_flips_molecule_64,-9.5,6.5413893812049775,6.527056733144799,6.536301523281971,6.62366295550646,6.475771342131301,6.544154351960356
mcl1_extra_flips_molecule_65,-8.409999847,7.043553810645056,7.047370789448982,6.9634592529626955,7.160876156954262,7.068514321673131,6.977548532186211
mcl1_extra_flips_molecule_66,-8.430000305,6.321811788833292,6.420302097215814,6.367372351926365,6.10800595146184,6.281244649070684,6.432133894491764
mcl1_extra_flips_molecule_67,-7.579999924,6.7777672060799645,6.8998988455342225,6.726742931606338,6.707679544252461,6.761900372982807,6.792614336023996
mcl1_extra_flips_molecule_68,-7.690000057,6.514614404473922,6.576335592815983,6.571011225051174,6.49506489315356,6.414290450786853,6.5163698605620395
cdk2_molecule_17,-7.039999961853027,6.232459719500648,6.141531446295634,6.1280630112576295,6.562790427297811,6.2700678527223,6.059845859929869
cdk2_molecule_28,-11.109999656677246,6.360173809295416,6.231225467096865,6.22769829084814,6.6036848413473495,6.42035226076758,6.317908186417146
cdk2_molecule_22,-7.860000133514404,6.419598720332803,6.290088284970324,6.292311835541102,6.680426471785937,6.488270198458169,6.346896810908479
cdk2_molecule_30,-9.8100004196167,6.338781357305839,6.201114567077241,6.171249983710712,6.617783917834844,6.3852685963904205,6.3184897215159745
cdk2_molecule_1h1r,-7.670000076293945,6.5631675416201585,6.450951404233801,6.61831774894824,6.8518855165285135,6.425084206508818,6.469598831881426
cdk2_molecule_1h1s,-11.25,6.299653955492278,6.163831106436968,6.138491637960699,6.574098671206182,6.3458378206727994,6.276010541184743
cdk2_molecule_21,-7.829999923706055,6.346072820022863,6.2864374181182905,6.232920301181676,6.632220748493165,6.422660728168543,6.156124904152643
cdk2_molecule_1oiy,-9.789999961853027,6.294032790026483,6.138057203881583,6.153225594125851,6.578165356692806,6.3468885816324825,6.253827213799692
cdk2_molecule_1oiu,-9.079999923706056,6.179581186605005,6.081329614863878,6.0596013211809465,6.482684623717217,6.224859360837274,6.049431012425707
cdk2_molecule_31,-9.539999961853027,6.32940097271802,6.17352399044975,6.1559585274806565,6.616225048044296,6.392159792674894,6.309137504940503
cdk2_molecule_29,-9.880000114440918,6.3405085430459325,6.2432142668424495,6.212160521298534,6.592325654273506,6.377517610868915,6.2773246619462615
cdk2_molecule_26,-8.430000305175781,6.471973020024438,6.36716574893919,6.358438104992716,6.670717220244472,6.577077584082907,6.386466441862904
cdk2_molecule_1oi9,-9.739999771118164,6.40765018225097,6.262349019858738,6.2619108486121355,6.692189520164759,6.49350703352466,6.328294489094553
cdk2_molecule_20,-8.720000267028809,6.298524015009261,6.18784813788866,6.213593176079677,6.621558475798242,6.369578844594118,6.100041440685606
cdk2_molecule_32,-9.75,6.938491644586668,6.922284801926656,6.672589002867094,7.208475086896164,6.8907297208266085,6.998379610416815
cdk2_molecule_1h1q,-8.180000305175781,6.1208870389331,6.079939034525411,6.044216264528446,6.359732327123634,6.114773340584045,6.005774227903961
jnk1_manual_flips_molecule_18626-1,-8.869999885559082,6.242306891437219,6.172924877190682,6.404144830891942,6.438525395815813,6.064616321205095,6.131323032082562
jnk1_manual_flips_molecule_18628-1_flip,-8.699999809265137,6.096964266452221,6.048982206893978,6.022687886752181,6.383151873767704,6.09414259735367,5.935856767493571
jnk1_manual_flips_molecule_18629-1,-8.670000076293945,6.052218740420821,6.000878388222266,5.972796571317207,6.27233070204,6.0912732669076854,5.923814773616947
jnk1_manual_flips_molecule_18636-1,-7.510000228881836,6.116373830401343,6.079519504114854,6.064571150509802,6.446536297909316,6.0347826631157515,5.9564595363569905
jnk1_manual_flips_molecule_17124-1,-9.68000030517578,6.455002850714736,6.397672303142278,6.333170032706836,6.8749003639874156,6.41261060098432,6.256660952752829
jnk1_manual_flips_molecule_18627-1,-8.479999542236328,6.2466855384031055,6.1644127571487966,6.411244478160242,6.465722333086253,6.065735511639145,6.126312611981088
jnk1_manual_flips_molecule_18638-1,-10.09000015258789,6.543249188205957,6.516438496677729,6.438345105262949,6.9550183180807705,6.436618228033154,6.369825792975179
jnk1_manual_flips_molecule_18659-1,-9.470000267028809,6.440170597431054,6.41450624983969,6.386649995213161,6.765305948879551,6.454839047512697,6.179551745710175
jnk1_manual_flips_molecule_18639-1,-9.739999771118164,6.48381991243163,6.424623664626058,6.3434739110573135,6.932614985812513,6.439328657496355,6.279058343165913
jnk1_manual_flips_molecule_18634-1,-9.989999771118164,6.187405437836738,6.123878477598526,6.113637840951766,6.490580827953134,6.203184927201964,6.0057451154783
jnk1_manual_flips_molecule_18630-1,-9.140000343322754,5.998529889210062,5.947292774671314,5.92815669083137,6.2474580652935225,5.973552298268345,5.896189616985756
jnk1_manual_flips_molecule_18637-1,-10.140000343322754,6.4904614558211,6.443758810348002,6.356749438368313,6.935073724260117,6.438524891584378,6.278200414544685
jnk1_manual_flips_molecule_18658-1,-9.699999809265137,6.264263916909666,6.1886328318302155,6.207356363595324,6.603458580181825,6.2703684856113595,6.051503323329604
jnk1_manual_flips_molecule_18632-1,-9.079999923706056,6.044698244453007,5.970521760400115,5.99852708396513,6.276685698763752,6.054181663206568,5.923575015929467
jnk1_manual_flips_molecule_18633-1,-9.170000076293944,6.007415999021868,5.951721350087617,5.952196248479114,6.250483966033501,5.9774637937686945,5.905214636740409
jnk1_manual_flips_molecule_18635-1,-7.289999961853027,6.179728622138503,6.1592344262019845,6.067611581798641,6.497391691932012,6.184978856073286,5.989426554686597
jnk1_manual_flips_molecule_18631-1,-9.40999984741211,6.065339160685037,6.010741633457471,6.036086989099555,6.283114400372712,6.065061982143356,5.931690798352087
jnk1_manual_flips_molecule_18660-1,-8.699999809265137,6.4672387905942985,6.4586892050710825,6.407899899286487,6.801088100875861,6.480004468684129,6.188512279053934
jnk1_manual_flips_molecule_18625-1,-8.109999656677246,6.382402154899987,6.31115530543344,6.6014533685090715,6.534929469001051,6.21104206262943,6.253430568926937
jnk1_manual_flips_molecule_18624-1,-8.489999771118164,5.945185126950471,5.926590830357865,5.885321367669367,6.146833833086425,5.921961160143859,5.8452184434948355
jnk1_manual_flips_molecule_18652-1,-10.68000030517578,6.548675734323365,6.4985028056842955,6.447636361315632,6.9479787606404315,6.470259483632651,6.379001260343811
thrombin_core_molecule_6a,-9.18000030517578,6.393030376475358,6.751247726847675,6.881741912102953,6.061354023331241,6.046231741756202,6.224576478338723
thrombin_core_molecule_3a,-8.319999694824219,5.760951049332908,6.115967931445816,6.073996648361941,5.261615598644838,5.70873844630217,5.644436621909772
thrombin_core_molecule_1d,-8.25,5.7523180301495085,6.174674993509285,6.008595669578318,5.403855116468144,5.5944011188376646,5.5800632523541305
thrombin_core_molecule_6e,-8.90999984741211,6.371206797649653,6.713878464377178,6.845401726304409,6.041072052748972,6.038112199448369,6.217569545369335
thrombin_core_molecule_6b,-8.890000343322754,6.527439225296163,6.878610674086742,6.980100165700301,6.136603571516667,6.2805308746078,6.361350840569305
thrombin_core_molecule_1b,-8.460000038146973,6.115561348936394,6.404479262709221,6.505428920406645,5.948885964601094,5.794708029936555,5.924304567028455
thrombin_core_molecule_1a,-7.480000019073486,5.659572039810547,5.978380684136519,5.981756990447832,5.205884189634893,5.540710574479417,5.591127760354076
thrombin_core_molecule_5,-7.579999923706055,5.561516151376042,5.88776000522168,5.8532943361931205,5.15850509061005,5.381270320931077,5.526751003924283
thrombin_core_molecule_3b,-7.860000133514404,5.924757332553967,6.3779472970552895,6.1971375889040985,5.33054642447156,5.917955940976306,5.8001994113625805
thrombin_core_molecule_7a,-8.220000267028809,6.117146071171616,6.618181353714805,6.432429081671768,5.551998612621522,6.069563950437239,5.913557357412748
thrombin_core_molecule_1c,-8.5600004196167,5.7522851494099925,6.173885826503896,6.008595669578318,5.403502394652694,5.5944011188376646,5.581040737477388
tyk2_molecule_jmc_23,-11.699999809265137,5.881466767412374,5.950177138156893,6.150913934874806,5.978952731854474,5.582751057461204,5.744538974714493
tyk2_molecule_ejm_47,-9.699999809265137,5.989598999637592,6.002287265733465,6.274638542022941,5.957578679380412,5.927794588754985,5.785695922296161
tyk2_molecule_ejm_49,-7.75,6.014858151937649,6.036080188502493,6.323303119945707,6.073034514527085,5.733348394723422,5.908524541989538
tyk2_molecule_ejm_31,-9.539999961853027,6.044694017940245,6.138270074411448,6.421426347412699,6.074400054100045,5.758012672194361,5.831360941582669
tyk2_molecule_ejm_45,-9.5600004196167,6.066217625331374,6.135888629880186,6.485856506689671,6.039671193821473,5.745662357966181,5.924009438299361
tyk2_molecule_ejm_44,-7.420000076293945,6.219944050716766,6.317653147742647,6.5776299130597575,6.144043887624072,6.010581410998985,6.049811894158367
tyk2_molecule_ejm_43,-8.260000228881836,6.171954775301103,6.283488609668541,6.5052340011069045,6.1367739270826815,5.941950812808462,5.992326525838928
tyk2_molecule_ejm_50,-8.979999542236328,6.076697484944673,6.143083384134442,6.517870511307337,6.041984676701454,5.772252680034094,5.908296172546041
tyk2_molecule_ejm_42,-9.779999732971191,6.270776633798728,6.384183262936575,6.752621309132444,6.134881652551103,5.978123949697961,6.104072994675564
tyk2_molecule_ejm_55,-9.210000038146973,6.178467505532359,6.266954396259887,6.477992234586131,6.130868327185326,5.993796706271144,6.022725863359302
tyk2_molecule_ejm_48,-9.0,5.9987134431583895,6.011560141822562,6.28784745875689,5.953909051345956,5.94591353206886,5.794337031797678
tyk2_molecule_ejm_54,-10.529999732971191,6.218703939869908,6.258917947185738,6.707023023723575,6.126904882574309,5.905367662139763,6.095306183726156
tyk2_molecule_jmc_28,-10.979999542236328,6.035332146906804,6.139989998547696,6.28100978666315,6.049433577629857,5.766333046946479,5.939894324746842
tyk2_molecule_jmc_27,-11.279999732971191,5.888691290410547,5.953737817182664,6.158161471678187,6.026559277892228,5.5891365353332345,5.715861349966417
tyk2_molecule_jmc_30,-10.9399995803833,5.876072243678085,5.95007210909951,6.147556350596971,5.959038444154505,5.5841242290001505,5.739570085539289
tyk2_molecule_ejm_46,-11.3100004196167,5.89291878280528,5.98199411395152,6.17963866065817,5.959701632947509,5.590885285423896,5.75237422104531
p38_molecule_2j,-10.079999923706056,7.149049175287743,7.369783697438309,6.657964158927627,7.417623871357124,6.8654610200848145,7.434413128630838
p38_molecule_2gg,-10.65999984741211,7.076815796749597,7.1792744943862505,6.593437666701246,7.369851242715718,6.916291311230514,7.325224268714252
p38_molecule_2q,-12.260000228881836,7.256734066786796,7.386588977788669,6.647099556491651,7.542648141525462,7.219797315585602,7.4875363425426
p38_molecule_2t,-11.850000381469728,7.113085488512075,7.221850724403764,6.585156842254445,7.393627191698359,6.977584148323412,7.387208535880397
p38_molecule_2g,-10.65999984741211,6.583647016269237,6.600848005448151,6.28586227530011,6.606856161858309,6.609555449800771,6.815113188938837
p38_molecule_2l,-12.260000228881836,7.142092544996598,7.251103398092655,6.628143459767519,7.4104061050765315,7.008533055338497,7.412276706707787
p38_molecule_2ee,-12.260000228881836,7.943900967444286,8.100075299036549,8.071582256021916,7.658119410039344,7.173614331896348,8.716113540227267
p38_molecule_2aa,-9.270000457763672,6.900874610252565,7.021778841327415,6.499468443903713,7.258035847802438,6.579365666093002,7.145724252136254
p38_molecule_2o,-10.489999771118164,7.14305089913213,7.294484345333613,6.71979797862016,7.367589332144413,6.996782452212477,7.3366003873499865
p38_molecule_3flw,-10.68000030517578,7.02209305674933,7.211786752671657,6.602519407925194,7.343304805571937,6.740226075575436,7.21262824200243
p38_molecule_2u,-12.260000228881836,8.036613490371412,8.160592667287403,8.119634183543672,7.751937216428745,7.341666035991345,8.809237348605894
p38_molecule_2p,-11.199999809265137,7.109752287260738,7.26707024053499,6.662185637733506,7.363281241492816,6.953136581355506,7.303087735186871
p38_molecule_2h,-9.479999542236328,6.630399332062753,6.817787798537052,6.27834994174374,6.728858857312362,6.547078374110145,6.7799216886104645
p38_molecule_3fmk,-11.829999923706056,7.687826298457372,7.894075514205255,7.747143895477754,7.523542013525395,6.796894627641035,8.47747544143742
p38_molecule_2i,-10.050000190734863,6.546446387185119,6.598470176273617,6.275670290424977,6.629840427462001,6.466843365371361,6.761407676393638
p38_molecule_2f,-8.479999542236328,6.579588823559824,6.596771122572903,6.304681057608793,6.600993306291474,6.592254778103251,6.803243853222702
p38_molecule_2x,-10.229999542236328,7.113073074271168,7.25186355512609,6.569511149532722,7.3990174321594635,6.999814455114556,7.345158779423008
p38_molecule_2ff,-11.4399995803833,7.076980380028796,7.1774241359401465,6.569091323836009,7.401808554183774,6.929120397103094,7.307457489080959
p38_molecule_2k,-10.550000190734863,6.8545334901020665,6.8836532354118445,6.475970086811407,7.14223266060512,6.906643031280216,6.864168436401749
p38_molecule_2n,-11.850000381469728,7.102457340387678,7.2225461703921,6.6257269486713275,7.363955273812046,6.977477300751886,7.322581008311033
p38_molecule_3flq,-9.93000030517578,6.901747139603431,7.054596142938915,6.486061526913525,7.235334444896303,6.576223275653418,7.156520307614993
p38_molecule_3fln,-10.880000114440918,7.136205696322326,7.274503719410076,6.59913619129274,7.403988463919858,7.020925864532997,7.38247424245596
p38_molecule_2e,-10.699999809265137,6.590962127971854,6.616763882346879,6.3027155402497534,6.605436762605416,6.61072391540242,6.8191705392548
p38_molecule_3fmh,-10.829999923706056,7.7164301929390735,7.907953190413186,7.76884280966203,7.561133327949191,6.841404693135463,8.502816943535496
p38_molecule_2c,-10.460000038146973,6.921012814848739,6.906268071230135,6.8291491775079525,7.030926149372583,6.708257845110812,7.130462831022213
p38_molecule_2y,-9.779999732971191,6.931642867336611,7.04533017287506,6.457051507399942,7.292228344477411,6.644269041527852,7.219335270402786
p38_molecule_2s,-11.109999656677246,7.110874439227734,7.229836032156677,6.639448024830458,7.365083247439986,6.987640269904356,7.332364621807192
p38_molecule_2m,-10.960000038146973,7.128488569000086,7.248068280385971,6.599958723602573,7.415331021186497,7.008565881401072,7.370518938424321
p38_molecule_2bb,-9.0600004196167,6.8885021220752805,7.030629297934627,6.480788973321685,7.233195650867527,6.541967725930881,7.155928962321679
p38_molecule_2v,-8.970000267028809,6.889935703111116,7.029748950132895,6.415403128017173,7.287383839114865,6.55168466733805,7.165457930952601
p38_molecule_2r,-10.789999961853027,7.172850614630046,7.282738335138112,6.651013295638251,7.426250249444863,7.066153136217936,7.4380980567110715
p38_molecule_3flz,-9.489999771118164,6.409570259699109,6.466074300548676,6.131928564962362,6.430049995619892,6.494178758798511,6.525619678566101
p38_molecule_2z,-10.359999656677246,6.955323533008856,7.0857217827513885,6.4815218285863185,7.295561108740596,6.695373579094212,7.218439365871765
p38_molecule_3fly,-11.420000076293944,6.938479547741958,7.091825350409778,6.446656572654457,7.289533293192579,6.677259394719529,7.187123127733447
bace_molecule_CAT-13n,-8.543000221252441,6.166300912086042,6.295752833181614,6.326330845068577,6.041432287602961,5.968599358779717,6.199389235797343
bace_molecule_CAT-13e,-9.963000297546388,6.138253900563051,6.320410404781844,6.357865407630648,5.950265649079614,5.924136315407051,6.138591725916101
bace_molecule_CAT-4a,-7.933000087738037,5.669577058641281,5.873343348971808,5.668085126178393,5.457052663423716,5.64181066410077,5.707593490531714
bace_molecule_CAT-4m,-9.152999877929688,5.790273696323494,6.0640417330151966,5.7430022169437525,5.498278487848709,5.845465599166648,5.800580444643168
bace_molecule_CAT-17b,-10.02299976348877,5.831022019800988,6.078275941755221,5.804784197025246,5.456298615403693,5.949523628945293,5.8662277158754845
bace_molecule_CAT-13j,-8.732999801635742,6.167164301309704,6.2879416971510445,6.322611486948251,6.055832646819168,5.976205858842983,6.193229816787074
bace_molecule_CAT-13d,-10.472999572753906,6.161651428193486,6.3553679168822645,6.339733614441751,5.9775253019945085,5.98565870673103,6.149971600917877
bace_molecule_CAT-13b,-9.123000144958496,6.48261638269494,6.583745666450783,6.7639807341863225,6.18836483589468,6.429517805878021,6.447472871064896
bace_molecule_CAT-13a,-8.843000411987305,6.264865373061179,6.4340579430697575,6.436800944309304,6.130640103383721,6.138674710877539,6.184153163665575
bace_molecule_CAT-13h,-9.633000373840332,6.242943387473858,6.475955435764258,6.4108210326909285,6.0643341466227705,6.104745074978539,6.158861247312793
bace_molecule_CAT-13o,-8.543000221252441,6.164105822243462,6.264072258199291,6.338655490262572,6.047405208872837,5.972725643052407,6.197670510830206
bace_molecule_CAT-13g,-9.093000411987305,6.231327926392446,6.3217936810647855,6.662633536928791,5.927360170050365,6.011213763217634,6.233638480700654
bace_molecule_CAT-4k,-7.853000164031982,5.674521766235456,5.882592760145661,5.665326874012956,5.4575215020833046,5.652604454431425,5.714563240503937
bace_molecule_CAT-17g,-9.743000030517578,5.660871672281935,5.902443389365064,5.674965811537689,5.349534224816754,5.699019783136255,5.678395152553913
bace_molecule_CAT-4l,-9.343000411987305,5.692291294389179,5.888046587715766,5.6985717963349485,5.464255146474417,5.687274023528608,5.723308917892156
bace_molecule_CAT-4j,-9.02299976348877,5.686586620415133,5.8785422956232045,5.700107250457254,5.4573576421349355,5.674875738760774,5.722050175099498
bace_molecule_CAT-4n,-9.093000411987305,5.705825613838856,5.925572806622666,5.699151856486922,5.4631296242344325,5.701168152706111,5.740105629144151
bace_molecule_CAT-13i,-9.27299976348877,6.329101823562696,6.433584244653825,6.623736558002968,6.046378584156929,6.195362078025513,6.346447652974242
bace_molecule_CAT-17f,-9.42300033569336,5.582232703475902,5.874051618571599,5.640114241476371,5.330955945576517,5.534564791356061,5.531476920398961
bace_molecule_CAT-4p,-10.083000183105469,6.176629792825157,6.308944297624709,6.338927737787182,6.056250931175127,5.981296504785788,6.197729492752976
bace_molecule_CAT-13c,-9.322999954223633,6.277838790696565,6.481779577746259,6.497114191850308,6.177594774966267,6.1283191940427,6.10438621487729
bace_molecule_CAT-24,-11.350000381469728,5.741355526810606,6.015636069023163,5.705519041500621,5.4192748017974575,5.830063692083802,5.736284029647986
bace_molecule_CAT-4i,-8.262999534606934,5.666775187626984,5.862575251113678,5.661028936538423,5.460314572311362,5.640580394157675,5.70937678401378
bace_molecule_CAT-4c,-7.853000164031982,5.863867010055822,6.06253501431416,5.817688659893037,5.573297059447276,5.940458328481542,5.925355988143095
bace_molecule_CAT-17i,-9.472999572753906,5.652537547890335,5.970726495615287,5.669839225707478,5.353955657391322,5.674663545229627,5.593502815507956
bace_molecule_CAT-13k,-9.70300006866455,6.168807154839973,6.30439389359157,6.327114961572526,6.051829380176349,5.965755091157549,6.1949424477018775
bace_molecule_CAT-17a,-10.732999801635742,6.18380099837738,6.518114291928545,6.430160940676413,6.1265997823459,5.82377004150813,6.0203599354279085
bace_molecule_CAT-17c,-9.86299991607666,5.6023873434353435,5.926922899200838,5.640920356080682,5.354485408241315,5.54490613340279,5.544701920251093
bace_molecule_CAT-4o,-9.383000373840332,5.719101395777829,5.962227870652586,5.715083276560883,5.457938702158483,5.711482633397441,5.748774496119756
bace_molecule_CAT-17d,-9.42300033569336,5.561618557806172,5.86690466443414,5.606531489289608,5.335487170606295,5.495575693432207,5.503593771268613
bace_molecule_CAT-4b,-9.633000373840332,5.895991859473782,6.1385892017413415,5.845512804374404,5.560341485851118,5.991329337640105,5.944186467761941
bace_molecule_CAT-13f,-9.093000411987305,6.142468967691963,6.301194287810661,6.395385491070518,5.917332000957826,5.949870535690837,6.1485625229299705
bace_molecule_CAT-4d,-9.11299991607666,6.031631953552384,6.293036185784746,5.952288650223264,5.709769668546844,6.122960414172704,6.0801048490343605
bace_molecule_CAT-13m,-8.762999534606934,6.166757460659058,6.288635976222758,6.3360137627434,6.053816490748902,5.9720078371775305,6.183313236402699
bace_molecule_CAT-17h,-10.333000183105469,6.099464214483421,6.28094447313206,6.3590023405233955,5.969526266204713,5.830372790928121,6.057475201628816
bace_molecule_CAT-17e,-10.02299976348877,5.811086974288109,6.034898181677105,5.790891015804573,5.4129135049533685,5.973461854403194,5.843270314602307
jnk1_molecule_6a,-8.40999984741211,5.6804694771854845,5.676360733926251,5.465188601970103,6.1378749782916495,5.530580150816369,5.592342920923051
jnk1_molecule_19a_neu,-6.860000133514404,5.714922762968832,5.693356381514947,5.501004287509022,6.178292711729725,5.5671246499117775,5.634835784178687
jnk1_molecule_19b_neu,-7.300000190734863,5.654191008422936,5.6082718553801,5.460691915072876,6.138995372412498,5.505298582434437,5.5576973168147665
jnk1_molecule_19b_charg,-7.300000190734863,5.630154819280177,5.593651610204816,5.444201671452197,6.115708045975043,5.455393163851605,5.541819604917229
jnk1_molecule_19a_charg,-6.860000133514404,5.715726580111875,5.69506441005162,5.502561360869045,6.179046695548245,5.5671246499117775,5.634835784178687
egfr_molecule_21,-9.88,7.837530966808137,8.233636881459473,7.797710724408113,7.575869700682252,6.944877694478925,8.635559833011918
egfr_molecule_27neu,-9.94,7.779029588047877,8.237985043166706,7.806444971822996,7.5857306885241265,6.691245769797535,8.57374146692802
egfr_molecule_27chargR,-9.94,7.767942203170444,8.208732479924429,7.798346979056211,7.58566832119514,6.704400952077586,8.54256228359885
egfr_molecule_27chargS,-9.94,7.756179498817192,8.20755351808289,7.769036087629595,7.584994857408793,6.675890372807339,8.543422658157349
egfr_molecule_28neu,-10.7,7.877903557954227,8.276952153053694,7.823978454529482,7.649121975740705,7.002310839490032,8.63715436695722
egfr_molecule_28charg,-10.7,7.918290280623609,8.338746105799451,7.841675631337991,7.660668762900312,7.093931996099393,8.656428906980896
egfr_molecule_29neu,-10.46,7.687567779035372,8.121242945836052,7.735827256952457,7.53152239984808,6.587745588932285,8.461500703607985
egfr_molecule_29charg,-10.46,7.687735044888372,8.121242945836052,7.736663586217456,7.53152239984808,6.587745588932285,8.461500703607985
egfr_molecule_30neu,-11.25,7.734811943889605,8.160504489902738,7.775810703013104,7.570579755963897,6.631184446709174,8.535980323859114
egfr_molecule_30charg,-11.25,7.735772670562662,8.163671878729362,7.7769007678262865,7.570579755963897,6.632077169587064,8.535633780706696
ptp1b_molecule_26charg,-7.440000057220459,5.774031988631776,5.603140216929081,5.90320656241976,5.579976378671486,5.840940161984,5.942896623154554
ptp1b_molecule_26neu,-7.440000057220459,5.77316294901709,5.605030133468415,5.900920260672275,5.5762562743167186,5.841369034976569,5.942239041651469
ptp1b_molecule_27,-9.229999542236328,5.8856168816172865,5.798515339378976,5.992262450372262,5.592913528758677,5.969327792199666,6.075065297376848
ptp1b_molecule_32,-11.529999732971191,5.97949039056939,6.055015706007709,6.047479599842151,5.658931406078946,6.0725612576695704,6.063463983248578
irak4_s2_molecule_17charg,-10.109999656677246,6.529678348202244,6.520556305968433,6.3743157202237475,6.542530336585217,6.580332356901211,6.63065702133261
irak4_s2_molecule_17neu,-10.109999656677246,6.527109227892645,6.524039909725655,6.375548154057473,6.526363958373939,6.582922803313194,6.626671313992962
irak4_s2_molecule_5neu,-9.609999656677246,6.612628080410239,6.769607227044263,6.515213502564965,6.671793992514515,6.517063686609643,6.58946199331781
irak4_s2_molecule_18,-10.920000076293944,6.485206833133458,6.4768132592162715,6.323500992328116,6.525484672824468,6.51658995886068,6.583645282437751
irak4_s2_molecule_6,-8.510000228881836,6.2909346108014095,6.221782592013076,6.198161935221149,6.472033004846641,6.140995218715934,6.421700303210251
irak4_s2_molecule_5charg,-9.609999656677246,6.611001461202548,6.76759419734933,6.514030639179414,6.669361011300113,6.517897452688131,6.5861240054957495
irak4_s2_molecule_14,-10.109999656677246,6.427805465341848,6.385938985637572,6.293764913114834,6.496374227076889,6.433486451034253,6.529462749845689
dlk_molecule_9,-8.729999542236328,6.540778139058202,6.807825893468214,7.204758576487635,5.67417169272448,5.828159018018536,7.188975514592144
dlk_molecule_17charg,-10.4399995803833,5.737210504619492,5.977378521625544,5.6997799354238765,5.423615846977085,5.931395732392742,5.653882486678217
dlk_molecule_17neu,-10.4399995803833,6.690040646145197,6.8561900713619215,7.235591462438872,5.787256038607421,6.22634896802864,7.344816690289129
dlk_molecule_4charg,-9.329999923706056,5.61155721985312,5.923100535883314,5.7284980507590815,5.315912558032499,5.556780572910663,5.533494381680043
dlk_molecule_4neu,-9.329999923706056,5.6119471796786335,5.922925563370174,5.72966935112659,5.316249755798744,5.555705423480413,5.535185804617246
dlk_molecule_18,-9.979999542236328,5.719130711357766,5.951080086660714,5.73558439597219,5.299580038220158,5.949377575637718,5.660031460298052
dlk_molecule_8,-10.510000228881836,5.651343092636738,5.884073348105109,5.676961282711511,5.314915076718838,5.813688724647019,5.56707703100121
irak4_s3_molecule_28neu,-9.5,6.52418887878964,6.450126645040139,6.28042846143167,6.415902041198097,6.923240405536086,6.551246840742207
irak4_s3_molecule_19charg,-10.600000381469728,6.521834028062773,6.444425723919151,6.277747389881425,6.415902041198097,6.9207306114044655,6.550364373910727
irak4_s3_molecule_29,-8.710000038146973,6.554625296927003,6.456664396094899,6.333413313204277,6.450290624311038,6.962603813214195,6.570154337810603
irak4_s3_molecule_19neu,-10.600000381469728,6.523175980556736,6.447743225425864,6.277747389881425,6.415902041198097,6.923240405536086,6.551246840742207
irak4_s3_molecule_28charg,-9.5,6.522806475677648,6.446809143533425,6.28042846143167,6.415902041198097,6.920528358314319,6.550364373910727
irak4_s3_molecule_27,-8.710000038146973,6.709679625511326,6.809740690640003,6.475357283530367,6.605178627465845,7.021252773185945,6.6368687527344665
ephx2_molecule_47charg,-11.25,6.3317511255052805,6.47296233980054,6.686362535656258,5.867277868374419,6.253774751097403,6.378378132597786
ephx2_molecule_19charg,-8.239999771118164,6.0564051182461,6.159174766514996,6.440690616707308,5.773181950275852,5.844224107005418,6.064754150726927
ephx2_molecule_19neu,-8.239999771118164,6.055501128279671,6.1607151723082465,6.435400009456355,5.776788983622896,5.849737005087277,6.05486447092358
ephx2_molecule_20,-9.140000343322754,6.055618566018877,6.159174766514996,6.43771067449268,5.773181950275852,5.844224107005418,6.06380133180544
ephx2_molecule_47neu,-11.25,6.357036531815078,6.493354657844254,6.71945167728946,5.885340110520085,6.30083078390917,6.386205429512424
ephx2_molecule_33,-10.739999771118164,6.2602605146198425,6.4389665835637615,6.49927639678112,5.926727337076058,6.1272650915208615,6.309067164157411
jak1_molecule_17,-10.869999885559082,6.940039518792372,6.940730316353116,7.354803384060255,6.336657933788275,6.336019056555484,7.731986903204724
jak1_molecule_18charg,-11.300000190734863,6.967026282801351,6.964628448726084,7.401173105348472,6.382442894193568,6.284042504297236,7.802844461441389
jak1_molecule_18neu,-11.300000190734863,6.96862701616553,6.967419377996339,7.405796278686946,6.389441619019425,6.28475811922566,7.795719685899277
jak1_molecule_jmc_25,-11.40999984741211,7.273276590087525,7.268858214561762,7.558896969443602,6.907458887968974,6.703800900267144,7.927367978196143
jak1_molecule_jmc_34,-13.06999969482422,7.269218821304456,7.231290381457197,7.581519260417736,6.934372822957062,6.623359793782731,7.975551847907551
jak1_molecule_16charg,-10.539999961853027,6.900702252491206,6.9106872176090635,7.327388017138743,6.28499956030725,6.257586659449847,7.722849807951122
jak1_molecule_16neu,-10.539999961853027,6.900702252491206,6.9106872176090635,7.327388017138743,6.28499956030725,6.257586659449847,7.722849807951122
jak1_molecule_jmc_22,-11.350000381469728,7.1979348983452125,7.1853474329286,7.518629155549412,6.878031226863243,6.537531064271962,7.870135612112842
tyk2_molecule_ejm_47,-9.789999961853027,5.995643846148547,5.99706462965305,6.275277279813821,5.966872292830909,5.942609583157325,5.7963954452876285
tyk2_molecule_jmc_32charg,-11.65999984741211,5.906690743558838,5.975466869112444,6.183152438864421,6.012453094502113,5.612328931078805,5.7500523842364055
tyk2_molecule_jmc_31,-10.920000076293944,5.906690743558838,5.975466869112444,6.183152438864421,6.012453094502113,5.612328931078805,5.7500523842364055
tyk2_molecule_jmc_32neu,-11.65999984741211,5.932808349872117,5.99058652704535,6.208839321300689,6.041103987558595,5.6732216249664145,5.750290288489537
tyk2_molecule_ejm_52neu,-7.489999771118164,5.905563924154597,5.97748115389133,6.20854161746786,5.970393294471858,5.605324244135485,5.76607931080645
tyk2_molecule_ejm_52charg,-7.489999771118164,5.90480450102699,5.974461842195383,6.209038073706066,5.967812828213779,5.607646699613713,5.76506306140601
tyk2_molecule_ejm_46,-11.420000076293944,5.900414398809612,5.975112145418539,6.188367597288817,5.968360531293691,5.60499302365056,5.765238696396452
itk_molecule_17,-11.270000457763672,5.650117589482947,5.949581045541432,5.9644929341201225,5.1520199590599045,5.7059669827735915,5.478527025919682
itk_molecule_1neu,-12.56999969482422,5.645191551865903,5.937057006096857,5.967738023366338,5.1604191983569745,5.692169619994227,5.468573911515116
itk_molecule_1charg,-12.56999969482422,5.645674844066897,5.937665437552977,5.9689439564606355,5.16102129481153,5.692169619994227,5.468573911515116
itk_molecule_18,-12.770000457763672,5.640332801293551,5.972497373776762,5.9080317046572945,5.119968349923148,5.724745121928162,5.47642145618239
itk_molecule_19,-13.06999969482422,5.5872010882586265,5.949724899883274,5.831456901572147,5.072919247620077,5.6681945606377155,5.41370983157992
thrombin_whole_map_molecule_11,-5.840000152587891,6.067870904366569,6.327194476261146,6.559240253803223,5.728742088599528,5.806132900590878,5.918044802578069
thrombin_whole_map_molecule_1,-6.800000190734863,5.564449183106862,5.882170712154129,5.8519054238951815,5.179214464662658,5.383471064941994,5.525484249880349
thrombin_whole_map_molecule_3,-5.659999847412109,5.5638822452998085,5.951441382955312,5.866957067339218,5.199603750412575,5.374279527026469,5.427129498765467
thrombin_whole_map_molecule_jmb2009-4,-11.529999732971191,5.64409178706355,5.953278211031913,5.948569435475118,5.187267927922884,5.584066343696977,5.547277017190859
thrombin_whole_map_molecule_10,-7.670000076293945,5.944608395769157,6.192598244014985,6.481053048200766,5.659635382954813,5.592716444054772,5.797038859620447
thrombin_whole_map_molecule_2,-6.139999866485596,5.475436965455266,5.85131972491801,5.7850660669211305,5.147650249216095,5.240475236415744,5.352673549805348
cdk2_molecule_39neu,-8.369999885559082,6.158681714760264,6.090970507750688,6.036429365968599,6.496030964034482,6.170843130170405,5.9991346058771455
cdk2_molecule_39charg,-8.369999885559082,6.108457346912624,6.054120115549088,5.991043592919006,6.455334584063912,6.06893174375881,5.972856698272307
cdk2_molecule_34,-9.880000114440918,6.108457346912624,6.054120115549088,5.991043592919006,6.455334584063912,6.06893174375881,5.972856698272307
cdk2_molecule_25,-9.829999923706056,6.212875472508254,6.148808227452365,6.09015969020489,6.574262707242036,6.218531269172098,6.032615468469885
hsp90_frag_2rings_molecule_18,-8.960000038146973,6.282777092007875,6.328200625818058,6.158002627002719,6.451167061274898,6.232876480407001,6.243638665536703
hsp90_frag_2rings_molecule_17,-9.920000076293944,5.958462067303766,5.9146101711911605,5.98965508533838,5.881026324438242,6.038931569303234,5.968087186247815
hsp90_frag_2rings_molecule_19,-10.260000228881836,6.315790932300746,6.373937470398307,6.181043597002551,6.4806928308312495,6.248649772637781,6.29463099063384
hsp90_frag_2rings_molecule_15,-9.880000114440918,5.925119366146917,5.900155220834312,5.956844156391399,5.877981948259213,6.034029015732105,5.856586489517553
hsp90_frag_2rings_molecule_14,-8.720000267028809,5.76482937247203,5.7195078668812815,5.834847472658688,5.6974509543377225,5.819136062002416,5.753204506480041
hsp90_frag_2rings_molecule_16,-8.119999885559082,5.956556157632397,5.911360593801425,5.987899793643808,5.881140839530997,6.032615725104746,5.969763836081004
frag_liga_auto_molecule_12,-9.050000190734863,5.917490417379789,5.884751061453686,6.100821379674009,5.734185677176488,5.921562082328346,5.946131886266415
frag_liga_auto_molecule_9,-6.380000114440918,5.398923210656483,5.348845573443393,5.456002446188073,5.412024220183827,5.389164928422226,5.388578885044897
frag_liga_auto_molecule_5,-4.800000190734863,5.248239626390085,5.3000731863961805,5.182512031551852,5.390416623881676,5.153355161222722,5.214841128897992
frag_liga_auto_molecule_6,-5.300000190734863,5.544323334194867,5.495385293049363,5.562884129673101,5.464990346219246,5.636650550339214,5.56170635169341
frag_liga_auto_molecule_11,-9.079999923706056,5.6279855854797125,5.623495833628747,5.6256823884285305,5.45933287963551,5.638115327421333,5.793301498284443
frag_liga_auto_molecule_10,-6.539999961853027,5.343386485117813,5.298701356161474,5.371437208345111,5.3885059112388225,5.294794941656751,5.36349300818691
frag_liga_auto_molecule_8,-5.829999923706055,5.429808901051874,5.33986961012677,5.492126600832991,5.2632255254719595,5.680605696448017,5.373217072379634
frag_liga_auto_molecule_3,-6.03000020980835,5.669088127745077,5.538271510172087,5.974365430463281,5.6342589099186915,5.410933884363705,5.787610903807622
frag_liga_auto_molecule_7,-5.25,5.435742782854449,5.395573623121301,5.4826552338902825,5.427600936995875,5.4591730346484155,5.413711085616372
frag_liga_auto_molecule_13,-10.670000076293944,5.908232147493377,5.88092137399371,6.077244197325774,5.737950501276539,5.92118236209902,5.923862302771845
frag_liga_auto_molecule_4,-6.5,5.72467516823044,5.663429331192946,6.009950686386236,5.6492275043787235,5.500559170710322,5.8002091484839715
hsp90_frag_single_ring_molecule_10,-8.3100004196167,5.70184987369421,5.7978723462912285,5.827212663528376,5.858503018458945,5.498759965107857,5.526901375084644
hsp90_frag_single_ring_molecule_3,-8.3100004196167,5.538731364001921,5.656119436159117,5.696764037975386,5.369723711470914,5.487580814439891,5.483468819964299
hsp90_frag_single_ring_molecule_9,-7.360000133514404,5.503755307321942,5.59444466594207,5.661681996914647,5.377841040817482,5.393368030152799,5.491440802782711
hsp90_frag_single_ring_molecule_8,-8.029999732971191,5.472821200314397,5.518383949747257,5.549349690949358,5.4080391944678,5.47100860233953,5.41732456406804
hsp90_frag_single_ring_molecule_11,-8.119999885559082,5.571246347439524,5.663104008041765,5.74890643162321,5.429937313196897,5.521148202233128,5.493135782102621
hsp90_frag_single_ring_molecule_12,-8.59000015258789,5.765987630631679,5.85216795713346,5.903282003007952,5.922001809078343,5.618232901619841,5.534253482318803
hsp90_frag_single_ring_molecule_2,-6.929999828338623,5.411727668087652,5.475673504500749,5.474505022909005,5.338900422274313,5.352970126329152,5.416589264425037
jak2_set1_molecule_2_3E63,-7.90701150894165,5.840652083950935,5.915995081637127,5.753020729800626,6.212633978749861,5.603009214863727,5.718601414703333
jak2_set1_molecule_9,-8.363882064819336,6.4675360646604405,6.627456232450208,6.612443316210569,6.94081489105874,5.9803272555450695,6.176638628037615
jak2_set1_molecule_8,-8.774560928344727,6.666748426492073,6.741159334864145,6.75664303230596,7.22026717709541,6.218180083750754,6.3974925044440925
jak2_set1_molecule_5,-7.789802551269531,5.858214240165023,5.9245653798820115,5.768453100535777,6.238692854569211,5.619603810118121,5.739756055719995
jak2_set1_molecule_10,-7.143977165222168,6.7507560682752,6.828371823375601,6.854686875206377,7.2708809810746855,6.199695890577649,6.600144771141687
jak2_set1_molecule_4a,-6.864231586456299,5.850429846319978,5.883940445154675,5.78199111377394,6.246866585147115,5.610356934648381,5.728994152875776
jak2_set1_molecule_4b,-6.864231586456299,5.887382077932273,5.916442286713616,5.7666149928679395,6.402071790903826,5.613661039796995,5.738120279378986
jak2_set1_molecule_6,-6.198638439178467,6.917052203858715,6.99452848182834,6.54294790918229,7.2040422122373196,6.944355007739679,6.89938740830595
jak2_set1_molecule_3,-5.235617160797119,5.889659934085098,5.907603590722792,5.823486813769938,6.386311275143101,5.606964572767797,5.723933418021864
jak2_set1_molecule_1_3E62,-5.986692905426025,5.498572313773883,5.371654440771116,5.578220813264368,5.747304447177945,5.413653505799734,5.382028361856254
jak2_set1_molecule_7,-8.860579490661621,6.753112594830874,6.846958832400275,6.452750967352434,7.200134213309296,6.390890577393692,6.874828383698676
frag_mup1_molecule_IBT,-9.09000015258789,5.480700745966027,5.463989850130562,5.540049062748053,5.493430578999253,5.5346893400141735,5.371344897938093
frag_mup1_molecule_MT,-5.639999866485596,5.1041245377273485,5.081857972072587,5.071954600130142,5.300074757105088,5.011423534490933,5.055311824837991
frag_mup1_molecule_PT,-8.199999809265137,5.468753642218947,5.52286702359241,5.538689171788197,5.469245161594941,5.468526618161912,5.344440235957271
frag_mup1_molecule_SBT_R,-8.420000076293945,5.49830491445269,5.480789013683266,5.564934397211639,5.510765690544401,5.5579137427383145,5.377121728085828
frag_mup1_molecule_SBT_S,-8.420000076293945,5.537838554013058,5.5159914122510365,5.586818129389761,5.53176103644597,5.632962916380408,5.421659275598114
frag_mup1_molecule_IPT,-7.849999904632568,5.1611962534354445,5.146319327855786,5.10343074247671,5.343732224744742,5.114912703139386,5.0975862689606
frag_mup1_molecule_ET,-6.960000038146973,5.4387260119710366,5.439410461133688,5.525463038755858,5.449885083227531,5.443815728590577,5.335055748147527
frag_p38_molecule_4,-5.400000095367432,6.246417689826165,6.222946223491473,6.684091005949834,6.066165402550937,5.989050296993435,6.269835520145146
frag_p38_molecule_1_1W7H,-3.940000057220459,5.565134081406339,5.703971759484095,5.535735036966301,5.615039853638176,5.428068084112104,5.542855672831019
frag_p38_molecule_6,-5.039999961853027,6.323713325260743,6.366336072885681,6.716057899098988,6.054963434671401,6.255698515648217,6.225510703999432
frag_p38_molecule_5_1WBW,-5.940000057220459,5.853007724722621,5.951812922424939,5.94799912401664,5.615443401223388,5.878128284790962,5.871654891157183
frag_p38_molecule_7,-6.300000190734863,6.584267728536226,6.538144803686787,7.014803051333407,6.269596451687584,6.52574329404215,6.573051041931197
frag_p38_molecule_3,-4.090000152587891,5.565611354827288,5.705834979534205,5.558776838666089,5.632677688309564,5.40593758325361,5.524829684372975
t4lysozyme_uvt_molecule_meta_methyl_ethyl_benzene,-5.079999923706055,5.523726300890157,5.652140693270461,5.456833621757857,5.63542757571668,5.449707885420552,5.424521728285238
t4lysozyme_uvt_molecule_methyl_benzene,-5.480000019073486,5.231516113593814,5.343481196869884,5.141291474576046,5.3747623431416125,5.140674161397705,5.157371391983822
t4lysozyme_uvt_molecule_ethyl_benzene,-5.71999979019165,5.454585011717206,5.5706280375780866,5.437435948212209,5.545928292174236,5.329828818264719,5.389103962356778
t4lysozyme_uvt_molecule_ortho_methyl_ethyl_benzene,-4.53000020980835,5.490520110360458,5.6377774257070685,5.371248414598814,5.583211818582888,5.4358305013311154,5.424532391582403
t4lysozyme_uvt_molecule_m-xylene,-4.71999979019165,5.287136739759863,5.405892092712579,5.142979288581652,5.433805883657529,5.264357351541127,5.188649082306431
t4lysozyme_uvt_molecule_p-xylene,-4.630000114440918,5.285348425961165,5.400758902322404,5.1478580657263535,5.432608058021383,5.264307480427505,5.181209623308176
t4lysozyme_uvt_molecule_o-xylene,-4.570000171661377,5.249812988665548,5.386718402855784,5.049605427790337,5.405727256679056,5.23045246505804,5.176561390944521
t4lysozyme_uvt_molecule_butyl_benzene,-6.659999847412109,5.642438625689357,5.800395625317153,5.640283529917798,5.594342023602223,5.63430346213416,5.542868487475454
t4lysozyme_uvt_molecule_propyl_benzene,-6.510000228881836,5.591719628758761,5.663197475651062,5.665969788573194,5.579950441117198,5.538854851835133,5.510625586617215
t4lysozyme_uvt_molecule_para_methyl_ethyl_benzene,-5.380000114440918,5.520704917866458,5.644436050470268,5.4590992378298315,5.632274369099007,5.451588602587821,5.41612632934536
t4lysozyme_uvt_molecule_benzene,-5.159999847412109,5.190349141852485,5.281349843621768,5.074892727087262,5.35898712244542,5.087471238984657,5.149044777123321
t4lysozyme_uvt_molecule_isobutyl_benzene,-6.440000057220459,5.528242433247419,5.661388126984204,5.464120419102066,5.627174855029738,5.446040039123047,5.442488725998036
frag_mcl1_noweak_molecule_2,-5.329999923706055,5.419742346509379,5.32612063831765,5.642400194312933,5.806455717168457,4.991088235262483,5.3326469474853715
frag_mcl1_noweak_molecule_3,-6.389999866485596,5.517258190359402,5.4572814916610275,5.91269035501604,5.780345953576614,5.074677157106623,5.361295994436707
frag_mcl1_noweak_molecule_4,-5.809999942779541,5.5207033142580135,5.461634230897417,5.837702927652823,5.859193738633973,5.08072550989613,5.364260164209726
frag_mcl1_noweak_molecule_5,-6.039999961853027,5.615045349094511,5.580698314300393,5.933579280698361,5.849938937647745,5.227797324546619,5.483212888279438
frag_mcl1_noweak_molecule_7,-5.880000114440918,5.686045538317221,5.745214962640075,5.958273709375429,5.85874186484045,5.30757030208012,5.560426852650031
frag_mcl1_noweak_molecule_8,-6.369999885559082,5.704681557788009,5.751726601576732,5.964581680845787,5.938015121132901,5.298417247329615,5.57066713805501
frag_mcl1_noweak_molecule_9,-5.480000019073486,5.115994848877653,5.158145551191502,5.118641949722148,5.2296713467987646,5.0610297300247415,5.012485666651105
frag_mcl1_noweak_molecule_10,-5.039999961853027,5.250976834135943,5.344254276100251,5.421640902092039,5.307588529129789,5.127564624102692,5.053835839254942
frag_mcl1_noweak_molecule_11,-5.550000190734863,5.486568865651873,5.434942547056433,5.672460532819255,5.894594018510644,5.023742912369928,5.407104317503102
frag_mcl1_noweak_molecule_14,-5.610000133514404,4.929779710671869,4.949639909629276,4.975391019384514,5.115678262033746,4.735818215678276,4.872371146633532
frag_mcl1_noweak_molecule_15,-5.309999942779541,5.337286929535354,5.489756963183279,5.351769642414888,5.3783125570146275,5.235195432011657,5.231400053052323
frag_mcl1_noweak_molecule_13_flipped,-5.210000038146973,5.9718488094632,6.150265688557791,6.497111321332161,5.431549124838609,5.17659286161352,6.603725050973918
jak2_set2_extra_molecule_13_3E64,-9.696937561035156,6.105283471077036,6.291242323937029,6.0085332189979175,6.547521497114703,5.828857383501978,5.850262931833558
jak2_set2_extra_molecule_21,-8.340335845947266,6.69044672538932,6.7951927631758,6.450969494205072,7.089300598818877,6.431521639148403,6.685249131598448
jak2_set2_extra_molecule_20,-8.067665100097656,7.112842521557326,7.152020810759573,7.13440739196225,7.500126628958984,6.638095942738265,7.139561833367559
jak2_set2_extra_molecule_18,-8.325143814086914,6.064325198261237,6.196200179189646,5.97163010093851,6.4725062999120135,5.766621195234261,5.914668216031755
jak2_set2_extra_molecule_14,-7.789802551269531,6.068918379678011,6.22990892825909,5.975107365014584,6.514627285483435,5.815891872685586,5.80905644694736
jak2_set2_extra_molecule_12,-7.434834003448486,6.153778476282644,6.313252512489654,6.043503874274199,6.644053351154819,5.900727986993411,5.867354656501138
jak2_set2_extra_molecule_15,-7.379123210906982,6.087426272776769,6.239524901890897,6.017665781210652,6.521306761762553,5.836367153548713,5.82226676547103
jak2_set2_extra_molecule_22_flip,-10.107617378234863,7.002096886612165,7.0160717673375625,7.081178473023774,7.442986126173525,6.5842503852092475,6.885997681316714
3RKZ_lig62to70_alpha05_molecule_lignad_63,-9.31999969482422,5.6594393385828266,5.771708889861868,6.039277369324344,5.230487177625661,5.790718630477869,5.46500462562439
3RKZ_lig62to70_alpha05_molecule_ligand_69,-13.140000343322754,5.87195270528382,6.118601818341905,5.99326283482487,5.4521834834173,5.860282105605572,5.935433284229454
3RKZ_lig62to70_alpha05_molecule_ligand_62,-6.670000076293945,5.607868081754335,5.752903321192714,5.847848731627636,5.210257697852588,5.786180950554849,5.442149707543884
3RKZ_lig62to70_alpha05_molecule_lignad_65,-9.279999732971191,5.674949969521446,5.8121556779646815,6.059294863507328,5.23174728690272,5.797178647453352,5.474373371779147
3RKZ_lig62to70_alpha05_molecule_lignad_68,-8.449999809265137,5.845318671127907,5.899268043499315,6.093240763457449,5.314493726966328,6.329994048844785,5.589596772871658
3RKZ_lig62to70_alpha05_molecule_ligand_64,-8.890000343322754,5.681477589835072,5.877362581612118,5.913820055414192,5.281723445562508,5.817631841232337,5.516850025354203
3RKZ_lig62to70_alpha05_molecule_ligand_70,-12.739999771118164,5.873029331062985,6.119275246988746,5.994598079546914,5.450881919640577,5.8617683311457345,5.93862307799295
MHT1_lig3_alpha05_molecule_5AN26_ligand,-7.570000171661377,6.137352679020587,6.30883470229867,6.2892000843587805,5.596481183986139,6.464100607728512,6.028146816730837
MHT1_lig3_alpha05_molecule_5ANT_A_ligand,-8.550000190734863,6.197037545048707,6.3437524924286155,6.348600756515942,5.654452585573288,6.573592940105085,6.064788950620606
MHT1_lig3_alpha05_molecule_5ANU_ligand,-12.960000038146973,6.336267129836061,6.490795315422526,5.8987003523386585,5.599148405919488,7.536530031603168,6.1561615438964665
2B8V_lig24and25_alpha05_molecule_ligand25_S,-7.53000020980835,6.576140152278967,6.820938655688388,6.558731524118212,5.8794713922443265,7.2610900937618865,6.36046909558202
2B8V_lig24and25_alpha05_molecule_ligand24_S,-5.440000057220459,6.145634165544098,6.46800625677811,6.261549554717006,5.456993333157529,6.544936517865958,5.996685165201887
ck2_custcore_hotlys_molecule_ligand_15,-10.359999656677246,7.490880984031392,7.427353536630327,7.7027410688575255,7.219998615794867,6.9340163148045555,8.170295384069687
ck2_custcore_hotlys_molecule_ligand_14,-13.039999961853027,7.119427943771896,7.186012373955727,7.413531433925705,6.8193734327477875,6.275069637663513,7.903152840566748
2E9P_lig4to7_alpha05_molecule_ligand_5,-11.18000030517578,7.461778191394551,7.37787463263548,7.199998292427813,7.661680682126839,7.500208483121478,7.569128866661148
2E9P_lig4to7_alpha05_molecule_ligand_7,-10.270000457763672,7.416642053973737,7.359991521406165,7.177004425123908,7.612772057225439,7.48224539190173,7.451196874211445
2E9P_lig4to7_alpha05_molecule_ligand_4,-10.880000114440918,6.9475429077953965,6.976775140969713,6.820472168273461,6.9209837945515655,7.041439900215794,6.9780435349664485
2E9P_lig4to7_alpha05_molecule_ligand_6,-11.09000015258789,7.306795434838198,7.216660851846377,7.135412910416759,7.5230041535812715,7.402094113715187,7.256805144631391
2Q15_lig17to21_alpha05_molecule_ligand_20_S,-10.210000038146973,6.496023224365368,6.644647603681832,6.585009172861944,5.743005767583733,7.096136853116389,6.411316724582939
2Q15_lig17to21_alpha05_molecule_ligand_21,-10.56999969482422,6.738773638019417,6.825692357110799,6.692477475810351,5.857077278380668,7.698610396267066,6.620010682528205
2Q15_lig17to21_alpha05_molecule_ligand_18,-10.81999969482422,6.158611245437216,6.320951447141075,6.428551463295627,5.59253695221795,6.2845795839758,6.166436780555629
2Q15_lig17to21_alpha05_molecule_ligand_17_enu,-9.81999969482422,6.241654524533184,6.45447755818984,6.134377153357582,5.546933310724154,6.804262779952293,6.268221820442046
2Q15_lig17to21_alpha05_molecule_ligand_19,-11.289999961853027,6.493481344873976,6.644416747738907,6.582434486860148,5.743005767583733,7.0862329976041485,6.411316724582939
hsp90_3hvd_custcore_molecule_lig_3B27,-7.039999961853027,5.962679111482251,6.009282124990815,6.336409260147042,5.701273066576734,5.790952705454574,5.97547840024209
hsp90_3hvd_custcore_molecule_18_minimized,-13.177300453186035,6.262981198151605,6.428333093394704,6.114234053032364,6.388986980898542,6.122219134094865,6.261132729337548
hsp90_3hvd_custcore_molecule_8__3VHA,-10.15248966217041,6.397385951688752,6.586333430319642,6.16079012592017,6.268355345289632,6.6683732646544716,6.30307759225984
hsp90_3hvd_custcore_molecule_13,-11.26364040374756,6.651855194953481,6.904028598119599,6.335688385092915,6.651970491709364,6.914399208023322,6.453189291822202
hsp90_3hvd_custcore_molecule_9,-9.71030044555664,6.38561619149608,6.584168599902076,6.154231619627019,6.263646554024701,6.648601605964013,6.2774325779625935
hsp90_3hvd_custcore_molecule_16__3VHD,-12.74081039428711,6.294796240841405,6.427766030339667,6.159639711995838,6.442181613622724,6.119656669417347,6.3247371788314535
hsp90_3hvd_custcore_molecule_11__3VHC,-12.194700241088867,6.618280025085312,6.8626058351426344,6.331805918160633,6.6278444400317245,6.8484678161771635,6.420676115914405
hsp90_3hvd_custcore_molecule_12,-11.158180236816406,6.653744440029878,6.905639782406447,6.334692150873315,6.664767492966079,6.907037172634729,6.456585601268819
hsp90_3hvd_custcore_molecule_7,-9.497720718383787,6.390037405222456,6.586151650297325,6.152196774013763,6.2628251468784235,6.659999102683817,6.289014352238953
hsp90_3hvd_custcore_molecule_17__top_conformer,-12.927749633789062,6.317022191541933,6.479599123324538,6.174851947138727,6.452147899212593,6.109436426734704,6.3690755612991055
Fxa_2ei8_molecule_Edoxaban,-12.59000015258789,6.221134050269369,6.505159111284553,6.583753533645428,6.150598879492767,5.802628636404645,6.063530090519458
Fxa_2ei8_molecule_4d,-11.720000267028809,6.532816263640986,6.77575782393147,6.8173192227102435,6.4368331085392265,6.061752547289357,6.572418615734635
Fxa_2ei8_molecule_4c,-11.789999961853027,6.532816263640986,6.77575782393147,6.8173192227102435,6.4368331085392265,6.061752547289357,6.572418615734635
TPSB2_3v7t_molecule_1,-10.460000038146973,6.283351366963073,6.730598638679012,6.123898972762551,5.791367518639915,6.488278883416122,6.282612821317766
TPSB2_3v7t_molecule_2,-9.84000015258789,6.281287913230737,6.718260638846975,6.125988756879741,5.798062433700002,6.4927134783801295,6.271414258346839
Bace1_4zsp_molecule_31,-8.350000381469727,5.870145716859137,5.917253210379757,6.1768227409768945,5.779621400609747,5.631099618792763,5.845931613536526
Bace1_4zsp_molecule_7,-7.710000038146973,6.28784499864079,6.311312838049987,6.524205523939218,5.945490936547172,6.296906017722918,6.361309676944657
Bace1_4zsp_molecule_6,-7.829999923706055,5.8201186711654405,5.882334994289425,6.157297820444045,5.734130503298644,5.540739780554965,5.786090257240122
EZH2_5ij7_corehop_molecule_22,-9.6899995803833,6.304320891380521,6.453473775722074,6.459282878510056,5.830020647502787,6.460706222391406,6.318120932776281
EZH2_5ij7_corehop_molecule_31,-10.270000457763672,6.447944099424463,6.518156669113571,6.378034765756566,5.913148136668385,6.926026324849053,6.504354600734734
EZH2_5ij7_corehop_molecule_29,-10.270000457763672,6.15793907576088,6.185302586669478,6.3429922099033975,5.769903830797107,6.31312413716354,6.178372614270874
EZH2_5ij7_corehop_molecule_27,-8.369999885559082,6.580742715408794,6.783975983418387,6.463205644629427,5.9852562390930615,7.031462286300286,6.639813423602812
CHK1_3u9n_corehop_molecule_17,-9.715999603271484,6.015350674374934,6.343414784846497,6.0272457447434755,5.6985357252507365,5.8961053896178095,6.111451727416158
CHK1_3u9n_corehop_molecule_1,-9.699999809265137,6.431169996183144,6.559135991398008,6.2067102021971525,6.253123122141658,6.825962403454224,6.310918261724673
CHK1_3u9n_corehop_molecule_21,-9.142000198364258,6.539988009027813,6.643923313671081,6.242036813659903,6.351499242234891,6.857643450247171,6.604837225326017
CHK1_3u9n_corehop_molecule_20,-9.208000183105469,6.494126495109633,6.6127998077681776,6.195511877589818,6.299797168146034,6.838754416208641,6.523769205835499
CHK1_3u9n_corehop_molecule_19,-8.54800033569336,6.335411558209541,6.588123542642812,6.188981662753542,6.285104298841049,6.177934862867606,6.436913423942701
a2a_hip278_molecule_4g,-11.064042091369627,5.96410335491272,5.798540758806899,5.727455091572679,6.364205091839082,6.0433874189291865,5.886928413415751
a2a_hip278_molecule_4h,-10.654767990112305,6.073766273037559,5.833395319344948,5.907540351012291,6.428707901629602,6.207087130239851,5.992100662961103
a2a_hip278_molecule_4jS,-10.886690139770508,6.065332224789492,5.805865284681696,5.891170015136683,6.414121018896385,6.1973739308766955,6.018130874356001
a2a_hip278_molecule_4kU,-11.541528701782228,6.017244293828998,5.836005187776505,5.924227154366037,6.306852314851465,6.086135624163526,5.933001187987461
a2a_hip278_molecule_4lD,-11.377819061279297,6.023878045565128,5.849895170879328,5.915883634949388,6.3199206192364,6.082783192419051,5.950907610341476
a2a_hip278_molecule_4i,-10.313706398010254,6.083380110416996,5.864015255025922,5.965745492872189,6.424835302556603,6.236228437634368,5.926076063995896
a2a_hip278_molecule_4a,-9.41330337524414,5.368440962844566,5.347905936919266,5.228868007987353,5.55396975820756,5.308925778897738,5.402535332210912
a2a_hip278_molecule_4b_D,-9.959002494812012,5.797455319521336,5.6277321156449185,5.785675785876111,6.27976638989667,5.527801634873562,5.76630067131542
a2a_hip278_molecule_4c,-11.459673881530762,6.1517946567350075,5.998271516248688,6.092414424467026,6.576870108749535,5.949321190967149,6.142096043242642
a2a_hip278_molecule_4d,-10.504701614379885,5.942580147078436,5.786999258915587,5.716440560499431,6.311463908391472,6.030758960774963,5.867238046810726
a2a_hip278_molecule_4o,-11.35667324066162,5.434814756777009,5.393581744968845,5.293492366283511,5.58843247052043,5.4256282017089825,5.47293900040328
a2a_hip278_molecule_4f,-11.44603157043457,6.104869592693977,5.9281694138498295,5.90294657282349,6.418148042584137,6.267138199735242,6.007945734477186
a2a_hip278_molecule_4e_D,-12.073585510253906,6.009222882730323,5.780853363102068,6.008784803827417,6.359496793034414,5.85431993663283,6.0426595170548865
a2a_hip278_molecule_4m_D,-10.550403594970703,5.832419752879281,5.673257047462809,5.815004543724604,6.290353948109959,5.56377528971307,5.819707935385963
a2a_hip278_molecule_4q,-8.886704444885254,5.364526546701208,5.33504127567098,5.230865096607491,5.5506677702162435,5.307886315249385,5.398172275761948
a2a_hip278_molecule_4n,-11.550395965576172,6.109580965017452,5.893761109768127,6.091622980423051,6.524584705422089,5.93249711045812,6.105438919015871
a2a_hip278_molecule_4r_U,-11.461993217468262,6.237413958413526,5.9109718118847505,6.33861436424126,6.625064982272873,6.095188485586135,6.217230148082612
a2a_hip278_molecule_4o_deprotonated,-11.35667324066162,5.420294425240501,5.387138439933831,5.281295385496793,5.583503588912398,5.379617345977214,5.469917365882269
a2a_hip278_molecule_4eD_deprotonated,-12.073585510253906,5.994279864472562,5.7780254498781956,6.010558960872488,6.325736643009629,5.814433771458601,6.042644497143894
a2a_hip278_molecule_4f_deprotonated,-11.44603157043457,6.075496698115399,5.906501792037799,5.88797545543819,6.389882653338493,6.200588024953812,5.992535564808696
ox2_hip_custcore_molecule_set_1__1,-10.978231430053713,6.728626041207969,7.033678953612562,7.1732521156162425,5.819421729808267,6.102453731179367,7.514323675823404
ox2_hip_custcore_molecule_set_1__2,-10.049724578857422,6.650194997552286,6.931611385247074,7.077519030518129,5.791691636604475,5.973905491101146,7.476247444290604
ox2_hip_custcore_molecule_set_1__3,-8.59611988067627,6.499726115681403,6.836604431021117,6.758432144109149,5.718116992017177,5.780583340139678,7.404893671119899
ox2_hip_custcore_molecule_set_1__4,-10.603745460510254,6.804153651463258,7.061629050088005,7.196067424398505,5.806254378839128,6.372351152841254,7.5844662511494
ox2_hip_custcore_molecule_set_1__5,-10.885735511779783,7.021819613190506,7.191205312218383,7.590241652954219,6.425843476140307,6.207789536665874,7.694018087973743
ox2_hip_custcore_molecule_set_1__6,-10.013026237487791,6.782287380161707,7.076496685095552,7.219137976114457,5.839322940799561,6.28237393395512,7.494105364843842
ox2_hip_custcore_molecule_set_1__7,-11.577681541442873,7.117059306647941,7.304021946658538,7.708802405966647,6.4964383111208885,6.3355443132115505,7.740489556282083
ox2_hip_custcore_molecule_set_1__8,-10.151361465454102,6.7508081795919255,7.052996892233475,7.192493609519378,5.832636928103241,6.143704427741028,7.532209040362505
ox2_hip_custcore_molecule_set_1__9,-8.624086380004883,6.46561720490744,6.776516526940442,6.904577186836112,5.688277261200871,5.5543572345413,7.404357815018479
ox2_hip_custcore_molecule_set_1__10,-10.316571235656738,6.852503001096844,7.091361550628551,7.448563406039747,5.939031988684875,6.171109614189961,7.612448445941087
ox2_hip_custcore_molecule_set_1__11,-11.125433921813965,6.870977155140229,7.1071160598320064,7.25772245097318,5.866845594234208,6.473922083254481,7.649279587407276
ox2_hip_custcore_molecule_set_1__12,-10.54126262664795,6.66431605344107,6.979233181194934,7.155307031428107,5.746754091753616,5.939951046415249,7.500334916413445
ox2_hip_custcore_molecule_set_1__13,-8.972378730773926,6.649550509160574,6.99444463764724,6.950361110921173,5.765843389380251,6.068540213490808,7.4685631943634
ox2_hip_custcore_molecule_set_1__14,-11.169498443603516,6.835587547097349,7.120542609958714,7.420528075385052,5.885860647641751,6.15991897509906,7.591087427402164
ox2_hip_custcore_molecule_set_1__15,-6.821234703063965,6.418687982795236,6.806892703655197,6.681163415308645,5.6797281046057115,5.608258516604545,7.317397173802077
ox2_hip_custcore_molecule_set_1__16,-10.950536727905272,6.726773994596665,7.014310958904812,7.178799027430431,5.804341718346334,6.0842014981627806,7.552216770138967
ox2_hip_custcore_molecule_set_1__17,-6.883717060089111,6.669872254339682,6.95753056658573,7.153331037281542,5.774261974393223,5.961265328387865,7.502972365050048
ox2_hip_custcore_molecule_set_1__18,-8.276204109191895,7.104904985194805,7.346083736865672,7.294503018689763,5.994428483181858,6.860023305307511,8.02948638192922
ox2_hip_custcore_molecule_set_1__19,-7.515090465545654,6.933233235163685,7.278298541423814,7.252019534557562,5.889529106650362,6.515178937595243,7.731140055591447
ox2_hip_custcore_molecule_set_1__20,-10.399927139282228,6.695982437719458,7.01684485459887,7.142198442517175,5.791678325336812,6.032760707814167,7.496429858330268
ox2_hip_custcore_molecule_set_1__21,-8.688343048095703,6.457538642615684,6.7645835514782595,6.879155378606506,5.726922269631494,5.519826881460579,7.397205131901578
ox2_hip_custcore_molecule_set_1__22,-10.420527458190918,6.667744059819563,6.976782261046272,7.153043641139982,5.752045490410536,5.9526803187981505,7.504168587702872
ox2_hip_custcore_molecule_set_1__23,-10.080965995788574,6.612388208876044,6.860778489491914,7.119436461650616,5.7448065374617165,5.838786755316074,7.498132800459897
ox2_hip_custcore_molecule_set_1__24,-10.443309783935549,6.768763816972154,7.092470855986028,7.252516939879719,5.839216199966413,6.114943098980881,7.544671990047727
ox2_hip_custcore_molecule_set_1__25,-11.097330093383787,6.852061694023763,7.123866608486122,7.303006695660587,5.89964785563897,6.299705925872945,7.634081384460191
ox2_hip_custcore_molecule_set_1__26,-11.387232780456545,6.778011855922401,7.085100842868418,7.247731347923206,5.860642958759007,6.143237935428775,7.553346194632599
ox2_hip_custcore_molecule_set_1__27,-10.95654010772705,6.692014171071991,7.0090186306157065,7.144582217752971,5.7841283513322015,6.0224944400179625,7.49984721564111
ox2_hip_custcore_molecule_set_2__1,-9.413166999816896,6.808645195630618,7.187431861235643,7.192986401321767,5.8136927014626805,6.198228453606367,7.650886560526627
ox2_hip_custcore_molecule_set_2__2,-8.611808776855469,6.756355201511022,7.018419182015136,7.235805968134358,5.824743837362984,6.09678083610579,7.606026183936842
ox2_hip_custcore_molecule_set_2__3,-9.46992015838623,6.877704099969034,7.218397980830756,7.229829186332943,5.929773740121737,6.321979855652059,7.688539736907671
ox2_hip_custcore_molecule_set_2__4,-9.716166496276855,7.215005861065944,7.461508322096343,7.673922143903294,6.564987247588965,6.510195109728444,7.864416482012678
ox2_hip_custcore_molecule_set_2__5_adjust,-10.85299301147461,6.985121177907874,7.302590505448952,7.340406970700038,5.973132732132714,6.549743298393365,7.759732382864293
ox2_hip_custcore_molecule_set_2__6,-10.490240097045898,6.808721094151911,7.188900999051707,7.192039030586871,5.812695379128262,6.203175428257073,7.646794633735646
ox2_hip_custcore_molecule_set_2__7,-7.945237636566162,6.96772323733087,7.293244381652047,7.303954830486777,5.983248982587579,6.51005178597201,7.7481162059559345
ox2_hip_custcore_molecule_set_2__8,-10.95654010772705,6.818018610956533,7.18462654956749,7.219216435665391,5.819204626472023,6.209118519413527,7.657926923664233
ox2_hip_custcore_molecule_set_2__9,-10.010706901550291,7.015663374859168,7.34167223994093,7.3723744980012045,5.945698338633797,6.5656986798368,7.852873117883107
ox2_hip_custcore_molecule_set_2__10,-6.852475643157959,7.080166403727286,7.435030404021628,7.524605731599738,6.053677674238826,6.6413248702103065,7.746193338565933
ox2_hip_custcore_molecule_set_2__11,-9.472103118896484,6.603583085008305,6.982743526402887,6.948872499673123,5.761242646061226,5.809178224469792,7.515878528434492
ox2_hip_custcore_molecule_set_2__12,-9.990925788879396,6.867827305141394,7.217256293597608,7.237911431652781,5.9161141966586115,6.309712312216669,7.658142291581301
ox2_hip_custcore_molecule_set_2__13,-10.815340042114258,6.665083660740274,7.0861223889289775,6.985636371800318,5.83285648330377,5.849475356891613,7.571327702776688
ox2_hip_custcore_molecule_set_2__14,-10.7535400390625,6.818227813097377,7.188814918021411,7.201423125722989,5.852192552397321,6.177992713762116,7.670715755583048
ox2_hip_custcore_molecule_set_2__15,-9.641133308410645,6.877331066179487,7.142450872521235,7.324533696663514,5.872697217773743,6.365835822395853,7.681137721543085
ox2_hip_custcore_molecule_set_2__16,-9.674556732177734,6.889259056172319,7.298596583873315,7.370206520245373,5.916615409063866,6.177904104671639,7.682972663007407
ox2_hip_custcore_molecule_set_2__17,-9.98465061187744,6.764214563219051,7.142736937438651,7.038183311080508,5.8078868206878855,6.234229052225875,7.598036694662332
ox2_hip_custcore_molecule_set_2__18,-9.408119201660156,6.85461376198549,7.289937373132147,7.32354228680248,5.885846734783692,6.1358350120524,7.637907403156738
ox2_hip_custcore_molecule_set_2__19,-9.02353858947754,6.607599377546462,6.976889925593188,6.950568734448221,5.780368299145921,5.8080173038798355,7.522152624665147
ox2_hip_custcore_molecule_set_2__20,-11.045079231262209,6.807272750275584,7.167803751911129,7.148309018221067,5.895380157037018,6.193199548701936,7.6316712755067675
ox2_hip_custcore_molecule_set_2__21,-10.565683364868164,7.262754234485691,7.500309552505853,7.736371423631354,6.611067483633421,6.553233179233354,7.91278953342447
ox2_hip_custcore_molecule_set_2__22,-8.531181335449219,6.794737746754552,7.160788734087543,7.24380059481168,5.8829205025232225,6.104669254137082,7.581509648213229
ox2_hip_custcore_molecule_set_2__23,-10.52380084991455,6.8309288259673595,7.195690452480869,7.226736845680506,5.844658628139139,6.213401163579464,7.674157039956819
ox2_hip_custcore_molecule_set_2__24,-9.534994125366213,7.145692147183153,7.407106431980458,7.702850178012742,6.506845040470559,6.32753416977208,7.784124915679927
p2y1_meta_sub_molecule_16,-11.216630935668944,5.497185700205044,5.7359617057353,5.403221973275155,5.414356949528942,5.511102569776333,5.421285302709493
p2y1_meta_sub_molecule_11a,-7.774801731109619,5.388677959405888,5.530036179619961,5.334679135343672,5.376395397099715,5.349148284716556,5.353130800249539
p2y1_meta_sub_molecule_6e,-9.403467178344728,5.415392277295777,5.616697250821552,5.36261975931781,5.381569963454291,5.359776654445753,5.35629775843948
p2y1_meta_sub_molecule_11c,-10.20659351348877,5.440499318834116,5.665155962287516,5.346521546417302,5.400060628428521,5.409413862481704,5.381344594555544
p2y1_meta_sub_molecule_6b,-9.99706745147705,5.420714668704138,5.617838449747414,5.353421737510933,5.395111046501324,5.363033206951769,5.374168902809248
p2y1_meta_sub_molecule_1,-9.720174789428713,5.422453353392749,5.640844632606393,5.355736592640093,5.390967407551905,5.351009050018627,5.373709084146725
p2y1_meta_sub_molecule_6a,-9.231863975524902,5.3888337546187906,5.544181577642507,5.332643250954961,5.370064075390316,5.351553334582064,5.345726534524104
p2y1_meta_sub_molecule_6f,-9.329582214355469,5.401760532611174,5.5559551108640095,5.336255173967001,5.385571814121225,5.369090530761044,5.361930033342592
p2y1_meta_sub_molecule_6h,-9.984593391418455,5.423996908730425,5.588622514017501,5.357052228609317,5.3888136027546665,5.422556648164456,5.3629395501061845
p2y1_meta_sub_molecule_6d,-8.4812650680542,5.400985462964449,5.55742111498173,5.331643838506823,5.386421216712077,5.36819927774873,5.361241866872886
p2y1_meta_sub_molecule_6i,-10.24363613128662,5.450900037284004,5.613031552169554,5.386054254697955,5.418993839618153,5.447197978155067,5.389222561779291
p2y1_meta_sub_molecule_6g,-9.769577026367188,5.412586199896056,5.568011001021662,5.347647703858615,5.425845439361223,5.366684067044025,5.354742788194757
p2y1_meta_sub_molecule_6n,-8.517489433288574,5.402380300949222,5.558486621649537,5.336822504871709,5.385571814121225,5.369090530761044,5.361930033342592
p2y1_meta_sub_molecule_6m,-8.589093208312988,5.449884931491624,5.614864124373638,5.380483226747344,5.418150383078069,5.448246381158495,5.387680542100576
p2y1_meta_sub_molecule_6p,-9.653029441833496,5.41842453441676,5.5717305264538375,5.3485297704343955,5.437360972000003,5.363421981285683,5.371079421909877
p2y1_meta_sub_molecule_6k,-10.303940773010254,5.393470932767261,5.5987316465587424,5.343698428057112,5.35269470564901,5.331880369503848,5.3403495140675945
p2y1_meta_sub_molecule_6o,-8.446208000183105,5.431780641315638,5.603466035325415,5.37237639676295,5.360612662798606,5.465615523683016,5.356832588008204
p2y1_meta_sub_molecule_6q,-9.238834381103516,5.626449950941025,5.786603126821674,5.819953376639849,5.496730352521269,5.437261352287498,5.591701546434835
p2y1_meta_sub_molecule_6l,-10.474388122558594,5.462340014665173,5.63018748237931,5.38831210955994,5.4070880157729855,5.483229842932579,5.402882622681051
p2y1_meta_sub_molecule_6j,-8.873682975769043,5.42761605370722,5.582742436983024,5.3630301947286005,5.3891092339730085,5.417442529957973,5.3857558728934904
p2y1_ortho_sub_molecule_16,-11.216630935668944,5.467552899289972,5.592253950931887,5.40140272841607,5.497069103881716,5.451964135320392,5.395074577899793
p2y1_ortho_sub_molecule_11b,-10.565719604492188,5.401016570596104,5.553312901680818,5.33370536374369,5.364640849827816,5.405047839549981,5.34837589817822
p2y1_ortho_sub_molecule_17,-11.046183586120604,5.482017210554431,5.605178129298924,5.41720155187855,5.511044350265758,5.473046152269679,5.4036158690592435
p2y1_ortho_sub_molecule_14,-9.21816349029541,5.384080510083144,5.563321385848497,5.3384944145391104,5.436127392469201,5.306922823028903,5.275536534530008
p2y1_ortho_sub_molecule_11e,-9.704582214355469,5.464143650043947,5.611727451853708,5.392542666606811,5.452223245187462,5.397866365900565,5.4663585206711875
p2y1_ortho_sub_molecule_11d,-10.303940773010254,5.373944911630512,5.527558361106774,5.314125742120608,5.347986824292677,5.346511223772741,5.333542406859759
p2y1_ortho_sub_molecule_11f,-9.228408813476562,5.359560032833757,5.492109607694298,5.295896258010454,5.349847131873802,5.328180751731831,5.331766414858401
p2y1_ortho_sub_molecule_18,-11.125299453735352,5.434676941620579,5.584311053543342,5.392064962291676,5.399454099432627,5.419672402069657,5.377882190765593
p2y1_ortho_sub_molecule_12,-11.125299453735352,5.444139249498576,5.605078785779972,5.373231439209268,5.39912670552451,5.458131973803902,5.385127343175232
p2y1_ortho_sub_molecule_11a,-7.774801731109619,5.280404862606231,5.386811124548104,5.158780879460741,5.344520641564632,5.231244570793274,5.280667096664398
p2y1_ortho_sub_molecule_19,-10.635504722595217,5.413203536411775,5.564126045450747,5.36020183769054,5.373338318363028,5.394753943401789,5.373597537152769
p2y1_ortho_sub_molecule_13,-10.5032958984375,5.364428911973876,5.52718521830573,5.31790145578751,5.415447615568021,5.295525932921503,5.266084337286615
bace_keranen_p2_molecule_29,-9.989999771118164,6.024712268574336,6.234561476698436,6.012461709348581,5.616376807340359,6.24997960835704,6.010181741127266
bace_keranen_p2_molecule_30,-10.359999656677246,6.326359509802412,6.4674186651341365,6.360086367110158,5.855323991274747,6.5678390616463656,6.381129463846652
bace_keranen_p2_molecule_31,-10.359999656677246,6.274555582959432,6.509912090110955,6.302622610991235,5.819466731203333,6.528978470314269,6.211798012177372
bace_keranen_p2_molecule_32,-10.359999656677246,6.441493523508031,6.620031406187695,6.45849444095685,5.954352521062541,6.730157785035444,6.444431464297624
bace_keranen_p2_molecule_33,-10.239999771118164,6.025055741133647,6.2822535054349276,5.957784269835433,5.611559805596995,6.252477257206394,6.021203867594489
bace_keranen_p2_molecule_34,-10.149999618530272,5.950232907981121,6.169068822483678,5.917670273127607,5.490139594311492,6.225742527240693,5.948543322742132
bace_keranen_p2_molecule_35,-9.8100004196167,5.945500128202198,6.225693852338373,5.9557294593772205,5.4636225139009476,6.166523013492026,5.915931801902423
bace_keranen_p2_molecule_36_out,-10.359999656677246,5.948884400196993,6.202216022083779,5.871232298539191,5.564669844302485,6.158547774338939,5.9477560617205745
bace_keranen_p2_molecule_37_out,-10.5600004196167,6.310077817548057,6.5467590952003585,6.47659087779131,5.736624782798464,6.394494712160985,6.39591961978917
bace_keranen_p2_molecule_39_out,-9.68000030517578,6.00543399992269,6.222894603383384,5.988162766871082,5.5941570199350155,6.222585019151538,5.999370590272432
bace_keranen_p2_molecule_38_out,-10.489999771118164,5.994840798011337,6.216138248921404,5.970561596945546,5.581587535768026,6.2106980658556195,5.995218542566087
bace_keranen_p2_molecule_28_out,-10.489999771118164,6.013494030963443,6.250046944287532,5.9761696476723385,5.587804645004174,6.228820981016867,6.0246279368363025
bace_ciordia_retro_molecule_1a,-6.084681987762451,5.808850343379244,5.936704699527331,5.52536966497843,5.531837095658464,6.304274729319768,5.746065527412226
bace_ciordia_retro_molecule_11,-8.703369140625,6.097739834059171,6.363219317602632,5.728456849073071,5.698359762895402,6.668088433104622,6.030574807620127
bace_ciordia_retro_molecule_12,-10.45694637298584,6.678782571707485,6.794363191216429,6.694752240057727,6.259829915216963,6.9977996027771665,6.647167909269139
bace_ciordia_retro_molecule_13,-9.64326286315918,6.171556358011964,6.391277551713689,5.870669690465309,5.677391716077404,6.78372569496501,6.134717136838408
bace_ciordia_retro_molecule_14,-9.8362398147583,6.2815385775483525,6.479377306820091,5.927656553023399,5.774093873757653,6.930095021497085,6.2964701326435355
bace_ciordia_retro_molecule_15,-7.917439460754394,6.1098396850814485,6.347291842100657,5.7517625519799465,5.703153832132321,6.6926787062202004,6.054311492974118
bace_ciordia_retro_molecule_16,-7.057740211486816,6.318255322734005,6.517819632675711,6.002278082697754,5.772616341018284,6.977761837366344,6.32080071991193
bace_ciordia_retro_molecule_17,-10.365072250366213,6.751421412239405,6.880078624956217,6.760521961227148,6.357807159993341,7.059058534591719,6.699640780428605
bace_ciordia_retro_molecule_18,-9.900985717773438,6.298566454964621,6.457305002432442,5.965893287845457,5.773981951797905,6.976906008902218,6.318746023845084
bace_ciordia_retro_molecule_19,-9.910837173461914,6.270567372721672,6.4341660050350935,5.964235660904554,5.734650042328741,6.931328112929125,6.288457042410842
bace_ciordia_retro_molecule_20,-10.167583465576172,6.722595367873406,6.830432986844272,6.737308092431252,6.234502449817967,7.10772012411007,6.703013186163466
bace_ciordia_retro_molecule_21,-10.215289115905762,6.676956821791509,6.755047666492429,6.751316307824156,6.21862958370571,6.999643076887389,6.660147474047861
bace_ciordia_retro_molecule_22,-7.606921672821045,6.323742608730099,6.522866703007137,5.970523639496164,5.7883769821926245,7.014855815032789,6.322089903921786
bace_ciordia_retro_molecule_23,-9.818963050842283,6.387724108806195,6.589040440213266,6.029278078867621,5.938765516569312,7.012733610554262,6.368802897826514
bace_ciordia_retro_molecule_24,-9.785843849182127,6.17244504400193,6.388646525149662,5.871869654553872,5.680479387453141,6.782420589223583,6.13880906362939
bace_ciordia_retro_molecule_25,-8.870043754577637,6.190000798363734,6.424818479814456,5.8500178258718165,5.712780194829683,6.810502137817227,6.1518853534854845
bace_ciordia_retro_molecule_26,-10.365072250366213,6.264804810865859,6.443964706672575,5.955636769147461,5.742895304493928,6.906154241237644,6.275373032777685
bace_ciordia_retro_molecule_27,-9.612375259399414,6.172372143084479,6.389029287752189,5.871869654553872,5.679732120263359,6.782420589223583,6.13880906362939
bace_ciordia_retro_molecule_28,-8.997004508972168,5.945197057976896,6.096290268505866,5.586341933417957,5.463379625107993,6.810490565031976,5.769482897820683
bace_ciordia_retro_molecule_29,-8.735666275024414,6.007202206438534,6.056918548421955,5.881127476210228,5.692354399313265,6.515930028250456,5.889680579996772
bace_ciordia_retro_molecule_30,-6.947381496429443,6.038852223072092,6.442082702894376,5.635150915985037,5.399457785840773,6.8415826003405185,5.875987110299753
bace_ciordia_retro_molecule_31,-9.533543586730955,6.082100833080925,6.32576747739137,5.71128316191399,5.6915760452610185,6.6545298318341235,6.027347649004119
bace_ciordia_retro_molecule_32,-7.721524715423584,6.081934843656588,6.330447338320608,5.711992883979023,5.689072509584105,6.652014801259449,6.026146685139751
bace_ciordia_retro_molecule_33,-7.13992166519165,6.079188031174601,6.323135259437314,5.708220223265694,5.689202602860928,6.651816258740681,6.023565811568385
bace_ciordia_retro_molecule_34,-10.24935531616211,6.66589680737022,6.760467431922587,6.700992992883127,6.235328089964366,6.986253192534371,6.646442329546645
bace_ciordia_retro_molecule_35,-9.881757736206056,6.151455361465521,6.345872421756445,5.862767538765909,5.6618842602920925,6.761188093148349,6.125564493364808
bace_ciordia_retro_molecule_36,-10.97872543334961,6.1780861350397025,6.383126566856625,5.843138375702234,5.696043338261847,6.821197870875781,6.146924523502022
bace_ciordia_retro_molecule_37,-9.450016021728516,6.052379490743403,6.253501075410303,5.6943708162849385,5.674562067550502,6.634827486834568,6.0046360076367105
bace_ciordia_retro_molecule_38,-9.384933471679688,6.15138246054807,6.346255184358973,5.862767538765909,5.6611369931023106,6.761188093148349,6.125564493364808
bace_ciordia_retro_molecule_39,-9.360767364501951,6.046042923015127,6.229176720170139,5.7073619692390345,5.666901300302505,6.621759836974346,6.005014788389614
bace_ciordia_retro_molecule_40,-8.64596939086914,5.938515892956941,6.078966765653497,5.650074893687098,5.630651520780442,6.473018674377456,5.859867610286213
bace_ciordia_retro_molecule_41,-9.109971046447754,6.346185656919862,6.455709684490009,5.961527834314996,5.670920075882679,7.496597155643122,6.146173534268499
bace_ciordia_retro_molecule_30_protonated,-6.947381496429443,5.971362625455645,6.158928350036226,5.605381581477698,5.463576791224845,6.811691291895465,5.81723511264399
bace_p3_arg368_in_molecule_8a,-7.789851188659668,5.835700055877211,6.13817371252874,5.706728291211728,5.51068505606486,6.368123188381101,5.454790031199624
bace_p3_arg368_in_molecule_8b,-8.512900352478027,6.083174261685588,6.309332447319993,6.380492446574489,6.06304146533825,5.780646672623721,5.882358276571487
bace_p3_arg368_in_molecule_8c,-8.308263778686523,5.553358012288948,5.885016686340254,5.567974705462912,5.490637017083762,5.456374005569375,5.366787646988433
bace_p3_arg368_in_molecule_8d,-8.349190711975098,5.7291273702807946,6.018476027642606,5.691496347355668,5.548366633620688,5.780996171317066,5.606301671467943
bace_p3_arg368_in_molecule_8e,-8.417403221130371,5.875067015567873,6.139724735254619,5.865966018200255,5.7404114324501405,5.872954755952101,5.756278135982245
bace_p3_arg368_in_molecule_8f,-7.462430953979492,6.195914311784725,6.480082731752617,6.345283750139851,5.828612438836259,6.323566259291457,6.0020263789034445
bace_p3_arg368_in_molecule_8g,-10.35463523864746,5.993789468286091,6.274507041140953,6.0032755598131,5.769880780074723,6.071024600612229,5.850259359789453
bace_p3_arg368_in_molecule_17a,-10.94126033782959,5.95546403258942,6.300618111868384,5.819260609104512,5.535021791323366,6.664312689039629,5.458106961611208
bace_p3_arg368_in_molecule_17b,-11.5824556350708,6.1679556352546365,6.452729891779581,6.462163930664756,6.154056154856459,5.8614768487441635,5.909351350228221
bace_p3_arg368_in_molecule_17c,-11.74616527557373,5.603072165659226,5.971083123697633,5.652644329454066,5.506936982852363,5.51498746916963,5.369708923122442
bace_p3_arg368_in_molecule_17d,-11.391462326049805,5.754631868116795,6.062428245914849,5.701220900728352,5.570098956094008,5.831023225604199,5.608388012242571
bace_p3_arg368_in_molecule_17e,-11.95080280303955,5.908852985609192,6.178780051354466,5.919433476722932,5.758823181284457,5.9196884369793406,5.767539781704761
bace_p3_arg368_in_molecule_17f,-11.637025833129885,6.20140028025302,6.49531094962305,6.350791180243389,5.832609478741357,6.338312396743276,5.989977395914029
bace_p3_arg368_in_molecule_17g,-11.118612289428713,5.995123044794868,6.282087260182389,6.007344632678198,5.768124337414285,6.070994093713155,5.8470648999863055
bace_p3_arg368_in_molecule_27a,-9.154098510742188,5.854264771635483,6.060060920538665,5.816100871270344,5.313927979442273,6.602477810902933,5.478756276023204
bace_p3_arg368_in_molecule_27b,-9.972644805908203,6.149141296060906,6.4451728571564555,6.441770645924259,6.094875537700325,5.855550319141918,5.9083371203815656
bace_p3_arg368_in_molecule_27c,-10.013572692871094,5.6035099393302055,6.027940076265597,5.655928096392151,5.416248315557147,5.5050527818492085,5.4123804265869255
bace_p3_arg368_in_molecule_27d,-9.276880264282228,5.730915992791411,6.059681610587621,5.698651424625599,5.510294194757711,5.791633870596235,5.594318863389887
bace_p3_arg368_in_molecule_27e,-9.358736038208008,5.91250596775972,6.2265534691260935,5.920729348588286,5.71526274182237,5.894913689256138,5.805070590005713
bace_p3_arg368_in_molecule_27f,-9.099527359008787,6.223659246245778,6.505238206078242,6.402425412100103,5.838415720442625,6.3433490274696185,6.028867865138302
bace_p3_arg368_in_molecule_27g,-12.250936508178713,6.000622599688687,6.288844893042702,6.021741268210914,5.749652955403487,6.091251443176614,5.851622438609718
bace_ciordia_prospective_molecule_spiro16,-8.180000305175781,5.92016996195345,6.000368922148476,5.666868275501726,5.543997457351271,6.340964326433578,6.048650828332197
bace_ciordia_prospective_molecule_spiro5,-7.760000228881836,6.072481995139926,6.1715127865787345,5.791998832478234,5.628576663309852,6.576842782429144,6.193478910903663
bace_ciordia_prospective_molecule_spiro2,-7.03000020980835,5.873014159449383,5.933297993793903,5.589622622359424,5.49956468793959,6.3156102296832675,6.026975263470732
bace_ciordia_prospective_molecule_spiro10,-8.5,6.301150414235538,6.385937571437932,6.077258494188232,5.836998242562847,6.839490907818885,6.366066855169795
bace_ciordia_prospective_molecule_spiro3,-8.979999542236328,6.4967312218839455,6.54564488245441,6.5259414291296585,6.154309162122311,6.542702255913938,6.715058379799408
bace_ciordia_prospective_molecule_spiro6,-9.529999732971191,6.0000549121338675,6.096597254255717,5.728541673574175,5.570600988644389,6.495262594917463,6.109272049277596
bace_ciordia_prospective_molecule_spiro4,-7.619999885559082,6.068233088522346,6.174801409419532,5.7514452019771225,5.649882071377337,6.5490186075976276,6.216018152240116
bace_ciordia_prospective_molecule_spiro1,-7.519999980926514,5.899530640026885,6.0117898090497475,5.614954810646253,5.5309331383070255,6.316967147539439,6.02300829459196
bace_ciordia_prospective_molecule_spiro15,-9.050000190734863,6.4125707333730375,6.486879116674659,6.40121723430478,6.07163228186021,6.565905470655755,6.537219563369779
renin_customcore_molecule_b1i5k_xray,-11.867584228515623,7.008328112671434,7.349073025963857,7.320658787518577,6.071836921049526,6.9176573924390015,7.382414436386207
renin_customcore_molecule_b1i5j,-11.456809043884276,6.779210738584839,7.002150337323101,7.228227240666695,5.716631503630826,6.618068613962006,7.330975997341564
renin_customcore_molecule_b1i2n,-10.976457595825195,6.62892890897569,6.8970010634435095,7.058840264417336,5.670887917294139,6.299099760043206,7.218815539680264
renin_customcore_molecule_b1i5i,-11.456809043884276,6.78547803274554,7.019819218358466,7.240852089754223,5.7081647353454,6.614774153286939,7.343779966982674
renin_customcore_molecule_b1i5h,-10.805927276611328,7.015118557372834,7.253170741167019,7.428171140822509,5.800823379899612,7.007287097140578,7.586140427834453
renin_customcore_molecule_b1i5l,-9.65300178527832,6.708084853794709,6.960201574507047,7.203449124311381,5.654363851804774,6.436202744264478,7.2862069740858635
renin_customcore_molecule_b1i5n,-10.243584632873535,7.006816973485433,7.264404627392567,7.412167156364038,5.792431624668351,6.961678166081781,7.603403292920427
renin_customcore_molecule_b1a2m,-9.60566234588623,6.476719228101691,6.708559332586662,6.947232320082244,5.562150714444001,6.057769475345432,7.107884298050122
renin_customcore_molecule_b1i2o,-10.565683364868164,6.801143118965615,6.927173180404418,7.345916708403799,6.043076096933256,6.349509796837521,7.340039812249078
renin_customcore_molecule_b1i5o,-10.03608226776123,6.692764427753426,7.032842812240271,7.157759747317358,5.659824681804549,6.47221227619042,7.141182621214531
renin_customcore_molecule_b1i4i,-8.79079818725586,6.884958401970569,7.102513846533661,7.289186201041242,5.863359897153702,6.678175910940603,7.491556154183633
renin_customcore_molecule_b1i4e,-10.188878059387209,6.610451121112959,6.80169770818989,7.082667440846968,5.648337830283434,6.2772275221595395,7.242325104084964
renin_customcore_molecule_b1i4g,-8.354374885559082,6.867792629960817,6.9841298870354915,7.239610375001142,5.720399262654048,7.090346847681449,7.304476777431953
renin_customcore_molecule_b1i1,-7.394491195678711,6.499631435025468,6.720901069985683,7.1915429723133615,5.545749071117991,5.947903005947263,7.09206105576304
renin_customcore_molecule_b1i2a,-8.699529647827148,6.368210194871312,6.628593982167381,6.687800885750857,5.494179109235471,6.000126520830272,7.030350476372584
renin_customcore_molecule_b1i2e,-10.474414825439451,6.4941987153754805,6.778091044890772,6.741085080584559,5.6075712265826185,6.281607972425139,7.062638252394318
renin_customcore_molecule_b1i2i,-9.814119338989258,6.559386365099405,6.845370140866643,6.83480519135394,5.647375062359212,6.352011643537982,7.117369787379252
renin_customcore_molecule_b1i2j,-11.324613571166992,6.502005750021657,6.788842388419132,6.733974534956771,5.6228951189842915,6.292498478508871,7.071818229239219
renin_customcore_molecule_b1i5c,-11.867584228515623,6.65329797994428,6.922897853672999,6.962787566337582,5.559219838336046,6.614867252044331,7.206717389330443
renin_customcore_molecule_b1i5b,-8.007719993591309,6.745867673444738,7.017328962478986,7.083719326308467,5.596101735541526,6.7659427667542165,7.266245576140491
renin_customcore_molecule_b1i2k,-10.63553237915039,6.501945667844224,6.7887228679704785,6.7454110561680745,5.618427672298032,6.286228966443755,7.070937776340779
renin_customcore_molecule_b1i2h,-9.823533058166504,6.35031287043039,6.618653921235842,6.661929087002567,5.478002794652005,5.98295342875069,7.010025120510844
renin_customcore_molecule_b1i2g,-8.338004112243652,6.4376406684811425,6.737827153250549,6.724434068926401,5.523775415368965,6.137529952288152,7.064636752571646
renin_customcore_molecule_b1i4b,-8.390936851501465,6.378287411471131,6.649624637463166,6.68342091217155,5.490137848508566,6.0229165273463146,7.04533713186606
renin_customcore_molecule_b1i5a,-10.395288467407228,6.736035703572431,7.010172159396411,7.0469372029083965,5.608269645145222,6.7067717212209015,7.308027789191224
renin_customcore_molecule_b1i2d,-8.413992881774902,6.47438895323498,6.794922453443034,6.75298907875158,5.54103114240584,6.19610393538343,7.086898156191015
renin_customcore_molecule_b1i4a,-7.235419750213623,6.365812213953748,6.626592504703294,6.677244613139141,5.494179109235471,6.001683642283265,7.029361200407571
renin_customcore_molecule_b1i5d,-11.216565132141112,6.618222928802235,6.900040088371289,7.00031125964579,5.527303486844061,6.548121141533944,7.115338667616095
renin_customcore_molecule_b1i2c,-6.883717060089111,6.360850029067895,6.617960646797934,6.687258644666042,5.483376731995093,5.992466096101616,7.023188025778787
hne_molecule_6,-7.032558917999268,6.158351177419854,6.540084921851722,6.210167787670502,5.736987964011904,6.117923672624289,6.186591540940847
hne_molecule_14,-10.325488090515137,6.156387728419519,6.419815869904516,6.227755031974212,5.72679165305275,6.231809193677368,6.175766893488744
hne_molecule_15,-12.27822208404541,7.030641326300324,7.34007591620331,7.6380008452586425,6.149838464353656,6.513504696490685,7.51178670919532
hne_molecule_16,-11.838635444641112,7.027543687213173,7.335209251996193,7.655343360448747,6.143298707642118,6.495023067958906,7.508844048019905
hne_molecule_17,-11.41401481628418,6.21307334607596,6.47193702199232,6.279127264340945,5.8171097928545725,6.280683567190318,6.216509084001648
hne_molecule_18,-10.75852870941162,5.862737032669978,6.177533986190193,5.8183821491205485,5.677610054620894,5.8542026867115435,5.7859562867067105
hne_molecule_19,-11.53597927093506,6.818871544074921,7.123486410914425,7.434717910354524,6.100084002094158,6.201203502415662,7.234865894595838
hne_molecule_20,-10.5032958984375,5.8551747810699215,6.159485848984265,5.806585176644833,5.679037967510842,5.84778563653048,5.782979275679183
hne_molecule_21,-12.27822208404541,6.873221733516251,7.130276703428655,7.48457453553832,6.139140127895079,6.330646500200045,7.281470800519158
hne_molecule_22,-11.36131477355957,5.900090275125123,6.21690454770284,5.827370161463955,5.72160073710123,5.889372267985843,5.845203661371747
hne_molecule_23,-10.371087074279783,6.833595326347867,7.14174435508341,7.4324230185094065,6.118318161039462,6.224047800167897,7.251443296939161
hne_molecule_25,-11.999752044677734,6.816441295991607,7.196666669587159,7.30451698977925,6.094113453518708,6.200352119131231,7.2865572479416905
hne_molecule_26,-12.580878257751465,5.923532891833801,6.218531269623086,5.836365939344819,5.799939398980733,5.905147560010194,5.857680291210171
hne_molecule_27,-14.488014221191406,6.840083365608278,7.198040730535673,7.311913725904589,6.160945531423953,6.217620392442242,7.311896447734932
hne_molecule_28,-12.643302917480469,6.79294180018139,7.142479716258336,7.296681186482155,6.114565668262657,6.180787103162124,7.230195326741681
hne_molecule_29,-13.897701263427734,6.818360565140902,7.197024736245099,7.307120934043923,6.13466406620895,6.204003813171987,7.24898927603455
hne_molecule_30,-13.099580764770508,6.748265456159173,7.019145316614699,7.283010063615329,6.025946036262066,6.162346501983182,7.250879362320591
hne_molecule_21_neutral,-12.27822208404541,6.873221733516251,7.130276703428655,7.48457453553832,6.139140127895079,6.330646500200045,7.281470800519158
hne_molecule_19_neutral,-11.53597927093506,6.818871544074921,7.123486410914425,7.434717910354524,6.100084002094158,6.201203502415662,7.234865894595838
hne_molecule_16_neutral,-11.838635444641112,7.027543687213173,7.335209251996193,7.655343360448747,6.143298707642118,6.495023067958906,7.508844048019905
hfaah_molecule_6MRG_ligand,-10.287250518798828,6.49191085137393,6.4706710155790255,6.151387551094295,6.136143698808608,7.336390682292924,6.3649613090948
hfaah_molecule_fig_3,-10.59958553314209,5.849260718737581,5.96032029771569,5.9000796682214895,5.739193241988328,5.797919576010271,5.848790809752125
hfaah_molecule_2,-8.665205001831055,5.8407290152233955,5.948895910500724,5.948074066425307,5.739093314581284,5.7946263554045085,5.772955429205154
hfaah_molecule_4,-11.324654579162598,5.901993487665289,6.040107227589524,5.989810310514166,5.782296745965717,5.87654143135862,5.821211722898413
hfaah_molecule_6,-10.420489311218262,5.718855911703569,5.844180091294933,5.796819485176395,5.666468007213922,5.606759609977721,5.68005236485487
hfaah_molecule_9,-10.565720558166504,5.901133800672254,6.006471504253927,5.938839735395765,5.737557263800458,5.8865815638247065,5.93621893608641
hfaah_molecule_11,-12.122775077819824,5.921082533389101,6.010924945727503,6.011351534874071,5.758527865132947,5.952723081394251,5.8718852398167325
hfaah_molecule_12,-11.046184539794922,5.719340423110944,5.843138522150576,5.798157830995183,5.666663754198716,5.606759609977721,5.681982398232527
hfaah_molecule_15,-8.590265274047852,5.722235399110934,5.86031181921939,5.792577518529014,5.654382644887254,5.611656935649266,5.692248077269747
hfaah_molecule_14,-7.842516899108887,5.719202292240793,5.845344663076344,5.797386816081103,5.666468007213922,5.606759609977721,5.68005236485487
hfaah_molecule_19,-7.972322940826416,5.9813500080275475,6.120925391864108,5.996167758474556,5.793040442824422,6.0342706529335794,5.962345794041069
hfaah_molecule_20,-6.821234703063965,5.814797215037539,5.933722260954799,5.856410933655796,5.833054911021807,5.732838721360725,5.717959248194569
hfaah_molecule_22,-9.97237777709961,6.166985427972927,6.2565128655743925,6.17917694601351,6.11966102396565,6.22970413234563,6.049872171965448
hfaah_molecule_23,-10.67374324798584,5.999797398466908,6.055249458040294,6.009528612242279,6.00174302642229,5.997707707014009,5.9347581886156755
hfaah_molecule_24,-11.627310752868652,6.198462515317689,6.2244238330505945,6.182058559201285,6.124229747389739,6.3159085406861735,6.145691896260656
hfaah_molecule_25,-12.03799057006836,6.556085252205131,6.5593004812594815,6.7226840939414165,6.517956538630113,6.518089010326582,6.46239613686806
hfaah_molecule_26,-10.67374324798584,6.194088039021094,6.254490517183909,6.225219652870297,6.073527283666903,6.289945534836144,6.127257206548215
hfaah_molecule_27,-11.187724113464355,6.062537790934231,6.107986556997456,6.0458420445961805,6.0172130974312275,6.104717612440758,6.036929643205536
hfaah_molecule_28,-11.589073181152344,5.872607635860939,5.971511919049255,6.031864894704429,5.773908117070658,5.880691939927954,5.705061308552402
hfaah_molecule_29,-10.805952072143556,5.866870783033553,5.940886340372932,5.9404668469369355,5.903090208975483,5.793245591738843,5.756664927143572
hfaah_molecule_30,-9.903937339782717,6.207925673162341,6.207518505530981,6.435921427989798,6.387103298775022,5.938314952962704,6.070770180553203
hfaah_molecule_31,-11.290130615234377,6.19508190288833,6.214947050162349,6.428957207142787,6.318447252429105,5.945793000480922,6.067265004226489
hfaah_molecule_33__Saha_2018_,-9.73618984222412,6.498097511997419,6.483371866138953,6.704973004914813,6.604074490234077,6.301973986915616,6.396094211783636
hfaah_molecule_39,-10.71462059020996,6.529555024514414,6.480724617612135,6.719712037358593,6.629978160331377,6.404820441683072,6.412539865586897
hiv_prot_ekegren_molecule_1,-11.759520530700684,6.217711109637658,6.589812703640139,6.306547307243908,5.861874272558641,6.35373752629712,5.97658373844848
hiv_prot_ekegren_molecule_9,-10.5032958984375,6.266148339962487,6.598473751841106,6.313042720390588,5.997430461172791,6.38774022578766,6.034054540620291
hiv_prot_ekegren_molecule_10,-10.805952072143556,6.25790908332956,6.588302250177432,6.3163249097272915,5.984089287129623,6.384898553661382,6.015930415952065
hiv_prot_ekegren_molecule_11__2cen_,-11.324654579162598,6.258842570662695,6.590121712035298,6.3155597175308,5.98557662818317,6.387024379612138,6.015930415952065
hiv_prot_ekegren_molecule_12,-11.268184661865234,6.266710459868372,6.596275879475149,6.315646657258371,5.997352965018492,6.389588197205724,6.034688600384119
hiv_prot_ekegren_molecule_13,-10.857505798339844,6.223218545190592,6.590411792259698,6.309182907387634,5.863594136456851,6.365386356028797,5.987517533819978
hiv_prot_ekegren_molecule_14,-10.67374324798584,6.237913772677343,6.596160040587381,6.3160966304756725,5.9006012261915615,6.371633539971406,6.0050774261606925
hiv_prot_ekegren_molecule_15,-10.976399421691896,6.233674302544074,6.59393920008022,6.317196829787605,5.895916396747208,6.364252709207236,5.997066376898102
hiv_prot_ekegren_molecule_16,-11.061184883117676,6.237183963467162,6.5967321011520825,6.31760207301501,5.89660979169775,6.371633539971406,6.003342311499565
hiv_prot_ekegren_molecule_17,-11.48725414276123,6.484547563079135,6.81196755577744,6.444855425016322,6.265045141745613,6.626205751748506,6.274663941107798
hiv_prot_ekegren_molecule_18,-11.838635444641112,6.267515981838962,6.598438836633302,6.319925627598742,5.987439354204442,6.400668057933176,6.031108032825147
hiv_prot_ekegren_molecule_19,-10.857505798339844,6.4325391186345415,6.777772795911047,6.421307043277005,6.103570361682213,6.5802249636477566,6.279820428654687
hiv_prot_ekegren_molecule_20,-11.53597927093506,6.357857848681815,6.692233547541387,6.350283783287633,6.188656919327055,6.427547205310613,6.1305677879423826
cdk8_koehler_molecule_12,-9.83295726776123,6.30084182574393,6.15093919376128,6.421589527768557,6.4513335433844725,6.222358046961282,6.25798881684406
cdk8_koehler_molecule_13,-11.19720458984375,6.156637823631579,6.011506656137777,6.276025364722534,6.3586112634914445,5.998041349873619,6.139004483932516
cdk8_koehler_molecule_14,-11.031554222106934,6.279628288241068,6.1394120597494055,6.412064691446651,6.4495731548821995,6.164577728709792,6.232513806417293
cdk8_koehler_molecule_15,-9.720175743103027,6.3555807886889655,6.199307363114002,6.468976612507219,6.506816131560725,6.301012534114211,6.301791302148667
cdk8_koehler_molecule_16,-10.635504722595217,6.448010210652031,6.366918401251529,6.713863484302452,6.474516975619395,6.305594702602507,6.379157489484272
cdk8_koehler_molecule_17,-10.395273208618164,6.146576829814268,6.034994548893857,6.254814126539021,6.322501046511218,6.00126860193805,6.119305825189193
cdk8_koehler_molecule_19,-10.224825859069824,6.2995063760762795,6.157974664341491,6.408411137183109,6.453410227067892,6.211312891042501,6.266422960746407
cdk8_koehler_molecule_20,-10.28314971923828,6.418454688888713,6.30804373095528,6.634408593994107,6.485579675165207,6.280234930054262,6.384006514274707
cdk8_koehler_molecule_21,-9.862342834472656,6.157927249763739,6.022919628457698,6.292411831981425,6.331413519325433,6.0067451004441335,6.136146168610008
cdk8_koehler_molecule_22,-11.290130615234377,5.989406377806315,5.879855528423642,5.92478940583183,6.221985038441498,5.980903177562525,5.9394987387720795
galectin3_extra_molecule_18a,-6.327748299,6.594819458064462,6.775113206473398,6.71456707624501,5.921501954968587,7.054950987470518,6.5079640651648
galectin3_extra_molecule_18b,-7.460412979,6.599069274013456,6.778618831928503,6.721821830451693,5.931368358041586,7.045018614239585,6.518518735405919
galectin3_extra_molecule_18d,-6.764764786,6.598300182861105,6.778618831928503,6.721821830451693,5.931368358041586,7.041173158477824,6.518518735405919
galectin3_extra_molecule_18e,-6.472980022,6.803954295405788,6.972113513095478,6.89038319858093,5.992772527710894,7.329517061261839,6.834985176379798
galectin3_extra_molecule_18f,-5.532726765,6.87082511996587,7.11024580015148,6.907474575266436,6.059422916980022,7.416834034187726,6.8601482732436905
galectin3_extra_molecule_18g,-6.472980022,6.701340425171582,6.889885655874807,6.832509733541336,5.9546488973785605,7.1781750599670175,6.651482779096183
galectin3_extra_molecule_18h,-5.999876022,6.736541247590014,6.936975106835785,6.860440751284636,5.961409576358542,7.229940901515034,6.693939901956078
galectin3_extra_molecule_18i,-4.806076527,7.403412213516939,7.60213680149238,7.935548255062426,6.079548045563878,7.427700873765262,7.9721270917007425
galectin3_extra_molecule_17m,-4.104710579,6.216235716929429,6.494735308666102,6.157891375285694,5.7202396956133335,6.76354424676672,5.9447679583152935
galectin3_extra_molecule_17q,-4.9898386,6.230230991532283,6.472290321894488,6.210732894725337,5.872930371539504,6.577554860809074,6.017646508693009
galectin3_extra_molecule_17r,-4.749606609,6.277439767677678,6.502162749906284,6.230807464638382,5.892242954316142,6.644677983901422,6.117307685626155
galectin3_extra_molecule_17n,-4.914099216,6.481916261494398,6.64800946393759,6.344615843494301,5.9768937688364865,7.107144815157423,6.332917416046192
galectin3_extra_molecule_17p,-5.046308517,6.280606625133019,6.51873907417972,6.247053365843412,5.877796368213903,6.641744012402711,6.117700305025349
galectin3_extra_molecule_17o,-5.1087327,6.233239158715134,6.486010831406062,6.225783118453928,5.8528508382528805,6.578539847318073,6.023011158144724
galectin3_extra_molecule_17f,-6.581002712,6.475909607375866,6.652473845054446,6.559226028511455,5.9086547145491775,6.9377661382160225,6.321427310548228
galectin3_extra_molecule_17e,-6.896974087,6.505380981211775,6.717406711487893,6.591863825937708,5.916842921070298,6.960936226152064,6.339855221410912
galectin3_extra_molecule_17g,-7.208675861,6.519269806036148,6.728039153381514,6.592756901154593,5.918050490936055,6.995539240796785,6.36196324391179
galectin3_extra_molecule_17a,-5.532726765,6.299270427136359,6.5342221160406995,6.233709117373591,5.900293807579165,6.666280705779177,6.161846388909164
galectin3_extra_molecule_17j,-6.440945625,6.670629178008236,6.842323685985634,6.974541186733804,6.233970092808973,6.775349561645747,6.526961362867016
galectin3_extra_molecule_17l,-5.943406105,6.303178184139817,6.538580925336556,6.236059323872477,5.897152662667607,6.67468855094244,6.169409457880006
galectin3_extra_molecule_17c,-6.354085445,6.378563830489375,6.591619986621609,6.391853185989895,5.908806556585538,6.78221779886232,6.218321624387509
galectin3_extra_molecule_17k,-6.621879578,6.949497970786419,7.071758338205807,7.449232675497058,6.295355703381538,7.116708049215424,6.81443508763227
galectin3_extra_molecule_17b,-5.506390095,6.245716297802109,6.513661353223551,6.202809101599352,5.874059396750077,6.58737541741881,6.050676220018752
galectin3_extra_molecule_17h_flip,-6.327748299,6.459240970307098,6.652416741699409,6.468556138702228,5.900248853947777,6.9106787321183685,6.364304385067709
galectin3_extra_molecule_17i,-5.943406105,6.7779026836800425,6.906689226401906,7.208461335649122,6.290214162343196,6.899538956264454,6.584609737741537
galectin3_extra_molecule_17d,-6.150896072,6.302824405263841,6.538580925336556,6.2353307031995255,5.897152662667607,6.673648277235513,6.169409457880006
btk_extra_flip_molecule_2,-7.687934875488281,5.255679437145228,5.335628396557453,5.359076196884374,5.133932480413384,5.24361788984699,5.206142222023939
btk_extra_flip_molecule_7,-9.084606170654297,5.947313885260384,6.080448627584221,5.91132758260321,6.212724654043684,5.740398306309322,5.791670255761485
btk_extra_flip_molecule_8,-9.606385231018066,6.123420214488311,6.212094343090864,6.021899810860707,6.490249962303898,5.860998221324197,6.0318587348618875
btk_extra_flip_molecule_9_flip,-8.33090591430664,6.028723289310358,6.214890057190721,5.90319546000039,6.384642460201134,5.6915748458851265,5.949313623274414
btk_extra_flip_molecule_10,-10.870059967041016,6.053318925690117,6.250713794115841,5.908165147909809,6.446850730786411,5.71640939754557,5.944455558092957
btk_extra_flip_molecule_11,-11.524829864501951,6.371781245927901,6.4674134957164,6.252458849904724,6.83210292857882,6.1028480979823705,6.204082857457191
cr_bace1_molecule_4,0.4099999964237213,5.706936641751197,5.774228646490927,5.681171854948581,5.568001078824537,5.785263661262301,5.726017967229637
cr_bace1_molecule_1,-0.9900000095367432,5.679856596736803,5.749375347913485,5.653811100251132,5.55978264288273,5.730681124720025,5.7056327679166445
cr_bace1_molecule_3,-0.8899999856948853,5.676865994640799,5.746480828979437,5.652976748004556,5.533319958241681,5.747056239111606,5.704496198866712
cr_bace1_molecule_7,0.9100000262260436,5.631363243816192,5.724986253486857,5.6426025411799055,5.458805071536529,5.671127893665667,5.659294459212002
cr_bace1_molecule_9R,0.7099999785423279,5.7712829078020125,5.855906723299318,5.746560732470349,5.5554857516785034,5.8818079329450415,5.816653398616855
cr_bace1_molecule_5,0.9100000262260436,5.573562005457778,5.659239899792759,5.5653662038982405,5.383887718311061,5.607009821501637,5.652306383785191
cr_bace1_molecule_10,-0.2899999916553497,5.655499448329818,5.850981010731819,5.671616036461969,5.4083122261594125,5.7442994878333495,5.602288480462543
cr_bace1_molecule_6,-1.7899999618530271,5.723089334813126,5.883912758120354,5.7090055990671855,5.544119463277574,5.735921982653053,5.742486870947467
cr_bace1_molecule_2,-0.1899999976158142,5.7577572144672775,5.823961379056091,5.68797295758184,5.5806442573353054,5.85928197523242,5.836925503130727
cr_bace1_molecule_9S,1.809999942779541,5.785042120915618,5.870123684704294,5.734396879853261,5.5846613025136325,5.924376570548687,5.811652166958214
cr_bace1_molecule_8,-0.5899999737739563,5.640117413977778,5.728797069811436,5.643443023807501,5.496003651607851,5.67050254215244,5.661840782509661
hc_bace1_molecule_22256_26_0_ligand,-6.960000038146973,5.913333183593018,6.260496121330373,6.121829686502683,5.271762932249144,6.07878291089031,5.833794266992575
hc_bace1_molecule_22250_20_0_ligand,-8.109999656677246,6.222998497677535,6.395818769795327,6.135330994253527,5.60821788169404,6.802210746479608,6.173414096165173
hc_bace1_molecule_22251_21_0_ligand,-9.40999984741211,6.1972603686770675,6.352546443932619,6.23432996252004,5.578652144949191,6.740428701290536,6.080344590692949
hc_bace1_molecule_19677_19_0_ligand,-9.829999923706056,5.936589263930514,6.297403287657816,6.115514701950309,5.298148803435501,6.126958515073798,5.844921011535143
hc_bace1_molecule_22254_24_0_ligand,-9.470000267028809,5.88377133832423,6.0858263308129,6.083177246277005,5.412038389307644,6.063250127348604,5.774564597874999
hc_bace1_molecule_22252_22_0_ligand,-10.010000228881836,5.887117715284962,6.123482527759941,6.067046094367381,5.410983781959243,6.081019724239887,5.75305644809836
hc_bace1_molecule_22253_23_0_ligand,-8.75,5.918800180470503,6.142577460874444,6.070966777992721,5.430991632511092,6.145523189812832,5.803941841161423
fxa_yoshikawa_set_molecule_5f,-11.570840835571287,6.644548458824103,7.05188911770743,6.923076187556793,6.488366543132174,6.112771397998646,6.64663904772547
fxa_yoshikawa_set_molecule_5g,-10.17173194885254,7.242726821478071,7.585951176877201,7.292982018055084,6.753419746058954,7.674575831548283,6.906705334850832
fxa_yoshikawa_set_molecule_5e,-8.26799201965332,6.626020526582482,7.0134457152577845,6.907137159187808,6.474280360685492,6.10277736190199,6.632462035879342
fxa_yoshikawa_set_molecule_5i,-10.805952072143556,6.701685576418392,7.02673708351407,6.932573077123265,6.732814369422423,6.153346161037987,6.662957190994213
fxa_yoshikawa_set_molecule_5b,-7.364122867584228,6.6333824769210326,7.010146185029741,6.911545576815355,6.486141042377404,6.116412440613474,6.64266713976919
fxa_yoshikawa_set_molecule_5h,-12.7782621383667,6.930381768463353,7.128379489462077,7.152634304689967,7.133926841841535,6.35603273266894,6.880935473654246
fxa_yoshikawa_set_molecule_5a,-11.24702262878418,6.63372744637275,7.007566748142933,6.919367891848016,6.495663822262147,6.115412595687049,6.630626173923604
fxa_yoshikawa_set_molecule_5k,-11.336624145507812,6.631263496553949,6.978044377128134,6.923007215101256,6.4696957650858895,6.126158705182565,6.659411420271895
fxa_yoshikawa_set_molecule_5d,-11.44223403930664,6.643343814415816,7.0464937328052875,6.917538081491369,6.486527813276695,6.113526681201536,6.652632763304188
fxa_yoshikawa_set_molecule_5c,-11.627310752868652,6.627476405252688,7.0112058227498535,6.910931363266124,6.475141131363307,6.107633425111554,6.632470283772604
fxa_yoshikawa_set_molecule_8e,-11.169207572937012,6.650215641876308,7.035310886986529,6.972949039034494,6.48657309888179,6.118376870943919,6.637868313534812
fxa_yoshikawa_set_molecule_8b,-8.129011154174805,7.155360148880581,7.522085173771969,7.273724717172521,6.7174232003906935,7.262103726345963,7.001463926721762
fxa_yoshikawa_set_molecule_8d,-7.691995143890381,6.6464559327865205,7.0312159593616395,6.960032888384587,6.485736458453543,6.115513803806563,6.6397805539262675
fxa_yoshikawa_set_molecule_8c,-7.805192470550537,7.144207561635563,7.491350977384289,7.29463576202844,6.707444769711807,7.238544497152154,6.989061801901125
fxa_yoshikawa_set_molecule_8g,-9.903937339782717,6.64906348657416,7.021537732251221,6.977873927735811,6.483115662748479,6.123918527301836,6.6388715828334535
fxa_yoshikawa_set_molecule_A_cor,-11.784735679626465,6.643049378793782,7.044211245152286,6.92521956837025,6.483739847115934,6.124585682241444,6.637490551088992
fxa_yoshikawa_set_molecule_8f,-9.769577980041504,6.657201460357406,7.041722132777492,6.967348092599633,6.511930586623241,6.122935680848535,6.642070808938128
fxa_yoshikawa_set_molecule_8a,-9.441705703735352,7.264272867467459,7.760460712923817,7.955918424408434,6.628843638872292,6.290363530599362,7.685778030533387
fxa_yoshikawa_set_molecule_8h,-12.078866958618164,7.084379950376703,7.279341307720092,7.247051498631457,7.3450988885341255,6.411086121154982,7.139321935842857
fxa_yoshikawa_set_molecule_8i,-9.97237777709961,6.717580566544299,7.055273676305465,6.994416024792832,6.719378829209502,6.1446880854734784,6.674146216940218
fxa_yoshikawa_set_molecule_8j,-11.53597927093506,6.719982665334669,7.075872297164041,6.9888273324103505,6.731002111519068,6.143028307391911,6.661183278187974
fxa_yoshikawa_set_molecule_8k,-11.348840713500977,6.719081146734133,7.075872297164041,6.984932727810033,6.730389123116702,6.143028307391911,6.661183278187974
fxa_yoshikawa_set_molecule_8l,-11.24702262878418,6.725323231619147,7.090228892637804,7.0049884071793675,6.724104192130841,6.14138629636375,6.665908369783969
fxa_yoshikawa_set_molecule_8m,-11.838635444641112,6.71554106609017,7.049393782724791,6.973712619395426,6.7181912615458765,6.1503564065554945,6.686051260229257
fxa_yoshikawa_set_molecule_8n,-10.138808250427246,6.786273085176323,7.097664266004407,7.049574833100979,6.854189846807236,6.2875247285424605,6.64241175142653
fxa_yoshikawa_set_molecule_8o,-10.67374324798584,6.003966625306336,6.4989594248960465,6.166087443136207,5.6934977804357425,5.736847492208409,5.924440985855278
fxa_yoshikawa_set_molecule_8p,-11.589073181152344,6.003961235343499,6.50461276017137,6.1668394890236335,5.691157376249788,5.736847492208409,5.920349059064297
cr_bace2_molecule_22,1.2599999904632568,5.808570930079168,5.856779208691899,5.819904056546929,5.596905826850335,5.864368442947291,5.904897115359382
cr_bace2_molecule_16,-0.3400000035762787,5.676144892472872,5.738303921538664,5.69880612634761,5.539142722384836,5.705123123214263,5.699348568878988
cr_bace2_molecule_11,-1.2400000095367432,5.676385304072247,5.75658249681835,5.701400232088473,5.532965428159427,5.694815440149546,5.696162923145439
cr_bace2_molecule_21,1.4600000381469729,6.131412717964561,6.110069765093443,6.368404379945916,5.9281405261370566,5.954420726693476,6.296028191952914
cr_bace2_molecule_24,3.1600000858306885,5.728125099386401,5.825384950585457,5.684450968265452,5.556673276557568,5.706951582761562,5.867164718761964
cr_bace2_molecule_12,-0.5400000214576721,5.673818912751053,5.734658815187655,5.696548011821676,5.539429402134935,5.695997521074652,5.702460813536348
cr_bace2_molecule_20,-0.9399999976158142,5.743992352680925,5.813843675397669,5.75685571957352,5.546712990303611,5.760868169182047,5.84168120894778
cr_bace2_molecule_19,-1.1399999856948853,5.710862651750395,5.781735956731699,5.733986020427134,5.544409438748436,5.705874561507627,5.7883072813370795
cr_bace2_molecule_13,-1.2400000095367432,5.675404896321805,5.734329686861071,5.695875771370977,5.543645328246938,5.698750578648448,5.704423116481589
cr_bace2_molecule_23,1.3600000143051147,5.908520088081156,5.9768125831748415,5.888541994794247,5.625538574530665,5.989451164875513,6.062256123030512
cr_bace2_molecule_15,-0.7400000095367432,5.66949087690964,5.734272056341916,5.693843369215411,5.537116897924509,5.69072966066299,5.691492400403378
cr_bace2_molecule_14,-1.0399999618530271,5.6884467526260405,5.759990082749834,5.705251904059986,5.549390349825757,5.708850685285051,5.71875074120958
fxa_set3_molecule_20814_6,-10.529999732971191,6.4629332114384095,6.709666670352229,6.639707240752827,6.295285494979426,6.11799014158891,6.552016509518659
fxa_set3_molecule_20539_10,-11.18000030517578,6.441792822040908,6.686079338324178,6.6423115965100035,6.2440453172383705,6.061854898302949,6.5746729598290345
fxa_set3_molecule_20820_11,-10.829999923706056,7.046967808484794,7.4446787898454465,7.549355855949295,6.553887604389067,6.206122477157894,7.4807943150822656
fxa_set3_molecule_20819_8,-11.18000030517578,6.443451513906334,6.683801297488361,6.642810151102414,6.242686515108321,6.06352642927003,6.5844331765625395
fxa_set6_molecule_21083,-6.530872344970703,6.935740417475758,7.290666589317064,7.111737191415618,6.45836025679352,7.049810577199684,6.7681274726529
fxa_set6_molecule_21084,-7.469595909118652,6.948246151236745,7.3145202619559155,7.12050266588617,6.4659417473831455,7.070739577187775,6.769526503770723
fxa_set6_molecule_21085,-8.053603172302246,7.235942379041127,7.5505873088563025,7.265312882657567,6.632582390193115,7.762366228158166,6.96886308534049
fxa_set6_molecule_21086,-11.29120922088623,6.938714500257132,7.317329652794987,7.131252419516506,6.454761689365345,7.0613559650501365,6.728872774558682
fxa_set6_molecule_20524_2j95_cys,-11.423027992248535,6.956954151732534,7.358250416018174,7.105980656438258,6.484566178615728,7.088776786850714,6.747196720739794
fxa_set6_molecule_21087,-11.832493782043455,6.941422828532192,7.320974437895718,7.131915508850082,6.459384960006806,7.061972127412341,6.732867108496017
fxa_set5_molecule_20705_cys,-10.90999984741211,6.613387259784159,6.855702284135356,6.82051057870736,6.647702690647619,6.130666481093566,6.612354264336897
fxa_set5_molecule_21331,-10.770000457763672,6.619340712528569,6.866667574645474,6.821999465980663,6.6587847257680535,6.1389008574115,6.610350938837152
hc_bace2_molecule_37_0_ligand,-6.789999961853027,6.018661659174496,6.038989002163072,6.269680461006371,5.54336276336238,6.389501903737046,5.851774165603612
hc_bace2_molecule_35_0_ligand,-7.960000038146973,5.955022933328831,6.201344325177059,6.091830969032705,5.327688408830507,6.325522659367523,5.82872830423636
hc_bace2_molecule_39_0_ligand,-8.970000267028809,6.08698313628201,6.29703531907989,6.3604289831897844,5.401400139673769,6.466667526963369,5.909383712503233
hc_bace2_molecule_34_0_ligand,-8.0,6.237084661669949,6.410734010326834,6.24459348663224,5.466223317685475,6.942951547502004,6.120920946203194
hc_bace2_molecule_40_0_ligand,-8.0,6.351185137220517,6.495457947172942,6.4933819012101,5.5262548559634785,7.05456442652308,6.186266555232984
hc_bace2_molecule_30_0_ligand,-8.1899995803833,6.021323998742728,6.042781435123092,6.27068565786292,5.540443028574767,6.396581032722277,5.856128839430583
hc_bace2_molecule_33_0_ligand,-8.270000457763672,6.086718599273545,6.294200997568643,6.3282295773459,5.429082644924043,6.4568413371104825,5.925238439418656
hc_bace2_molecule_41_0_ligand,-8.149999618530273,6.079815153944381,6.283525285279263,6.353859379042974,5.390635488997791,6.461530590481157,5.909525025920717
hc_bace2_molecule_42_0_ligand,-8.319999694824219,6.3930264787925895,6.567939965865793,6.497921143415419,5.558081790448076,7.110924609890543,6.230264884343116
hc_bace2_molecule_44_0_ligand,-8.359999656677246,6.106844643667247,6.30086523646205,6.3551564689393105,5.401721757409674,6.51818395070233,5.958295804822871
fxa_set4_molecule_1s,-9.579999923706056,6.913696578499352,7.339445292070943,7.147352120992194,6.423652243507746,7.0603527431240956,6.597680492801784
fxa_set4_molecule_21080_1j,-9.229999542236328,6.945160057125571,7.335073960858423,7.194408239301512,6.421668203879755,7.06917973997049,6.705470141617677
fxa_set4_molecule_21030_1o,-8.899999618530273,7.316770299893856,7.5738338849586455,7.366579260777663,6.648575064168668,7.827896235214845,7.166967054349462
fxa_set4_molecule_21028_1r,-9.449999809265137,7.064525354928466,7.376661966658911,7.237288798349738,6.494924849086059,7.174157856708785,7.039593303838841
fxa_set4_molecule_21027_1q,-7.309999942779541,6.934707877102122,7.307358665210861,7.151664978739904,6.510548994327575,7.048495265664265,6.6554714815680045
fxa_set4_molecule_1t,-9.199999809265137,7.03081383494668,7.380402250919253,7.195976453115267,6.470890886357326,7.160517618517672,6.946281965823885
fxa_set4_molecule_16352_1e,-10.630000114440918,6.942434786744521,7.357920518512246,7.156295518731235,6.445983049555033,7.062902642347568,6.6890722045765205
fxa_set4_molecule_21081_1k,-7.53000020980835,7.026450054559488,7.386968541699759,7.218274961976657,6.452642084920305,7.101383862034373,6.972980822166352
fxa_set4_molecule_21031_1p,-8.300000190734863,7.202008570249575,7.535944261861811,7.312525911069647,6.595911859020099,7.734279737403234,6.831381081893086
fxa_set4_molecule_16353_1d,-9.960000038146973,7.028024388454037,7.394318960732869,7.211033461387766,6.466285780751298,7.104551793895971,6.963931945502277
fxa_set4_molecule_21082_1l,-7.389999866485596,6.938801105807353,7.299337604836508,7.144837587420345,6.510762753993406,7.058615128236434,6.68045245455007
chk1_set2_molecule_17374_cys,-12.49643898010254,6.779186641009559,6.961444699935662,6.391883700206598,7.2298230673859045,6.381186608624354,6.931595128895277
chk1_set2_molecule_17509,-11.380305290222168,7.529287341471895,7.994222361346499,7.678543371117711,7.310386999144345,6.541072160315977,8.122211815434946
chk1_set3_molecule_23882,-10.881742477416992,5.460140522216669,5.573823199934747,5.509718782085014,5.1763679426081755,5.678513120559651,5.362279565895763
chk1_set3_molecule_23703_cys,-11.092443466186523,5.463237126147597,5.563159101629299,5.512566405078753,5.189700155532484,5.6824046289309855,5.368355339566461
chk1_set3_molecule_23864,-11.423027992248535,5.447333385075489,5.5317462848382455,5.478849695648194,5.1818765278741825,5.68291044514139,5.361283971875433
chk1_set3_molecule_23863,-11.183505058288574,5.449914932847224,5.530131225966699,5.491844676213838,5.181517408013752,5.6849677578466125,5.361113596195215
chk1_set7_molecule_19997,-10.774039268493652,7.622222479271701,7.572794520644119,7.409169680955402,7.797308951501523,7.583746895316877,7.748092347940585
chk1_set7_molecule_19998,-8.94359302520752,7.62230945823192,7.572794520644119,7.409604575756493,7.797308951501523,7.583746895316877,7.748092347940585
chk1_set7_molecule_19934_cys,-10.726755142211914,7.62230945823192,7.572794520644119,7.409604575756493,7.797308951501523,7.583746895316877,7.748092347940585
chk1_set6_molecule_23708_cys,-9.6899995803833,6.431169996183144,6.559135991398008,6.2067102021971525,6.253123122141658,6.825962403454224,6.310918261724673
chk1_set6_molecule_13,-6.420000076293945,6.918137011392751,7.070897243431322,6.549557468902178,7.015474599638181,7.267274989450386,6.687480755541693
chk1_set6_molecule_15,-7.510000228881836,6.492985478235984,6.61981776308134,6.214507178592452,6.3235655727153235,6.841281002700582,6.465755874090221
chk1_set4_molecule_23704_cys,-11.29120922088623,5.376867199319143,5.507420893967647,5.570015787225318,5.129185406778345,5.327309864400995,5.35040404422341
chk1_set4_molecule_23873,-10.825439453125,5.375343398081751,5.508844517787992,5.563503387510741,5.129104338926974,5.3188821146984875,5.356382631484556
chk1_set5_molecule_20315,-10.94398307800293,6.483929910934071,6.409976017440642,6.661160182604456,6.619909197941208,6.25737311733144,6.471231039352607
chk1_set5_molecule_19939_cys,-11.592971801757812,6.457024989412512,6.422975979659783,6.576978874033016,6.600921582238087,6.255108641503595,6.429139869628075
chk1_set5_molecule_19940,-12.241960525512695,6.466041691954016,6.395434426675852,6.624174454116772,6.61569454460412,6.250169761388236,6.444735272985092
pb_bace3_molecule_22316,-7.876320838928223,5.9913980185416005,6.1450071542571845,6.0830140320430175,5.5840525405176455,6.265332254823914,5.8795841110662455
pb_bace3_molecule_22320,-7.502553939819336,5.9519883135964395,6.132751482367586,6.056703298751628,5.54418836585277,6.188748398624345,5.837550022385868
pb_bace3_molecule_22319,-6.840160369873047,5.985945612211862,6.148011666548052,6.0694750726205875,5.574692435948426,6.27250176795857,5.865047117983675
pb_bace3_molecule_19678_cys,-8.607325553894043,5.987362455032711,6.149954975889173,6.099889658898096,5.5714004540968896,6.251297138307357,5.864270047972038
chk1_set1_molecule_19967,-10.534516334533691,6.959367690201975,7.061789518540516,6.634516043053288,7.289406784890034,6.767234869096633,7.043891235429403
chk1_set1_molecule_17353_cys,-11.092443466186523,6.933252349788811,7.044604462424792,6.59977823224131,7.2524857592975795,6.737787441247253,7.031605853733119
chk1_set1_molecule_19971,-10.340457916259766,6.931075285429602,7.0456895695336925,6.602683487697046,7.233525323804811,6.741326423737614,7.032151622374842
pfkfb3_automap_molecule_43,-7.997664928436279,6.179317218832263,6.4285046969275506,6.073367301477831,6.339941474855369,5.906450168479077,6.148322452421491
pfkfb3_automap_molecule_30_flip_b,-9.198190689086914,7.43928715383192,7.909500485167121,7.617836423973313,7.176929299318682,6.546514230296469,7.945655330404014
pfkfb3_automap_molecule_65,-9.487896919250488,6.2890723065604215,6.46603692929503,6.165794449069678,6.475664510725002,6.035505038002429,6.302360605709965
pfkfb3_automap_molecule_49,-7.934291839599609,6.181227560457268,6.424466465690143,6.074523497951503,6.345156288724938,5.908461812530588,6.153529737389168
pfkfb3_automap_molecule_24,-8.869909286499023,7.356576422687667,7.790777618584283,7.581415175458089,7.086186896941943,6.396116839234128,7.928385583219892
pfkfb3_automap_molecule_67,-10.24363613128662,6.693953899814763,6.850131160858526,6.38178828626822,7.059419163442355,6.353114400524816,6.825316487979897
pfkfb3_automap_molecule_62_flip,-7.691737651824951,6.726981074939853,6.908913195481483,6.413557416175847,6.820404529000322,6.926538336412762,6.565491897628851
pfkfb3_automap_molecule_56,-10.565720558166504,7.758581420786453,8.302601712713976,7.798728079290614,7.525679986405402,6.79745871449413,8.368438611028143
pfkfb3_automap_molecule_59,-8.1151704788208,6.8257147475811575,6.9794208473222605,6.490368371689899,6.79085252718836,7.261047665868115,6.606884325837156
pfkfb3_automap_molecule_38,-8.758760452270508,6.264428726231693,6.5243531955232825,6.147258644753673,6.364375114969667,6.129423651672184,6.156733024239661
pfkfb3_automap_molecule_31,-9.282472610473633,7.441167163744858,7.8790057179088455,7.62333735498678,7.13517421510568,6.6112988772610635,7.957019653461922
pfkfb3_automap_molecule_48,-8.006359100341797,6.308880057147237,6.5473492981890615,6.200459228677681,6.371150301536973,6.195127246618452,6.230314210714026
pfkfb3_automap_molecule_58,-9.133153915405272,6.7700525344509614,6.938627653932854,6.494474267966173,6.750419031453293,7.267791662177883,6.3989500567245985
pfkfb3_automap_molecule_41,-7.387692451477051,6.247009446242349,6.492830923689721,6.152261306731064,6.259071882251071,6.108565740031147,6.222317378508743
pfkfb3_automap_molecule_29,-9.646018028259276,7.329500257499104,7.796853764829996,7.558484329326848,7.015699642382619,6.397140938133537,7.87932261282252
pfkfb3_automap_molecule_54,-8.179586410522461,7.398962811111007,7.8658566440316084,7.608225086562174,7.0663141243176035,6.563753998837097,7.890664201806545
pfkfb3_automap_molecule_47,-8.333451271057129,6.2781050025285445,6.473864291011439,6.257584007944118,6.396758220387713,6.0551419307332965,6.207176562566158
pfkfb3_automap_molecule_26,-9.169439315795898,7.243980228239439,7.687265802018384,7.379550598958545,6.982704676704639,6.341702187854864,7.8286778756607625
pfkfb3_automap_molecule_55,-10.635504722595217,7.741402919028777,8.289151429687578,7.798890820366328,7.516096218318907,6.736970675157741,8.365905451613337
pfkfb3_automap_molecule_20,-8.51645278930664,6.2603381890168865,6.495466426762217,6.143185640843252,6.178848475066689,6.239153513470985,6.245036888941288
pfkfb3_automap_molecule_57,-10.474388122558594,7.323891980976602,7.786556197036472,7.583672048844642,7.016530815936282,6.3754685300347145,7.857232313030896
pfkfb3_automap_molecule_42,-8.466802597045898,6.143580074520026,6.393695082544781,6.061617510116647,6.139789907336262,6.043846486571627,6.078951386030808
pfkfb3_automap_molecule_35,-10.138808250427246,7.34867540503014,7.8230823053947836,7.5823662731148955,7.0374831242707785,6.432428011064676,7.868017311305571
pfkfb3_automap_molecule_44,-9.948675155639648,6.138830056489643,6.384137351856854,6.053472326893421,6.2920094466051,5.902892112211571,6.06163904488127
pfkfb3_automap_molecule_63,-8.561636924743652,6.312650108003939,6.461005059664977,6.170680242657868,6.578042795868307,6.048120836013443,6.3054016058150975
pfkfb3_automap_molecule_69,-10.71462059020996,6.777204303790607,6.986954374027369,6.424504354646799,7.100190232277099,6.431543545578038,6.942829012423733
pfkfb3_automap_molecule_52,-10.395273208618164,7.356854781200459,7.763748233643758,7.654299855988098,7.021536168736598,6.431894777364695,7.912794870269142
pfkfb3_automap_molecule_19,-7.550787448883057,7.302147015147814,7.769898262649853,7.550971291723162,6.958449108686417,6.3134848383737125,7.917931574305927
pfkfb3_automap_molecule_68,-9.778227806091309,6.749965242340515,6.920355245276479,6.407849034139602,7.131928948140301,6.366811283686059,6.922881700460136
pfkfb3_automap_molecule_33,-8.606922149658203,7.360136126203956,7.800779851877531,7.583443150734535,7.097879723325408,6.403323744231584,7.915254160850719
pfkfb3_automap_molecule_70,-10.30394172668457,7.061474244953514,7.313673329411497,6.610915859271954,7.152303291757909,7.2402685809983796,6.990210163327829
pfkfb3_automap_molecule_53,-6.997636318206787,7.4768655110217495,7.8422708213404,7.848059434316928,7.120715342575588,6.628650543018119,7.944631413857712
pfkfb3_automap_molecule_64,-9.42227840423584,6.300924637151825,6.477614287790482,6.182045723891937,6.479249883986193,6.0532045843796265,6.312508705710887
pfkfb3_automap_molecule_39,-7.197502136230469,6.130650108689261,6.386066718489241,6.05091440477168,6.2618575479387175,5.900640456941068,6.053771415305602
pfkfb3_automap_molecule_37,-9.99706745147705,7.4371889621310405,7.929799540537827,7.563573338586812,7.149001106996349,6.471935393953376,8.07163543058084
pfkfb3_automap_molecule_23,-7.914463996887207,7.32143698157803,7.774710753488107,7.56754467775942,6.96452621352604,6.38281987670017,7.917583386416416
pfkfb3_automap_molecule_60_adjust,-8.143735885620117,6.80372091748379,7.066147482874455,6.52600000970975,6.940734396923733,7.022798592484717,6.462924105426296
pfkfb3_automap_molecule_34,-9.97237777709961,7.258709099095382,7.699902753752329,7.391192955679731,7.030895454993005,6.357608523988417,7.813945807063427
pfkfb3_automap_molecule_36,-7.440536022186279,7.380502940682129,7.858769683590288,7.599043514087261,7.06852670761806,6.48718566245439,7.88898913566065
pfkfb3_automap_molecule_46,-7.859359264373779,6.20597478787886,6.439624827725478,6.080817917964581,6.366041327525195,5.918808503447076,6.224581362731967
shp2_molecule_SHP099-1_Example_7,-9.75264835357666,7.316088968590774,7.398064122998372,7.904652597149912,6.68290356837536,6.90466545799646,7.6901590964337645
shp2_molecule_Example_22,-9.238834381103516,7.972419707563185,8.125077232904534,8.26366156397943,8.016466152132363,7.231833562602483,8.225060026197118
shp2_molecule_Example_29,-7.622783184051514,6.721307089958984,6.899020505510055,7.297192478613202,5.663850809504017,6.561877380488823,7.184594275678821
shp2_molecule_11,-6.354085445404053,7.363996606460255,7.454813800281223,7.940425983463967,6.683867649875056,7.019590668868615,7.721284929812415
shp2_molecule_4,-5.822068691253662,7.416319851558451,7.596770390563846,8.023061263339114,7.001667394023387,6.648112494823568,7.811987715042339
shp2_molecule_Example_2,-8.27622127532959,7.423756643554555,7.50417658549891,8.014140617268266,6.71202407017586,7.067107462865262,7.821334481964473
shp2_molecule_Example_14,-9.778227806091309,7.374461422484006,7.623350514931594,8.156514046835968,6.7260337946004825,6.481319439994515,7.885089316057471
shp2_molecule_Example_26,-8.959051132202148,7.642896186526383,7.70499463049904,7.991544559520432,7.606982434951184,7.074383468460351,7.836575839200906
shp2_molecule_SHP836-2,-6.713211536407471,7.444145269591658,7.616329631295059,8.037332611997236,7.071309118778753,6.6751403641153315,7.820614621771911
shp2_molecule_Example_6,-9.06926441192627,7.591510573223717,7.858932972411302,8.072812313971705,7.19045224224392,7.05209761874679,7.78325771874487
shp2_molecule_Example_1,-8.988177299499512,7.4409278187461965,7.61707208407028,7.929219128368691,6.987403247013051,6.962472233714191,7.708472400564767
shp2_molecule_3,-5.462942123413086,7.226131481818362,7.33696440318874,7.97413339398069,6.464022234291585,6.562459316508492,7.793078061122302
shp2_molecule_Example_9,-8.794095039367676,7.2718314550785905,7.312988799258334,8.056647208038514,6.473887424121011,6.688695099023367,7.826938744951727
shp2_molecule_Example_8,-9.71232795715332,7.413260288301382,7.479933944801992,8.101648266856282,6.663397341048475,7.012593592454073,7.808728296346082
shp2_molecule_7,-7.076467037200928,7.538898284393786,7.702926535007624,8.03198930742965,7.038454923232607,7.099773389297876,7.82134726700118
shp2_molecule_Example_24,-9.07721710205078,7.901918603469989,8.019855755558764,8.278055162513267,7.839257764292184,7.302966887822024,8.069457447163703
shp2_molecule_Example_28,-8.457352638244629,6.864646273790496,7.122999135797925,7.431947455136363,5.763538803694703,6.605393158425464,7.399352815898017
shp2_molecule_10,-7.1542816162109375,7.227689679392455,7.352287958630568,7.870694389036266,6.351772806312676,6.870743790241282,7.692949452741483
shp2_molecule_Example_25,-8.869909286499023,7.995398416772943,8.146990032907519,8.262300005107484,8.053288457886461,7.255430122013854,8.258983465949397
shp2_molecule_Example_27,-8.51852798461914,7.453004670471103,7.618358627970854,8.046450842002567,7.081053000906849,6.686354195621214,7.832806685854031
shp2_molecule_6,-8.030035018920898,7.289580914128543,7.44083279113242,7.88794576438902,6.719616292409594,6.6615745035326865,7.7379352191789925
shp2_molecule_Example_30,-9.157095909118652,7.312361692204503,7.387673761857244,7.905816319966564,6.666088212727526,6.901903721149667,7.7003264453215134
shp2_molecule_Example_5,-7.5630927085876465,7.694650644219625,7.9046832512927745,8.130948915355042,7.195633831491342,7.221535890879778,8.02045133207919
shp2_molecule_Example_4,-8.201089859008789,6.827357536804139,7.004267070326686,7.414150096406342,5.713767190657622,6.625278030185058,7.379325296444988
shp2_molecule_Example_23,-8.740339279174805,7.856417693579958,8.00080243830665,8.247114584933804,7.850485890749141,7.197332983264925,7.986352570645268
shp2_molecule_Example_3,-8.215871810913086,7.186395093737795,7.2746281629879395,7.851868602294931,6.346654886489794,6.798518644830634,7.6603051720856765
cmet_molecule_CHEMBL3402753_200,-9.139049530029297,6.398899059819176,6.762786094352643,6.381011946372718,6.282015711334323,6.094714720840023,6.473966826196174
cmet_molecule_CHEMBL3402747_3400,-7.460412979125977,6.978103308507291,7.291085850786606,6.696821658475207,6.948899998850953,7.1432069653792425,6.810502069044445
cmet_molecule_CHEMBL3402744_300,-8.89881706237793,6.241813508043285,6.507967086349271,6.2947091190560585,5.725364313509562,6.223066226243087,6.457960795058448
cmet_molecule_CHEMBL3402745_200,-9.139049530029297,6.342780768750152,6.622553550165588,6.365672203803523,5.763817155492901,6.403177245725918,6.558683688562829
cmet_molecule_CHEMBL3402750_400,-8.72836971282959,6.44790145744266,6.804174043698325,6.393149049415928,6.437740877462491,6.065169836706768,6.539273479929787
cmet_molecule_CHEMBL3402743_42,-10.063709259033203,6.436640444391844,6.793848045504924,6.329536518311975,5.949206619397581,6.4980405807934,6.61257045795134
cmet_molecule_CHEMBL3402752_30000,-6.170323371887207,6.460112954445444,6.793915888062627,6.345774461554431,6.451389594588196,6.165517419995471,6.543967408026489
cmet_molecule_CHEMBL3402755_4200,-7.33521556854248,6.457402611356774,6.785919451589928,6.383539775990668,6.473854767099336,6.13464522021694,6.509053841886999
cmet_molecule_CHEMBL3402749_500,-8.596160888671875,6.662190696999259,6.948404145404969,6.523997792865447,6.513425141699292,6.76860957881464,6.556516826211945
cmet_molecule_CHEMBL3402765_11-charged-pKa-8.1,-10.857505798339844,6.506975755091088,6.816567692793153,6.39589590496254,5.969763215712817,6.690203573357853,6.662448388629074
cmet_molecule_CHEMBL3402742_23,-10.420489311218262,6.496261850909225,6.854635851317679,6.477952328793979,5.950313563773626,6.516353136140886,6.682054374519959
cmet_molecule_CHEMBL3402754_40,-10.09261703491211,6.447211537623332,6.819032935162415,6.399996195877102,6.437973114879184,6.084402190676974,6.49465325152099
cmet_molecule_CHEMBL3402748_5300,-7.197390079498291,6.32584287264436,6.643319464235883,6.324045172416137,6.179754978117259,6.027894568427509,6.454200180025013
cmet_molecule_CHEMBL3402741_400,-8.72836971282959,6.697836654813161,7.097289126433467,6.683329232879407,6.030637262727746,6.88086316529853,6.797064486726654
cmet_molecule_CHEMBL3402763_90,-9.612153053283691,6.778636813301281,7.017567278569551,6.897733457442129,6.225720829898728,6.672758947940148,7.079403552655851
cmet_molecule_CHEMBL3402764_90,-9.612153053283691,6.32554875796805,6.591942856199253,6.285108920493233,5.77579529936465,6.3817378508390545,6.593158862944059
cmet_molecule_CHEMBL3402751_2100,-7.745894908905029,6.461619949775806,6.831387925857618,6.361686313015478,6.435439863970445,6.138183479615874,6.541402166419612
cmet_molecule_CHEMBL3402756_2.7_redocked,-11.689735412597656,6.746209738271301,7.185229369257318,6.5806943296144675,6.502930612721224,6.619567647525162,6.8426267322383305
cmet_molecule_CHEMBL3402762_1_redocked,-12.27822208404541,6.613884812167529,6.896804792991811,6.481186624578969,6.3675666281868954,6.573146787091689,6.7507192279882835
cmet_molecule_CHEMBL3402760_1_redocked,-12.27822208404541,6.701227432995461,7.071840884188744,6.572130211550164,6.45408083190405,6.558591785727369,6.849493451606975
cmet_molecule_CHEMBL3402757_6.5_redocked,-11.169207572937012,6.702157441975396,7.071840884188744,6.57678025644984,6.45408083190405,6.558591785727369,6.849493451606975
cmet_molecule_CHEMBL3402761_1_redocked,-12.27822208404541,6.557419413357714,6.8906147163650004,6.432129920356771,6.371315587146851,6.344014989909725,6.749021853010221
cmet_molecule_CHEMBL3402758_10_redocked,-10.91397476196289,6.652245343649466,7.014656838787557,6.547128613852477,6.32364233137565,6.544137358612128,6.831661575619524
cmet_molecule_CHEMBL3402759_5.7_redocked,-11.24702262878418,6.742748376254282,7.091113974694167,6.643857076571437,6.480526837488725,6.643808206593159,6.854435785923922
eg5_extraprotomers_molecule_CHEMBL1078774,-10.662470817565918,6.288369798630473,6.6308585966415405,6.228880675622392,5.988411473248838,6.384240337653989,6.2094579099856055
eg5_extraprotomers_molecule_CHEMBL1093087,-10.59618091583252,5.848805977660244,5.941058084041726,5.8827704184101774,5.66597782035151,5.943896036035657,5.8103275294621515
eg5_extraprotomers_molecule_CHEMBL1082249,-11.283177375793455,5.79762282316779,5.870259463631566,5.8972379202843515,5.580530525391981,5.898775930311254,5.7413102762197985
eg5_extraprotomers_molecule_CHEMBL1089393,-8.429832458496094,6.14295203167018,6.186044143681512,6.395828363618215,5.999243975962785,6.008921626947575,6.124722048140809
eg5_extraprotomers_molecule_CHEMBL1078691,-10.24935531616211,6.0660868235474386,6.379588818698018,6.044612004600625,5.819118637092883,6.269823947054164,5.817290710291506
eg5_extraprotomers_molecule_CHEMBL1086409,-9.931042671203612,5.885816255936234,6.11837566166044,5.90351015988636,5.754272802252854,5.908504981787736,5.744417674093781
eg5_extraprotomers_molecule_CHEMBL1082248,-11.696293830871582,5.760350291798716,5.849278588389324,5.875140576527099,5.515708573308275,5.834210185550461,5.72741353521842
eg5_extraprotomers_molecule_CHEMBL1084678,-11.191304206848145,5.847626772456199,5.896786989846837,5.926355319081551,5.647920381820932,5.98301167191923,5.784059499612445
eg5_extraprotomers_molecule_CHEMBL1084115,-9.497721672058104,5.834169844332457,5.9686704061442635,5.9022821312613765,5.490531125548673,6.081080210561574,5.728285348146397
eg5_extraprotomers_molecule_CHEMBL1084431,-9.863131523132324,5.794363955927361,5.91368439234563,5.8633331954076615,5.540755005080906,5.878331388803793,5.775715797998814
eg5_extraprotomers_molecule_CHEMBL1085895,-10.921920776367188,5.8175948926271035,5.859647707090018,5.906099047593157,5.6408202220668064,5.934351639840722,5.747055846544812
eg5_extraprotomers_molecule_CHEMBL1084677,-11.524834632873535,5.831643016292011,5.884725400655167,5.91773423703451,5.6516970566307325,5.932420556802242,5.771637830337401
eg5_extraprotomers_molecule_CHEMBL1077227,-11.391841888427734,5.901368551893988,6.003144644588726,5.990422397214238,5.603629366372624,6.131626523439568,5.778019827854781
eg5_extraprotomers_molecule_CHEMBL1086410,-11.524834632873535,5.915584204819189,6.037989622010287,5.971739590378315,5.640821428225822,6.138958480716099,5.788411902765421
eg5_extraprotomers_molecule_CHEMBL1083517,-11.524834632873535,5.916671645523249,6.1285529864829,5.944340226422398,5.7731368403195695,5.9823652454129554,5.75496292897842
eg5_extraprotomers_molecule_CHEMBL1096003,-11.93795108795166,6.412590216376853,6.489411374669835,6.71855820000817,6.1810644790087075,6.295298084284278,6.378618943913273
eg5_extraprotomers_molecule_CHEMBL1077204,-11.111719131469728,5.831060200328471,5.891676549605885,5.915105156104795,5.668813605738523,5.925910849201927,5.753794840991226
eg5_extraprotomers_molecule_CHEMBL1083836,-10.921920776367188,5.869116805795878,5.916148592405365,5.919342288779463,5.544247966227384,6.181257831153502,5.784587350413676
eg5_extraprotomers_molecule_CHEMBL1085666,-10.5656099319458,5.70360749232625,5.758321003024147,5.791547726129891,5.501358191683996,5.787246363959662,5.679564176833554
eg5_extraprotomers_molecule_CHEMBL1085692,-11.391841888427734,5.864544696720122,5.952226178998914,5.968426613707864,5.658478766731079,5.964764093931561,5.77882783023119
eg5_extraprotomers_molecule_CHEMBL1084143,-11.93795108795166,5.999989684276558,6.115878823521876,6.053155516750001,5.757606050647216,6.217925407743442,5.855382622720257
eg5_extraprotomers_molecule_CHEMBL1096002,-11.191304206848145,6.321188147278489,6.355917426846992,6.609167500793635,6.175133579166036,6.201417762174496,6.2643044674112875
eg5_extraprotomers_molecule_CHEMBL1089056,-9.497721672058104,5.874876070063313,6.013275661888015,5.926836878427635,5.543584760525672,6.129161863739794,5.761521185735445
eg5_extraprotomers_molecule_CHEMBL1093088,-11.283177375793455,5.736378749381351,5.843747861644865,5.83934246820569,5.499922840379266,5.7899810231024755,5.708899553574458
eg5_extraprotomers_molecule_CHEMBL1084676,-10.778188705444336,5.908114348048926,5.958301833711062,5.963620892740858,5.723701523385592,6.0539336183901415,5.841013872016979
eg5_extraprotomers_molecule_CHEMBL1084935,-10.59618091583252,6.036338645969769,6.157342452523072,6.074549805026889,5.808734669440858,6.27789137269838,5.863174930159645
eg5_extraprotomers_molecule_CHEMBL1078998,-10.432616233825684,5.847200531514934,5.974005201236479,5.9277128651604585,5.505799696230482,6.08727996668931,5.74120492825794
eg5_extraprotomers_molecule_CHEMBL1088740,-8.75107479095459,5.806444329003499,5.94235321202102,5.895964200651593,5.468559563875405,6.0073850642618165,5.717959604207656
eg5_extraprotomers_molecule_CHEMBL1084143_1,-11.93795108795166,5.918968926956838,6.057262813959019,6.003623722375946,5.5366721176892275,6.157238717656507,5.840047263103484
eg5_extraprotomers_molecule_CHEMBL1096003_1,-11.93795108795166,6.3096493000506,6.36438630917987,6.5998421314416555,6.078046471744322,6.206688746535412,6.299282841351736
eg5_extraprotomers_molecule_CHEMBL1096002_1,-11.191304206848145,6.35171028277303,6.404207316675565,6.632320222761784,6.186306299637012,6.241349978870264,6.294367595920523
eg5_extraprotomers_molecule_CHEMBL1084676_1,-10.778188705444336,5.888415564833888,5.926556380837648,5.934285350119347,5.713171876507184,6.03595194604122,5.832112270664042
eg5_extraprotomers_molecule_CHEMBL1084677_1,-11.524834632873535,5.774317667053859,5.84494412090002,5.856350206124878,5.573529254510987,5.874766494380118,5.72199825935329
eg5_extraprotomers_molecule_CHEMBL1084935_1,-10.59618091583252,6.044232632759441,6.1649862520904675,6.084224432294301,5.8124180253755116,6.288994860811347,5.870539593225582
syk_4puz_fullmap_molecule_CHEMBL3265014,-10.40023136138916,7.357451613064411,7.786504712668559,7.438045790195529,7.056738393204003,6.62244753454937,7.883521634704599
syk_4puz_fullmap_molecule_CHEMBL3265036,-10.417919158935549,7.532147945838977,7.7973732802201035,7.635787786748152,7.09315859670551,6.8993902813981025,8.235029784123023
syk_4puz_fullmap_molecule_CHEMBL3265020,-11.003335952758787,7.39067472966739,7.78367605844962,7.577624369794837,7.059958206370276,6.538321932789231,7.993793080932985
syk_4puz_fullmap_molecule_CHEMBL3265023,-10.477216720581056,7.444827898006753,7.869342270447025,7.615938507088924,7.0999441553832465,6.604515192072987,8.034399365041578
syk_4puz_fullmap_molecule_CHEMBL3265033,-11.838635444641112,7.292887865418519,7.677389001851256,7.612375777649554,6.919143954924877,6.286797471498224,7.968733121168684
syk_4puz_fullmap_molecule_CHEMBL3265027,-10.329894065856934,7.097619814635287,7.346822677279399,7.364768635933952,6.850107254446325,6.16092884956844,7.765471655948324
syk_4puz_fullmap_molecule_CHEMBL3265028,-11.010265350341797,7.354744284391399,7.688742040114679,7.554293465036917,7.025420458807717,6.49421619502472,8.011049262972957
syk_4puz_fullmap_molecule_CHEMBL3265032,-11.068829536437988,7.322852751278466,7.666130346940559,7.525424748862539,7.013498943433752,6.391513177610505,8.017696539544975
syk_4puz_fullmap_molecule_CHEMBL3265031,-12.078866958618164,7.320484128243271,7.680407878186773,7.547437403714328,7.034229081293961,6.3671834987742955,7.973162779246995
syk_4puz_fullmap_molecule_CHEMBL3265037,-12.764640808105469,7.45421113737067,7.866852387471321,7.587448558039723,7.091713399917603,6.58728887459511,8.137752466829596
syk_4puz_fullmap_molecule_CHEMBL3265026,-11.36131477355957,7.45728445817372,7.831188315451459,7.587687079751888,7.089544467555662,6.647435925784805,8.130566502324783
syk_4puz_fullmap_molecule_CHEMBL3265012,-10.546293258666992,7.3001294569434965,7.710735774520157,7.383944751362501,6.980913295296193,6.492898190712314,7.932155272826313
syk_4puz_fullmap_molecule_CHEMBL3265029,-11.125299453735352,7.328750502452242,7.6645873311215045,7.518238775510874,7.002576941978274,6.451657863869381,8.006691599781174
syk_4puz_fullmap_molecule_CHEMBL3265035,-11.07657527923584,7.317723850164948,7.594564672408611,7.577989238469228,7.041856818613169,6.397328569936078,7.976879951397657
syk_4puz_fullmap_molecule_CHEMBL3265024,-11.784735679626465,7.460497679718237,7.845372418041123,7.57609806293804,7.126830363631609,6.678939585178421,8.075247968801998
syk_4puz_fullmap_molecule_CHEMBL3265018,-11.187724113464355,7.385326391942435,7.774218943741802,7.572851481177457,7.057079411148401,6.534198533639263,7.988283590005252
syk_4puz_fullmap_molecule_CHEMBL3265008,-9.784358024597168,7.290357591356492,7.696129752885346,7.370722832310578,6.974047733571111,6.523378727384648,7.887508910630778
syk_4puz_fullmap_molecule_CHEMBL3265016,-11.689735412597656,7.385955288049834,7.7737288059579805,7.571723421426678,7.055414683059899,6.5351164488716345,7.993793080932985
syk_4puz_fullmap_molecule_CHEMBL3265025_flip,-10.199455261230469,7.4901086367194925,7.878416063362329,7.626747700315071,7.215989519936232,6.647303246346041,8.08208665363779
syk_4puz_fullmap_molecule_CHEMBL3265013,-9.81322193145752,7.351468779079509,7.763646672008162,7.413778934073065,7.086311483178725,6.55127120046165,7.942335605675949
syk_4puz_fullmap_molecule_CHEMBL3259820,-10.575678825378418,7.27672806339154,7.634977644952547,7.367541070504907,6.947120352941131,6.5022823114623804,7.931718937096739
syk_4puz_fullmap_molecule_CHEMBL3265006,-9.95804214477539,7.403353631385623,7.750275916603779,7.639922089578994,7.028154404420154,6.651538890085341,7.946876856239848
syk_4puz_fullmap_molecule_CHEMBL3265030_n,-11.471863746643066,7.3430656591890795,7.690300052252097,7.571596102350456,7.058897357086365,6.412824117161656,7.9817106670948235
syk_4puz_fullmap_molecule_CHEMBL3265022,-10.791322708129885,7.467778835307227,7.8945564412556495,7.6357173416372905,7.108011237867714,6.647289583083003,8.05331957269248
syk_4puz_fullmap_molecule_CHEMBL3265019,-10.777045249938965,7.388563568260746,7.771394234108697,7.576498452096525,7.063524141461417,6.535823779252464,7.995577234384629
syk_4puz_fullmap_molecule_CHEMBL3265009,-10.297627449035645,7.352651597416903,7.784025530990343,7.4251294825108705,7.034604440185474,6.611441884734309,7.90805664866352
syk_4puz_fullmap_molecule_CHEMBL3265021,-10.890737533569336,7.390862832696295,7.783008665571604,7.57671239079851,7.065844677239408,6.534994369484387,7.993754060387569
syk_4puz_fullmap_molecule_CHEMBL3265005,-10.323298454284668,7.327571751246012,7.652266313375273,7.57290718226235,6.98033632376687,6.522973561030557,7.909375375795007
syk_4puz_fullmap_molecule_CHEMBL3265017,-11.48725414276123,7.384513916808638,7.774695048209611,7.572851481177457,7.055673632536616,6.530584570600248,7.988764851519256
syk_4puz_fullmap_molecule_CHEMBL3265010,-10.132436752319336,7.363625013086553,7.765591923092336,7.607930569851717,7.042808505124649,6.57012951774366,7.831664549620407
syk_4puz_fullmap_molecule_CHEMBL3265034,-11.48725414276123,7.351591616150915,7.677572606217491,7.614210837056451,7.004806384297878,6.381430523009872,8.07993773017288
syk_4puz_fullmap_molecule_CHEMBL3265011_flip,-8.637885093688965,7.37191560119646,7.757769645875215,7.425627588388658,7.133877577610804,6.637315228046084,7.904987966061543
syk_4puz_fullmap_molecule_CHEMBL3265015_flip,-9.47731590270996,7.325100247893403,7.701772512323584,7.381377020758943,7.083600547224577,6.564079584420484,7.894671574739428
syk_4puz_fullmap_molecule_CHEMBL3265002,-10.617273330688477,7.395583468207059,7.832069855027572,7.467659739704109,7.145265872665117,6.551912928997312,7.981008944641183
syk_4puz_fullmap_molecule_docked_CHEMBL3264998,-11.712096214294434,7.349002405462149,7.713604694918206,7.499630126891028,7.025778709361772,6.535162543429686,7.970835952710054
syk_4puz_fullmap_molecule_CHEMBL3264997,-10.983019828796388,7.387898786818427,7.826287190896304,7.5134906681554785,7.094801536678606,6.538200758386849,7.9667137799748975
syk_4puz_fullmap_molecule_docked_CHEMBL3264994,-9.804960250854492,7.261081125525448,7.642921268786721,7.467430161430761,6.9482660244214705,6.342015341793888,7.904772831194396
syk_4puz_fullmap_molecule_CHEMBL3264995,-12.381524085998535,7.393664187142915,7.8299568966292465,7.530742282898823,7.113088972758012,6.532079484431689,7.962453298996802
syk_4puz_fullmap_molecule_docked_CHEMBL3265004,-10.857505798339844,7.349552545400037,7.7689972568257195,7.441380248947124,7.051904737229539,6.527425006110011,7.958055477887794
syk_4puz_fullmap_molecule_CHEMBL3265001,-12.03799057006836,7.392605546902796,7.830897670059539,7.464281992439088,7.139190536109065,6.546930422187481,7.981727113718807
syk_4puz_fullmap_molecule_CHEMBL3264996,-10.665895462036133,7.379287146103378,7.779902149683813,7.55018723646305,7.066891305553229,6.541014052587707,7.9584409862290935
syk_4puz_fullmap_molecule_docked_CHEMBL3264999_adjust,-11.41401481628418,7.369976563383837,7.797782609512778,7.509165024983984,7.067597131916456,6.5337350911746395,7.941602959331329
syk_4puz_fullmap_molecule_redocked_CHEMBL3265000_ground_state,-11.811073303222656,7.38418460579017,7.79274378174186,7.516263915271247,7.093505378295638,6.558682027331954,7.959727926310152
syk_4puz_fullmap_molecule_redocked_CHEMBL3265000,-11.811073303222656,7.387975758348377,7.812587852436557,7.541706167829299,7.064130519813927,6.5498057298946835,7.971648521767414
syk_4puz_fullmap_molecule_CHEMBL3265003_tautomer_1,-10.820952415466309,7.372551542527174,7.804348927723536,7.458144660300859,7.097292139589809,6.5251938022601434,7.977778182761526
syk_4puz_fullmap_molecule_CHEMBL3265003_tautomer_2,-10.820952415466309,7.372329173416466,7.80399754336526,7.457384199105586,7.097292139589809,6.5251938022601434,7.977778182761526
hif2a_automap_molecule_338,-10.75852870941162,5.75508954206482,5.556889008242356,5.724326726174156,5.747948347364951,5.909539286910682,5.836744341631952
hif2a_automap_molecule_43,-8.699462890625,6.334700415553847,6.250185732134458,6.6698066057762695,5.990507005377119,6.296729503976304,6.466273230505083
hif2a_automap_molecule_235,-10.123006820678713,5.607547891377502,5.457654562540279,5.632844474872252,5.398664308378517,5.812520860082765,5.7360552510136955
hif2a_automap_molecule_234,-10.347848892211914,6.373552891806558,6.17318645422957,6.473971287597524,6.320290666612089,6.433526197387852,6.466789853205753
hif2a_automap_molecule_30,-10.565720558166504,6.076811912131236,5.905317445147846,6.169810973795488,5.980428523620935,6.065202339427831,6.26330027866408
hif2a_automap_molecule_1,-11.324654579162598,6.211303532047209,5.993545741624256,6.306268931745297,6.2830854508274925,6.156701562812485,6.3169159732265125
hif2a_automap_molecule_237,-9.549728393554688,5.693066524685396,5.535721263158356,5.68213516905,5.499303857246281,5.919231954103399,5.828940379868941
hif2a_automap_molecule_227,-10.75852870941162,5.8038017511958815,5.557655202900757,5.775333299580906,5.711957288660921,5.981194321406576,5.99286864343025
hif2a_automap_molecule_266,-10.533686637878418,6.173400050887009,5.947704513611844,6.1162352465497305,6.241536251655172,6.249087900218882,6.31243634239942
hif2a_automap_molecule_206,-10.123006820678713,6.174199415335083,6.129862171169532,6.187731708013702,5.902125913728208,6.474070734787675,6.177206548976304
hif2a_automap_molecule_67,-10.17173194885254,5.789094828282804,5.566358565986295,5.722968854813076,5.8526656968532444,5.9558959039273,5.847585119834105
hif2a_automap_molecule_156,-9.73618984222412,5.590452257253412,5.490538710581792,5.673134215929355,5.273509304892297,5.811863120564173,5.703215934299443
hif2a_automap_molecule_31,-8.842347145080566,5.705864145651362,5.61882178777612,5.678895928669455,5.446188237246228,5.955874412486522,5.8295403620784825
hif2a_automap_molecule_289,-10.91397476196289,5.879555344892394,5.698001784250568,5.861099277741243,5.807676130807376,6.108554292271209,5.922445239391575
hif2a_automap_molecule_61,-10.107617378234863,6.44887590813112,6.346125795901681,6.672793066316146,6.267188778074302,6.437402797443186,6.52086910292029
hif2a_automap_molecule_167,-10.67374324798584,6.422870878106446,6.344559989274434,6.636155052913238,6.195486945170432,6.426933942245108,6.511218460929018
hif2a_automap_molecule_165,-9.235339164733888,5.832480721776299,5.667002897089963,5.8069255294820845,5.741036078165424,6.0509869323715195,5.896452171772502
hif2a_automap_molecule_41,-9.787005424499512,6.509028439529932,6.390010321998118,6.799239470057505,6.330005599939636,6.460215334519805,6.565671471134599
hif2a_automap_molecule_7b,-7.394513607025146,6.381527085464121,6.180020639113087,6.5188635660549545,6.36286028751148,6.4427917212144346,6.403099213426648
hif2a_automap_molecule_54,-9.30949592590332,6.714805770779501,6.582459541822976,7.02652220618719,6.442930941909019,6.761816291889389,6.760299872088927
hif2a_automap_molecule_215,-10.59958553314209,6.447413789431993,6.333601102713522,6.642986833915222,6.335521031908524,6.419933865342748,6.505026113279946
hif2a_automap_molecule_57,-10.67374324798584,5.704900078080729,5.518327377910373,5.743102171029287,5.622405517074281,5.874016505878367,5.766648818511337
hif2a_automap_molecule_42,-8.93969440460205,6.496204504174392,6.355421824339048,6.78676944184481,6.330989625549815,6.45018475816476,6.557656870973531
hif2a_automap_molecule_252,-9.71232795715332,5.7354453344610405,5.536432163963472,5.692146267442107,5.718773412232743,5.904477696570687,5.825397132096191
hif2a_automap_molecule_336,-9.823477745056152,5.771566631635812,5.553085668734974,5.772885005779894,5.725750958614304,5.9389724259705154,5.867139099079376
hif2a_automap_molecule_290,-10.565720558166504,5.701371000249093,5.52473419829941,5.661005731663345,5.67660075525015,5.836563337278161,5.8079509787543975
hif2a_automap_molecule_155,-10.5032958984375,5.705918042010465,5.519018405078048,5.7466621362168855,5.6238637956345086,5.872139947957434,5.767905925165449
hif2a_automap_molecule_164,-6.764764785766602,5.850334192293072,5.696742378618368,5.856005305648871,5.540616897330842,6.11407107211486,6.04423530775242
hif2a_automap_molecule_7a,-9.99706745147705,6.435793826811041,6.210826447358467,6.557300097793785,6.499770532761752,6.4578562929947125,6.453215763146493
hif2a_automap_molecule_224,-9.660125732421877,5.702418836842366,5.899013999472357,5.612391302084772,5.3217904889121845,5.881068759307071,5.79782963443544
hif2a_automap_molecule_84,-7.5754475593566895,7.06685379813714,6.7616359102419255,6.834890788208299,6.828862770127411,7.574436624237195,7.334442897870873
hif2a_automap_molecule_254,-9.549728393554688,5.858520138562466,5.654399151957797,5.828250070710959,5.803391756057177,6.101707862827672,5.904851851258725
hif2a_automap_molecule_23,-7.067420959472656,5.750928889586399,5.534997590378711,5.735692534981878,5.7202493396767045,5.935019393631042,5.828685589263658
hif2a_automap_molecule_251,-10.24363613128662,5.858126737010839,5.6537123807009575,5.828250070710959,5.803391756057177,6.101707862827672,5.903571614757433
hif2a_automap_molecule_256,-10.67374324798584,5.7354453344610405,5.536432163963472,5.692146267442107,5.718773412232743,5.904477696570687,5.825397132096191
hif2a_automap_molecule_50,-9.696937561035156,6.481165583620182,6.252551625324506,6.5563934213445885,6.5603597383692325,6.506003472823162,6.530519660239423
hif2a_automap_molecule_231,-10.022831916809082,5.891026101311939,5.67887304258489,5.889709025640978,5.804817015674485,6.155836448341946,5.9258949743174005
hif2a_automap_molecule_15,-11.046184539794922,5.737018381836071,5.537277906343885,5.695706232629703,5.7202316907929704,5.905560506345249,5.826315573068549
hif2a_automap_molecule_124,-10.123006820678713,6.127494372389686,5.9527264477868425,6.216757503569408,6.062100900225697,6.107750499123484,6.298136511242999
hif2a_automap_molecule_25,-10.28314971923828,6.056564393924747,5.828352116417923,6.223702563935749,5.986454255479868,6.014517699457132,6.229795334333065
hif2a_automap_molecule_163,-11.010265350341797,5.861967574418695,5.674626735467029,5.834927933079626,5.783927039168054,6.1055013405048095,5.910854823873956
tnks2_fullmap_molecule_1a,-8.550562858581543,5.831692734522992,6.13023459302382,5.70582346696093,5.644084007518697,5.726580771038678,5.951740834072836
tnks2_fullmap_molecule_1b,-9.937170028686523,6.067520325701052,6.3840530712939625,5.898738266114485,5.822335084794207,6.067254116601264,6.165221089701342
tnks2_fullmap_molecule_3a,-10.996485710144045,6.035454878095547,6.3531750353411205,5.9039023131374275,5.863287686593534,5.990523899715323,6.066385455690327
tnks2_fullmap_molecule_3b,-11.519288063049316,6.10132255978425,6.402518749682033,5.925063011362913,6.080413545804793,6.034417443402016,6.064200048669492
tnks2_fullmap_molecule_5f,-10.26306438446045,6.055742974476013,6.349693460292657,5.939318578151691,5.893393874215337,6.0523010332503535,6.0440079264700275
tnks2_fullmap_molecule_5l,-10.09261703491211,6.098368042404585,6.429583409119065,5.9300455215220715,6.053085950178791,6.049210851330483,6.029914479872517
tnks2_fullmap_molecule_5g,-10.805952072143556,6.382400534380168,6.6863366671955164,6.422664582549177,6.0121863461580745,6.283181594559553,6.50763348143852
tnks2_fullmap_molecule_5e,-10.107617378234863,6.614242760904496,6.824177145574977,6.58203628170972,6.710076857775972,6.383160398103939,6.571763121357869
tnks2_fullmap_molecule_5i,-12.078866958618164,6.090652443619227,6.378604956770955,5.980751706743365,5.942415176782416,6.071022083521915,6.080468294277487
tnks2_fullmap_molecule_5b,-10.474388122558594,6.07211461616785,6.394927097399821,5.948631102396279,5.995701339408899,6.006878708318927,6.014434833315326
tnks2_fullmap_molecule_5h,-10.04976749420166,6.201776033227205,6.484082070631249,6.05426895375525,5.949567451093779,6.267038462376402,6.253923228279346
tnks2_fullmap_molecule_5a,-10.75852870941162,6.053642933948288,6.3539850351577165,5.932547096403506,5.887848447587331,6.0517616209524725,6.042072469640414
tnks2_fullmap_molecule_5k,-10.963377952575684,6.3456735583925505,6.57721184076394,6.102785169610726,6.490448590017075,6.2865878786216145,6.271334312949401
tnks2_fullmap_molecule_5p,-10.5032958984375,6.325305226103378,6.532903012738996,6.171031093884913,6.145213815806482,6.438490613889263,6.338887594197236
tnks2_fullmap_molecule_5j,-11.08442211151123,6.507361807078074,6.772923561219134,6.1383256938298905,6.659501975422584,6.329523348000884,6.636534456917876
tnks2_fullmap_molecule_5d,-10.8850679397583,6.11989396947653,6.408362309041738,5.936503946265964,6.110894676857861,6.086958451542347,6.05675046367474
tnks2_fullmap_molecule_5m,-12.6889009475708,6.377601367275427,6.612200488697094,6.1407404254959275,6.516613579890969,6.312287093572617,6.3061652487205295
tnks2_fullmap_molecule_5n,-10.71462059020996,6.331773089489642,6.532280239520286,6.187942845961525,6.162084803819072,6.460364559447454,6.316192998699869
tnks2_fullmap_molecule_5c,-9.960407257080078,6.575968851612034,6.7830134244553415,6.581088891318928,6.640416774748409,6.310638684842255,6.564686482695236
tnks2_fullmap_molecule_7,-8.396805763244629,6.226620645180634,6.6929658836411345,6.268450057635467,6.009362617558089,6.161764913850295,6.000559753218183
tnks2_fullmap_molecule_8a_neutral,-10.805952072143556,6.991786994200316,7.540861435215424,7.380961448376737,6.23439108969427,6.472052695048625,7.3306683026665285
tnks2_fullmap_molecule_8b_neutral,-11.929967880249023,7.288211578537033,7.739265173323385,7.609134801287091,6.719961275775562,6.794183521909682,7.578513120389444
tnks2_fullmap_molecule_8c_adjust,-10.123006820678713,6.301997198527357,6.532382408063878,6.014318475228676,6.404464074573223,6.3451308052127775,6.213690229558233
tnks2_fullmap_molecule_8d,-12.489546775817873,6.387998488370101,6.621623101968731,6.064578645843701,6.47358144002759,6.531418703577739,6.248790550432744
tnks2_fullmap_molecule_8e_adjust_neutral,-10.24363613128662,6.348478924873895,6.64682974176316,6.048684207277025,6.39065802332812,6.416868729247641,6.239353922753532
tnks2_fullmap_molecule_8f_neutral,-11.811073303222656,6.424372165671184,6.721144598312933,6.114375885196407,6.459657916228075,6.548048850240365,6.278633578378139
tnks2_fullmap_molecule_8d_neutral_equitorial,-12.489546775817873,6.388275171625423,6.622341152075361,6.0647764866243,6.47358144002759,6.531886228967123,6.248790550432744
tnks2_fullmap_molecule_8c_neutral_equitorial,-10.123006820678713,6.302426066935549,6.533100458170507,6.015277241773624,6.404464074573223,6.345598330602162,6.213690229558233
tnks2_fullmap_molecule_5o_adjust,-12.03799057006836,6.533848296705204,6.723734106130389,6.326866871550648,6.527573814152312,6.593293459875269,6.497773231817405
tnks2_fullmap_molecule_8f,-11.811073303222656,6.1888712192035245,6.488485891754313,5.951847692495237,6.078162949950754,6.341176398947993,6.084683162869321
tnks2_fullmap_molecule_8b,-11.929967880249023,7.056329913815138,7.57263885588994,7.450516525750574,6.291153557358121,6.609784533193598,7.3575560968834575
tnks2_fullmap_molecule_8e,-10.24363613128662,6.087675890866061,6.403622658752748,5.8760044712439745,5.9478219292449,6.173329990648964,6.037600404439717
tnks2_fullmap_molecule_8a,-10.805952072143556,6.977630258253072,7.516790973800195,7.398872635808496,6.1684212828271425,6.452061731094075,7.352004667735453
cdk8_5cei_new_helix_loop_extra_molecule_43,-11.93795108795166,7.285627700761898,7.485796079764561,7.593365386843377,6.952399214945918,6.635147365883877,7.761430456371758
cdk8_5cei_new_helix_loop_extra_molecule_22,-10.28548812866211,7.38969838753952,7.548417084212099,7.642137010289348,7.033938179787854,6.849584319161852,7.874415344246443
cdk8_5cei_new_helix_loop_extra_molecule_30,-11.696293830871582,7.362424740887839,7.491921728071161,7.689581045985198,6.998525748754103,6.723504277853757,7.908590903774978
cdk8_5cei_new_helix_loop_extra_molecule_21,-9.754467964172363,6.617649265475093,6.7568250742746905,6.468469140600475,6.644424771035191,6.649632930173625,6.568894411291482
cdk8_5cei_new_helix_loop_extra_molecule_24,-10.344158172607422,6.323736966948328,6.307186770600315,6.311573773087907,6.427527269446496,6.377308805677626,6.195088215929297
cdk8_5cei_new_helix_loop_extra_molecule_38,-11.391841888427734,7.259510441745945,7.400698340064984,7.546412943830043,6.9394015627122165,6.660361441368684,7.750677920753802
cdk8_5cei_new_helix_loop_extra_molecule_31,-11.93795108795166,7.373702858106642,7.494101295071452,7.694547778301303,7.029918327933536,6.736626456655393,7.913320432571527
cdk8_5cei_new_helix_loop_extra_molecule_41,-11.283177375793455,6.723316990378623,6.833713282836058,6.498318885328305,6.727579765768439,6.845056701820472,6.71191631613984
cdk8_5cei_new_helix_loop_extra_molecule_29,-9.256064414978027,6.363234261985745,6.369599799415482,6.376118042027771,6.441369754214351,6.4051500590101265,6.223933655260995
cdk8_5cei_new_helix_loop_extra_molecule_26,-10.215289115905762,6.832476277720946,7.075417240907478,6.577181350329439,6.9191338658251,6.725667578974277,6.864981352568434
cdk8_5cei_new_helix_loop_extra_molecule_20,-10.698603630065918,6.537452417719829,6.553566602087976,6.499577079803723,6.591255485473558,6.64471978969746,6.398143131536427
cdk8_5cei_new_helix_loop_extra_molecule_35,-11.524834632873535,7.3526593534715445,7.487159878555206,7.692116090431337,6.985813074867566,6.705983440054648,7.892224283448966
cdk8_5cei_new_helix_loop_extra_molecule_40,-11.191304206848145,6.675171486180301,6.72379554225364,6.485399039631029,6.700161951511158,6.825366611431367,6.641134286074309
cdk8_5cei_new_helix_loop_extra_molecule_19,-10.737068176269531,6.340257401517208,6.302237946646251,6.317944288039332,6.509885714762817,6.373825199995263,6.197393858142375
cdk8_5cei_new_helix_loop_extra_molecule_33,-11.111719131469728,6.340511229865384,6.33330769527795,6.344464810774723,6.48001895316463,6.375209977076295,6.16955471303332
cdk8_5cei_new_helix_loop_extra_molecule_27,-8.463898658752441,6.542191171316881,6.471244835201126,6.578131047053022,6.656657268080835,6.669848562016957,6.335074144232461
cdk8_5cei_new_helix_loop_extra_molecule_13,-11.283177375793455,6.729821305053979,6.668930423097496,6.6199911776668525,6.881523136510276,6.682245700152322,6.796416087842948
cdk8_5cei_new_helix_loop_extra_molecule_39,-11.524834632873535,7.462011982466048,7.574378239159295,7.630560098202115,6.9699608530687005,7.264543080456227,7.8706176414439
cdk8_5cei_new_helix_loop_extra_molecule_32,-9.549580574035645,6.298289785065107,6.264929422660253,6.270471560668691,6.455479061431395,6.330352862626102,6.1702160179390955
cdk8_5cei_new_helix_loop_extra_molecule_37,-11.524834632873535,7.350761416618037,7.454618324169975,7.545833115579697,6.959877991925301,7.008857106494969,7.78462054492025
cdk8_5cei_new_helix_loop_extra_molecule_23,-9.01440715789795,6.513418280365329,6.542441706590873,6.393943799293541,6.5189868912664,6.623877014973733,6.487841989702099
cdk8_5cei_new_helix_loop_extra_molecule_15,-7.687934875488281,6.493598401312158,6.4444461615128095,6.520972304123647,6.532601742953199,6.561215950618896,6.408755847352241
cdk8_5cei_new_helix_loop_extra_molecule_34,-11.191304206848145,6.592628977290628,6.7087153460258815,6.489010525170484,6.685153633276993,6.47330536149991,6.606960020479877
cdk8_5cei_new_helix_loop_extra_molecule_25,-9.793952941894531,6.4323577714158215,6.41094085019165,6.403934697276614,6.5691903313321225,6.484250275391431,6.2934727028872945
cdk8_5cei_new_helix_loop_extra_molecule_14,-8.337959289550781,5.881646921224387,5.840615152224194,6.014909572727679,6.005925210906739,5.859610317584346,5.68717435267898
cdk8_5cei_new_helix_loop_extra_molecule_36,-11.283177375793455,6.711113880207432,6.809041984240025,6.564417773870951,6.764491073195466,6.653850056213897,6.763768513516826
cdk8_5cei_new_helix_loop_extra_molecule_18_flipped,-10.97872543334961,6.4326194742623075,6.42720820730576,6.376643995300084,6.640109978764399,6.401834381863129,6.317300808078167
cdk8_5cei_new_helix_loop_extra_molecule_16_flipped,-9.290130615234377,6.310344998725805,6.240210036209685,6.341633732571339,6.533483731173485,6.272733609079657,6.163663884594856
cdk8_5cei_new_helix_loop_extra_molecule_17_flipped,-8.992732048034668,7.1288000672699186,7.2260628226686014,7.48011210493498,6.862757181293559,6.637779737029076,7.437288490423376
cdk8_5cei_new_helix_loop_extra_molecule_44_flipped,-11.524834632873535,6.730020853149499,6.916931996118363,6.5836086605834385,6.895753817000201,6.537625844897188,6.716183947148305
cdk8_5cei_new_helix_loop_extra_molecule_45_flipped,-11.191304206848145,6.882510605883455,7.051947975990676,6.721959724597942,6.962263744497353,6.787532310098535,6.888849274232766
cdk8_5cei_new_helix_loop_extra_molecule_42_flipped,-11.524834632873535,7.487932850725704,7.754895696798156,7.741449475257304,7.21676775367712,6.739180867053997,7.987370460841947
urokinase_molecule_10302__1GJ7__no_water_pose_,-10.82235622406006,6.42280436958733,6.598908854187722,6.609679820975035,6.462110132439199,6.042068872751121,6.401254167583572
urokinase_molecule_11417__no_water_pose_,-10.5656099319458,5.880834928536655,6.130755071449549,5.7802002117318665,5.8584077043765275,5.7101001946552294,5.9247114604701006
urokinase_molecule_7806__no_water_pose_,-8.651498794555664,5.85530028741359,6.129664302990451,5.749671596387171,5.768945648346559,5.7139971073513545,5.914222781992419
urokinase_molecule_8696__no_water_pose_,-9.802173614501951,5.85640192541617,6.128933362905809,5.753800529945885,5.772029355303026,5.716434809906305,5.910811569019824
scyt_dehyd_molecule_3d,-9.19326877593994,5.699506326860842,5.867669784149951,5.659192665473546,5.611065104934481,5.720861737224896,5.638742342521337
scyt_dehyd_molecule_8d,-10.628399848937988,5.6976500866215485,5.8666898510713175,5.656084205403745,5.611588369170225,5.71813290268824,5.635755104774216
scyt_dehyd_molecule_2d,-13.481749534606934,5.696567278851462,5.865665589334632,5.655547096604624,5.607735700855598,5.71813290268824,5.635755104774216
scyt_dehyd_molecule_4d,-15.34340000152588,5.717228570313796,5.873616580123364,5.71960539946823,5.621632024451327,5.7244390452088,5.64684980231726
scyt_dehyd_molecule_5d,-13.253490447998049,5.694546855059006,5.860708842983396,5.654703265165446,5.605921268148356,5.717507845590956,5.633893053406877
scyt_dehyd_molecule_6d,-9.405847549438477,5.695258485737057,5.8614037595840065,5.654703265165446,5.607465811020888,5.717507845590956,5.635211747323989
scyt_dehyd_molecule_7d,-15.251520156860352,5.7127754058569735,5.864052236360893,5.717287761085054,5.618536504135255,5.721085153574858,5.64291537412881
brd41_ASH106_molecule_cmpd_5__1-Butenyl_,-7.639999866485596,5.832132745328044,6.076013167641405,5.7654159438665,6.034431761698498,5.68450866225867,5.600294191175154
brd41_ASH106_molecule_cmpd_2__methyl_,-9.59000015258789,5.547282984475345,5.785354792043098,5.402904244318116,5.932951542103959,5.305099451507014,5.310104892404535
brd41_ASH106_molecule_cmpd_3__Allyl_,-7.090000152587891,5.811980375267628,6.037647216864569,5.7570495326420525,6.02387269454211,5.636835720946093,5.604496711343317
brd41_ASH106_molecule_cmpd_9__methoxyethyl_,-7.21999979019165,6.0611637722125815,6.282675856122431,5.964777756650585,6.118641705079436,6.067669368616843,5.872054174593611
brd41_ASH106_molecule_cmpd_6__ethyl_,-8.59000015258789,5.907863344094838,6.125468827850101,5.876567502817713,6.081056690794126,5.7895007643704295,5.666722934641817
brd41_ASH106_molecule_cmpd_8__n-Butyl_,-7.659999847412109,5.885706977976456,6.09991507734756,5.836028244502133,6.067900802051158,5.8115886733830315,5.613102092598401
brd41_ASH106_molecule_cmpd_7__n-propyl_,-7.019999980926514,5.897358917051624,6.130573639020035,5.862976697181618,6.086678206800227,5.777774088184812,5.628791954071424
brd41_ASH106_molecule_cmpd_4__Crotyl_,-8.640000343322754,5.879095963173172,6.104367111346908,5.8563554782882905,6.0691863789333285,5.735450319384034,5.630120527913294
hsp90_woodhead_molecule_4,-8.930000305175781,6.009664066332921,6.490082363475966,6.061634077062965,5.559405061237347,6.208719871185069,5.728478958703258
hsp90_woodhead_molecule_1,-12.720000267028809,5.869378865064471,6.292723326227425,6.0191440840338135,5.602868099598979,5.839448548987027,5.5927102664751125
hsp90_woodhead_molecule_3,-8.079999923706055,6.342665657897838,6.820766279723616,6.303566175449112,5.710463338832344,7.052986242009604,5.825546253474509
hsp90_woodhead_molecule_2,-10.739999771118164,6.871727787009769,7.2799489308446,7.231208490219947,6.052904773452382,6.60406427388895,7.190512466642966
throm_nozob_hip75_molecule_2d_pose_2,-6.630871772766113,5.6436543842444795,5.956889146223555,5.983211815377098,5.187581031048595,5.532692046735321,5.557897881837833
throm_nozob_hip75_molecule_2c_pose_2,-7.285645008087158,5.681941286227217,5.983275666555756,6.035920851221886,5.213098843553892,5.6036953217078915,5.573715748096659
throm_nozob_hip75_molecule_7b,-7.409305095672607,6.11999405510855,6.423463857933767,6.5079414980250645,5.928837085307663,5.792315306967007,5.9474125273092495
throm_nozob_hip75_molecule_7c_pose_1,-8.008489608764648,6.0094754977382046,6.239598501053129,6.477604976879847,5.655173003048928,5.72868196971459,5.946319037994527
throm_nozob_hip75_molecule_7f,-6.122768878936768,5.876309587187866,6.400698772848347,6.119077235739603,5.469326182074326,5.744492755548885,5.647952989728168
throm_nozob_hip75_molecule_2b_pose_1,-7.285645008087158,5.903996001851298,6.24627244991203,6.16854826768127,5.370158064407108,5.917434055359923,5.817567171896158
throm_nozob_hip75_molecule_1a_pose_2,-7.409305095672607,5.662338714870701,5.981416422294869,5.987088953371376,5.205876847066071,5.5446265573560485,5.592684794265149
throm_nozob_hip75_molecule_7e_pose_1,-5.654734134674072,5.954537464372552,6.49883095133742,6.174454829770464,5.490981842188384,5.881691360593982,5.726728337972511
throm_nozob_hip75_molecule_6a_pose_1,-9.910837173461914,6.393030376475358,6.751247726847675,6.881741912102953,6.061354023331241,6.046231741756202,6.224576478338723
throm_nozob_hip75_molecule_5,-6.793628215789795,5.561516151376042,5.88776000522168,5.8532943361931205,5.15850509061005,5.381270320931077,5.526751003924283
throm_nozob_hip75_molecule_1c_pose_2,-8.579615592956543,5.6436543842444795,5.956889146223555,5.983211815377098,5.187581031048595,5.532692046735321,5.557897881837833
throm_nozob_hip75_molecule_2a_pose_2,-6.616480827331543,5.644206406695452,5.953956252928885,5.98481289413565,5.187581031048595,5.532692046735321,5.561989808628813
throm_nozob_hip75_molecule_7a_pose_2,-7.624663829803467,6.118525874145659,6.563943943474213,6.418595755535872,5.616624011430455,6.0896302381583896,5.903835422129364
throm_nozob_hip75_molecule_3b_pose_1,-7.254891872406006,5.924757332553967,6.3779472970552895,6.1971375889040985,5.33054642447156,5.917955940976306,5.8001994113625805
throm_nozob_hip75_molecule_6d_pose_2,-8.73290729522705,6.364224531208917,6.687833974437698,6.899149533691706,5.950002360813267,6.068165539359153,6.21597124774276
throm_nozob_hip75_molecule_6c_pose_1,-9.01440715789795,6.575778529728926,6.9294058013294135,6.990901706116462,6.1042720566302675,6.374699356506153,6.4796137280623345
throm_nozob_hip75_molecule_3a_xtal_pose,-8.120434761047363,5.760951049332908,6.115967931445816,6.073996648361941,5.261615598644838,5.70873844630217,5.644436621909772
throm_nozob_hip75_molecule_1b_pose_2,-9.256064414978027,5.988351406033858,6.205572869950339,6.473327675977125,5.6461957563073994,5.7127106405001,5.903950087434326
throm_nozob_hip75_molecule_6b_pose_2,-9.03689956665039,6.537092538846655,6.885651911157062,6.998304455485203,6.094510987889928,6.33536334417515,6.3716319955259335
throm_nozob_hip75_molecule_6e_pose_1,-8.647159576416016,6.389378559339116,6.750874271825668,6.868943700156528,6.049249460307757,6.043672056248929,6.234153308156695
throm_nozob_hip75_molecule_1d_pose_2,-8.601290702819824,5.6436543842444795,5.956889146223555,5.983211815377098,5.187581031048595,5.532692046735321,5.557897881837833
taf12_molecule_cmpd_5__1-Butenyl_,-10.0,5.690507256826562,5.867117298269539,5.843312133917126,5.390977259392822,5.815021644337164,5.536107948216159
taf12_molecule_cmpd_2__methyl_,-9.859999656677246,5.337340158200445,5.470560252032885,5.426922135784291,5.224004534280483,5.328827078700019,5.236386790204544
taf12_molecule_cmpd_3__Allyl_,-8.34000015258789,5.652652182368899,5.7807129452439066,5.834758201843604,5.342188190759522,5.779478989878885,5.52612258411858
taf12_molecule_cmpd_9__methoxyethyl_,-7.690000057220459,5.911770281369255,6.0613945636614295,5.974989118731393,5.502770554496758,6.207393591311047,5.812303578645649
taf12_molecule_cmpd_6__ethyl_,-8.529999732971191,5.682524919229851,5.81843770211865,5.853684203779263,5.344122743610174,5.839640521268068,5.556739425373104
taf12_molecule_cmpd_8__n-Butyl_,-8.279999732971191,5.721587478441682,5.904870363527309,5.85949979939732,5.4064540750117365,5.880337809707343,5.556775344564701
taf12_molecule_cmpd_7__n-propyl_,-8.119999885559082,5.728484031241979,5.903097307620436,5.886801696398265,5.3963585755897245,5.886862704563611,5.569299872037859
taf12_molecule_cmpd_4__Crotyl_,-8.710000038146973,5.688794140430074,5.8230717414220985,5.855757580720724,5.361157784823158,5.848307767093481,5.555675828090913
chk1_molecule_21__Xtal_,-13.06863021850586,6.965384287880914,7.11969365977938,6.6450932257149775,7.325816214038884,6.805023399116757,6.931294940754573
chk1_molecule_22,-13.06863021850586,6.895262871122469,7.079269327347189,6.657888565889504,7.316743366123537,6.544070629888283,6.8783424663638355
chk1_molecule_24_pose_2,-13.177300453186035,7.056144820044176,7.272950756376456,6.692298567152931,7.416544810023214,6.775871249863419,7.123058716804852
chk1_molecule_14_docked,-10.870059967041016,6.92992877807778,7.062757276570659,6.570190063156557,7.285504029072661,6.704690962877627,7.026501558711395
chk1_molecule_18_docked,-9.549579620361328,7.821332233440119,8.198139180488267,7.812272168465509,7.575447276586868,6.938683283573644,8.5821192580863
chk1_molecule_13_docked,-9.920853614807127,6.91094179435554,7.135040126384549,6.611064856853541,7.303594674204076,6.516803305186761,6.988206009148768
chk1_molecule_20,-10.082300186157228,6.888240548951376,7.028290602690083,6.544149858407478,7.2169706894585035,6.67531705466468,6.9764745395361345
chk1_molecule_12_docked,-8.612431526184082,7.165180510145336,7.584612728344213,6.775748410488941,7.493740953966785,6.687096540828759,7.284703917097982
chk1_molecule_16_docked,-11.781579971313477,7.8364864939662695,8.20920132749387,7.825663046678034,7.614431045571139,6.929840894559826,8.603296155528483
chk1_molecule_19,-10.249360084533691,7.79015854852903,8.115463835572447,7.8116847603258295,7.592269014116076,6.911871733783137,8.519503398847654
chk1_molecule_17_torsion_adjust,-10.323949813842772,7.994834269181098,8.453172011023463,7.918435101605727,7.793090342392535,7.104572759337535,8.704901131546226
chk1_molecule_15_docked,-10.043829917907717,6.930235507809973,7.060099857989838,6.570974199352945,7.2822834011129265,6.717184338323524,7.0206357422706365
chk1_molecule_11_docked,-10.978730201721191,6.920967758219613,7.0442599688989,6.575291135735341,7.29001185588792,6.703606113344216,6.9916697172316935
hsp90_kung_molecule_cmpd_16,-10.329999923706056,7.1278443170523476,7.1724634001220995,7.273586854141166,7.440232354628006,6.686744760841106,7.066194215529358
hsp90_kung_molecule_cmpd_9,-7.920000076293945,6.500499598615454,6.554148164386825,6.847970489319982,6.553799176807327,6.199755989814158,6.346824172748978
hsp90_kung_molecule_cmpd_13,-10.149999618530272,6.912500755526338,6.952024473951405,7.117067850170999,7.078637653783769,6.535794336691935,6.87897946303358
hsp90_kung_molecule_cmpd_14,-7.820000171661377,7.006952792435742,7.008647224301797,7.214640264233672,7.17663328360099,6.607804548546771,7.027038641495477
hsp90_kung_molecule_cmpd_15,-9.609999656677246,7.131643565791762,7.17348894384956,7.288405040568682,7.444356147587462,6.692534698178557,7.059432998774549
hsp90_kung_molecule_cmpd_7,-9.40999984741211,6.346455641646341,6.355263603199468,6.790520449969183,6.143035260323179,6.126007975762048,6.317450918977831
hsp90_kung_molecule_cmpd_17,-10.739999771118164,7.1998505372166886,7.264128368220536,7.30863768258095,7.403703352796464,6.924468082457762,7.098315200027729
hsp90_kung_molecule_cmpd_11,-9.1899995803833,6.914944585866131,6.952024473951405,7.122313214775373,7.080247964520554,6.534489230950507,6.885648045132818
hsp90_kung_molecule_cmpd_12,-9.1899995803833,6.916169364375774,6.9562308992050035,7.131543719581427,7.081450201830246,6.538804841722927,6.872817159539265
hsp90_kung_molecule_cmpd_10,-9.1899995803833,6.874426820846972,6.831671699566907,7.078345539712847,7.059481173738457,6.513551283421447,6.889084407795206
hsp90_kung_molecule_cmpd_8,-6.860000133514404,6.386514535094254,6.377615405690261,6.853266505454158,6.2043840861636355,6.150455757533792,6.346850920629425
