unique_id,dg_exp,preds,preds_1,preds_2,preds_3,preds_4,preds_5
wagner_brd4_molecule_61a,-12.0,6.471727626016994,6.2717045581242035,6.523474019054577,6.491609464256267,6.410560942910999,6.661289145738922
wagner_brd4_molecule_25e,-11.300000190734863,6.459930342657293,6.167247619321908,6.630651932314043,6.551315690497262,6.4336011871161825,6.516835284037069
wagner_brd4_molecule_11,-8.199999809265137,6.092738378248033,5.84700080625577,6.287659788397785,6.1307796629387346,6.211366671778967,5.986884961868907
ftase_extraligs_custcore_stereo_molecule_lig_2__deprot,-12.40999984741211,5.504622285199583,5.6302572230671055,5.458275991935279,5.280559103835087,5.524941177028697,5.629077930131746
ftase_extraligs_custcore_stereo_molecule_lig_66__deprot,-12.289999961853027,5.892347932500814,5.862194694522076,6.135667402685442,5.647436151932482,5.924708526834628,5.891732886529445
ftase_extraligs_custcore_stereo_molecule_lig_68__deprot,-12.109999656677246,5.898611723371194,5.861807307575682,6.1549442304051105,5.667773420357511,5.921480437867067,5.887053220650602
ftase_extraligs_custcore_stereo_molecule_lig_51_stereo,-11.399999618530272,6.169081074503067,6.145789126218902,6.2239637173839775,6.054660263540732,6.150777968558533,6.270214296813191
ftase_extraligs_custcore_stereo_molecule_lig_49_stereo,-11.600000381469728,6.156865649316542,6.137459782456306,6.209505956939503,6.0461070692027885,6.150827610238952,6.240427827745158
ptp1b_molecule_23477,-8.850000381469727,6.666795369780881,6.348086186162442,6.634549530177247,6.9137352110380546,6.709864504840065,6.7277414166865945
ptp1b_molecule_23484,-7.75,6.71292286196153,6.479812270208269,6.669582755570884,6.758332199723285,6.745486696291675,6.911400388013541
ptp1b_molecule_23467,-7.340000152587891,6.653784501776978,6.325417232825197,6.757505128584547,6.923963546586807,6.645471834907599,6.616564765980743
ptp1b_molecule_20667,-11.420000076293944,6.8985151713570145,6.5724055068904566,6.917433479413251,7.057498014995172,6.919818809127662,7.025420046358531
ptp1b_molecule_23469,-7.71999979019165,6.617323105231472,6.330430814870513,6.784370248113285,6.676973654463378,6.700636056603756,6.5942047521064255
ptp1b_molecule_23483,-9.869999885559082,6.857317488223008,6.541444189885581,6.9204240821612935,6.961227321408584,6.864444087835053,6.99904775982453
ptp1b_molecule_23480,-8.720000267028809,6.861944748388306,6.470070168493432,6.9648179514446795,7.043780868631592,6.822806182863133,7.008248570508694
ptp1b_molecule_23474,-9.109999656677246,6.787080241608081,6.6866769746542305,6.76979716760843,6.931230431401163,6.77895553486391,6.768741099512667
ptp1b_molecule_23473,-8.390000343322754,6.57524065272073,6.329326315403708,6.744149050263455,6.6321719487883115,6.652577871193731,6.517978077954441
ptp1b_molecule_23471,-7.75,6.7048021796342905,6.336573017839072,6.8057106326083465,6.99106242396318,6.696758264923602,6.693906558837255
ptp1b_molecule_20669,-8.609999656677246,6.64988989769576,6.32913401025708,6.7910350016141985,6.794459430793939,6.753258552657895,6.581562493155687
ptp1b_molecule_23476,-9.40999984741211,6.761720196118807,6.5145564654514425,6.78665308414622,6.936723679884546,6.781589173056194,6.789078578055631
ptp1b_molecule_23466,-7.849999904632568,6.6072308452186395,6.277216411359979,6.689326959930366,6.890107142908611,6.610024456585815,6.5694792553084245
ptp1b_molecule_23472,-8.649999618530273,6.715053344769808,6.366532276802756,6.779203370900208,6.986622339535549,6.7317667286029526,6.711142008007575
ptp1b_molecule_23482,-10.010000228881836,6.844826800624881,6.527552046217061,6.900735280599201,6.980486627594069,6.824177400090293,6.991182648623781
ptp1b_molecule_23486,-12.470000267028809,6.961685071878948,6.646222656972941,6.969664514504332,7.091877313553274,6.97132021059612,7.129340663768079
ptp1b_molecule_23470,-7.71999979019165,6.765879784948439,6.41289581161372,6.84977224375832,7.056568183740451,6.749920023370141,6.760242662259559
ptp1b_molecule_23468,-7.75,6.713016789410479,6.3376647428722075,6.818279054457234,7.016131274215263,6.707857949558523,6.685150925949166
ptp1b_molecule_23485,-11.010000228881836,6.907420092965192,6.553577674086839,6.935918415083349,7.093842286174806,6.914483238530583,7.039278850950384
ptp1b_molecule_23330,-10.130000114440918,6.752699543167891,6.542236254877164,6.766174167775952,7.003000642650276,6.767747961460164,6.6843386890759025
ptp1b_molecule_20670,-9.079999923706056,6.777234158152335,6.450562796298292,6.8134075569712165,6.945753813969207,6.804274081201366,6.87217254232159
ptp1b_molecule_23479,-9.140000343322754,6.903412180088237,6.545480671547773,6.968700765862191,7.0678727579011715,6.861739764805275,7.073266940324776
ptp1b_molecule_23475,-8.720000267028809,6.773070243376925,6.449433150050167,6.814595978890434,6.937515237242298,6.805618242476416,6.858188608225311
mcl1_extra_flips_molecule_23,-8.829999924,6.442612769529617,6.416774737547666,6.631160587518718,6.347538689747526,6.400397125685636,6.417192707148542
mcl1_extra_flips_molecule_26,-8.239999771,6.438180037217203,6.403684067301692,6.513603505279719,6.406069474227731,6.433467763555464,6.434075375721409
mcl1_extra_flips_molecule_27,-6.119999886,6.054754143488859,5.954563523077762,6.153265912476251,6.066140035995917,6.0359634224874394,6.063837823406921
mcl1_extra_flips_molecule_28,-6.619999886,6.410523161660988,6.387326660605907,6.656844601732709,6.356918838047077,6.307699568840332,6.343826139078916
mcl1_extra_flips_molecule_29,-6.940000057,6.390640456807088,6.310151741910129,6.545641806987059,6.370767542441296,6.405511032165015,6.321130160531937
mcl1_extra_flips_molecule_30_flip,-7.849999905,6.351616783554187,6.345190285962134,6.5831629683789314,6.294311707333987,6.22460824769245,6.310810708403435
mcl1_extra_flips_molecule_31,-7.920000076,6.356645201472704,6.286640560508908,6.509411423264115,6.325671573455011,6.346491807785706,6.31501064234978
mcl1_extra_flips_molecule_32,-6.579999924,6.341984158675016,6.334432542727224,6.525954250125245,6.306034035577605,6.249580668205725,6.293919296739284
mcl1_extra_flips_molecule_33,-6.880000114,6.342792543782311,6.3308717838953195,6.5108502457064175,6.276742833975648,6.284677048115022,6.310820807219147
mcl1_extra_flips_molecule_34,-6.869999886,6.348248345193577,6.288263593364911,6.508143459760405,6.3063288115046285,6.323338670142498,6.315167191195443
mcl1_extra_flips_molecule_35,-8.81000042,6.6379770587594376,6.499493288304939,6.736736955027858,6.747522292459432,6.574081069303863,6.632051688701095
mcl1_extra_flips_molecule_36,-8.180000305,6.5101318791000935,6.481569110272413,6.6824667433110685,6.472043499282158,6.446534326754863,6.468045715879964
mcl1_extra_flips_molecule_37,-8.949999809,6.638539817681045,6.548349923020122,6.757972783147877,6.815766074406008,6.47307012520641,6.597540182624812
mcl1_extra_flips_molecule_38_flip,-7.019999981,6.490552863581317,6.416370826964682,6.671162977375362,6.44707700902099,6.460725781383683,6.4574277231618655
mcl1_extra_flips_molecule_39,-7.03000021,6.442180009965455,6.369209840928615,6.633106879336129,6.374279392695799,6.443296593365759,6.39100734350097
mcl1_extra_flips_molecule_40_flip,-7.25,6.4447259498451475,6.378811510896262,6.635872508670883,6.344131761672996,6.433600961958484,6.431213006027114
mcl1_extra_flips_molecule_41_flip,-7.130000114,6.472338056319179,6.39341610222359,6.649013680729867,6.433873538950147,6.45913202571952,6.426254933972773
mcl1_extra_flips_molecule_42,-8.899999619,6.474317247476607,6.422954076647896,6.649922879522409,6.396133318232474,6.459356732255956,6.443219230724305
mcl1_extra_flips_molecule_43_flip,-7.03000021,6.453691925957983,6.357977233659783,6.64416347129871,6.404625869924167,6.445388425289839,6.416304629617421
mcl1_extra_flips_molecule_44,-8.670000076,6.672452237433769,6.490931923000767,6.786363833881915,6.8185426791565895,6.632495721734562,6.633927029395009
mcl1_extra_flips_molecule_45,-8.949999809,6.66867326535272,6.634342310558764,6.655017566219449,6.570242118777569,6.560553449865939,6.9232108813418805
mcl1_extra_flips_molecule_46_flip,-7.599999905,6.66290606039477,6.6684083700277705,6.676219346440552,6.548295264520505,6.530748745952049,6.890858575032966
mcl1_extra_flips_molecule_47_flip,-5.78000021,6.591604288937409,6.409796536207895,6.864717338074936,6.54592786775117,6.592821319854235,6.544758382798812
mcl1_extra_flips_molecule_48_flip,-6.659999847,6.388796317391485,6.354436935569861,6.559225184931084,6.323539426237346,6.3305396317207006,6.3762404084984325
mcl1_extra_flips_molecule_49,-8.359999657,6.786040699312506,6.53893638352962,6.909813884911267,6.961425608026104,6.752909223547131,6.767118396548413
mcl1_extra_flips_molecule_50,-9.329999924,6.850273058917847,6.561323764819015,7.062794143116891,7.003408721027721,6.799141670334986,6.824696995290622
mcl1_extra_flips_molecule_51,-8.449999809,6.650118683645391,6.476127203642297,6.778341663443038,6.826750875605035,6.612653597415139,6.55672007812145
mcl1_extra_flips_molecule_52,-9.229999542,6.802100408443387,6.541698371845997,6.923873490021524,6.996438220325466,6.759412308535302,6.789079651488643
mcl1_extra_flips_molecule_53,-9.960000038,6.894114575401659,6.618820639265356,7.087045799684322,7.092293605896829,6.82296276480442,6.849450067357373
mcl1_extra_flips_molecule_54,-9.779999733,6.670701048426686,6.462863753431833,6.798982906712839,6.8564778294320705,6.649339442967159,6.585841309589526
mcl1_extra_flips_molecule_56,-9.260000229,6.592425381080568,6.536295454748309,6.751656250064416,6.58924994302931,6.488343137525654,6.596582120035154
mcl1_extra_flips_molecule_57,-9.039999962,6.455804801909538,6.3994322843151235,6.63740978283432,6.365304894400946,6.43509260899841,6.441784438998889
mcl1_extra_flips_molecule_58,-9.409999847,6.84958267991602,6.602159662827325,7.025806485302161,7.024376214818643,6.761133395879104,6.834437640752871
mcl1_extra_flips_molecule_60,-8.920000076,6.576584739949647,6.540743892211588,6.749557180954278,6.569476367102501,6.4521581595224164,6.57098809995745
mcl1_extra_flips_molecule_61,-8.079999924,6.868283381415194,6.588058023070512,7.068757067298137,7.058459635042503,6.799784086884801,6.826358094780016
mcl1_extra_flips_molecule_62,-7.960000038,6.637774130651515,6.479904982549103,6.7557771337927655,6.837338114342722,6.580235406970454,6.5356150156025326
mcl1_extra_flips_molecule_63,-9.06000042,6.83937165333028,6.601378918760301,7.006307804388504,7.0242699154077055,6.743249263695047,6.8216523643998475
mcl1_extra_flips_molecule_64,-9.5,6.714298491198686,6.476458933174632,6.843534519651284,6.922874582530249,6.680086020128576,6.648538400508685
mcl1_extra_flips_molecule_65,-8.409999847,6.7351863054184475,6.523718387658267,6.877208329460693,6.910067136084613,6.605623378833502,6.759314295055164
mcl1_extra_flips_molecule_66,-8.430000305,6.55714570241626,6.430926130157472,6.682412149925516,6.662654347085885,6.497888328197828,6.5118475567145975
mcl1_extra_flips_molecule_67,-7.579999924,6.642987606267821,6.529824362815483,6.675999795198181,6.896392919801191,6.497852932808691,6.614868020715554
mcl1_extra_flips_molecule_68,-7.690000057,6.64417806617752,6.438715524427966,6.664746347602636,6.8883404809292665,6.626712422443262,6.602375555484464
cdk2_molecule_17,-7.039999961853027,6.6395357245437765,6.4029158469254055,6.8854860791966495,6.671162420379736,6.537562655809874,6.700551620407215
cdk2_molecule_28,-11.109999656677246,7.0128872909992825,6.860903926594665,7.054561925436248,7.00469903065947,7.046664680914123,7.097606891391908
cdk2_molecule_22,-7.860000133514404,6.8600315278964885,6.728863294067218,7.008640990091215,6.841844187262733,6.862059533506975,6.8587496345543
cdk2_molecule_30,-9.8100004196167,6.965751599674329,6.82051996848168,6.993251834875729,6.932148677641792,7.016432822840803,7.066404694531641
cdk2_molecule_1h1r,-7.670000076293945,6.66550080114226,6.412861520335751,6.897900124106072,6.693606280220809,6.575620839470493,6.747515241578174
cdk2_molecule_1h1s,-11.25,6.893025631352157,6.764738603598001,6.906451735028995,6.84347196680426,6.942971287631563,7.007494563697967
cdk2_molecule_21,-7.829999923706055,6.817724269083927,6.713281924677763,6.9271508723349084,6.837919186597263,6.809210396293165,6.801058965516536
cdk2_molecule_1oiy,-9.789999961853027,6.8554565579263125,6.770023849709726,6.898302104532736,6.758392720254294,6.8517490600356075,6.998815055099203
cdk2_molecule_1oiu,-9.079999923706056,6.796642484184341,6.509906632569102,6.892314690506275,6.803930245876303,6.796977494984073,6.98008335698595
cdk2_molecule_31,-9.539999961853027,6.965032908341331,6.8272021978641755,7.002635012981402,6.926217444517648,6.986937894572528,7.082171991770905
cdk2_molecule_29,-9.880000114440918,7.000019890057104,6.887443457228819,7.013953811683379,6.997004519805149,7.0228324359476355,7.078865225620532
cdk2_molecule_26,-8.430000305175781,6.799927892546316,6.667174347715162,6.88600310143464,6.826112692907977,6.819337141223517,6.801012179450282
cdk2_molecule_1oi9,-9.739999771118164,6.531217237350809,6.5282611142914915,6.6596001293242075,6.307400722758758,6.607381086917758,6.55344313346183
cdk2_molecule_20,-8.720000267028809,6.55920963524284,6.556650859966623,6.645719942336009,6.365555571834858,6.595553636290734,6.632568165785975
cdk2_molecule_32,-9.75,6.870286204288251,6.777945618854958,6.8674445735718,6.796991048266419,6.892364315366537,7.016685465381546
cdk2_molecule_1h1q,-8.180000305175781,6.707725229830513,6.560268054087372,6.885246383150948,6.657672353562718,6.7339875628979415,6.701451795453587
jnk1_manual_flips_molecule_18626-1,-8.869999885559082,5.956590291892501,6.052637197901523,5.896836251430544,5.977942355936851,5.949950191627033,5.905585462566551
jnk1_manual_flips_molecule_18628-1_flip,-8.699999809265137,5.959994987472944,6.03430671136863,5.8693171526313215,5.964885223491988,5.983116420498063,5.948349429374723
jnk1_manual_flips_molecule_18629-1,-8.670000076293945,5.951609357447198,6.036207284166927,5.875767760282829,5.94635009316083,5.985028844125631,5.914692805499768
jnk1_manual_flips_molecule_18636-1,-7.510000228881836,5.945695055261259,6.051174391793229,5.870305717494772,5.941931566558499,5.901737584286289,5.96332601617351
jnk1_manual_flips_molecule_17124-1,-9.68000030517578,5.852571397355322,6.004899852858532,5.797676254124117,5.7592936061032844,5.806167936769184,5.894819336921495
jnk1_manual_flips_molecule_18627-1,-8.479999542236328,5.974329639399857,6.0571676433223685,5.92465223560394,6.022600402610072,5.943488021765697,5.923739893697202
jnk1_manual_flips_molecule_18638-1,-10.09000015258789,5.859876307471289,6.009547723792674,5.861267326988964,5.754429517010277,5.828629075249073,5.845507894315462
jnk1_manual_flips_molecule_18659-1,-9.470000267028809,5.984792446010145,6.112301738128985,6.007893750704443,5.869475726897197,5.908547665743364,6.025743348576741
jnk1_manual_flips_molecule_18639-1,-9.739999771118164,5.846140925860359,5.989301797636645,5.807569725794599,5.759595216590831,5.800494160727875,5.873743728551849
jnk1_manual_flips_molecule_18634-1,-9.989999771118164,5.885180404973395,6.015157930635913,5.816934889623418,5.830612470689884,5.873070181858648,5.890126552059118
jnk1_manual_flips_molecule_18630-1,-9.140000343322754,5.959503804327387,6.0214470615937925,5.917039541185199,5.992369599992757,5.9592432659179115,5.9074195529472755
jnk1_manual_flips_molecule_18637-1,-10.140000343322754,5.883811859104762,6.035977677700056,5.849854027824486,5.79275816795875,5.830689451670221,5.909779970370303
jnk1_manual_flips_molecule_18658-1,-9.699999809265137,5.927516225592313,6.071105131271174,5.894869828519819,5.879642953716774,5.91763241269018,5.874330801763615
jnk1_manual_flips_molecule_18632-1,-9.079999923706056,5.940644790453475,6.05357231393748,5.867608432033499,5.920201776133396,5.933359438728666,5.928481991434335
jnk1_manual_flips_molecule_18633-1,-9.170000076293944,5.9417290465691455,6.0120909443907395,5.898022737428373,5.973557687818605,5.939846223288622,5.885127639919389
jnk1_manual_flips_molecule_18635-1,-7.289999961853027,5.926728242484577,6.043192969657648,5.832493940413511,5.917227274795398,5.925465974443115,5.915261053113216
jnk1_manual_flips_molecule_18631-1,-9.40999984741211,5.927472437266831,6.022048714682678,5.853502437103038,5.928922528059934,5.919406901153771,5.9134816053347325
jnk1_manual_flips_molecule_18660-1,-8.699999809265137,6.00606553812746,6.104411293406355,6.087105687408176,5.884538493852576,5.933388752412198,6.020883463557996
jnk1_manual_flips_molecule_18625-1,-8.109999656677246,5.966394961578716,6.049606404064793,5.907871838865531,5.991689132874187,5.942358297695126,5.94044913439394
jnk1_manual_flips_molecule_18624-1,-8.489999771118164,5.969161272128938,6.027042331730937,5.912948712293553,6.049984391354835,5.961370945538017,5.894459979727347
jnk1_manual_flips_molecule_18652-1,-10.68000030517578,5.8435760420781735,5.971302291760347,5.834038217482268,5.759212633488959,5.837592809290237,5.815734258369057
thrombin_core_molecule_6a,-9.18000030517578,7.019224770984669,6.730774459159437,7.035389665164324,7.243222881398844,7.1855524613240735,6.901184387876666
thrombin_core_molecule_3a,-8.319999694824219,6.936941237425563,6.682182242692424,7.054133738955365,7.11147132286856,6.95122120504167,6.885697677569796
thrombin_core_molecule_1d,-8.25,6.874099891359559,6.630557322382402,6.9336410020759285,7.096170427920962,6.9570472495145355,6.753083454903966
thrombin_core_molecule_6e,-8.90999984741211,6.986816346145209,6.732976470305899,7.008984750987786,7.203112814899037,7.137876979183315,6.851130715350008
thrombin_core_molecule_6b,-8.890000343322754,7.064121473834904,6.797970360091892,7.110821263887692,7.2660655623323525,7.183370559893405,6.962379622969175
thrombin_core_molecule_1b,-8.460000038146973,6.900999230690959,6.6475136181906,6.939324719036574,7.128221033135353,7.009254873936702,6.780681909155572
thrombin_core_molecule_1a,-7.480000019073486,6.8862843714510475,6.606506710165323,6.936299502953335,7.112269299907417,6.985917397285055,6.790428946944106
thrombin_core_molecule_5,-7.579999923706055,6.842932340328791,6.580032971716932,6.896970444854757,7.071046570486722,6.955169060476613,6.71144265410893
thrombin_core_molecule_3b,-7.860000133514404,6.95812607951264,6.693471643147393,7.046121533836739,7.132594873528026,6.993595848651667,6.9248464983993765
thrombin_core_molecule_7a,-8.220000267028809,7.06321341734412,6.83951695433289,7.155540099396987,7.198505231985007,7.111978943401156,7.0105258576045655
thrombin_core_molecule_1c,-8.5600004196167,6.886296602356632,6.64838740358648,6.951892257372549,7.097940368380991,6.961679494840189,6.771583487602946
tyk2_molecule_jmc_23,-11.699999809265137,6.500597593891537,6.53727971291346,6.395975664828684,6.730370491223227,6.520484841967163,6.31887725852515
tyk2_molecule_ejm_47,-9.699999809265137,6.570386463084352,6.607230287498852,6.435292972215329,6.817936671123876,6.57419363220894,6.417278752374772
tyk2_molecule_ejm_49,-7.75,6.900460313826967,6.592373120986285,7.136638171113286,6.8467979977747815,7.047842923802488,6.878649355457995
tyk2_molecule_ejm_31,-9.539999961853027,6.552761563047939,6.650360120483383,6.574953913002236,6.655879926102504,6.4845710726728525,6.398042782978718
tyk2_molecule_ejm_45,-9.5600004196167,6.455066847937681,6.454284291918023,6.41144170028277,6.696891397129357,6.366035512419575,6.34668133793868
tyk2_molecule_ejm_44,-7.420000076293945,6.581210270989433,6.7287863885679595,6.643058993952881,6.622255415737298,6.500389773694552,6.41156078299448
tyk2_molecule_ejm_43,-8.260000228881836,6.579866751198078,6.68237540954168,6.612569485772205,6.663653331453436,6.5286005984543385,6.412134930768729
tyk2_molecule_ejm_50,-8.979999542236328,6.070049345668648,6.168579926294381,6.098538490448078,5.940863849707844,6.078641258136969,6.063623203755971
tyk2_molecule_ejm_42,-9.779999732971191,6.474618088367322,6.494515586640774,6.459842384363285,6.610931158633966,6.405508847735849,6.402292464462732
tyk2_molecule_ejm_55,-9.210000038146973,6.471286370189036,6.55138796697233,6.50555375226598,6.557520789630411,6.406262747190673,6.335706594885783
tyk2_molecule_ejm_48,-9.0,6.602629478425179,6.596370186967126,6.461168838831614,6.8709446766749265,6.594407315517413,6.490256374134818
tyk2_molecule_ejm_54,-10.529999732971191,6.460685228868715,6.46211689387354,6.433666408843853,6.649877064874962,6.4292415838237424,6.328524192927479
tyk2_molecule_jmc_28,-10.979999542236328,6.557381078625108,6.582720981311734,6.442485908920649,6.787689916434146,6.518310810717913,6.455697775741096
tyk2_molecule_jmc_27,-11.279999732971191,6.491498807880428,6.547343722637277,6.396068332905417,6.718760912026434,6.487376385714113,6.307944686118902
tyk2_molecule_jmc_30,-10.9399995803833,6.588656267303068,6.633609968446734,6.492566832245413,6.746450119058888,6.614047068906643,6.456607347857661
tyk2_molecule_ejm_46,-11.3100004196167,6.544826302506661,6.567207714940874,6.478089443665337,6.755524615061177,6.5613651244361515,6.361944614429766
p38_molecule_2j,-10.079999923706056,6.732983295102305,6.614605935715541,6.494845093304574,6.872213268685569,6.8899255019865135,6.793326675819324
p38_molecule_2gg,-10.65999984741211,6.73010380316663,6.674101402901145,6.536031022432111,6.9280199822374415,6.90202153442226,6.61034507384019
p38_molecule_2q,-12.260000228881836,6.843186515253498,6.711485858745719,6.627715301445441,6.992107684705604,6.867496116714564,7.017127614656158
p38_molecule_2t,-11.850000381469728,6.764636881065471,6.661831007425169,6.540691530833002,6.903318340835863,6.882574193613571,6.8347693326197465
p38_molecule_2g,-10.65999984741211,6.77885185321946,6.6435856231139665,6.587509902250228,6.905489041461645,6.911844996019424,6.845829703252038
p38_molecule_2l,-12.260000228881836,6.7815842123622145,6.626148063747247,6.552734263218265,6.96025216808652,6.933763973028579,6.83502259373046
p38_molecule_2ee,-12.260000228881836,6.7202466307309905,6.6359236578690695,6.505343016200874,6.98120125938027,6.885189646291314,6.5935755739134265
p38_molecule_2aa,-9.270000457763672,6.034292498174247,6.236636809095975,5.9108164942314225,6.000683676260374,6.058511501534012,5.964814009749452
p38_molecule_2o,-10.489999771118164,6.78265001802036,6.699943836500381,6.608838535974272,6.929514558468405,6.936736634891111,6.738216524267631
p38_molecule_3flw,-10.68000030517578,6.167494848126408,6.369617413969847,6.018169823790657,6.071390604429293,6.273143497506713,6.105152900935532
p38_molecule_2u,-12.260000228881836,6.919348180845726,6.772400255454269,6.64035767836248,7.130255337304255,7.02111242620746,7.032615206900165
p38_molecule_2p,-11.199999809265137,6.7162296351311115,6.612923964556953,6.5273512385993655,6.899086167172651,6.888164752480533,6.653622052846057
p38_molecule_2h,-9.479999542236328,6.724561758870941,6.5770464733339,6.5348851162459605,6.820701824199356,6.8820176212051685,6.80815775937032
p38_molecule_3fmk,-11.829999923706056,6.597471944117269,6.583550326620649,6.509915122569602,6.9565668699672125,6.616926523372043,6.320400878056842
p38_molecule_2i,-10.050000190734863,6.759630185822592,6.613773533915078,6.5936600669404415,6.897162926254951,6.8873757357757395,6.806178666226748
p38_molecule_2f,-8.479999542236328,6.742437068690937,6.591932382713741,6.532363107691951,6.874925314169608,6.908176546844914,6.804787992034475
p38_molecule_2x,-10.229999542236328,6.543813825883014,6.443488105151963,6.375290134668892,6.882576419469605,6.677292446866871,6.340422023257737
p38_molecule_2ff,-11.4399995803833,6.4877404674229435,6.699889050838475,6.260353557187506,5.997397385245431,6.671872535835655,6.809189808007655
p38_molecule_2k,-10.550000190734863,6.697306180823017,6.624241011483903,6.477115382310346,6.813484236819245,6.825022301722456,6.746667971779132
p38_molecule_2n,-11.850000381469728,6.485252481841863,6.5247135948592065,6.292329174218404,6.386850225367903,6.552602379288385,6.669767035475419
p38_molecule_3flq,-9.93000030517578,6.386338504902096,6.308552375254006,6.319651040839382,6.757469865171103,6.495981538925267,6.050037704320722
p38_molecule_3fln,-10.880000114440918,6.776146548541492,6.650866672347355,6.522027348967766,6.940283492671647,6.910898672631538,6.856656556089152
p38_molecule_2e,-10.699999809265137,6.778122302424751,6.634401944154551,6.592050406171997,6.900173173099041,6.907102102091254,6.856883886606914
p38_molecule_3fmh,-10.829999923706056,6.580464842361414,6.558352655028068,6.459301061219826,6.974408236182621,6.6064277952110455,6.303834464165514
p38_molecule_2c,-10.460000038146973,6.796097559469244,6.758718321139712,6.730675171105012,6.71263636782117,6.835808242078032,6.942649695202297
p38_molecule_2y,-9.779999732971191,6.062825587970937,6.272064486238643,5.935558189613619,5.976312416639018,6.173928570411587,5.956264276951817
p38_molecule_2s,-11.109999656677246,6.394162681490982,6.459158464901438,6.221777953640411,6.297269395827204,6.436344668581094,6.556262924504765
p38_molecule_2m,-10.960000038146973,6.768588306414562,6.652597169622937,6.528796443366296,6.929066844106962,6.911390016462049,6.821091058514566
p38_molecule_2bb,-9.0600004196167,6.358789719966808,6.275060314916151,6.280602427939971,6.745871648154888,6.440522649893154,6.051891558929875
p38_molecule_2v,-8.970000267028809,6.346456490673133,6.311796985046779,6.184714448623254,6.78789097587028,6.42491447134889,6.022965572476463
p38_molecule_2r,-10.789999961853027,6.60468048004731,6.617582224660294,6.403734765753669,6.477185088215742,6.748641004475894,6.776259317130954
p38_molecule_3flz,-9.489999771118164,6.675175692586633,6.60373055691264,6.515109487185759,6.735833905585687,6.742804671722976,6.778399841526109
p38_molecule_2z,-10.359999656677246,6.10019139193572,6.264897276862558,5.956876330139132,6.158541462565693,6.215198361713905,5.90544352839731
p38_molecule_3fly,-11.420000076293944,6.350216617570871,6.305819453454041,6.224971100174207,6.76201821400711,6.45859533916064,5.999678981058362
bace_molecule_CAT-13n,-8.543000221252441,6.792035502047665,7.383649414381363,6.500751688162383,6.642351757431959,6.801516850854621,6.631907799408001
bace_molecule_CAT-13e,-9.963000297546388,6.7144237456496825,6.612748137795697,6.440179126655323,6.8869937435314466,6.7653261407752066,6.866871579490731
bace_molecule_CAT-4a,-7.933000087738037,6.32299842958537,6.231263790094313,6.4679879222755545,6.358734391306898,6.377411289713817,6.179594754536264
bace_molecule_CAT-4m,-9.152999877929688,6.833706406104332,7.480946837155088,6.602715269285778,6.566187780986926,6.824052189916821,6.694629953177051
bace_molecule_CAT-17b,-10.02299976348877,6.510394277136955,6.538321552588572,6.298049221435845,6.642262789621001,6.602589813824925,6.470748008214433
bace_molecule_CAT-13j,-8.732999801635742,6.782931898729302,7.408451314243487,6.460211548776643,6.575496182786867,6.832214457242551,6.638285990596966
bace_molecule_CAT-13d,-10.472999572753906,6.578172442300594,6.500649253220039,6.251092674266676,6.720724668297197,6.693203269192637,6.725192346526418
bace_molecule_CAT-13b,-9.123000144958496,5.9924641565497705,5.9977776342870275,5.950815028877886,6.023699878195626,5.983894483349578,6.006133758038736
bace_molecule_CAT-13a,-8.843000411987305,5.996401881226306,5.975098115933487,5.940110293127312,6.029092897395355,6.030991263709431,6.006716835965943
bace_molecule_CAT-13h,-9.633000373840332,6.381382757424769,6.349602066331954,6.202702716150491,6.493097733035096,6.441418678097535,6.4200925935087705
bace_molecule_CAT-13o,-8.543000221252441,6.710321186181998,7.36511431003471,6.362452988007935,6.472405651300504,6.740620985751656,6.611011995815191
bace_molecule_CAT-13g,-9.093000411987305,7.194298938241102,7.074968332639456,7.404333851374408,7.171962046980917,7.094521794777288,7.225708665433436
bace_molecule_CAT-4k,-7.853000164031982,6.792933228043138,7.315472992459257,6.615353235953619,6.681532039917621,6.799096000788565,6.553211871096629
bace_molecule_CAT-17g,-9.743000030517578,6.957845163070016,7.541006657901368,6.436066945442499,6.808367851193408,6.962412243784471,7.04137211702833
bace_molecule_CAT-4l,-9.343000411987305,6.739036718664361,7.316114090976156,6.539330794294359,6.611661538789685,6.727728449130902,6.500348720130712
bace_molecule_CAT-4j,-9.02299976348877,6.740616630118447,7.285939626916004,6.531345645646633,6.598182154894652,6.752784583386819,6.534831139748124
bace_molecule_CAT-4n,-9.093000411987305,6.681881508568796,7.350699348780097,6.385307412345754,6.439796277879941,6.689043195617027,6.544561308221159
bace_molecule_CAT-13i,-9.27299976348877,6.394383828399386,6.43004040523629,6.220403409603879,6.413821711641338,6.480906132522335,6.42674748299309
bace_molecule_CAT-17f,-9.42300033569336,6.96962008488569,7.539489513811348,6.457990906963107,6.816701710180659,6.970987475029614,7.062930818443722
bace_molecule_CAT-4p,-10.083000183105469,6.725908328302059,7.3729345019019785,6.419385741582199,6.524553490317301,6.737202838209747,6.575465069499069
bace_molecule_CAT-13c,-9.322999954223633,6.290623301010715,6.079353715410507,6.258136190215518,6.246491118223716,6.45440085024286,6.414734630960975
bace_molecule_CAT-24,-11.350000381469728,6.866937495858997,7.590198713044823,6.324930617993714,6.751869802661231,6.87860803670079,6.789080308894429
bace_molecule_CAT-4i,-8.262999534606934,6.631381741065615,7.128503602823794,6.469792171105983,6.514391943881619,6.646374047082972,6.397846940433712
bace_molecule_CAT-4c,-7.853000164031982,6.351591329445352,6.275640684412892,6.350698741129233,6.442378095709232,6.449733357193404,6.239505768781999
bace_molecule_CAT-17i,-9.472999572753906,6.951227612377482,7.49044786161661,6.45503589842833,6.820946458352091,6.9593889098361865,7.0303189336542
bace_molecule_CAT-13k,-9.70300006866455,6.814784960195341,7.413219181164788,6.531559245252211,6.635938523575785,6.904335243100034,6.588872607883885
bace_molecule_CAT-17a,-10.732999801635742,6.582753913296469,6.4526644966921065,6.300857659388891,6.758644377385088,6.774650871039958,6.6269521619762966
bace_molecule_CAT-17c,-9.86299991607666,6.499849622574004,6.419245401767657,6.160195985093411,6.653642418296526,6.601277249767593,6.664887057944837
bace_molecule_CAT-4o,-9.383000373840332,6.759485665890407,7.364397405970852,6.489363520680917,6.5060513621480744,6.809196508283005,6.628419532369186
bace_molecule_CAT-17d,-9.42300033569336,6.9162580609273,7.3550902396225935,6.462809853112711,6.831192546018892,6.938773498617242,6.993424167265058
bace_molecule_CAT-4b,-9.633000373840332,6.461156820323803,6.3540203453262185,6.54805067757363,6.490918637113774,6.527987797015364,6.384806644590023
bace_molecule_CAT-13f,-9.093000411987305,6.980626034386924,6.7213973197734065,7.18768759776301,7.038217021475878,6.937325705972733,7.0185025269495895
bace_molecule_CAT-4d,-9.11299991607666,6.448438739420395,6.355307657814601,6.545288309507298,6.461185808871078,6.470148049040079,6.410263871868921
bace_molecule_CAT-13m,-8.762999534606934,6.76012041764019,7.3533323808829225,6.458335760660233,6.652877617105063,6.745782539041457,6.590273790511269
bace_molecule_CAT-17h,-10.333000183105469,7.02217636632879,7.590265554821841,6.499972578948053,6.875420544371966,7.023314873387128,7.121908280114958
bace_molecule_CAT-17e,-10.02299976348877,6.833955561625904,7.481455218884421,6.355827913540253,6.7175167608200965,6.85527462034913,6.759703294535616
jnk1_molecule_6a,-8.40999984741211,5.3319986339817005,5.437654925248354,5.197173504486647,5.494507664703081,5.341676515092636,5.188980560377786
jnk1_molecule_19a_neu,-6.860000133514404,5.3957184791526345,5.502114796916496,5.315780573566054,5.548946912737948,5.3682970396604786,5.243453072882194
jnk1_molecule_19b_neu,-7.300000190734863,5.366630817309186,5.48742404354736,5.276032896821151,5.3891107652868975,5.468836860304019,5.211749520586506
jnk1_molecule_19b_charg,-7.300000190734863,5.349721985363401,5.475343916434565,5.231396446754207,5.42007185920582,5.386932102470745,5.234865601951671
jnk1_molecule_19a_charg,-6.860000133514404,5.386707034327251,5.4878749030462854,5.296979765410782,5.530388809099733,5.376410016130555,5.241881677948899
egfr_molecule_21,-9.88,7.301103798886035,7.5964406690511,7.159460204000463,7.24982682274485,7.334117048685165,7.1656742499486015
egfr_molecule_27neu,-9.94,7.357564427503313,7.610039426903296,7.263768720438385,7.287495841506703,7.372567054459505,7.253951094208676
egfr_molecule_27chargR,-9.94,7.360798954325854,7.59582732433103,7.257281757690421,7.29589838785973,7.389413446735585,7.265573855012505
egfr_molecule_27chargS,-9.94,7.349726094320019,7.593669373932107,7.23935877744017,7.287342434076477,7.37964148120477,7.248618404946567
egfr_molecule_28neu,-10.7,7.435872619021248,7.683398246642852,7.267104055076098,7.3615676864628075,7.518183972555412,7.34910913436907
egfr_molecule_28charg,-10.7,7.482509358685457,7.712475617991231,7.306546326290992,7.425585273358107,7.564869096241046,7.403070479545905
egfr_molecule_29neu,-10.46,7.29538841417447,7.6217144917524005,7.21183906012975,7.193660242866097,7.294311976577269,7.155416299546832
egfr_molecule_29charg,-10.46,7.308125333836868,7.61385361480692,7.212726297244985,7.200278632293286,7.340394437271134,7.173373687568014
egfr_molecule_30neu,-11.25,7.3209589451268595,7.615295746355088,7.236194857489752,7.220458174362875,7.336980630753793,7.195865316672793
egfr_molecule_30charg,-11.25,7.331994420119253,7.622861201880587,7.25387714463952,7.231116112830044,7.342106004146933,7.210011637099178
ptp1b_molecule_26charg,-7.440000057220459,6.799441646188879,6.501786026300584,6.848080675759007,6.946910854053028,6.841692429246279,6.8587382455854975
ptp1b_molecule_26neu,-7.440000057220459,6.782082235346451,6.55008576126508,6.827026300731375,6.87477514562473,6.791160465270952,6.867363503840114
ptp1b_molecule_27,-9.229999542236328,6.879745990696219,6.520179893120295,6.942639687922526,7.036375307741669,6.844865923760013,7.0546691409365865
ptp1b_molecule_32,-11.529999732971191,6.920261977858312,6.608951466935624,6.931812063549572,7.083462996136515,6.939376256784065,7.0377071058857785
irak4_s2_molecule_17charg,-10.109999656677246,6.788812987911735,6.795009719977332,6.898509447870875,6.484457961796433,6.8515257403734555,6.914562069540575
irak4_s2_molecule_17neu,-10.109999656677246,6.842032342290921,6.787914946010497,6.936975636321599,6.653887595046958,6.858617735156597,6.972765798918957
irak4_s2_molecule_5neu,-9.609999656677246,7.139917135368409,7.166933834918266,7.300012008214174,6.7649688847478435,7.119889872883074,7.347781076078688
irak4_s2_molecule_18,-10.920000076293944,6.527105181157194,6.5976192997862375,6.582297706857762,6.260107740100687,6.4873407058935735,6.708160453147709
irak4_s2_molecule_6,-8.510000228881836,6.736465314075422,6.6706101658452255,6.955910795569063,6.4507718783105785,6.6988694224782845,6.906164308173953
irak4_s2_molecule_5charg,-9.609999656677246,7.097408708206072,7.128194390564921,7.249204869224616,6.717939420464206,7.101515731673302,7.290189129103315
irak4_s2_molecule_14,-10.109999656677246,6.72431443325746,6.756921117994199,6.795791042417464,6.44076991103247,6.753839805141659,6.874250289701505
dlk_molecule_9,-8.729999542236328,6.506439261308309,6.397922589591447,6.4310578519095065,6.666629725614768,6.570336287560101,6.46624985186572
dlk_molecule_17charg,-10.4399995803833,6.649279589662738,6.508165096460928,6.6459894382923,6.60055289572588,6.5011323039230735,6.9905582139115126
dlk_molecule_17neu,-10.4399995803833,6.699064101455193,6.575514894265621,6.702925078023269,6.645895001301463,6.531600057181786,7.039385476503822
dlk_molecule_4charg,-9.329999923706056,6.500887427590049,6.4389018460411425,6.423246333904263,6.616936437561005,6.543664299955177,6.481688220488665
dlk_molecule_4neu,-9.329999923706056,6.486288505519205,6.406219850392565,6.419144008483195,6.610916259751214,6.5327884701867305,6.462373938782322
dlk_molecule_18,-9.979999542236328,6.65041175818434,6.514392872480208,6.619915335707406,6.6126450619643204,6.502363610722503,7.002741910047262
dlk_molecule_8,-10.510000228881836,6.659879538034984,6.527720533572762,6.638409289567619,6.617489809276567,6.503171509090495,7.012606548667476
irak4_s3_molecule_28neu,-9.5,7.0267191669670455,7.305161399195669,6.95046169732032,6.9345872080298765,6.843739532280356,7.099645998009005
irak4_s3_molecule_19charg,-10.600000381469728,7.00297243234871,7.258242322274592,6.960415375338215,6.915832733773624,6.859311691999783,7.021060038357338
irak4_s3_molecule_29,-8.710000038146973,6.733091766717767,7.063333113820201,6.668756115659492,6.372918578305483,6.623403838117759,6.9370471876859
irak4_s3_molecule_19neu,-10.600000381469728,7.025937427747484,7.301931138511956,6.9501162528919505,6.932365824085595,6.845275497086539,7.099998426161388
irak4_s3_molecule_28charg,-9.5,7.004798089069328,7.26247762268977,6.960156140000673,6.919198499130465,6.859659895228992,7.022498288296739
irak4_s3_molecule_27,-8.710000038146973,7.077714622362329,7.315576892869127,6.96239540503993,7.02044899563077,6.977927481817733,7.112224336454085
ephx2_molecule_47charg,-11.25,7.811756465887534,7.920551100484865,7.686289631329043,7.833207901142936,7.7668020645075835,7.851931631973239
ephx2_molecule_19charg,-8.239999771118164,7.3535643440240985,7.471437534954028,7.306078707186514,7.227457302791546,7.261399825903985,7.501448349284421
ephx2_molecule_19neu,-8.239999771118164,7.355045098134575,7.5142337863155255,7.270702458262362,7.242973985677485,7.24170904183762,7.505606218579881
ephx2_molecule_20,-9.140000343322754,7.317555578132667,7.436640575018279,7.243800307753751,7.204114986880654,7.2103132123397655,7.492908808670885
ephx2_molecule_47neu,-11.25,7.664041466781005,7.851070207888029,7.573747214799314,7.595414390450117,7.517425053778281,7.782550466989283
ephx2_molecule_33,-10.739999771118164,7.8815903482329075,7.9262991986590725,7.841797768364373,7.881168467660059,7.891648834096119,7.867037472384909
jak1_molecule_17,-10.869999885559082,6.122251268230646,6.340664233916869,5.9130587341997884,5.621855779277102,6.242358166675717,6.493319427083752
jak1_molecule_18charg,-11.300000190734863,6.483315349980319,6.5858099170628135,6.265216522716505,6.488721849125657,6.458788330325086,6.618040130671536
jak1_molecule_18neu,-11.300000190734863,6.538763811417392,6.614357465085642,6.343902450682647,6.559292104977987,6.5395841501297385,6.636682886210948
jak1_molecule_jmc_25,-11.40999984741211,6.289373727275536,6.32953191475891,6.105933000429095,6.047864070477908,6.428401362178949,6.535138288532816
jak1_molecule_jmc_34,-13.06999969482422,6.306843537758607,6.442349131778691,6.158825552133019,6.0046136043327225,6.406708823339644,6.521720577208958
jak1_molecule_16charg,-10.539999961853027,6.446596361636547,6.4684095976520615,6.168877967690294,6.465109717934758,6.45713333169277,6.673451193212852
jak1_molecule_16neu,-10.539999961853027,6.4491449673173875,6.515220658308766,6.1769121591734635,6.4642284154502665,6.427511025603439,6.661852578051
jak1_molecule_jmc_22,-11.350000381469728,6.210201464516764,6.307962569081423,6.054675297080161,5.8920523527931365,6.322091364494557,6.474225739134541
tyk2_molecule_ejm_47,-9.789999961853027,6.523953845571934,6.570320850641337,6.426647294360205,6.762737161577711,6.51350320396135,6.346560717319068
tyk2_molecule_jmc_32charg,-11.65999984741211,6.4100446065643,6.475288130493002,6.337038070654884,6.61244259902375,6.423824243965044,6.201629988684821
tyk2_molecule_jmc_31,-10.920000076293944,6.394875597895113,6.468336729632122,6.32093565550069,6.580665497009841,6.420740043484921,6.183700063847995
tyk2_molecule_jmc_32neu,-11.65999984741211,6.271916247607335,6.386293719787969,6.183293941829372,6.288043094064844,6.394049673812569,6.107900808541918
tyk2_molecule_ejm_52neu,-7.489999771118164,6.468059669001205,6.532163975865679,6.399014419668329,6.685095263281783,6.476169965983613,6.247854720206622
tyk2_molecule_ejm_52charg,-7.489999771118164,6.545085348824534,6.6373451056277215,6.447691968484864,6.72229779712818,6.513315885713401,6.404775987168507
tyk2_molecule_ejm_46,-11.420000076293944,6.482426263687901,6.5410706411674,6.434738179126959,6.6950735850578855,6.482701415439845,6.258547497647413
itk_molecule_17,-11.270000457763672,6.981086356670636,6.830669304703451,6.9905970268494535,7.149985757779604,6.91621372503349,7.017965968987178
itk_molecule_1neu,-12.56999969482422,6.95690648857523,6.813704919248375,6.968800176413163,7.127852272073151,6.883047342478533,6.991127732662927
itk_molecule_1charg,-12.56999969482422,6.958275984364422,6.800997923245374,6.961644371004757,7.137557872336255,6.889967899862442,7.001211855373288
itk_molecule_18,-12.770000457763672,6.969019688548562,6.813189334172245,6.941387610144332,7.146415300127366,6.934863959740657,7.009242238558213
itk_molecule_19,-13.06999969482422,7.006063459282688,6.9242200031926275,6.9367255188099275,7.142283686197232,6.962009757842744,7.065078330370907
thrombin_whole_map_molecule_11,-5.840000152587891,6.855410052219556,6.607259225846817,6.991695118444183,7.042947148037554,6.899624377505863,6.735524391263363
thrombin_whole_map_molecule_1,-6.800000190734863,6.723532512011824,6.501986677916077,6.853225546511412,6.957360990319331,6.7380524667410535,6.5670368785712405
thrombin_whole_map_molecule_3,-5.659999847412109,6.7638781064279,6.551407852444569,6.951434449072043,6.928232522818735,6.69565069027903,6.692665017525121
thrombin_whole_map_molecule_jmb2009-4,-11.529999732971191,6.730521460062728,6.555079786725286,6.99875542731298,6.863514459299611,6.624938617172106,6.610319009803654
thrombin_whole_map_molecule_10,-7.670000076293945,6.8597627131675125,6.58495176302832,6.943279532401236,7.067368613478728,6.908437765077539,6.794775891851735
thrombin_whole_map_molecule_2,-6.139999866485596,6.809999258374127,6.5499007934351114,6.99611859963402,6.976439960880502,6.808330008860193,6.719206929060812
cdk2_molecule_39neu,-8.369999885559082,6.570587396489645,6.66174576931497,6.548084834806246,6.362634085949639,6.6156750801712025,6.664797212206168
cdk2_molecule_39charg,-8.369999885559082,6.834119477377823,6.819217154861927,6.805422049551821,6.735741390038635,6.858043614074989,6.95217317836174
cdk2_molecule_34,-9.880000114440918,6.818651472994847,6.817335636917865,6.785872663110165,6.733524486425505,6.83403580702357,6.92248877149713
cdk2_molecule_25,-9.829999923706056,6.491729522848796,6.531837211720843,6.560182498197822,6.306139351167257,6.60517379055005,6.455314762608009
hsp90_frag_2rings_molecule_18,-8.960000038146973,7.353048819593941,7.706133331153976,7.239638248752582,7.18080309837906,7.331821007033265,7.306848412650821
hsp90_frag_2rings_molecule_17,-9.920000076293944,7.235761347831468,7.573390683781704,7.1481220315617175,7.072696627036973,7.239508406246801,7.1450889905301445
hsp90_frag_2rings_molecule_19,-10.260000228881836,7.353289730587693,7.704807376137342,7.240829562716122,7.159649373992671,7.33576441713959,7.325397922952737
hsp90_frag_2rings_molecule_15,-9.880000114440918,7.237071503227661,7.565877278520555,7.166531671001505,7.0674019595492945,7.218080152183822,7.167466454883123
hsp90_frag_2rings_molecule_14,-8.720000267028809,7.01485323908148,7.328894023143576,6.902798378309622,6.937256734104258,6.966712101819475,6.938604958030471
hsp90_frag_2rings_molecule_16,-8.119999885559082,7.247672942392249,7.581731231044601,7.2110145357654805,7.053118780212139,7.249760200043839,7.1427399648951875
frag_liga_auto_molecule_12,-9.050000190734863,7.187383974046851,7.516168539757501,7.045477725290686,7.014825484617603,7.147743435763697,7.212704684804765
frag_liga_auto_molecule_9,-6.380000114440918,5.72087666648134,5.67902061359008,5.808898911143273,5.80528768934289,5.634850502975669,5.676325615354784
frag_liga_auto_molecule_5,-4.800000190734863,5.374958344719292,5.486820810503479,5.417010398146394,5.352619453160374,5.352808634386553,5.26553242739966
frag_liga_auto_molecule_6,-5.300000190734863,5.655499546594621,5.648557473605603,5.733360553764294,5.785298012149735,5.538559031469803,5.571722661983671
frag_liga_auto_molecule_11,-9.079999923706056,6.800649895251652,6.944529343722332,6.753905452288149,6.743646508785711,6.77689784307185,6.78427032839022
frag_liga_auto_molecule_10,-6.539999961853027,5.663440517832803,5.667332289399032,5.675179956653118,5.669894425025898,5.620114634588968,5.6846812834969995
frag_liga_auto_molecule_8,-5.829999923706055,6.309308981946176,6.26914196678226,6.232432190019967,6.331329929176643,6.2372387858916705,6.476402037860335
frag_liga_auto_molecule_3,-6.03000020980835,5.693955419783998,5.740412055459644,5.72335993378114,5.763828908987562,5.583357659056165,5.658818541635477
frag_liga_auto_molecule_7,-5.25,5.649814224736474,5.644274527145146,5.692341595099515,5.7953037107144105,5.542100745805909,5.575050544917388
frag_liga_auto_molecule_13,-10.670000076293944,7.1397158363520274,7.456554947664025,6.9878454004174655,6.940219599568222,7.07230848936122,7.241650744749209
frag_liga_auto_molecule_4,-6.5,5.6609175851926015,5.639392188451929,5.690294540157788,5.691250957050087,5.586782308125385,5.696867932177816
hsp90_frag_single_ring_molecule_10,-8.3100004196167,7.201562718245114,7.6118577061796575,7.030999457251691,6.97675823324233,7.142323909063741,7.24587428548815
hsp90_frag_single_ring_molecule_3,-8.3100004196167,6.9628426054848855,7.405335356604864,6.683506098673984,6.805900552254915,6.890105494122879,7.029365525767786
hsp90_frag_single_ring_molecule_9,-7.360000133514404,6.884185384652588,7.264186808929734,6.6314299768349185,6.723722336288424,6.833207263155084,6.968380538054776
hsp90_frag_single_ring_molecule_8,-8.029999732971191,6.385336063879922,6.694635821400816,6.2184340356952905,6.06759128063249,6.353778906663083,6.592240275007932
hsp90_frag_single_ring_molecule_11,-8.119999885559082,6.749185217983269,7.239394571471209,6.496668870681915,6.4921405782381125,6.663039315442521,6.854682754082588
hsp90_frag_single_ring_molecule_12,-8.59000015258789,7.108957410496606,7.619526074360376,6.975570623064912,6.706488340430672,7.066360300107285,7.17684171451979
hsp90_frag_single_ring_molecule_2,-6.929999828338623,6.56223441035884,6.800674878304755,6.350628447119335,6.456717001084296,6.510063536438963,6.693088188846851
jak2_set1_molecule_2_3E63,-7.90701150894165,5.985065975536917,6.045391263640605,5.998559305588977,5.992294570265995,6.0000434382761485,5.889041299912856
jak2_set1_molecule_9,-8.363882064819336,5.922860748005275,5.991136063783153,5.872855104044801,6.017410458368702,5.994745221215632,5.738156892614088
jak2_set1_molecule_8,-8.774560928344727,6.021474755251678,6.113324371497637,6.033329961265781,6.044290023573659,6.041639178940727,5.874790240980585
jak2_set1_molecule_5,-7.789802551269531,6.005704272691029,5.971670034746418,5.910256305235603,6.243977150366515,6.124875222581257,5.777742650525352
jak2_set1_molecule_10,-7.143977165222168,6.001289293389976,5.9928889742134475,5.8466221691856175,6.234467570417292,6.14585240394981,5.786615349183717
jak2_set1_molecule_4a,-6.864231586456299,5.894338559867995,5.870542877028205,5.748256375840163,6.09395743220056,6.000447199309675,5.758488914961369
jak2_set1_molecule_4b,-6.864231586456299,5.843034732704146,5.6584030672445085,5.726818078468875,6.101506742622474,5.9799921450979365,5.748453630086935
jak2_set1_molecule_6,-6.198638439178467,5.824705990346328,5.680802507071499,5.585789173543386,6.0938882278519575,5.954838434189308,5.808211609075488
jak2_set1_molecule_3,-5.235617160797119,6.0968118966606015,6.172925554376542,6.099298066341259,6.148804215677074,6.078576820994573,5.9844548259135575
jak2_set1_molecule_1_3E62,-5.986692905426025,5.435150045556904,5.375929779540057,5.321817795043546,5.4292103157542515,5.438630223525126,5.610162113921538
jak2_set1_molecule_7,-8.860579490661621,5.926378679262635,5.869869460227495,5.756567778104731,6.1866120388982955,5.95733951262285,5.861504606459804
frag_mup1_molecule_IBT,-9.09000015258789,5.2160748464806606,5.1708904249651715,5.385897076394949,5.202408523033572,5.215083223727135,5.106094984282479
frag_mup1_molecule_MT,-5.639999866485596,5.106392775707843,4.9051915926615095,5.23103287927539,5.257021463545134,5.121858994396676,5.016858948660511
frag_mup1_molecule_PT,-8.199999809265137,4.954818893736573,4.973968724756877,5.239851973611882,4.868221395836341,4.840472636897614,4.851579737580149
frag_mup1_molecule_SBT_R,-8.420000076293945,5.233615200985405,5.193623141589429,5.503761173183946,5.134217541384082,5.210883571340184,5.12559057742938
frag_mup1_molecule_SBT_S,-8.420000076293945,5.236865146307059,5.197923208525032,5.4679429974737905,5.166447889136194,5.211692903758289,5.140318732641992
frag_mup1_molecule_IPT,-7.849999904632568,5.340271905203429,5.156694529912221,5.532033929074165,5.381230123209391,5.36981384697441,5.261587096846959
frag_mup1_molecule_ET,-6.960000038146973,4.987051115365976,4.925857970477228,5.167135181978644,5.069031403082392,4.940815498795521,4.832415522496095
frag_p38_molecule_4,-5.400000095367432,6.455831681525484,6.531573050185268,6.552453670266749,6.467454076547523,6.263511889954263,6.464165720673617
frag_p38_molecule_1_1W7H,-3.940000057220459,5.752856953171394,5.929425005834278,5.836682754839868,5.654013096340373,5.626714753822854,5.717449155019603
frag_p38_molecule_6,-5.039999961853027,6.1701991151190105,6.284999983890341,6.18224300086761,5.967773482749475,6.297801306943049,6.118177801144579
frag_p38_molecule_5_1WBW,-5.940000057220459,6.651288121758995,6.951590634450719,6.676278644067773,6.493409538269127,6.488127959297605,6.647033832709755
frag_p38_molecule_7,-6.300000190734863,6.427418049119858,6.5085378533995,6.45869750043839,6.190546156860435,6.564476460027668,6.414832274873298
frag_p38_molecule_3,-4.090000152587891,5.583954632026224,5.698289105084162,5.812187176207311,5.423004438288996,5.515233262390946,5.4710591781597016
t4lysozyme_uvt_molecule_meta_methyl_ethyl_benzene,-5.079999923706055,5.523037078519264,5.492772616597357,5.8468350945995,5.258492062776503,5.29425703940603,5.722828579216931
t4lysozyme_uvt_molecule_methyl_benzene,-5.480000019073486,5.063349235125166,4.9139253175232565,5.337248495695983,5.069491641325538,5.086046468767153,4.910034252313901
t4lysozyme_uvt_molecule_ethyl_benzene,-5.71999979019165,5.1444455660756585,5.014306926930727,5.512683246725631,5.137347170709933,5.065094557670544,4.9927959283414545
t4lysozyme_uvt_molecule_ortho_methyl_ethyl_benzene,-4.53000020980835,5.457222984151933,5.375073008496737,5.872565993629085,5.218001953912201,5.234237161743289,5.586236802978357
t4lysozyme_uvt_molecule_m-xylene,-4.71999979019165,5.362299888927685,5.198399565368522,5.644652070975987,5.131882660049329,5.253220064257332,5.583345083987262
t4lysozyme_uvt_molecule_p-xylene,-4.630000114440918,5.404430501809307,5.2024646949870315,5.673359272422572,5.237383411076893,5.298700001849903,5.610245128710134
t4lysozyme_uvt_molecule_o-xylene,-4.570000171661377,5.329570105564368,5.149374289222624,5.713678096987276,5.0951903438109385,5.206389967948757,5.483217829852246
t4lysozyme_uvt_molecule_butyl_benzene,-6.659999847412109,5.332143378355156,5.297379439394424,5.67143592375474,5.2606094658501545,5.239258204828828,5.192033857947631
t4lysozyme_uvt_molecule_propyl_benzene,-6.510000228881836,5.232282271143939,5.171328704428333,5.572107446219377,5.1792660935863815,5.1213430952835175,5.117366016202088
t4lysozyme_uvt_molecule_para_methyl_ethyl_benzene,-5.380000114440918,5.568614420075765,5.497988341448738,5.889819014706637,5.348325123465552,5.35323245877285,5.753707161985044
t4lysozyme_uvt_molecule_benzene,-5.159999847412109,4.989937440067625,4.804892276143868,5.236565268569502,4.991679919780132,5.055290461862854,4.8612592739817675
t4lysozyme_uvt_molecule_isobutyl_benzene,-6.440000057220459,5.434707891215714,5.247927028332366,5.843652015098356,5.323078178843601,5.396343769454784,5.362538464349468
frag_mcl1_noweak_molecule_2,-5.329999923706055,5.4164034745734755,5.297139490279165,5.394105141038389,5.246824073796002,5.487280743078435,5.656667924675387
frag_mcl1_noweak_molecule_3,-6.389999866485596,5.750336804812624,5.615715129217067,5.817853658618115,5.421053256186691,5.688251326483276,6.208810653557971
frag_mcl1_noweak_molecule_4,-5.809999942779541,5.790100263725089,5.583781039092201,5.8760101708115045,5.4681675088213835,5.669990896532919,6.352551703367436
frag_mcl1_noweak_molecule_5,-6.039999961853027,5.8782847802296825,5.726586097888824,5.962599746948281,5.609729520234533,5.730962522782705,6.361546013294069
frag_mcl1_noweak_molecule_7,-5.880000114440918,5.740921037228478,5.641291531437837,5.79692885637086,5.4926749114920765,5.582031514103156,6.191678372738462
frag_mcl1_noweak_molecule_8,-6.369999885559082,5.8389920368202475,5.678313081195706,5.8555016261334965,5.566864795747887,5.703289483015198,6.390991198008952
frag_mcl1_noweak_molecule_9,-5.480000019073486,5.662223834944948,5.589471883216305,5.7587442208941795,5.465430635841077,5.530406594516229,5.967065840256946
frag_mcl1_noweak_molecule_10,-5.039999961853027,5.811081484940518,5.71222443474943,6.023127637125813,5.522067505181863,5.606902237427584,6.191085610217895
frag_mcl1_noweak_molecule_11,-5.550000190734863,5.637946106055627,5.397229859403845,5.470124022318302,5.730257293234008,5.547917083871742,6.044202271450233
frag_mcl1_noweak_molecule_14,-5.610000133514404,5.234110027119969,5.2270760186806955,5.135942390927237,5.0991938663615715,5.22872945238665,5.479608407243693
frag_mcl1_noweak_molecule_15,-5.309999942779541,6.29728535216824,6.201589863535166,6.58195190360558,6.171105377574344,6.185642766867835,6.346136849258273
frag_mcl1_noweak_molecule_13_flipped,-5.210000038146973,5.263445516544738,5.253815862248899,5.32587367682865,5.136365361488596,5.266231106720225,5.334941575437321
jak2_set2_extra_molecule_13_3E64,-9.696937561035156,6.178860864284002,6.026835960454014,6.225308249707571,6.413256792777788,6.307010472774302,5.921892845706337
jak2_set2_extra_molecule_21,-8.340335845947266,6.2072530945708415,6.1316610372808045,6.246936577830754,6.402609882952962,6.2865671834663495,5.968490791323338
jak2_set2_extra_molecule_20,-8.067665100097656,6.184143197884159,6.101844555882082,6.229049794936605,6.416056120143903,6.282618188251433,5.891147330206765
jak2_set2_extra_molecule_18,-8.325143814086914,6.045461859998954,5.9648199642056765,6.047276279102577,6.2538568986572445,6.163669962750102,5.797686195279173
jak2_set2_extra_molecule_14,-7.789802551269531,6.072668214909381,5.992518287269391,6.026279260440902,6.295561556611755,6.216666030606239,5.8323159396186215
jak2_set2_extra_molecule_12,-7.434834003448486,6.098780647022318,5.958319616164579,6.107508914483381,6.373931219157317,6.268802608043717,5.785340877262595
jak2_set2_extra_molecule_15,-7.379123210906982,6.273945404858485,6.1767924574511985,6.263038438656652,6.507491697717675,6.375214911227287,6.04718951923961
jak2_set2_extra_molecule_22_flip,-10.107617378234863,6.171000344829018,6.06910489815941,6.1875805711219565,6.40322569280151,6.291243047434876,5.903847514627337
3RKZ_lig62to70_alpha05_molecule_lignad_63,-9.31999969482422,6.62937640510601,6.666744078237653,6.832386170720059,6.594696310598078,6.3905599571232035,6.662495508851055
3RKZ_lig62to70_alpha05_molecule_ligand_69,-13.140000343322754,6.573710106752133,6.702195131383846,6.737641930521513,6.667781792033085,6.443036969271792,6.3178947105504255
3RKZ_lig62to70_alpha05_molecule_ligand_62,-6.670000076293945,6.696670452635435,6.75141837085053,6.722170459315569,6.609181709132027,6.434987315161077,6.96559440871797
3RKZ_lig62to70_alpha05_molecule_lignad_65,-9.279999732971191,6.771761795424726,6.822035039999951,6.924924361104651,6.619058032058623,6.473228823901111,7.019562720059295
3RKZ_lig62to70_alpha05_molecule_lignad_68,-8.449999809265137,6.78798194492082,6.8630819892883554,6.808775505494573,6.636489057344776,6.531274121603957,7.100289050872435
3RKZ_lig62to70_alpha05_molecule_ligand_64,-8.890000343322754,6.680344653387683,6.686715949256702,6.760007172927438,6.679723539760731,6.46944188487769,6.805834720115862
3RKZ_lig62to70_alpha05_molecule_ligand_70,-12.739999771118164,6.623880847710308,6.8227349140574285,6.800994564629577,6.6549209631294115,6.455287536769818,6.385466259965307
MHT1_lig3_alpha05_molecule_5AN26_ligand,-7.570000171661377,6.257835940044968,6.3502820544689556,6.351445686426195,6.015142912623321,6.183483337226784,6.388825709479579
MHT1_lig3_alpha05_molecule_5ANT_A_ligand,-8.550000190734863,6.4032133736604475,6.517023435719388,6.483686108069729,6.176388423345956,6.316626157116632,6.522342744050532
MHT1_lig3_alpha05_molecule_5ANU_ligand,-12.960000038146973,6.644170950093397,6.586936290400978,6.687595359498579,6.475937441355824,6.526207502798235,6.944178156413367
2B8V_lig24and25_alpha05_molecule_ligand25_S,-7.53000020980835,6.6811807139106545,7.019795874844804,6.631872857698504,6.29501000997761,6.615590084021638,6.843634743010724
2B8V_lig24and25_alpha05_molecule_ligand24_S,-5.440000057220459,6.485627503036591,6.366048576871976,6.640876023885428,6.556383287308113,6.418175417459068,6.446654209658368
ck2_custcore_hotlys_molecule_ligand_15,-10.359999656677246,7.310891357789823,7.2324093950674175,7.311576440698344,7.255014380136466,7.00353259141203,7.751923981634859
ck2_custcore_hotlys_molecule_ligand_14,-13.039999961853027,6.993084977125891,7.090610380625242,6.837323523905696,7.185914778448348,6.906615108117091,6.944961094533075
2E9P_lig4to7_alpha05_molecule_ligand_5,-11.18000030517578,6.45194321156672,6.277414714702965,6.264261331244744,6.492228765512368,6.702453103149482,6.523358143224045
2E9P_lig4to7_alpha05_molecule_ligand_7,-10.270000457763672,6.713305909839089,6.6261970894685485,6.655115944470087,6.635961861280598,6.845362288924293,6.803892365051918
2E9P_lig4to7_alpha05_molecule_ligand_4,-10.880000114440918,6.578468202845563,6.396008159631028,6.336375474379762,6.660260286688448,6.778341952209417,6.721355141319165
2E9P_lig4to7_alpha05_molecule_ligand_6,-11.09000015258789,6.584464906612531,6.391804186696627,6.383361928571996,6.547558319625098,6.778590236715265,6.821009861453673
2Q15_lig17to21_alpha05_molecule_ligand_20_S,-10.210000038146973,7.341568150851093,7.469769766385275,7.384975375416195,7.313653344838952,7.291581706017309,7.247860561597732
2Q15_lig17to21_alpha05_molecule_ligand_21,-10.56999969482422,7.21281938169481,7.33654833464786,7.162800459292289,7.210640809835374,7.17731988828384,7.176787416414683
2Q15_lig17to21_alpha05_molecule_ligand_18,-10.81999969482422,7.222376469235444,7.34623371792975,7.29681993706664,7.206833551809561,7.064744903923132,7.197250235448134
2Q15_lig17to21_alpha05_molecule_ligand_17_enu,-9.81999969482422,7.173005687673838,7.2326212154364,7.247897451053924,7.1379613248173905,7.115071466501059,7.131476980560417
2Q15_lig17to21_alpha05_molecule_ligand_19,-11.289999961853027,7.347883007780714,7.479687138307015,7.385702778176252,7.319658125510662,7.295385206654412,7.2589817902552305
hsp90_3hvd_custcore_molecule_lig_3B27,-7.039999961853027,6.308360785917006,6.7179820722515835,6.053630530013856,6.177717445112594,6.151217261683989,6.4412566205230055
hsp90_3hvd_custcore_molecule_18_minimized,-13.177300453186035,6.381552305372649,6.2877721018655,6.178042346665828,6.63573096289888,6.415421954642666,6.39079416079037
hsp90_3hvd_custcore_molecule_8__3VHA,-10.15248966217041,6.862036264203101,7.27926737184838,6.6964706626615795,6.534197644264773,6.842969973294613,6.957275668946158
hsp90_3hvd_custcore_molecule_13,-11.26364040374756,6.62689041601044,6.747512881964903,6.487458583756255,6.657909094725699,6.739987889425261,6.5015836301800825
hsp90_3hvd_custcore_molecule_9,-9.71030044555664,6.856938128668091,7.29806270002055,6.67285282131006,6.521658651431977,6.838761409801006,6.953355060776858
hsp90_3hvd_custcore_molecule_16__3VHD,-12.74081039428711,6.413173140683979,6.532059178454142,6.266838344505389,6.592370106981215,6.456741790938058,6.217856282541094
hsp90_3hvd_custcore_molecule_11__3VHC,-12.194700241088867,6.608687029002288,6.779441156609848,6.486324999695274,6.58770728118824,6.664050262485693,6.525911445032387
hsp90_3hvd_custcore_molecule_12,-11.158180236816406,6.641121343842743,6.772011197658638,6.527590961142769,6.649516572391896,6.705594227505977,6.550893760514435
hsp90_3hvd_custcore_molecule_7,-9.497720718383787,6.7998497686792465,7.286606003233212,6.615472498060137,6.480423102838675,6.785227340317689,6.831519898946518
hsp90_3hvd_custcore_molecule_17__top_conformer,-12.927749633789062,6.496966971187048,6.411843967011944,6.396771887344106,6.66551087371479,6.483451744081583,6.5272563837828175
Fxa_2ei8_molecule_Edoxaban,-12.59000015258789,6.623125415608001,6.4760411932844635,6.718181630178109,6.927664887750733,6.745996605905713,6.247742760920989
Fxa_2ei8_molecule_4d,-11.720000267028809,6.540155530746667,6.458204916945061,6.74377491123313,6.549656466097525,6.658314373425315,6.290826986032301
Fxa_2ei8_molecule_4c,-11.789999961853027,6.540155530746667,6.458204916945061,6.74377491123313,6.549656466097525,6.658314373425315,6.290826986032301
TPSB2_3v7t_molecule_1,-10.460000038146973,5.745676351988199,5.738087367869109,5.624527056388818,5.88507839247136,5.890194825934396,5.590494117277308
TPSB2_3v7t_molecule_2,-9.84000015258789,5.707030793807763,5.672389438621059,5.602114880673867,5.862357603263846,5.85444822179321,5.543843824686834
Bace1_4zsp_molecule_31,-8.350000381469727,6.437596582362377,6.178237761919214,6.630891492075487,6.732726006387197,6.5275316230983655,6.11859602833162
Bace1_4zsp_molecule_7,-7.710000038146973,6.526498974733736,6.194759941456985,6.696875620921947,6.840053541196184,6.634349236937272,6.266456533156289
Bace1_4zsp_molecule_6,-7.829999923706055,6.458388126108376,6.200183167148842,6.662449314959814,6.759284985568392,6.57280622855629,6.097216934308541
EZH2_5ij7_corehop_molecule_22,-9.6899995803833,7.487197969191122,7.44038482660754,7.487995999940765,7.459535279320264,7.577869013578386,7.470204726508655
EZH2_5ij7_corehop_molecule_31,-10.270000457763672,6.77695061809761,6.744274223147963,6.768582167004992,7.004754275054649,6.8363240062235855,6.53081841905686
EZH2_5ij7_corehop_molecule_29,-10.270000457763672,6.996063905876975,6.8832636812842045,7.0315118324667125,7.049184134648293,7.09878909499908,6.917570785986581
EZH2_5ij7_corehop_molecule_27,-8.369999885559082,7.370097842398623,7.334434864636252,7.3793893828612935,7.3845344285049315,7.414541685625459,7.337588850365182
CHK1_3u9n_corehop_molecule_17,-9.715999603271484,7.029288616230566,7.091129858603436,7.079494166724738,7.016244528958808,6.969756529469126,6.989817997396724
CHK1_3u9n_corehop_molecule_1,-9.699999809265137,6.954398385632584,7.020477302003067,6.899452293263539,6.924364261132451,6.957210203029202,6.97048786873466
CHK1_3u9n_corehop_molecule_21,-9.142000198364258,6.913401782121285,6.958968508115674,6.861623600566499,6.871773961674644,6.924648240183665,6.949994600065946
CHK1_3u9n_corehop_molecule_20,-9.208000183105469,6.916941912745116,6.994618419048006,6.871516259475054,6.8597283518567105,6.939252885136498,6.919593648209317
CHK1_3u9n_corehop_molecule_19,-8.54800033569336,7.108259500854085,7.169369591421239,7.14541965910239,7.045158192996513,7.094374050189815,7.086976010560472
a2a_hip278_molecule_4g,-11.064042091369627,6.298344410521545,5.985323564703771,6.63314793414804,6.379541486047307,6.229143139653463,6.264565928055141
a2a_hip278_molecule_4h,-10.654767990112305,6.443570842965443,6.178250224690574,6.707201419263218,6.468359439293881,6.36371856606845,6.500324565511088
a2a_hip278_molecule_4jS,-10.886690139770508,6.5140731191636405,6.236495301162247,6.778514709478553,6.575850454134651,6.434729809927014,6.544775321115735
a2a_hip278_molecule_4kU,-11.541528701782228,6.360381058632499,6.006426961789672,6.683154900693127,6.40437754118487,6.295117578415152,6.412828311079675
a2a_hip278_molecule_4lD,-11.377819061279297,6.464818595123911,6.151123049903831,6.738584423112588,6.482246891483825,6.412846296092459,6.539292315026855
a2a_hip278_molecule_4i,-10.313706398010254,6.445743796106255,6.192867632378077,6.61911774257455,6.493404398150342,6.360160843469072,6.5631683639592335
a2a_hip278_molecule_4a,-9.41330337524414,5.766672825075952,5.437356750470649,6.031804870135388,6.051300303448453,5.677996986690614,5.634905214634656
a2a_hip278_molecule_4b_D,-9.959002494812012,6.190166471653536,5.740372060769906,6.549860660538635,6.354075165102337,6.207898676058475,6.098625795798327
a2a_hip278_molecule_4c,-11.459673881530762,6.492905494849291,6.0088296305425875,6.84283006693835,6.593769971049136,6.5151077477101405,6.503990058006238
a2a_hip278_molecule_4d,-10.504701614379885,6.437861197790985,6.0963701626808415,6.722493764106493,6.49753396420712,6.425407234830908,6.44750086312957
a2a_hip278_molecule_4o,-11.35667324066162,6.103580096359754,5.673748394485118,6.370853250607503,6.376566329779609,6.112613148307258,5.984119358619282
a2a_hip278_molecule_4f,-11.44603157043457,6.630445444373343,6.318651591876876,6.857071613463217,6.673006457721835,6.704294991774656,6.599202567030131
a2a_hip278_molecule_4e_D,-12.073585510253906,6.472523181043657,6.053065269017244,6.786964211459579,6.591787211120617,6.491122458051189,6.439676755569658
a2a_hip278_molecule_4m_D,-10.550403594970703,6.055307680329742,5.648818803767167,6.458146991792698,6.262073779600819,5.99443418053733,5.913064645950694
a2a_hip278_molecule_4q,-8.886704444885254,5.666337592594088,5.356774921142745,5.9829579265170345,6.020446545565678,5.496271156382428,5.475237413362553
a2a_hip278_molecule_4n,-11.550395965576172,6.43450597277368,5.902446814783407,6.85863923916636,6.5677668070999555,6.418429255407516,6.425247747411156
a2a_hip278_molecule_4r_U,-11.461993217468262,6.477727204207264,6.081213780879618,6.789402479843085,6.564017793865296,6.452331679937594,6.501670286510725
a2a_hip278_molecule_4o_deprotonated,-11.35667324066162,6.057903667449681,5.632884186848514,6.370356437564228,6.278740332104281,6.041288765776319,5.9662486149550595
a2a_hip278_molecule_4eD_deprotonated,-12.073585510253906,6.444666627743698,6.008639211970431,6.774852906201526,6.535479307642632,6.469634159243192,6.434727553660706
a2a_hip278_molecule_4f_deprotonated,-11.44603157043457,6.550284584351107,6.275083277584135,6.776295048163166,6.5605122023806475,6.557517955173748,6.582014438453839
ox2_hip_custcore_molecule_set_1__1,-10.978231430053713,6.885115742957359,6.8016033021710065,6.912938543443048,6.82955384981278,6.831708139635299,7.049774879724666
ox2_hip_custcore_molecule_set_1__2,-10.049724578857422,6.710531384964677,6.617035904282334,6.669199307202643,6.717275951559186,6.655471091071041,6.8936746707081795
ox2_hip_custcore_molecule_set_1__3,-8.59611988067627,6.87253363167965,6.9022913641090735,6.806603117596122,6.751905785812374,6.928325599445799,6.97354229143488
ox2_hip_custcore_molecule_set_1__4,-10.603745460510254,6.834931801866245,6.781739818595255,6.7768383614597605,6.855936475576294,6.751228802612277,7.008915551087636
ox2_hip_custcore_molecule_set_1__5,-10.885735511779783,6.812209469306621,6.81653376319729,6.71205314417247,6.789226067339056,6.724127741985646,7.019106629838644
ox2_hip_custcore_molecule_set_1__6,-10.013026237487791,6.754008453512677,6.688332867546987,6.750055170225304,6.717535161206473,6.694318854952181,6.919800213632432
ox2_hip_custcore_molecule_set_1__7,-11.577681541442873,6.894786179178901,6.859226944539197,6.871940568867539,6.865717538182162,6.785925725607183,7.091120118698425
ox2_hip_custcore_molecule_set_1__8,-10.151361465454102,6.801469147166583,6.740539596422063,6.869490817998085,6.715780478462155,6.721963813726718,6.959571029223898
ox2_hip_custcore_molecule_set_1__9,-8.624086380004883,6.742834464271363,6.696521254198879,6.668785377258017,6.728339842773062,6.707450037413743,6.913075809713112
ox2_hip_custcore_molecule_set_1__10,-10.316571235656738,6.822421726848971,6.776087933604717,6.7550058673044395,6.836208846068656,6.721129752271321,7.0236762349957225
ox2_hip_custcore_molecule_set_1__11,-11.125433921813965,7.3288261314607155,7.362109546684892,7.488823063852506,7.287020671073082,7.274294544872521,7.231882830820577
ox2_hip_custcore_molecule_set_1__12,-10.54126262664795,6.817857977809129,6.822743709278737,6.7409356659018345,6.757538420099352,6.745139207698771,7.022932886066951
ox2_hip_custcore_molecule_set_1__13,-8.972378730773926,6.847314269108152,6.83221117213456,6.907383448860498,6.761401694761525,6.773282434235023,6.96229259554915
ox2_hip_custcore_molecule_set_1__14,-11.169498443603516,6.828234415617135,6.794268626262114,6.871542770936054,6.792046099928049,6.693853232299288,6.989461348660168
ox2_hip_custcore_molecule_set_1__15,-6.821234703063965,6.899846836960893,6.876161000518403,6.9699995189938955,6.77986013926139,6.880761168178425,6.992452357852353
ox2_hip_custcore_molecule_set_1__16,-10.950536727905272,6.8174478599918,6.753250098905929,6.7929703386021005,6.792291355635394,6.749294571845022,6.999432934970556
ox2_hip_custcore_molecule_set_1__17,-6.883717060089111,6.792639219975001,6.7451441148485465,6.746682813372359,6.7959619505436475,6.699057875826394,6.976349345284059
ox2_hip_custcore_molecule_set_1__18,-8.276204109191895,7.0410242192162,7.173464200212898,6.922300256465715,7.0472883111820614,6.979456593325687,7.082611734894638
ox2_hip_custcore_molecule_set_1__19,-7.515090465545654,6.956839192782146,6.780151897039225,7.1186263560855085,6.973744139180816,6.934828591219954,6.976844980385227
ox2_hip_custcore_molecule_set_1__20,-10.399927139282228,6.8221786874964705,6.800533119015984,6.810297625044907,6.786480651185684,6.7320177682037725,6.981564274032007
ox2_hip_custcore_molecule_set_1__21,-8.688343048095703,6.727838883310724,6.633082158101804,6.694337676182671,6.677620034967873,6.715249620858433,6.918904926442839
ox2_hip_custcore_molecule_set_1__22,-10.420527458190918,6.806276122771085,6.774220246828207,6.754149680941901,6.787438661247791,6.738272810297516,6.977299214540014
ox2_hip_custcore_molecule_set_1__23,-10.080965995788574,6.854229456313496,6.824275905773777,6.832317877776451,6.755602833000772,6.844194656760176,7.014756008256301
ox2_hip_custcore_molecule_set_1__24,-10.443309783935549,6.933968298013528,6.866244716946874,6.933196119017491,6.839073305369598,6.93061053845238,7.100716810281294
ox2_hip_custcore_molecule_set_1__25,-11.097330093383787,6.838985172718473,6.791028080438585,6.844084915825557,6.765115855435693,6.765215952079702,7.029481059812831
ox2_hip_custcore_molecule_set_1__26,-11.387232780456545,6.893165381670866,6.8537662259086565,6.920361322672928,6.809641035953352,6.8079017400819675,7.074156583737427
ox2_hip_custcore_molecule_set_1__27,-10.95654010772705,6.804302312852816,6.760767033108659,6.832743357850239,6.7732968908211975,6.6910266556252065,6.963677626858785
ox2_hip_custcore_molecule_set_2__1,-9.413166999816896,6.8280423935390875,6.769928940531546,6.810998920250158,6.786942283733036,6.736812274370818,7.035529548809876
ox2_hip_custcore_molecule_set_2__2,-8.611808776855469,6.811901821454965,6.759461333584669,6.834903703040777,6.707776001624321,6.754506430758258,7.002861638266803
ox2_hip_custcore_molecule_set_2__3,-9.46992015838623,6.8017955767711324,6.720092630407414,6.845883636812583,6.726888809752553,6.715840927198236,7.000271879684878
ox2_hip_custcore_molecule_set_2__4,-9.716166496276855,6.812214345661941,6.727146605319159,6.788366044740421,6.791957144350024,6.722729564920051,7.03087236898005
ox2_hip_custcore_molecule_set_2__5_adjust,-10.85299301147461,6.766817397246809,6.7000476776112805,6.79815928105352,6.694759381208305,6.700554151755517,6.940566494605428
ox2_hip_custcore_molecule_set_2__6,-10.490240097045898,6.794738303770416,6.751494446139324,6.771809108973056,6.773584261647511,6.688356248296313,6.9884474537958745
ox2_hip_custcore_molecule_set_2__7,-7.945237636566162,6.758470109699589,6.681707599509396,6.791068415175539,6.673275917730964,6.697343541844317,6.948955074237723
ox2_hip_custcore_molecule_set_2__8,-10.95654010772705,6.806719147167217,6.760845097715733,6.776235034404734,6.775258436165379,6.700721541239558,7.020535626310685
ox2_hip_custcore_molecule_set_2__9,-10.010706901550291,6.766522300994588,6.686244800444078,6.782421613241531,6.733713196596127,6.67496060657909,6.955271288112113
ox2_hip_custcore_molecule_set_2__10,-6.852475643157959,6.760472120902564,6.681680306066559,6.779828120764883,6.67594773854995,6.7252922882066075,6.939612150924824
ox2_hip_custcore_molecule_set_2__11,-9.472103118896484,6.6707855853753655,6.682450981812565,6.601714484520527,6.641257735074443,6.538502915625242,6.890001809844051
ox2_hip_custcore_molecule_set_2__12,-9.990925788879396,6.81673645934746,6.723653098441462,6.854334624325153,6.79605227028587,6.714710013719937,6.994932289964881
ox2_hip_custcore_molecule_set_2__13,-10.815340042114258,6.636434020553798,6.564772338231001,6.517143833185519,6.644575139442385,6.532770903647125,6.922907888262964
ox2_hip_custcore_molecule_set_2__14,-10.7535400390625,6.814479030587021,6.758255891398062,6.7989814157413555,6.749138328995112,6.725081429656661,7.040938087143918
ox2_hip_custcore_molecule_set_2__15,-9.641133308410645,6.759298242664312,6.7349097477535596,6.75237225331472,6.676562719210341,6.706708727805979,6.9259377652369585
ox2_hip_custcore_molecule_set_2__16,-9.674556732177734,6.997087577661787,6.90459023723098,7.0059680180223545,7.038846767255598,6.938450820554128,7.097582045245879
ox2_hip_custcore_molecule_set_2__17,-9.98465061187744,7.026105629111126,7.118258524788233,6.9850277930999365,6.945236855538174,6.8983738437499404,7.183631128379349
ox2_hip_custcore_molecule_set_2__18,-9.408119201660156,6.950354795747667,6.887892152852109,6.935774962370722,6.877884685600935,6.906752202257344,7.143469975657228
ox2_hip_custcore_molecule_set_2__19,-9.02353858947754,6.693833843915838,6.690026396298652,6.600039922101763,6.653895617466022,6.615288162781925,6.9099191209308275
ox2_hip_custcore_molecule_set_2__20,-11.045079231262209,6.797277272241563,6.716465293830069,6.804678053899146,6.796946398601922,6.695996306042173,6.972300308834507
ox2_hip_custcore_molecule_set_2__21,-10.565683364868164,6.827960040502646,6.760089011008617,6.830634674223302,6.781407488363073,6.736317235360847,7.031351793557393
ox2_hip_custcore_molecule_set_2__22,-8.531181335449219,6.768273208524493,6.753152316691316,6.721095627493017,6.729973402577984,6.669737705460183,6.96740699039997
ox2_hip_custcore_molecule_set_2__23,-10.52380084991455,6.825733805308012,6.78681269695113,6.829927157336819,6.7436811899028655,6.722392327624583,7.04585565472466
ox2_hip_custcore_molecule_set_2__24,-9.534994125366213,6.9495976786984075,7.144046444790034,6.841018378263538,6.774647202501317,6.878532665378781,7.109743702558364
p2y1_meta_sub_molecule_16,-11.216630935668944,5.879354088507969,5.730729858087998,6.019740969827949,5.725736270280509,5.957502241721706,5.963061102621686
p2y1_meta_sub_molecule_11a,-7.774801731109619,5.458572314954528,5.3717729535934104,5.668627111630824,5.357560357962877,5.524085898688258,5.37081525289727
p2y1_meta_sub_molecule_6e,-9.403467178344728,5.709485395436848,5.505284584659965,5.886470086384311,5.565346031294879,5.799166996931247,5.7911592779138354
p2y1_meta_sub_molecule_11c,-10.20659351348877,5.9751280886186,5.797716000501878,6.125498362157056,5.8199045635549576,5.998795238432158,6.133726278446951
p2y1_meta_sub_molecule_6b,-9.99706745147705,5.882427640151863,5.69045311367392,6.101398537189175,5.654208080475089,5.963263080010489,6.002815389410642
p2y1_meta_sub_molecule_1,-9.720174789428713,5.858939095303831,5.688423681999735,6.0125884331968225,5.675033343769975,5.893308570334417,6.025341447218207
p2y1_meta_sub_molecule_6a,-9.231863975524902,5.652123862016525,5.552036804051089,5.83420650207979,5.527340114147481,5.8132984650397415,5.533737424764529
p2y1_meta_sub_molecule_6f,-9.329582214355469,5.716783599256949,5.573451289674158,5.854540682799837,5.558761140849996,5.752965631472897,5.844199251487856
p2y1_meta_sub_molecule_6h,-9.984593391418455,5.682831786677606,5.603999852598454,5.843607454519004,5.541743857319184,5.74650573902689,5.678302029924501
p2y1_meta_sub_molecule_6d,-8.4812650680542,5.715386085588579,5.536564800770959,5.867256402086667,5.565583340256296,5.818143259425566,5.789382625403407
p2y1_meta_sub_molecule_6i,-10.24363613128662,5.785143301469651,5.674366695480474,5.959709695349268,5.570268206700227,5.792600658808855,5.928771251009432
p2y1_meta_sub_molecule_6g,-9.769577026367188,5.65679903860693,5.572779829541312,5.807204152998442,5.51595291716889,5.724475091654789,5.663583201671216
p2y1_meta_sub_molecule_6n,-8.517489433288574,5.7697940305878745,5.617177038691306,5.91265052200655,5.563869918877635,5.812652109039353,5.942620564324527
p2y1_meta_sub_molecule_6m,-8.589093208312988,5.748590702725329,5.630095492739853,5.91248745191718,5.547798445248797,5.742733737767394,5.909838385953417
p2y1_meta_sub_molecule_6p,-9.653029441833496,5.808064499646429,5.6498113687361435,5.983468859430075,5.596357295418559,5.844471113772002,5.966213860875366
p2y1_meta_sub_molecule_6k,-10.303940773010254,5.7861699628155785,5.651954775845831,5.859692458590379,5.68496761791795,5.867772218308445,5.866462743415286
p2y1_meta_sub_molecule_6o,-8.446208000183105,5.940100488618964,5.803606869339185,6.061105991847308,5.801485242496029,5.995446379231052,6.038857960181247
p2y1_meta_sub_molecule_6q,-9.238834381103516,5.78606108585629,5.634306648093698,5.955696157851974,5.59364141016175,5.847180256762929,5.899480956411097
p2y1_meta_sub_molecule_6l,-10.474388122558594,5.736886321362194,5.623079007920758,5.892885981764091,5.531002682918635,5.749019089465541,5.888444844741943
p2y1_meta_sub_molecule_6j,-8.873682975769043,5.7143838238055,5.581722359479888,5.863687272794791,5.550553641562152,5.743110034687106,5.832845810503563
p2y1_ortho_sub_molecule_16,-11.216630935668944,5.656888368869745,5.564536910920732,5.8014996561004155,5.535743885700433,5.722563247412136,5.660098144215006
p2y1_ortho_sub_molecule_11b,-10.565719604492188,5.712354237663277,5.561373595137747,5.85995313298107,5.567725133872116,5.712827581826968,5.859891744498485
p2y1_ortho_sub_molecule_17,-11.046183586120604,5.666959272445482,5.6355518690521285,5.804292262447193,5.510406180773321,5.698501275529792,5.686044774424973
p2y1_ortho_sub_molecule_14,-9.21816349029541,5.68232122617346,5.549111006242047,5.864348752856119,5.528836783138039,5.761341336680829,5.707968251950267
p2y1_ortho_sub_molecule_11e,-9.704582214355469,5.738363186107418,5.571659978260408,5.865497176085534,5.662294442758973,5.722148252617757,5.870216080814417
p2y1_ortho_sub_molecule_11d,-10.303940773010254,5.76620694975578,5.616555925638778,5.888994773995616,5.602505901383719,5.784735295607017,5.938242852153771
p2y1_ortho_sub_molecule_11f,-9.228408813476562,5.653430573803592,5.443684063911436,5.832541844220907,5.476351875841337,5.690726533338975,5.823848551705306
p2y1_ortho_sub_molecule_18,-11.125299453735352,5.7612438820178085,5.703865819291692,5.890664909612959,5.56144584071733,5.842700213772043,5.807542626695019
p2y1_ortho_sub_molecule_12,-11.125299453735352,5.664579607588207,5.5768614876471565,5.842413677482939,5.516014943433486,5.710102015533496,5.677505913843957
p2y1_ortho_sub_molecule_11a,-7.774801731109619,5.397784623617599,5.318696713404073,5.679258121322996,5.253536011457321,5.4259271804402225,5.311505091463386
p2y1_ortho_sub_molecule_19,-10.635504722595217,5.693350701359447,5.587010136990175,5.83729207607967,5.513587927185369,5.7630757020294245,5.765787664512593
p2y1_ortho_sub_molecule_13,-10.5032958984375,5.579626766328122,5.469168463768687,5.821041504061715,5.398412807110239,5.597392422685079,5.612118634014892
bace_keranen_p2_molecule_29,-9.989999771118164,6.772818439613158,7.430078467173073,6.446774819439917,6.4795409052712625,6.7373650361278665,6.770332970053673
bace_keranen_p2_molecule_30,-10.359999656677246,6.5298477328231455,7.4125138804172215,6.125277416171655,6.204048710685233,6.501928200159192,6.405470456682428
bace_keranen_p2_molecule_31,-10.359999656677246,6.738380593637255,7.526600513162344,6.371010989550821,6.515939378927857,6.731620165671026,6.546731920874231
bace_keranen_p2_molecule_32,-10.359999656677246,6.74303637252077,7.437869618074157,6.383540942765616,6.536810547634538,6.7586644413034564,6.598296312826081
bace_keranen_p2_molecule_33,-10.239999771118164,6.797110002890024,7.543955798459556,6.461133052905472,6.531805730353909,6.819481767391967,6.629173665339214
bace_keranen_p2_molecule_34,-10.149999618530272,6.917663685322549,7.48293559859671,6.438251045429047,6.850571806157465,6.9797793496227785,6.836780626806744
bace_keranen_p2_molecule_35,-9.8100004196167,7.019266682792034,7.5564681048698175,6.593032178832219,6.973924723225166,7.1129540560335665,6.859954350999397
bace_keranen_p2_molecule_36_out,-10.359999656677246,6.786304100960349,7.460134137738834,6.41022676141145,6.483357451021557,6.843555295240228,6.734246859389675
bace_keranen_p2_molecule_37_out,-10.5600004196167,6.786862120165836,7.4626812924677575,6.410938760417975,6.493061809744593,6.842539122439204,6.72508961575965
bace_keranen_p2_molecule_39_out,-9.68000030517578,6.7855129483554935,7.486520290486519,6.384310306822585,6.501449616613962,6.8488384318382325,6.706446096016172
bace_keranen_p2_molecule_38_out,-10.489999771118164,6.789349747639202,7.44501825138043,6.407781543284097,6.494968306881394,6.829203657891533,6.7697769787585536
bace_keranen_p2_molecule_28_out,-10.489999771118164,6.621494851344681,7.3190227364062626,6.280294415449661,6.3906772569695045,6.666766867293101,6.450712980604878
bace_ciordia_retro_molecule_1a,-6.084681987762451,5.434129193129397,5.436917557758209,5.352380762032005,5.403258707021467,5.395084338746143,5.583004600089166
bace_ciordia_retro_molecule_11,-8.703369140625,5.797274474899113,5.763322569510245,5.781340542269118,5.777349832062549,5.788030481365938,5.876328949287714
bace_ciordia_retro_molecule_12,-10.45694637298584,6.166345593547253,6.049678615017363,6.171050377273103,6.076805300826526,6.1085479535518745,6.425645721067398
bace_ciordia_retro_molecule_13,-9.64326286315918,6.131029247912948,6.02792303861441,6.151129715565272,6.029882478733696,6.051838713115808,6.39437229353555
bace_ciordia_retro_molecule_14,-9.8362398147583,6.20027115723818,6.085786851882641,6.309281940615281,6.097409645488187,6.069675534075209,6.439201814129583
bace_ciordia_retro_molecule_15,-7.917439460754394,5.942327459234705,5.820220595550936,5.890582290297335,5.93206824677153,5.849264008159398,6.219502155394324
bace_ciordia_retro_molecule_16,-7.057740211486816,6.216710464305363,6.106760929155913,6.3026626387968845,6.0877717832370895,6.122505230617701,6.463851739719227
bace_ciordia_retro_molecule_17,-10.365072250366213,6.467648845907765,6.22263719879275,6.4587421833071055,6.477773962932515,6.4153720636788165,6.763718820827632
bace_ciordia_retro_molecule_18,-9.900985717773438,6.354386188860825,6.184951888835927,6.468771039847721,6.315668113723099,6.256635519316108,6.545904382581268
bace_ciordia_retro_molecule_19,-9.910837173461914,6.280181143570592,6.117124221791212,6.398906043829566,6.232800986198086,6.158954129325044,6.493120336709049
bace_ciordia_retro_molecule_20,-10.167583465576172,6.310660642925624,6.145042179489743,6.330304392545854,6.290127348837933,6.274128508395165,6.5137007853594255
bace_ciordia_retro_molecule_21,-10.215289115905762,6.249908678215235,6.089086519712366,6.256888193715308,6.2354906963203325,6.197337320895082,6.470740660433087
bace_ciordia_retro_molecule_22,-7.606921672821045,6.219604533854479,6.065516031477207,6.277358512526373,6.1556276410002,6.156758902130595,6.442761582138023
bace_ciordia_retro_molecule_23,-9.818963050842283,6.239582403535509,6.133620194257898,6.377743139125621,6.15456193891652,6.069534894611934,6.462451850765572
bace_ciordia_retro_molecule_24,-9.785843849182127,6.236171359703823,6.035110418575684,6.3773129336349985,6.0805705805280095,6.175905787198992,6.511957078581427
bace_ciordia_retro_molecule_25,-8.870043754577637,6.173012671595708,6.049914430199619,6.276993256937416,6.0604511060157105,6.065685713303944,6.4120188515218475
bace_ciordia_retro_molecule_26,-10.365072250366213,6.311378729972534,6.133531180938889,6.389949981508422,6.205134934140895,6.240009872783259,6.588267680491208
bace_ciordia_retro_molecule_27,-9.612375259399414,6.145535164538652,6.031014409315384,6.172666221890923,6.039629646915558,6.073268064868006,6.411097479703385
bace_ciordia_retro_molecule_28,-8.997004508972168,6.730987362274725,6.708284927410725,7.109493259492096,6.563502134513551,6.428307053041351,6.845349436915898
bace_ciordia_retro_molecule_29,-8.735666275024414,5.776794470482884,5.659036056186856,5.82320086286906,5.716038496385779,5.701579989498721,5.984116947474006
bace_ciordia_retro_molecule_30,-6.947381496429443,6.668305565791488,6.705119860179083,7.130780577562878,6.412506676049785,6.230040839440069,6.863079875725622
bace_ciordia_retro_molecule_31,-9.533543586730955,6.116279307774256,6.861285608017222,5.755637359035119,5.833311338618844,6.045697818175415,6.0854644150246795
bace_ciordia_retro_molecule_32,-7.721524715423584,5.7087832696354,5.704163372977888,5.639077453941091,5.711966544908889,5.7164692715392675,5.772239704809861
bace_ciordia_retro_molecule_33,-7.13992166519165,6.115821976945989,6.875543948967855,5.74841568523991,5.837521688085733,6.055513806136843,6.062114756299604
bace_ciordia_retro_molecule_34,-10.24935531616211,6.587564185378545,7.299751711023173,6.271426157143469,6.226087688771868,6.44126529084191,6.699290079112302
bace_ciordia_retro_molecule_35,-9.881757736206056,6.652423310243185,7.295206004953227,6.469191053653528,6.204445393350848,6.4916943811237084,6.8015797181346125
bace_ciordia_retro_molecule_36,-10.97872543334961,6.61498682080413,7.311654331496346,6.402254756780858,6.242795594845763,6.412961458854168,6.705267962043512
bace_ciordia_retro_molecule_37,-9.450016021728516,6.445207331545741,7.095072038802605,6.176597679227189,6.093989742990544,6.2466251024005945,6.613752094307768
bace_ciordia_retro_molecule_38,-9.384933471679688,6.576489905223925,7.283400490980897,6.285809087141734,6.1884131277430905,6.417575362970998,6.707251457282902
bace_ciordia_retro_molecule_39,-9.360767364501951,6.19502901207706,6.921941586861134,5.801245337731169,6.10960058445946,6.059730019492077,6.082627531841462
bace_ciordia_retro_molecule_40,-8.64596939086914,6.025666220517842,6.773061764638928,5.660848703957454,5.764068659196962,5.9250740871325975,6.005277887663268
bace_ciordia_retro_molecule_41,-9.109971046447754,6.416319835081542,6.287908379112652,6.338049301379789,6.411901166166564,6.375768957408187,6.667971371340518
bace_ciordia_retro_molecule_30_protonated,-6.947381496429443,6.572672979432268,6.590739326022671,7.0123923737720375,6.362397767429002,6.139551888190316,6.7582835417473115
bace_p3_arg368_in_molecule_8a,-7.789851188659668,6.7976703609261335,7.408038046364796,6.2956744701082386,6.56156233386671,6.857627373826775,6.8654495804641495
bace_p3_arg368_in_molecule_8b,-8.512900352478027,6.933008913502583,7.501875412732452,6.343670548512311,6.735120914132489,7.075325503005774,7.009052189129884
bace_p3_arg368_in_molecule_8c,-8.308263778686523,6.927577151683051,7.515583458246586,6.351506612719802,6.712988049297711,7.0346020420489594,7.023205596102199
bace_p3_arg368_in_molecule_8d,-8.349190711975098,7.067480748212532,7.649909810081021,6.529241547266008,6.903176233234431,7.141794111284246,7.113282039196952
bace_p3_arg368_in_molecule_8e,-8.417403221130371,7.028456643432047,7.606638942793608,6.5722821516851955,6.931452025037573,7.119307973605391,6.912602124038468
bace_p3_arg368_in_molecule_8f,-7.462430953979492,7.120633177122009,7.794473776133379,6.603807819565802,7.041526906151907,7.164742381439372,6.998615002319585
bace_p3_arg368_in_molecule_8g,-10.35463523864746,7.08658166917342,7.703412396203786,6.585598050739887,7.021820419643791,7.172110176805333,6.9499673024743
bace_p3_arg368_in_molecule_17a,-10.94126033782959,6.732828597104522,7.348289064759648,6.20567208725818,6.637082911225578,6.780214767681342,6.692884154597864
bace_p3_arg368_in_molecule_17b,-11.5824556350708,6.942104910413162,7.48809789640171,6.326651503303083,6.987084738123062,7.0461476769747655,6.862542737263191
bace_p3_arg368_in_molecule_17c,-11.74616527557373,6.952765714252483,7.500672423409427,6.389802522860906,6.965853164936027,7.021293648683344,6.886206811372711
bace_p3_arg368_in_molecule_17d,-11.391462326049805,7.1201072567119,7.6476312116270435,6.603466164010745,7.114386835449603,7.148188556755322,7.086863515716786
bace_p3_arg368_in_molecule_17e,-11.95080280303955,7.088023949018323,7.6060338956229545,6.661809051862709,7.037079868235863,7.181825569821295,6.9533713595487905
bace_p3_arg368_in_molecule_17f,-11.637025833129885,7.128508544359136,7.760702045459843,6.606941840140578,7.1178247393883405,7.156055821430657,7.001018275376259
bace_p3_arg368_in_molecule_17g,-11.118612289428713,7.132448509807974,7.691812413482951,6.600340732243913,7.2352115912268555,7.175605613582651,6.9592721985034975
bace_p3_arg368_in_molecule_27a,-9.154098510742188,6.917536931356049,7.401754842132287,6.247309684940589,7.161025676590946,7.003885744656534,6.773708708459891
bace_p3_arg368_in_molecule_27b,-9.972644805908203,7.117453118871284,7.5627941431441945,6.445825354570418,7.35613147444863,7.280042535430836,6.942472086762337
bace_p3_arg368_in_molecule_27c,-10.013572692871094,7.142102030140497,7.626379972737936,6.408732373453895,7.324764944946216,7.329721467703271,7.02091139186116
bace_p3_arg368_in_molecule_27d,-9.276880264282228,7.180239635606133,7.631243035912891,6.581988157639324,7.399889340658796,7.286019001617592,7.002058642202068
bace_p3_arg368_in_molecule_27e,-9.358736038208008,7.1914198399626965,7.662400291832791,6.6402460764253535,7.317197558592811,7.309720270255726,7.027535002706809
bace_p3_arg368_in_molecule_27f,-9.099527359008787,7.233496645598382,7.7655264572899085,6.674813953429617,7.427867100615545,7.245499652235919,7.053776064420919
bace_p3_arg368_in_molecule_27g,-12.250936508178713,7.213727543675818,7.708603029158413,6.610991102778487,7.451599091450133,7.281383127308871,7.016061367683188
bace_ciordia_prospective_molecule_spiro16,-8.180000305175781,6.35604236300617,6.442307168531656,5.966016212929933,6.35232459102963,6.542362275534966,6.477201567004665
bace_ciordia_prospective_molecule_spiro5,-7.760000228881836,6.589931818299431,7.18158332105762,6.089687484142066,6.55296353280387,6.538533505663391,6.586891247830205
bace_ciordia_prospective_molecule_spiro2,-7.03000020980835,6.189334633189767,6.804989460779695,5.550047452380138,6.37822883323474,6.188773744488977,6.024633675065284
bace_ciordia_prospective_molecule_spiro10,-8.5,6.749275803325524,7.355046460373551,6.269885745251234,6.649127926443161,6.6918941237806155,6.780424760779062
bace_ciordia_prospective_molecule_spiro3,-8.979999542236328,6.51649802503845,6.580252420827854,6.154800498199573,6.500599353882063,6.6626080681957704,6.684229784086989
bace_ciordia_prospective_molecule_spiro6,-9.529999732971191,6.722804386468044,7.3272158014696265,6.231174873436236,6.562273594427104,6.72395793080479,6.769399732202463
bace_ciordia_prospective_molecule_spiro4,-7.619999885559082,6.3405929926171245,6.401607581216348,6.094189053181711,6.338096523544216,6.384837454990203,6.484234350153147
bace_ciordia_prospective_molecule_spiro1,-7.519999980926514,6.445831449918961,7.009221308425964,5.794516533877122,6.36657594801636,6.51264481228526,6.546198646990098
bace_ciordia_prospective_molecule_spiro15,-9.050000190734863,6.478654426819264,6.546134819937634,6.120448998423014,6.54141278330661,6.620425435857531,6.564850096571531
renin_customcore_molecule_b1i5k_xray,-11.867584228515623,7.077916026918089,6.949599146522575,7.289839049571504,6.9989493971212475,7.046524674788841,7.104667866586282
renin_customcore_molecule_b1i5j,-11.456809043884276,7.001073487733042,6.916795785490909,7.16209348768341,6.9550320794740665,6.923714335296713,7.047731750720111
renin_customcore_molecule_b1i2n,-10.976457595825195,6.986218699851773,6.903880491783873,7.078659930627818,7.0267027537820415,6.9160107436912055,7.005839579373919
renin_customcore_molecule_b1i5i,-11.456809043884276,6.961092869983206,6.851703854028929,7.138331577953193,6.873434388031001,6.943320428753334,6.998674101149571
renin_customcore_molecule_b1i5h,-10.805927276611328,6.983601193356206,6.840797816381584,7.072273878668911,7.0389717234627405,6.938985863868333,7.026976684399462
renin_customcore_molecule_b1i5l,-9.65300178527832,6.9677721140251565,6.882884832565783,7.099713694908123,6.952585772938198,6.897625998806835,7.006050270906843
renin_customcore_molecule_b1i5n,-10.243584632873535,7.0089252857314275,6.847738403459203,7.112686259694522,7.055353217023887,6.95692589546862,7.071922653010908
renin_customcore_molecule_b1a2m,-9.60566234588623,6.692629469419716,6.632498971581666,6.801229777055135,6.643410274125466,6.588588426151962,6.797419898184348
renin_customcore_molecule_b1i2o,-10.565683364868164,7.0111208674834575,6.970076147072406,7.1165677790304445,6.990558590190432,6.932041370577218,7.046360450546788
renin_customcore_molecule_b1i5o,-10.03608226776123,7.122650448568986,7.09474746576955,7.173529458833817,7.133012579918781,7.106777545251317,7.105185193071462
renin_customcore_molecule_b1i4i,-8.79079818725586,7.206482029291983,7.230790704680192,7.194992258791144,7.1463805608471445,7.237842710822926,7.22240391131851
renin_customcore_molecule_b1i4e,-10.188878059387209,7.011458623448948,6.9167292084259895,7.043176377021509,7.031983624941438,6.966772831734909,7.098631075120896
renin_customcore_molecule_b1i4g,-8.354374885559082,6.878368266164327,6.796074114657565,6.801340592878032,6.943190742455681,6.823129194465284,7.028106686365069
renin_customcore_molecule_b1i1,-7.394491195678711,6.705294401707185,6.529030743926284,7.028941614419596,6.526870067837672,6.543658733607349,6.897970848745027
renin_customcore_molecule_b1i2a,-8.699529647827148,6.62176584773033,6.533762868119722,6.741527371814919,6.523963683404572,6.527377040022406,6.782198275290031
renin_customcore_molecule_b1i2e,-10.474414825439451,6.797532241872069,6.713596193965479,6.808000122821489,6.74236057606337,6.774894796326636,6.948809520183376
renin_customcore_molecule_b1i2i,-9.814119338989258,6.929901727078702,6.864528263077825,6.9831255180636544,6.865463346289004,6.910156793103441,7.026234714859581
renin_customcore_molecule_b1i2j,-11.324613571166992,6.9229518030752555,6.818275263457375,6.985682917581747,6.872271964004089,6.902095812036847,7.036433058296219
renin_customcore_molecule_b1i5c,-11.867584228515623,6.999101855544799,6.842509931723472,7.179870974679279,6.941643542638052,6.9645218351914275,7.066962993491764
renin_customcore_molecule_b1i5b,-8.007719993591309,6.980684067809763,6.791497362741068,7.11611179000861,7.031153888838459,6.96950575106572,6.995151546394957
renin_customcore_molecule_b1i2k,-10.63553237915039,6.921355616625652,6.816962645700712,6.9960372127769395,6.879502272339635,6.888681524662949,7.025594427648028
renin_customcore_molecule_b1i2h,-9.823533058166504,6.7966709647019075,6.764301350755008,6.876571510016718,6.682292135929825,6.6834118056647664,6.976778021143217
renin_customcore_molecule_b1i2g,-8.338004112243652,6.799376219225668,6.7898145517887505,6.8592656404472505,6.689389457024085,6.7015443085668345,6.956867138301422
renin_customcore_molecule_b1i4b,-8.390936851501465,6.783294894452998,6.74108616941949,6.845642532840765,6.682915362298564,6.695344556117362,6.9514858515888065
renin_customcore_molecule_b1i5a,-10.395288467407228,6.9415027406021395,6.714063648229412,7.060710024450833,7.029355275879827,6.9291051942227755,6.974279560227853
renin_customcore_molecule_b1i2d,-8.413992881774902,6.729815912938612,6.696119761411931,6.7240909903797,6.618048557982894,6.669646344998254,6.941173909920281
renin_customcore_molecule_b1i4a,-7.235419750213623,6.8000136234395026,6.8918096753771145,6.816015781674044,6.616724491177798,6.774520860132152,6.900997308836405
renin_customcore_molecule_b1i5d,-11.216565132141112,7.046331914262142,6.952661098395114,7.058641691321323,7.110564014986272,7.067737541807586,7.042055224800416
renin_customcore_molecule_b1i2c,-6.883717060089111,6.786102703095895,6.671813698177056,6.889504261088759,6.6877917128270035,6.767952233746346,6.91345160964031
hne_molecule_6,-7.032558917999268,7.018803097445155,6.786167093569786,7.152005183011688,7.138526036200649,7.1566077588879855,6.860709415555668
hne_molecule_14,-10.325488090515137,6.972694238838673,6.4460376795194,7.251299236372179,7.185696563025292,7.167738605476775,6.812699109799721
hne_molecule_15,-12.27822208404541,7.018938742051456,6.564324198386127,7.235541267098408,7.208894237638252,7.188856085315955,6.897077921818542
hne_molecule_16,-11.838635444641112,7.033382790309481,6.500696682121883,7.305289090576601,7.275876662909355,7.207409566514383,6.8776419494251835
hne_molecule_17,-11.41401481628418,6.968785994561829,6.4838570815036425,7.218225149378175,7.179155555276832,7.167308695670286,6.795383490980206
hne_molecule_18,-10.75852870941162,6.936415410785881,6.413731480713926,7.1963971182428415,7.142644607768267,7.125074002432333,6.80422984477204
hne_molecule_19,-11.53597927093506,7.008280312800833,6.48292999766205,7.266738291331864,7.22831391832428,7.183609812403087,6.879809544282891
hne_molecule_20,-10.5032958984375,7.270411070775755,7.440546792851628,7.285221642792168,7.196288347034081,7.297978033094455,7.13202053810644
hne_molecule_21,-12.27822208404541,7.044390136945509,6.5033705873766765,7.32998735629631,7.2839631193760574,7.198789083853847,6.905840537824659
hne_molecule_22,-11.36131477355957,6.866360968654869,6.385701681603515,7.074422324910286,7.042899975866415,7.123587165502358,6.7051936953917695
hne_molecule_23,-10.371087074279783,6.900223500663377,6.418279161413212,7.051817813092718,7.105465664968439,7.137170316636799,6.788384547205716
hne_molecule_25,-11.999752044677734,6.892268998150281,6.399314459918422,7.09900078789762,7.071999890953955,7.126183162728353,6.764846689253057
hne_molecule_26,-12.580878257751465,6.908053343157742,6.404795325044259,7.102261360145528,7.120491877827934,7.1383721090573715,6.774346043713615
hne_molecule_27,-14.488014221191406,6.9435352482864,6.408122577176126,7.127669699935256,7.178649883163739,7.173601675605533,6.829632405551351
hne_molecule_28,-12.643302917480469,6.8536304236115795,6.397693204485492,6.987057594787777,7.040668362662843,7.122812176915973,6.719920779205812
hne_molecule_29,-13.897701263427734,6.919082708604664,6.4385662266636725,7.092156796190501,7.167820840017989,7.130295994506557,6.766573685644601
hne_molecule_30,-13.099580764770508,6.902776781096459,6.4149032390740555,7.0735601986227925,7.141590592439878,7.111406872118671,6.772423003226896
hne_molecule_21_neutral,-12.27822208404541,7.048186514507688,6.510540489285325,7.327268471689507,7.285952112381654,7.1997511290700755,6.917420370111879
hne_molecule_19_neutral,-11.53597927093506,7.008280312800833,6.48292999766205,7.266738291331864,7.22831391832428,7.183609812403087,6.879809544282891
hne_molecule_16_neutral,-11.838635444641112,7.033382790309481,6.500696682121883,7.305289090576601,7.275876662909355,7.207409566514383,6.8776419494251835
hfaah_molecule_6MRG_ligand,-10.287250518798828,6.917496521538622,7.050016131219823,6.759991093708528,6.938954967155177,6.949473962173954,6.889046453435627
hfaah_molecule_fig_3,-10.59958553314209,6.831948487368758,6.572023779531831,6.923986504562469,6.9245886083903025,6.882262175647227,6.856881368711966
hfaah_molecule_2,-8.665205001831055,6.774404300598137,6.626320346110281,6.834821126743484,6.824106271839913,6.838903570844126,6.747870187452883
hfaah_molecule_4,-11.324654579162598,6.852703833198005,6.683085683578879,6.936028739104699,6.917936090117721,6.9106327489172585,6.815835904271473
hfaah_molecule_6,-10.420489311218262,6.807058321484531,6.609345005395129,6.8719576156370765,6.827957424567389,6.887578657297127,6.838452904525938
hfaah_molecule_9,-10.565720558166504,6.807475768402762,6.614357173158691,6.854258197037591,6.86450993661676,6.839782333559498,6.86447120164127
hfaah_molecule_11,-12.122775077819824,6.816275814214488,6.706672635690098,6.902575493227281,6.856328216851051,6.821551458239491,6.794251267064523
hfaah_molecule_12,-11.046184539794922,6.824275295008169,6.578756581076214,6.963049557270341,6.864427300875787,6.883803655156813,6.831339380661694
hfaah_molecule_15,-8.590265274047852,6.720071285945357,6.625592871406522,6.748345630428862,6.787314054104905,6.7127363874134724,6.726367486373029
hfaah_molecule_14,-7.842516899108887,6.735798970877257,6.594022576020947,6.758599373689234,6.765389608781764,6.816713133766484,6.744270162127855
hfaah_molecule_19,-7.972322940826416,6.7891836147777225,6.584304413484053,6.833901947136035,6.958832664665931,6.780185112459852,6.788693936142742
hfaah_molecule_20,-6.821234703063965,6.691216348228551,6.436813056951558,6.764883022282783,6.846457120672105,6.707489209142528,6.700439332093779
hfaah_molecule_22,-9.97237777709961,7.128194528192637,7.024534078362016,7.143904287189359,7.269774415523191,7.109283708081968,7.09347615180665
hfaah_molecule_23,-10.67374324798584,7.064522080407093,6.813615085735303,7.0949407663064115,7.227409141721481,7.083933832868737,7.102711575403531
hfaah_molecule_24,-11.627310752868652,7.10863153949049,6.996707234231357,7.095101027406422,7.205931934085763,7.110725412977549,7.134692088751359
hfaah_molecule_25,-12.03799057006836,7.150380934855711,7.094258632792872,7.125052611350855,7.294326657511525,7.043234343978787,7.195032428644518
hfaah_molecule_26,-10.67374324798584,7.137884105390728,7.082350231105302,7.116625405617191,7.246688601076541,7.0710979804779175,7.172658308676687
hfaah_molecule_27,-11.187724113464355,7.012339080032815,6.877409886825731,6.971322634944284,7.161760934039804,7.003448446889746,7.047753497464512
hfaah_molecule_28,-11.589073181152344,7.245599446558723,7.235480130620254,7.171122584348219,7.253645738016042,7.271207581622936,7.296541198186162
hfaah_molecule_29,-10.805952072143556,7.084335875999955,6.962898725070855,7.0499024082715085,7.19498508916129,7.101189011055787,7.112704146440336
hfaah_molecule_30,-9.903937339782717,7.098348210789493,6.977395754044172,7.0411637343407225,7.268679787061955,7.105153294705857,7.099348483794755
hfaah_molecule_31,-11.290130615234377,7.133422121913479,6.9820149354740435,7.094078710792678,7.260047610245535,7.137980406774288,7.192988946280846
hfaah_molecule_33__Saha_2018_,-9.73618984222412,7.239352214409379,7.1613083463567255,7.170872671420818,7.366364612940173,7.223845707654991,7.274369733674187
hfaah_molecule_39,-10.71462059020996,7.310680382068168,7.365005294838136,7.180695776220497,7.405806109703137,7.317746837513709,7.284147892065358
hiv_prot_ekegren_molecule_1,-11.759520530700684,6.384310613727426,6.390948665370282,6.356634848045696,6.4041688852894,6.393501078640727,6.376299591291023
hiv_prot_ekegren_molecule_9,-10.5032958984375,6.410990098262301,6.450824556665972,6.385558560819996,6.378911426115703,6.407679948698858,6.431975999010982
hiv_prot_ekegren_molecule_10,-10.805952072143556,6.42856722202499,6.458662064004242,6.39760904502524,6.406849152944164,6.434635374131323,6.445080474019973
hiv_prot_ekegren_molecule_11__2cen_,-11.324654579162598,6.423150797043208,6.449971476803597,6.3916519776791265,6.402398134566306,6.437012542262448,6.434719853904561
hiv_prot_ekegren_molecule_12,-11.268184661865234,6.414096634775942,6.462710431538752,6.378416137450555,6.402012670090315,6.389766165043068,6.437577769757024
hiv_prot_ekegren_molecule_13,-10.857505798339844,6.57566560782036,6.560690163468666,6.73351027441845,6.472521882534064,6.555200854843481,6.556404863837139
hiv_prot_ekegren_molecule_14,-10.67374324798584,6.516024727696482,6.553571763007544,6.601242821241999,6.429284093220861,6.460975641205098,6.5350493198069115
hiv_prot_ekegren_molecule_15,-10.976399421691896,6.520750846486425,6.55953678748571,6.60361868331042,6.433803565744046,6.4630655133275745,6.54372968256437
hiv_prot_ekegren_molecule_16,-11.061184883117676,6.514851208366063,6.546938327581074,6.602608497276183,6.428343820370929,6.459209923989268,6.537155472612861
hiv_prot_ekegren_molecule_17,-11.48725414276123,6.312110761551621,6.371073003930243,6.351399651160347,6.221210243388027,6.196601147795809,6.420269761483685
hiv_prot_ekegren_molecule_18,-11.838635444641112,6.434988440573494,6.461991311548206,6.407636498427582,6.419208892261665,6.427973314351765,6.458132186278251
hiv_prot_ekegren_molecule_19,-10.857505798339844,6.322993795187907,6.221253278972471,6.294689482421834,6.38241313920286,6.375437294373725,6.341175780968645
hiv_prot_ekegren_molecule_20,-11.53597927093506,6.588302021484739,6.584541711968471,6.707413975619437,6.481079735844859,6.57405163923017,6.594423044760756
cdk8_koehler_molecule_12,-9.83295726776123,6.464345673693854,6.391414174702492,6.668371283323208,6.484322258960077,6.464952789208249,6.312667862275246
cdk8_koehler_molecule_13,-11.19720458984375,6.339969434404938,6.216906133363428,6.511808256278822,6.3488159191917335,6.410951470226596,6.21136539296411
cdk8_koehler_molecule_14,-11.031554222106934,6.63485803560574,6.567628651919263,6.781941769734531,6.612301634735687,6.678235607472678,6.534182514166536
cdk8_koehler_molecule_15,-9.720175743103027,6.612393874958096,6.606810288074979,6.757036234799593,6.648465827868781,6.579815410636698,6.46984161341043
cdk8_koehler_molecule_16,-10.635504722595217,6.660657136183319,6.591235636132986,6.841879083657305,6.62914443936006,6.67552010089147,6.565506420874775
cdk8_koehler_molecule_17,-10.395273208618164,6.673549396244073,6.55805793941486,6.756574899941315,6.763256639707281,6.715362327030509,6.574495175126395
cdk8_koehler_molecule_19,-10.224825859069824,6.468107743391718,6.3833715395070385,6.671501954316648,6.462672914458386,6.500416907342246,6.322575401334269
cdk8_koehler_molecule_20,-10.28314971923828,6.503556946568087,6.419177455911353,6.729567180981711,6.514881105930795,6.492285289192504,6.36187370082407
cdk8_koehler_molecule_21,-9.862342834472656,6.500966890044826,6.389157263096381,6.647761482043221,6.545553344117461,6.563435093650968,6.3589272673160995
cdk8_koehler_molecule_22,-11.290130615234377,6.621513046705644,6.554347459962186,6.77841729923521,6.593428484694038,6.654074099886988,6.527297889749803
galectin3_extra_molecule_18a,-6.327748299,4.946392872686601,5.02834278056037,5.00141099460533,4.636659066170773,4.90938044483244,5.156171077264092
galectin3_extra_molecule_18b,-7.460412979,4.94540840043808,5.021242453847675,4.994744570281255,4.641556073041173,4.897407377584107,5.172091527436191
galectin3_extra_molecule_18d,-6.764764786,4.957316214935842,5.043752187648652,4.997425633869153,4.642520146079885,4.912857352985414,5.190025754096104
galectin3_extra_molecule_18e,-6.472980022,5.28273653334829,5.393288387221646,5.199861884351667,5.064522498447681,5.139594362642976,5.616415534077481
galectin3_extra_molecule_18f,-5.532726765,5.258980539888995,5.363303886297028,5.159037328192698,5.092803828641199,5.119146519901018,5.560611136413035
galectin3_extra_molecule_18g,-6.472980022,5.186835585204442,5.130421796920169,5.220692871819646,4.993229275259389,5.059101111107248,5.530732870915756
galectin3_extra_molecule_18h,-5.999876022,5.171104901581311,5.157799402597271,5.124412021518868,4.872111202513685,5.186003794495648,5.515198086781078
galectin3_extra_molecule_18i,-4.806076527,5.385721077851047,5.446729790139902,5.360576750571358,5.106467077621238,5.380306456469574,5.634525314453161
galectin3_extra_molecule_17m,-4.104710579,5.235346795010884,5.398614881689438,5.253584477274602,4.819006747384264,5.000031135905213,5.705496732800898
galectin3_extra_molecule_17q,-4.9898386,4.885977000238685,5.005519203254005,5.149303420593633,4.385762985318003,4.771050684272795,5.118248707754991
galectin3_extra_molecule_17r,-4.749606609,4.843423424114254,5.00023450578999,5.085023600173279,4.304794305771081,4.715181725837132,5.111882982999793
galectin3_extra_molecule_17n,-4.914099216,4.847434453505934,4.960307687217622,5.02658590500084,4.465304671785204,4.682239103717062,5.102734899808939
galectin3_extra_molecule_17p,-5.046308517,4.8637977406849275,5.09040731900563,5.07645731671314,4.318908875822255,4.685906847943484,5.147308343940126
galectin3_extra_molecule_17o,-5.1087327,4.874121309199023,5.105958175211217,5.08359082544258,4.3324028006796285,4.691213875888326,5.157440868773364
galectin3_extra_molecule_17f,-6.581002712,4.848447141376992,5.0804366676523305,5.01237656248402,4.399203904975369,4.682361850744104,5.067856721029139
galectin3_extra_molecule_17e,-6.896974087,4.844918238194362,5.078727036573513,5.010439139711206,4.400945636261325,4.680110183865222,5.054369194560545
galectin3_extra_molecule_17g,-7.208675861,4.87127356627717,5.059146562733563,5.049856815264371,4.427160770671118,4.740294791647813,5.079908891068986
galectin3_extra_molecule_17a,-5.532726765,4.834251835590026,5.001038847941722,5.059749536615944,4.251888910907063,4.668736322907636,5.189845559577761
galectin3_extra_molecule_17j,-6.440945625,4.901694834493725,5.0765360942530755,5.1071281490718885,4.364901063977366,4.755990602602846,5.203918262563447
galectin3_extra_molecule_17l,-5.943406105,4.899886255705975,5.081400785772028,5.104636502157276,4.369056338512455,4.741412691413533,5.202924960674583
galectin3_extra_molecule_17c,-6.354085445,4.856588538555952,5.075090340000624,5.044824536986009,4.3657340349779705,4.688881337883056,5.108412442932103
galectin3_extra_molecule_17k,-6.621879578,4.917087463562254,5.099107948756523,5.101097037986348,4.4728882400157115,4.783195818346251,5.129148272706434
galectin3_extra_molecule_17b,-5.506390095,4.88478243977039,5.073963128336062,5.095731774140513,4.383935451625295,4.728353273987781,5.1419285707623015
galectin3_extra_molecule_17h_flip,-6.327748299,4.91131759239435,5.097620967055339,5.095779932097382,4.406691996010189,4.740851137297195,5.215643929511645
galectin3_extra_molecule_17i,-5.943406105,4.909544591889334,5.091635832215379,5.118179065327749,4.412151269143341,4.779444428901812,5.146312363858393
galectin3_extra_molecule_17d,-6.150896072,4.879500399760161,5.074283959123638,5.081954578539719,4.338973434187109,4.716996753987234,5.185293272963106
btk_extra_flip_molecule_2,-7.687934875488281,5.777104369972025,5.914528147981166,5.792519841731748,5.8852615209588395,5.780363842599319,5.512848496589053
btk_extra_flip_molecule_7,-9.084606170654297,6.351033721900196,6.605648350503575,6.230545629552088,6.6041472019013,6.347451388340288,5.967376039203724
btk_extra_flip_molecule_8,-9.606385231018066,6.426632929680061,6.702515615216781,6.3502857801530075,6.623608997693327,6.392533323509727,6.064220931827462
btk_extra_flip_molecule_9_flip,-8.33090591430664,6.369562903087041,6.6276083043431955,6.343703569240292,6.490604739993032,6.314290589904002,6.0716073119546845
btk_extra_flip_molecule_10,-10.870059967041016,6.4256035995211604,6.702286121305275,6.358577504056319,6.448303559427697,6.465420131008207,6.1534306818083
btk_extra_flip_molecule_11,-11.524829864501951,6.518001794559663,6.7309501283784385,6.375397495072033,6.728492754221444,6.504943729774481,6.250224865351918
cr_bace1_molecule_4,0.4099999964237213,7.210365867863696,7.54194941256497,6.962401225041525,7.130067011493209,7.243764153046874,7.173647537171898
cr_bace1_molecule_1,-0.9900000095367432,7.230465600790287,7.571614259168867,7.0114307483273475,7.1515794276925,7.259103336073321,7.158600232689406
cr_bace1_molecule_3,-0.8899999856948853,7.148129736926045,7.591031037455797,7.015940074351799,6.994808587681088,7.103957093842025,7.034911891299518
cr_bace1_molecule_7,0.9100000262260436,7.307621726040793,7.659547055116234,7.0454219374616756,7.207381841863034,7.3265030397657425,7.299254755997281
cr_bace1_molecule_9R,0.7099999785423279,7.2417201208598385,7.572826303048302,7.031592571462704,7.150892472659898,7.264241723574438,7.189047533553857
cr_bace1_molecule_5,0.9100000262260436,7.193425012063408,7.513911700343861,7.004961671644873,7.119867268460328,7.21280094856532,7.115583471302657
cr_bace1_molecule_10,-0.2899999916553497,7.308256148502414,7.721107110469279,7.0786455436350995,7.188566510661381,7.234536776626778,7.318424801119536
cr_bace1_molecule_6,-1.7899999618530271,7.342206728122674,7.662048235585123,7.12634122393788,7.246412315681037,7.296261390756955,7.379970474652373
cr_bace1_molecule_2,-0.1899999976158142,7.192133181144325,7.56456123436241,7.011252450081633,7.098229883505084,7.177250657376809,7.109371680395686
cr_bace1_molecule_9S,1.809999942779541,7.17832117268563,7.540325949733877,6.962799442947204,7.11010413301112,7.187027765183777,7.091348572552167
cr_bace1_molecule_8,-0.5899999737739563,7.186440948233404,7.590839534495435,6.963566101980209,7.052465441514514,7.203587157875524,7.121746505301338
hc_bace1_molecule_22256_26_0_ligand,-6.960000038146973,7.140723151130544,7.152581402131268,6.899758058202092,7.102696304252256,7.241092322390227,7.307487668676876
hc_bace1_molecule_22250_20_0_ligand,-8.109999656677246,6.697989673610197,6.897092466813068,6.6828409969636535,6.491320215606607,6.601662505790422,6.817032182877232
hc_bace1_molecule_22251_21_0_ligand,-9.40999984741211,6.662024533217595,6.813438564075204,6.607875927149386,6.5069244146196095,6.594440285331129,6.787443474912653
hc_bace1_molecule_19677_19_0_ligand,-9.829999923706056,7.092113245136649,7.110039169060263,6.87651169452176,7.043268984141107,7.173149324142337,7.257597053817777
hc_bace1_molecule_22254_24_0_ligand,-9.470000267028809,7.098839205090611,7.114685668368756,6.97454899465806,6.928538985490683,7.153173366590403,7.32324901034516
hc_bace1_molecule_22252_22_0_ligand,-10.010000228881836,6.821591192376687,6.858879832364742,6.808414935879865,6.693781578732889,6.867171972450148,6.879707642455787
hc_bace1_molecule_22253_23_0_ligand,-8.75,6.799283103696638,6.852900175688143,6.784832786120181,6.633273809174501,6.845792980292164,6.879615767208204
fxa_yoshikawa_set_molecule_5f,-11.570840835571287,6.85697390684962,6.790178722641805,7.095127528354868,6.919098508471501,7.007157349473305,6.473307425306619
fxa_yoshikawa_set_molecule_5g,-10.17173194885254,6.85008057552717,6.6827822914908035,7.0425163258859245,6.769355287788508,6.9195247652903635,6.836224207180252
fxa_yoshikawa_set_molecule_5e,-8.26799201965332,6.789510438197435,6.6937900327110835,6.9821053476575035,6.922663938883415,6.996934668229274,6.352058203505898
fxa_yoshikawa_set_molecule_5i,-10.805952072143556,6.671834050612546,6.549180510889318,6.874278139058399,6.738963107396472,6.87693682847801,6.319811667240528
fxa_yoshikawa_set_molecule_5b,-7.364122867584228,6.770529841737117,6.630293073193851,6.983898430765889,6.915456803373923,6.966908360584823,6.356092540767099
fxa_yoshikawa_set_molecule_5h,-12.7782621383667,6.680176352843283,6.545271785056012,6.874691877035876,6.763928397843853,6.886751782602344,6.330237921678331
fxa_yoshikawa_set_molecule_5a,-11.24702262878418,6.7169950083768555,6.5644278206900415,6.950037477341706,6.83619286465115,6.9314204931860015,6.302896386015379
fxa_yoshikawa_set_molecule_5k,-11.336624145507812,6.777574984826896,6.671179942935558,7.013093517183982,6.855980533888125,6.964236150552026,6.3833847795747864
fxa_yoshikawa_set_molecule_5d,-11.44223403930664,6.791710228483803,6.652659309345265,7.004283516646092,6.929845990406099,7.00742342217659,6.364338903844966
fxa_yoshikawa_set_molecule_5c,-11.627310752868652,6.830075257663713,6.735519401657191,7.064715159658654,6.9125934224000325,6.995470229456124,6.442078075146569
fxa_yoshikawa_set_molecule_8e,-11.169207572937012,6.736314935711084,6.629245231508904,6.838768044444281,6.860633563329332,6.947479049437097,6.405448789835808
fxa_yoshikawa_set_molecule_8b,-8.129011154174805,6.656681393313731,6.438177002808529,6.885451086358386,6.764882259572863,6.884681222519784,6.310215395309091
fxa_yoshikawa_set_molecule_8d,-7.691995143890381,6.753468079150916,6.633228857162899,6.898788966723517,6.871893754239765,6.954498792641229,6.408930024987172
fxa_yoshikawa_set_molecule_8c,-7.805192470550537,6.70247418819117,6.504216810919479,6.954687064569327,6.768031530453081,6.875166455481487,6.410269079532476
fxa_yoshikawa_set_molecule_8g,-9.903937339782717,6.744945731791141,6.631600877642467,6.925781638683926,6.841311454608891,6.9291821679142425,6.396852520106181
fxa_yoshikawa_set_molecule_A_cor,-11.784735679626465,6.688444639801595,6.548312474833623,6.8942789892298375,6.754030779006403,6.900667519700124,6.344933436237987
fxa_yoshikawa_set_molecule_8f,-9.769577980041504,6.72148292725702,6.586825627324454,6.923050440646886,6.807424134592076,6.902823172278768,6.387291261442915
fxa_yoshikawa_set_molecule_8a,-9.441705703735352,6.8655879968546,6.6646644852052646,7.0941890120119,7.035637637902996,7.056166506422473,6.477282342730366
fxa_yoshikawa_set_molecule_8h,-12.078866958618164,6.676426729047771,6.548803580085788,6.8779791441480995,6.73039440502341,6.874408761101327,6.350547754880221
fxa_yoshikawa_set_molecule_8i,-9.97237777709961,6.671525037920935,6.523951785325379,6.874698939471637,6.732206717365425,6.895413348563084,6.331354398879146
fxa_yoshikawa_set_molecule_8j,-11.53597927093506,6.683216754716637,6.54951618892155,6.82187895091679,6.7665202723804425,6.91143194301803,6.366736418346368
fxa_yoshikawa_set_molecule_8k,-11.348840713500977,6.673596066180939,6.539954746391669,6.828125240960788,6.745880344479248,6.891168869030683,6.362851130042307
fxa_yoshikawa_set_molecule_8l,-11.24702262878418,6.662760161391864,6.518652157143321,6.815325840084905,6.742671516172803,6.878333698092432,6.358817595465862
fxa_yoshikawa_set_molecule_8m,-11.838635444641112,6.711605993893403,6.583192279239067,6.837349955069821,6.793076053545036,6.943879709812396,6.400531971800692
fxa_yoshikawa_set_molecule_8n,-10.138808250427246,6.722423469129761,6.643216612788289,6.85248576631024,6.845970183558051,6.923472616579417,6.346972166412807
fxa_yoshikawa_set_molecule_8o,-10.67374324798584,6.63899385299712,6.516371473997043,6.841631682458908,6.65741968169409,6.857188374291418,6.322358052544143
fxa_yoshikawa_set_molecule_8p,-11.589073181152344,6.6285599583011265,6.514074589491435,6.860226311826198,6.651765478207262,6.809803629467898,6.306929782512841
cr_bace2_molecule_22,1.2599999904632568,7.224207234831323,7.636701881902654,7.021427530963313,7.001414906666232,7.241849502492442,7.219642352131969
cr_bace2_molecule_16,-0.3400000035762787,7.2782029314573435,7.6152590541340865,7.059470398715771,7.193358147510355,7.296719034513226,7.226208022413282
cr_bace2_molecule_11,-1.2400000095367432,7.261582031610783,7.59671160187872,7.027688603872723,7.125629252682114,7.337735319463643,7.220145380156715
cr_bace2_molecule_21,1.4600000381469729,7.302763257967834,7.649946612086014,7.119915053698742,7.24302207389668,7.3398499184981985,7.161082631659537
cr_bace2_molecule_24,3.1600000858306885,7.198341117113982,7.548046728872968,7.108753066036292,7.035790346990002,7.186303812748926,7.112811630921728
cr_bace2_molecule_12,-0.5400000214576721,7.271772697118022,7.626802183267501,7.0505677274581915,7.175852629739813,7.2807273974419235,7.224913547682683
cr_bace2_molecule_20,-0.9399999976158142,7.296466438870354,7.672688588461478,7.095728959882816,7.143638750751842,7.3469106417308865,7.2233652535247455
cr_bace2_molecule_19,-1.1399999856948853,7.271379428694293,7.635824148087673,7.051967983613809,7.1679737684427245,7.288836236730673,7.212295006596586
cr_bace2_molecule_13,-1.2400000095367432,7.248224617684246,7.572660501075409,7.016726741473505,7.137736656059257,7.2964940271327325,7.2175051626803315
cr_bace2_molecule_23,1.3600000143051147,7.347867610925451,7.690906616557888,7.151227127535929,7.242462885245095,7.376727008215826,7.278014417072519
cr_bace2_molecule_15,-0.7400000095367432,7.252382725768959,7.609250547988664,7.0405192679125586,7.154275751790846,7.262955505729244,7.1949125554234845
cr_bace2_molecule_14,-1.0399999618530271,7.259696460247403,7.567759738735094,7.04571133063366,7.126465393280496,7.3335382707250885,7.225007567862682
fxa_set3_molecule_20814_6,-10.529999732971191,6.971566058784573,6.5266997805977915,7.295061087878516,7.197316496855381,7.098689037729183,6.740063890861991
fxa_set3_molecule_20539_10,-11.18000030517578,6.969388986695779,6.565125852799269,7.217896540338037,7.258845713798452,7.050384298582891,6.754692527960246
fxa_set3_molecule_20820_11,-10.829999923706056,6.887792102365431,6.508331489771917,7.0422051665590715,7.229746404988175,6.939696538900014,6.718980911607977
fxa_set3_molecule_20819_8,-11.18000030517578,6.963345917583249,6.527194717965937,7.229131528470526,7.225675245653893,7.04535264842107,6.78937544740482
fxa_set6_molecule_21083,-6.530872344970703,6.490553597969763,6.204615160855623,6.77060443823503,6.753681478801564,6.715619464144031,6.008247447812566
fxa_set6_molecule_21084,-7.469595909118652,6.491968287622747,6.121634957900151,6.873526928307495,6.711744304500132,6.754645601777198,5.998289645628753
fxa_set6_molecule_21085,-8.053603172302246,6.405295383979565,6.07433411849384,6.815671797402877,6.4721256855699,6.682154174078456,5.982191144352753
fxa_set6_molecule_21086,-11.29120922088623,6.510381401412301,6.166118653132389,6.8696620900508485,6.73752046389229,6.769748511445047,6.008857288540932
fxa_set6_molecule_20524_2j95_cys,-11.423027992248535,6.425082763307529,6.121635172103994,6.830620794843467,6.495171162704346,6.693178422783568,5.98480826410227
fxa_set6_molecule_21087,-11.832493782043455,6.487008528139832,6.172583021349506,6.867710830737368,6.627167398267057,6.768406776833467,5.999174613511763
fxa_set5_molecule_20705_cys,-10.90999984741211,6.6703624391446965,6.632837875701931,6.735950874579417,6.796547182653686,6.820817836690622,6.365658426097827
fxa_set5_molecule_21331,-10.770000457763672,6.5957225176887775,6.556936937863297,6.68203296609531,6.686100982035687,6.74438411215955,6.3091575902900425
hc_bace2_molecule_37_0_ligand,-6.789999961853027,6.7878761079855625,7.066241411826242,6.700312429682444,6.6106798206072845,6.733536149087632,6.8286107287242075
hc_bace2_molecule_35_0_ligand,-7.960000038146973,6.8382870335075285,6.962788615071445,6.762674798411632,6.670715259687014,6.830698288311227,6.964558206056327
hc_bace2_molecule_39_0_ligand,-8.970000267028809,6.798554482658133,6.888292992333565,6.75331705517718,6.645727015839808,6.805473822644887,6.899961527295229
hc_bace2_molecule_34_0_ligand,-8.0,6.6806676059018715,6.81047108746526,6.633431262313555,6.526457774887499,6.567348997728435,6.865628907114608
hc_bace2_molecule_40_0_ligand,-8.0,6.675454686785285,6.810402462601098,6.627550678825732,6.512399016590317,6.570110800206409,6.85681047570287
hc_bace2_molecule_30_0_ligand,-8.1899995803833,6.7772569914329965,7.048698121461649,6.689468964373634,6.61932652759096,6.723344038881232,6.805447304857506
hc_bace2_molecule_33_0_ligand,-8.270000457763672,6.82998491753671,6.918739238086179,6.7885585929668695,6.65700163264732,6.842855803162245,6.9427693208209424
hc_bace2_molecule_41_0_ligand,-8.149999618530273,6.820423381912323,6.958342230007787,6.730671639889377,6.658311591074543,6.8060544636600415,6.948736984929866
hc_bace2_molecule_42_0_ligand,-8.319999694824219,6.673400869553001,6.819056357772542,6.603186684633502,6.527998384469265,6.5713440442058815,6.845418876683815
hc_bace2_molecule_44_0_ligand,-8.359999656677246,6.602066951378333,6.755857247887197,6.586726836650613,6.45275933474617,6.445455033243843,6.769536304363844
fxa_set4_molecule_1s,-9.579999923706056,6.384806255040965,6.014687723090504,6.714606014653174,6.583889357656126,6.685150231712513,5.9256979480925125
fxa_set4_molecule_21080_1j,-9.229999542236328,6.524262360312827,6.113153027953838,6.88381994914907,6.790581486533531,6.836092761065988,5.997664576861703
fxa_set4_molecule_21030_1o,-8.899999618530273,6.468319734175367,6.0022753030145255,6.8482455619300495,6.721967667459645,6.824973629322268,5.944136509150346
fxa_set4_molecule_21028_1r,-9.449999809265137,6.578224952355113,6.132517005226251,6.930781632176639,6.903956494179456,6.902236514075951,6.021633116117267
fxa_set4_molecule_21027_1q,-7.309999942779541,6.444586049089513,6.102771576778603,6.766130638753153,6.672971862667061,6.741007818391944,5.940048348856808
fxa_set4_molecule_1t,-9.199999809265137,6.397720352887242,6.025092725023319,6.736209528668723,6.609957068742628,6.687281358859134,5.930061083142406
fxa_set4_molecule_16352_1e,-10.630000114440918,6.383479078496796,6.0562592305584415,6.758808449504439,6.53872394990583,6.641515590603501,5.922088171911769
fxa_set4_molecule_21081_1k,-7.53000020980835,6.5252794399459315,6.077760756742706,6.908510796624363,6.820419515581649,6.836370359448287,5.983335771332652
fxa_set4_molecule_21031_1p,-8.300000190734863,6.38566006650717,5.980094311084481,6.721911683766616,6.6080622355262335,6.678748439356822,5.939483662801696
fxa_set4_molecule_16353_1d,-9.960000038146973,6.456861867007116,6.069215661330868,6.8785025513797216,6.6214632872718004,6.745635901628181,5.969491933425008
fxa_set4_molecule_21082_1l,-7.389999866485596,6.44025249480992,6.060505166335946,6.787962606577229,6.71001279120375,6.709968116368756,5.932813793563915
chk1_set2_molecule_17374_cys,-12.49643898010254,6.426590520881442,6.442554112100795,6.288817784185134,6.531053552008601,6.612702849839691,6.2578243062729895
chk1_set2_molecule_17509,-11.380305290222168,6.616007466952647,6.511535117317174,6.592675470895587,6.801613223505042,6.744215537017729,6.429997986027701
chk1_set3_molecule_23882,-10.881742477416992,6.360689137756744,6.274563037857331,6.364632494346588,6.234165802122017,6.387617462717654,6.542466891740128
chk1_set3_molecule_23703_cys,-11.092443466186523,6.304802271485814,6.230268234025579,6.214935513013153,6.22634693984304,6.367447693079052,6.485012977468248
chk1_set3_molecule_23864,-11.423027992248535,6.393106317846664,6.406462515733504,6.198533851378431,6.3420371409751795,6.412283131162831,6.606214949983373
chk1_set3_molecule_23863,-11.183505058288574,6.404655616925342,6.412241819092614,6.2221110861321725,6.354469925582909,6.432851410799318,6.601603843019699
chk1_set7_molecule_19997,-10.774039268493652,6.618085149009227,6.570652354706473,6.415364621856966,6.701506160201113,6.7613821823960265,6.6415204258855525
chk1_set7_molecule_19998,-8.94359302520752,6.61712195317512,6.572947568981058,6.409951081931492,6.702966889263707,6.758643001977414,6.641101223721929
chk1_set7_molecule_19934_cys,-10.726755142211914,6.61712195317512,6.572947568981058,6.409951081931492,6.702966889263707,6.758643001977414,6.641101223721929
chk1_set6_molecule_23708_cys,-9.6899995803833,6.952128527889523,7.020477302003067,6.8973190951567105,6.9176109908848336,6.955645121179103,6.9695901302239065
chk1_set6_molecule_13,-6.420000076293945,7.100826903111789,7.198371762345391,7.008497000126877,7.0323258998994715,7.068082884311939,7.196856968875269
chk1_set6_molecule_15,-7.510000228881836,6.997310639049045,7.079649102155816,6.912737976679789,6.9945443964773775,7.026598236642666,6.973023483289578
chk1_set4_molecule_23704_cys,-11.29120922088623,6.573155982062263,6.625188498352698,6.42795213416559,6.6084167042560376,6.477589233491855,6.72663334004514
chk1_set4_molecule_23873,-10.825439453125,6.447516276820188,6.5823188215812065,6.056441714527815,6.545014848401288,6.4275768535310815,6.626229146059551
chk1_set5_molecule_20315,-10.94398307800293,6.570096405765573,6.380903485254621,6.374735601665767,6.756303887956309,6.714180668824934,6.624358385126231
chk1_set5_molecule_19939_cys,-11.592971801757812,6.498150705688627,6.368946571540045,6.249268416653735,6.57247553228169,6.694016169345081,6.606046838622589
chk1_set5_molecule_19940,-12.241960525512695,6.543645594037152,6.376630676653328,6.350359625561619,6.707194864294147,6.678707928266701,6.605334875409964
pb_bace3_molecule_22316,-7.876320838928223,6.633103903199055,6.644528534157679,6.5847761939996925,6.553250016215598,6.592751773993492,6.790212997628819
pb_bace3_molecule_22320,-7.502553939819336,6.915955372551393,7.017957065199651,6.739373498093964,6.805536487483188,6.894648495462764,7.122261316517398
pb_bace3_molecule_22319,-6.840160369873047,6.926056043303044,7.019073324226589,6.7645067248794355,6.809973718980326,6.919041708516046,7.117684739912817
pb_bace3_molecule_19678_cys,-8.607325553894043,6.626118973124908,6.636685614278603,6.543204705429689,6.5434741182498835,6.592906973469868,6.814323454196494
chk1_set1_molecule_19967,-10.534516334533691,6.167520211340981,6.190715934738359,6.125551966603731,6.084965342181513,6.368530634730344,6.067837178450959
chk1_set1_molecule_17353_cys,-11.092443466186523,6.150677365471973,6.155859036392281,6.149324946077767,6.090956205709847,6.231780482539356,6.12546615664061
chk1_set1_molecule_19971,-10.340457916259766,6.135706899114059,6.13767283565029,6.1207181508529285,6.0710036908315,6.233242037891729,6.115897780343846
pfkfb3_automap_molecule_43,-7.997664928436279,7.538159343902298,7.676125616395561,7.556839142208848,7.4800209787714484,7.598544991495428,7.379265990640201
pfkfb3_automap_molecule_30_flip_b,-9.198190689086914,7.685467402417359,7.976133470689113,7.702070763647791,7.610412631476809,7.6686266219168635,7.470093524356216
pfkfb3_automap_molecule_65,-9.487896919250488,7.577059382557538,7.764650122888271,7.604973672583332,7.503643146620925,7.593475583904832,7.418554386790324
pfkfb3_automap_molecule_49,-7.934291839599609,7.56936278620185,7.791142670677673,7.5393682761215315,7.481558765892872,7.6099257739021775,7.424818444414999
pfkfb3_automap_molecule_24,-8.869909286499023,7.561369792212932,7.876876394985976,7.499276927876062,7.488231886043127,7.587750126759763,7.3547136253997305
pfkfb3_automap_molecule_67,-10.24363613128662,7.561864724733053,7.804227850083552,7.538441806386872,7.406045136677331,7.603454612514784,7.457154218002724
pfkfb3_automap_molecule_62_flip,-7.691737651824951,7.41659532503775,7.600013434377423,7.343989109197171,7.410085315093524,7.472811581327698,7.256077185192932
pfkfb3_automap_molecule_56,-10.565720558166504,7.792513965489396,7.951027542515813,7.847993304827948,7.687127237104163,7.824533292715699,7.651888450283352
pfkfb3_automap_molecule_59,-8.1151704788208,7.522405512211721,7.744128602486356,7.447455028802807,7.473192834480214,7.611992849199078,7.3352582460901505
pfkfb3_automap_molecule_38,-8.758760452270508,7.627384462435773,7.8011021250777155,7.761579602324906,7.51012154672211,7.6320777589376165,7.432041279116518
pfkfb3_automap_molecule_31,-9.282472610473633,7.669090794419226,7.900234305843201,7.708480911907657,7.634983180999649,7.6727258683467925,7.429029704998835
pfkfb3_automap_molecule_48,-8.006359100341797,7.5673764524044405,7.7516112465376175,7.600365405065049,7.478383170464909,7.615544459928221,7.3909779800264035
pfkfb3_automap_molecule_58,-9.133153915405272,7.560609767066299,7.713747909955915,7.439478870541341,7.537072960250953,7.668888860017667,7.443860234565619
pfkfb3_automap_molecule_41,-7.387692451477051,7.51321929246987,7.707060292408908,7.438458866991985,7.474099292498767,7.605983689236036,7.340494321213647
pfkfb3_automap_molecule_29,-9.646018028259276,7.754230756488385,8.002579890490379,7.772425787897451,7.644678258620303,7.791947418338027,7.559522427095761
pfkfb3_automap_molecule_54,-8.179586410522461,7.802847397798712,7.961633833690838,7.874984145918821,7.723745316056961,7.831615309179485,7.622258384147454
pfkfb3_automap_molecule_47,-8.333451271057129,7.655919498939285,7.845549989775,7.713607707553649,7.546861248786746,7.682251449280657,7.491327099300373
pfkfb3_automap_molecule_26,-9.169439315795898,7.649712843975256,7.9328855689473,7.62244050775007,7.5559336422526195,7.694405674271135,7.4428988266551555
pfkfb3_automap_molecule_55,-10.635504722595217,7.784694865838821,7.912994537134925,7.834825395824248,7.7128495928236696,7.866022585536635,7.596782217874625
pfkfb3_automap_molecule_20,-8.51645278930664,7.539723500660784,7.7199512370849535,7.549131938333652,7.46167471572853,7.561747597507158,7.406112014649629
pfkfb3_automap_molecule_57,-10.474388122558594,7.698672243785009,7.9099635197956895,7.666832612062818,7.6555562462052285,7.753038801681906,7.5079700391794
pfkfb3_automap_molecule_42,-8.466802597045898,7.596523241664883,7.743341239045128,7.692599758130825,7.4640999401774515,7.618810956604273,7.4637643143667445
pfkfb3_automap_molecule_35,-10.138808250427246,7.787179614067322,7.989346771566786,7.8337346473390355,7.705027763210636,7.843911274365861,7.563877613854292
pfkfb3_automap_molecule_44,-9.948675155639648,7.542081986585106,7.681779455967695,7.547914960841211,7.482675521461249,7.609080100869319,7.388959893786058
pfkfb3_automap_molecule_63,-8.561636924743652,7.552316228937187,7.752619165223619,7.587767424260839,7.467253113775994,7.555059097667277,7.3988823437582045
pfkfb3_automap_molecule_69,-10.71462059020996,7.714231326795103,7.902033465034062,7.747460352797455,7.529199798181184,7.804129739716456,7.5883332782463535
pfkfb3_automap_molecule_52,-10.395273208618164,7.750740801910231,8.004941250232527,7.768341627436655,7.669303713116263,7.749589973619053,7.561527445146656
pfkfb3_automap_molecule_19,-7.550787448883057,7.434635238118858,7.716891319066917,7.433394180005698,7.320850771124898,7.405954798216006,7.296085122180772
pfkfb3_automap_molecule_68,-9.778227806091309,7.6292665286308035,7.876168805671447,7.559187612424305,7.48874381086492,7.696917671701622,7.525314742491728
pfkfb3_automap_molecule_33,-8.606922149658203,7.587009010818106,7.82684203392222,7.5842333495632355,7.562789631426683,7.622712034932689,7.338468004245699
pfkfb3_automap_molecule_70,-10.30394172668457,7.583642701685767,7.772468571310169,7.525592935227247,7.490132463149536,7.7121648593176575,7.417854679424224
pfkfb3_automap_molecule_53,-6.997636318206787,7.726506628728184,7.9748900248325025,7.743166672848815,7.645289683014882,7.711521177882523,7.557665585062196
pfkfb3_automap_molecule_64,-9.42227840423584,7.566345267860359,7.749459571107024,7.599098150500766,7.4774908262498005,7.5820342079120335,7.423643583532171
pfkfb3_automap_molecule_39,-7.197502136230469,7.535069699130084,7.742681729573388,7.509353844534803,7.4160810356626,7.603656981961442,7.403574903918185
pfkfb3_automap_molecule_37,-9.99706745147705,7.772717102771454,8.05772817929596,7.736972731771562,7.854050611514643,7.87737348078691,7.3374605104881905
pfkfb3_automap_molecule_23,-7.914463996887207,7.432116772527822,7.627734943457118,7.507653236003449,7.356766441636379,7.381685725594791,7.286743515947371
pfkfb3_automap_molecule_60_adjust,-8.143735885620117,7.683259633002064,7.801308314655294,7.639256871697071,7.671788694589422,7.749592861455021,7.55435142261351
pfkfb3_automap_molecule_34,-9.97237777709961,7.699748860619236,7.923426211820879,7.735653660258235,7.648480734078363,7.753879172909457,7.43730452402925
pfkfb3_automap_molecule_36,-7.440536022186279,7.660790761527002,7.965234633634319,7.763221304825355,7.540408443347054,7.596920516335565,7.438168909492719
pfkfb3_automap_molecule_46,-7.859359264373779,7.606244643750155,7.771300124075695,7.592434728073035,7.529950573593212,7.732603461716515,7.404934331292317
shp2_molecule_SHP099-1_Example_7,-9.75264835357666,6.622605074673487,6.785520874316547,6.423041324843616,6.641698939202319,6.575293451181577,6.687470783823372
shp2_molecule_Example_22,-9.238834381103516,6.6031925676103125,6.733925198097392,6.393793757609724,6.736437309930972,6.55674029824487,6.595066274168612
shp2_molecule_Example_29,-7.622783184051514,6.2881427677474715,6.2422027332457715,6.067815657556168,6.5069486054353,6.1243462638508595,6.499400578649254
shp2_molecule_11,-6.354085445404053,6.85562519424572,6.998668610574998,6.733904640389629,6.828823363773753,6.7401917936034,6.976537562886814
shp2_molecule_4,-5.822068691253662,6.47291149794537,6.6318023130258466,6.192166604462799,6.579504136263687,6.603134753562006,6.357949682412512
shp2_molecule_Example_2,-8.27622127532959,6.662178797385761,6.770800098604238,6.441286899568783,6.762613518047475,6.5909089997075245,6.745284471000783
shp2_molecule_Example_14,-9.778227806091309,6.337682455059735,6.558739660876302,6.122145025229108,6.528049208605712,6.415102281176624,6.06437609941093
shp2_molecule_Example_26,-8.959051132202148,6.645772758919136,6.7037641852395256,6.437062918555256,6.847551159146634,6.61826972670761,6.622215804946661
shp2_molecule_SHP836-2,-6.713211536407471,6.546130058702403,6.700971667133491,6.331372020820255,6.604864165749612,6.625143688338422,6.468298751470232
shp2_molecule_Example_6,-9.06926441192627,6.381486433751451,6.527208423993625,6.2887688636392,6.139431106654951,6.509690625593677,6.442333148875804
shp2_molecule_Example_1,-8.988177299499512,6.612274909341312,6.791656924257183,6.41646070891319,6.637465437839318,6.547819324218082,6.667972151478785
shp2_molecule_3,-5.462942123413086,6.532165764596367,6.6770697972642115,6.325995752420717,6.572876617230855,6.617211694509106,6.467674961556947
shp2_molecule_Example_9,-8.794095039367676,6.525687967175448,6.67993753450872,6.231266461073991,6.588637626340441,6.579214257567414,6.54938395638667
shp2_molecule_Example_8,-9.71232795715332,6.564475287735059,6.761947080006329,6.396711080164336,6.580463894081187,6.486600347628993,6.596654036794451
shp2_molecule_7,-7.076467037200928,6.905646884079516,7.056024934473571,6.6772598511680235,6.9211439606125165,6.830668869470659,7.043136804672805
shp2_molecule_Example_24,-9.07721710205078,6.692566448847704,6.771433739457594,6.449387506058696,6.820825244185442,6.67238818631096,6.748797568225823
shp2_molecule_Example_28,-8.457352638244629,6.573646944995685,6.750385079657217,6.468067150411264,6.369744530899121,6.520715347410923,6.759322616599898
shp2_molecule_10,-7.1542816162109375,6.636987722078412,6.792418808101633,6.484882978936848,6.5873069157022766,6.575799474363051,6.744530433288247
shp2_molecule_Example_25,-8.869909286499023,6.671998168193416,6.787435287894159,6.47995948515168,6.688148415542543,6.6599452027439465,6.744502449634749
shp2_molecule_Example_27,-8.51852798461914,6.5453661697899665,6.686797260555731,6.309889353750321,6.595636230408981,6.654175062956385,6.4803329412784105
shp2_molecule_6,-8.030035018920898,6.599639422140269,6.740390474900805,6.30054597065635,6.641415122272932,6.658433940213951,6.657411602657311
shp2_molecule_Example_30,-9.157095909118652,6.694102293161469,6.9060366640762965,6.5194691297361445,6.755775051873538,6.607671975603984,6.681558644517386
shp2_molecule_Example_5,-7.5630927085876465,6.589029640498266,6.654071343286393,6.3315029701873415,6.7646313182905615,6.60519783836559,6.589744732361443
shp2_molecule_Example_4,-8.201089859008789,6.539930946896152,6.7040135663646065,6.281359988320806,6.641898029554911,6.477414388641385,6.594968761599052
shp2_molecule_Example_23,-8.740339279174805,6.580476838824278,6.70688019587217,6.365043811586911,6.728915847173669,6.5480535216719495,6.553490817816691
shp2_molecule_Example_3,-8.215871810913086,6.528311765848711,6.726831565513281,6.26800675487656,6.584904491760246,6.515830402564844,6.545985614528624
cmet_molecule_CHEMBL3402753_200,-9.139049530029297,7.49035043335383,7.615849271378996,7.507470181305468,7.39891614701855,7.4535341742619,7.475982392804241
cmet_molecule_CHEMBL3402747_3400,-7.460412979125977,7.468206584361065,7.535569134993858,7.416676768363318,7.506189944491637,7.4555886685102735,7.4270084054462355
cmet_molecule_CHEMBL3402744_300,-8.89881706237793,7.203409813002972,7.4640157001509495,7.054463042053071,7.012660971592191,7.215173018240756,7.270736332977896
cmet_molecule_CHEMBL3402745_200,-9.139049530029297,7.194674847723183,7.495610208421746,7.021140308858192,6.978168939728146,7.170809944872937,7.307644836734897
cmet_molecule_CHEMBL3402750_400,-8.72836971282959,7.559347541558296,7.6373262795751495,7.579284854293641,7.477344996531225,7.530624304589399,7.572157272802063
cmet_molecule_CHEMBL3402743_42,-10.063709259033203,7.217508682393193,7.53900685959559,7.033713702507467,7.031173202370863,7.185930255993128,7.2977193914989185
cmet_molecule_CHEMBL3402752_30000,-6.170323371887207,7.573011403813403,7.708705772369969,7.525257445135475,7.481247067264677,7.542688152342645,7.60715858195425
cmet_molecule_CHEMBL3402755_4200,-7.33521556854248,7.559984949064313,7.598505006004378,7.605085574819105,7.538649001072485,7.515204737260737,7.542480426164862
cmet_molecule_CHEMBL3402749_500,-8.596160888671875,7.344471828624985,7.434070469172309,7.263518430082146,7.345305738849791,7.368030201533699,7.3114343034869815
cmet_molecule_CHEMBL3402765_11-charged-pKa-8.1,-10.857505798339844,7.054857003586536,7.349856586017145,6.858615246315047,6.866861433389274,7.06285826375593,7.136093488455278
cmet_molecule_CHEMBL3402742_23,-10.420489311218262,6.96647876178705,7.210791693814006,6.915405386826508,6.830391080486159,6.936212148806942,6.939593499001632
cmet_molecule_CHEMBL3402754_40,-10.09261703491211,7.5691763526214455,7.631921256156583,7.601863561046774,7.51057982588104,7.548284354561789,7.553232765461049
cmet_molecule_CHEMBL3402748_5300,-7.197390079498291,7.367418130222791,7.4954224641216465,7.3773892821772,7.2803187778132425,7.327232132804089,7.356727994197772
cmet_molecule_CHEMBL3402741_400,-8.72836971282959,7.053603489605026,7.283992425344072,7.03045152087213,6.9126001736285705,6.997229247122797,7.04374408105756
cmet_molecule_CHEMBL3402763_90,-9.612153053283691,7.185342719841974,7.468152236788426,7.058944940748343,6.9682658072593595,7.122053934004758,7.309296680408981
cmet_molecule_CHEMBL3402764_90,-9.612153053283691,7.164454034197847,7.510127549277065,6.998122056612723,6.92822889046473,7.130975842621023,7.254815832013696
cmet_molecule_CHEMBL3402751_2100,-7.745894908905029,7.564545593629799,7.6804993465953295,7.559227926044459,7.460805090584785,7.535165345062225,7.587030259862196
cmet_molecule_CHEMBL3402756_2.7_redocked,-11.689735412597656,7.539785709814689,7.622873320304801,7.54519017176856,7.527687579332679,7.461751881461411,7.541425596205996
cmet_molecule_CHEMBL3402762_1_redocked,-12.27822208404541,7.44113296067255,7.525180218822184,7.390141370202276,7.409943702561566,7.432319617917248,7.448079893859474
cmet_molecule_CHEMBL3402760_1_redocked,-12.27822208404541,7.458447221847074,7.584502767799145,7.491756635589069,7.413719693669144,7.354321718058736,7.447935294119275
cmet_molecule_CHEMBL3402757_6.5_redocked,-11.169207572937012,7.510271268255612,7.618069203352823,7.545492575664621,7.4482744618913665,7.41189229933865,7.527627801030597
cmet_molecule_CHEMBL3402761_1_redocked,-12.27822208404541,7.414256549611963,7.535794891956199,7.376870577050324,7.369365898259879,7.389571314572879,7.399680066220536
cmet_molecule_CHEMBL3402758_10_redocked,-10.91397476196289,7.412544210736232,7.553824433652039,7.4856174754042195,7.424828212274161,7.310040535625236,7.2884103967255065
cmet_molecule_CHEMBL3402759_5.7_redocked,-11.24702262878418,7.6461403895601965,7.800225711495828,7.642889858566811,7.610225290008413,7.574312357180861,7.603048730549066
eg5_extraprotomers_molecule_CHEMBL1078774,-10.662470817565918,6.441444818410541,6.4904271488795775,6.741044636634174,5.966948860091808,6.460307274240931,6.548496172206215
eg5_extraprotomers_molecule_CHEMBL1093087,-10.59618091583252,6.457609554185893,6.424822510596913,6.466953595470032,6.25829003776141,6.877329245690741,6.260652381410367
eg5_extraprotomers_molecule_CHEMBL1082249,-11.283177375793455,6.467251532975243,6.5744964051478325,6.567681346950172,6.113241737158336,6.591585362156926,6.489252813462946
eg5_extraprotomers_molecule_CHEMBL1089393,-8.429832458496094,6.247102888646625,6.392998996162222,6.300679685190662,5.8661771274534305,6.262347318882237,6.413311315544568
eg5_extraprotomers_molecule_CHEMBL1078691,-10.24935531616211,6.539619374845576,6.705490093990738,6.791760490883641,6.011041695061592,6.575461722033892,6.614342872258017
eg5_extraprotomers_molecule_CHEMBL1086409,-9.931042671203612,6.491718244023076,6.600041837414187,6.60855018608519,6.0425563141724306,6.682097058446677,6.525345823996896
eg5_extraprotomers_molecule_CHEMBL1082248,-11.696293830871582,6.423006205113748,6.6008259049733224,6.5265919757563005,6.038386821551383,6.547327124576008,6.401899198711725
eg5_extraprotomers_molecule_CHEMBL1084678,-11.191304206848145,6.370600946630539,6.450165648653993,6.4360795308798195,6.064970895433703,6.491387163081877,6.410401495103301
eg5_extraprotomers_molecule_CHEMBL1084115,-9.497721672058104,6.321056968673046,6.42418976824494,6.542758515045728,5.8979502509499,6.317872402640378,6.422513906484286
eg5_extraprotomers_molecule_CHEMBL1084431,-9.863131523132324,6.381788597800958,6.466286704838658,6.469980402767229,6.053159422387529,6.536353286437242,6.383163172574136
eg5_extraprotomers_molecule_CHEMBL1085895,-10.921920776367188,6.150280079075249,6.269228035205832,6.115782339814006,5.877014425373981,6.19477908661189,6.29459650837053
eg5_extraprotomers_molecule_CHEMBL1084677,-11.524834632873535,6.342225969720885,6.394147149808095,6.4415956397790515,6.017816998517341,6.482855338270122,6.374714722229814
eg5_extraprotomers_molecule_CHEMBL1077227,-11.391841888427734,6.320096895701187,6.361222599027693,6.527320743933106,5.970518884905025,6.312805909427127,6.428616341212987
eg5_extraprotomers_molecule_CHEMBL1086410,-11.524834632873535,6.430821276711898,6.567176286106984,6.675996841320674,6.008957065711509,6.397061095288673,6.504915095131644
eg5_extraprotomers_molecule_CHEMBL1083517,-11.524834632873535,6.208796513016961,6.429781177299487,6.4105103127840675,5.731374187303304,6.183399479786096,6.288917407911844
eg5_extraprotomers_molecule_CHEMBL1096003,-11.93795108795166,6.661044467037016,6.711978768691351,6.769465895874021,6.2668137830114965,6.8009562236173515,6.756007663990858
eg5_extraprotomers_molecule_CHEMBL1077204,-11.111719131469728,6.371291356905912,6.363870194164271,6.500442607643268,6.089357009970058,6.435027058040396,6.467759914711565
eg5_extraprotomers_molecule_CHEMBL1083836,-10.921920776367188,6.299480077107157,6.399791598011988,6.34377797375218,5.9375326927949725,6.383141055668761,6.433157065307881
eg5_extraprotomers_molecule_CHEMBL1085666,-10.5656099319458,6.215578773294764,6.306791854167246,6.326700951344106,5.878916448543571,6.31489479402326,6.250589818395635
eg5_extraprotomers_molecule_CHEMBL1085692,-11.391841888427734,6.522468356665679,6.628066086775427,6.634855386442602,6.1709625397838535,6.622611425188084,6.555846345138433
eg5_extraprotomers_molecule_CHEMBL1084143,-11.93795108795166,6.458599159190571,6.509230920135038,6.666001660748887,6.067422565144512,6.4716557681599065,6.578684881764512
eg5_extraprotomers_molecule_CHEMBL1096002,-11.191304206848145,6.275992278706485,6.533388163965841,6.381499473266529,5.841056786570714,6.261956605547239,6.3620603641821
eg5_extraprotomers_molecule_CHEMBL1089056,-9.497721672058104,6.502967187110835,6.67333524653775,6.72739432927211,5.9939216542688385,6.494111820641281,6.626072884834194
eg5_extraprotomers_molecule_CHEMBL1093088,-11.283177375793455,6.377001477297121,6.3619649847137065,6.410358429469497,6.110009700658264,6.5415492229031935,6.461125048740946
eg5_extraprotomers_molecule_CHEMBL1084676,-10.778188705444336,6.302435684344142,6.322544201984327,6.42997645781587,5.977164140759501,6.412317309199657,6.370176311961355
eg5_extraprotomers_molecule_CHEMBL1084935,-10.59618091583252,6.447264158810239,6.536203387375262,6.712425825237536,6.030170787335346,6.379158484417645,6.578362309685409
eg5_extraprotomers_molecule_CHEMBL1078998,-10.432616233825684,6.337526639244127,6.400168288033762,6.613017264076254,5.908266631674321,6.321282250421248,6.444898762015051
eg5_extraprotomers_molecule_CHEMBL1088740,-8.75107479095459,6.317258032207478,6.464778064543938,6.453782861424307,5.904811946314104,6.318812590494362,6.444104698260681
eg5_extraprotomers_molecule_CHEMBL1084143_1,-11.93795108795166,6.477751865771177,6.568808566164442,6.670915877899074,6.164032734982515,6.480889873666475,6.504112276143379
eg5_extraprotomers_molecule_CHEMBL1096003_1,-11.93795108795166,6.634515525157575,6.714434834103774,6.797543683566386,6.24925784670899,6.751646561172172,6.659694700236551
eg5_extraprotomers_molecule_CHEMBL1096002_1,-11.191304206848145,6.192590521923114,6.498749390770044,6.310122804635581,5.699259254933731,6.150322698444479,6.304498460831735
eg5_extraprotomers_molecule_CHEMBL1084676_1,-10.778188705444336,6.261420035701267,6.304739048450888,6.427710267657349,6.038103732002773,6.255660207541668,6.280886922853658
eg5_extraprotomers_molecule_CHEMBL1084677_1,-11.524834632873535,6.388678059697096,6.407138236455221,6.552932847159773,6.085186308714351,6.516651617766466,6.381481288389665
eg5_extraprotomers_molecule_CHEMBL1084935_1,-10.59618091583252,6.314253017721609,6.453617959752127,6.499851519081021,5.906525464308185,6.3022522740008835,6.409017871465828
syk_4puz_fullmap_molecule_CHEMBL3265014,-10.40023136138916,6.792154967494932,6.570227072129536,6.657558887563504,7.086864186057205,6.894329139314629,6.751795552409786
syk_4puz_fullmap_molecule_CHEMBL3265036,-10.417919158935549,6.891884836399692,6.619165702078086,6.833460719574432,7.117345163382759,6.839968228842344,7.049484368120838
syk_4puz_fullmap_molecule_CHEMBL3265020,-11.003335952758787,6.939881015095226,6.731004202446363,6.951828304364471,7.093520406192901,6.9075215295650665,7.01553063290733
syk_4puz_fullmap_molecule_CHEMBL3265023,-10.477216720581056,6.940987813868048,6.761188914955837,6.811850763900247,7.176310980744135,7.015197326930935,6.940391082809087
syk_4puz_fullmap_molecule_CHEMBL3265033,-11.838635444641112,6.949384304754965,6.677643824799142,6.81719278009943,7.126896596129519,7.021164068656155,7.104024254090573
syk_4puz_fullmap_molecule_CHEMBL3265027,-10.329894065856934,6.919879651111669,6.864425481730289,6.798369869282288,7.019490333029176,6.990133568143385,6.926979003373212
syk_4puz_fullmap_molecule_CHEMBL3265028,-11.010265350341797,6.936978805188903,6.817428196401488,6.803964150953772,7.078822686122786,6.9736320199732305,7.011046972493237
syk_4puz_fullmap_molecule_CHEMBL3265032,-11.068829536437988,6.771468997222357,6.593921819802952,6.638850865915084,7.064445499687646,6.983030004399015,6.577096796307087
syk_4puz_fullmap_molecule_CHEMBL3265031,-12.078866958618164,6.716099671255146,6.603334838443972,6.538746420177258,6.712604910521185,6.9420572386989745,6.783754948434341
syk_4puz_fullmap_molecule_CHEMBL3265037,-12.764640808105469,6.7895418610686935,6.5205169248099715,6.499708228776794,7.099704183203312,6.917403731561506,6.91037623699188
syk_4puz_fullmap_molecule_CHEMBL3265026,-11.36131477355957,6.712107465589606,6.4432542185219495,6.577805787344489,6.962795606357445,6.795400992340353,6.78128072338379
syk_4puz_fullmap_molecule_CHEMBL3265012,-10.546293258666992,6.718156512493643,6.498029249577061,6.564124331476391,6.978578366828318,6.827379841076253,6.722670773510193
syk_4puz_fullmap_molecule_CHEMBL3265029,-11.125299453735352,6.911249540446535,6.811972199949782,6.767993019327563,7.058121840978411,6.964765945671146,6.953394696305769
syk_4puz_fullmap_molecule_CHEMBL3265035,-11.07657527923584,6.701058452466624,6.793027799886567,6.566221889456454,6.495107360383876,6.791747993814862,6.859187218791362
syk_4puz_fullmap_molecule_CHEMBL3265024,-11.784735679626465,6.713386839991041,6.406504119150925,6.579487104434417,6.97905453966159,6.800603072148436,6.80128536455984
syk_4puz_fullmap_molecule_CHEMBL3265018,-11.187724113464355,6.887700960780687,6.72105110682167,6.7453526602334675,7.082062466098867,6.914087449991252,6.975951120758181
syk_4puz_fullmap_molecule_CHEMBL3265008,-9.784358024597168,6.710099827020531,6.500998873927711,6.565378608509047,6.953580512504364,6.811598737488367,6.7189424026731706
syk_4puz_fullmap_molecule_CHEMBL3265016,-11.689735412597656,6.878816813843659,6.7070905881861655,6.756220920928709,7.076578914191586,6.893276437518795,6.9609172083930435
syk_4puz_fullmap_molecule_CHEMBL3265025_flip,-10.199455261230469,6.721298748495171,6.50141869311497,6.676419103603807,7.018005780667886,6.684451527000298,6.726198638088894
syk_4puz_fullmap_molecule_CHEMBL3265013,-9.81322193145752,6.71574035224341,6.574683680248733,6.650899211791304,7.02992514137286,6.658102691270105,6.66509103653404
syk_4puz_fullmap_molecule_CHEMBL3259820,-10.575678825378418,6.750017183656729,6.588508167367732,6.65196021171854,7.059197232908815,6.682509399410565,6.7679109068779955
syk_4puz_fullmap_molecule_CHEMBL3265006,-9.95804214477539,6.852772694147276,6.785672814031176,6.818590242735604,7.076764422821824,6.778583091488321,6.804252899659453
syk_4puz_fullmap_molecule_CHEMBL3265030_n,-11.471863746643066,6.849818261740088,6.8499315995472925,6.665856086280887,6.735074597047409,7.0349953513819425,6.9632336744429075
syk_4puz_fullmap_molecule_CHEMBL3265022,-10.791322708129885,6.999024988286014,6.818915965414697,6.8801674882087855,7.218814652381513,7.058523917765282,7.018702917659788
syk_4puz_fullmap_molecule_CHEMBL3265019,-10.777045249938965,6.796524146509199,6.6316952143561805,6.62398414164403,6.987621493105653,6.937304493227868,6.802015390212264
syk_4puz_fullmap_molecule_CHEMBL3265009,-10.297627449035645,6.715817816397122,6.497970461835123,6.576812918719152,6.977525427054132,6.825416139705238,6.701364134671962
syk_4puz_fullmap_molecule_CHEMBL3265021,-10.890737533569336,6.904075895361463,6.735792526586427,6.749946504386262,7.089674020509907,6.952535418031891,6.992431007292828
syk_4puz_fullmap_molecule_CHEMBL3265005,-10.323298454284668,6.717159652014361,6.613927581325765,6.644071566949797,6.918914821053537,6.6636529152006885,6.745231375542013
syk_4puz_fullmap_molecule_CHEMBL3265017,-11.48725414276123,6.897676237703344,6.7260230294625885,6.746416514282742,7.0815435430302935,6.950044191794534,6.984353909946564
syk_4puz_fullmap_molecule_CHEMBL3265010,-10.132436752319336,6.699292355145478,6.524374675429911,6.589903714945194,6.944221244791712,6.775929816810192,6.66203232375038
syk_4puz_fullmap_molecule_CHEMBL3265034,-11.48725414276123,6.7093993547825805,6.505625586515493,6.487584231579201,7.063459511549594,6.932588694484909,6.557738749783708
syk_4puz_fullmap_molecule_CHEMBL3265011_flip,-8.637885093688965,6.6911257606638745,6.594326767639465,6.631000207191071,6.92154478381856,6.631184915911256,6.677572128759017
syk_4puz_fullmap_molecule_CHEMBL3265015_flip,-9.47731590270996,6.728962242685228,6.594866106386149,6.635164881558425,7.041193896225539,6.686779901222528,6.686806428033493
syk_4puz_fullmap_molecule_CHEMBL3265002,-10.617273330688477,6.886893350188737,6.848673187143297,6.921789409581651,7.0102735410329355,6.713268545660741,6.940462067525062
syk_4puz_fullmap_molecule_docked_CHEMBL3264998,-11.712096214294434,6.919880666159403,6.783748233748095,6.9436169107756305,7.139736654404724,6.736146426550275,6.996155105318298
syk_4puz_fullmap_molecule_CHEMBL3264997,-10.983019828796388,6.897483201325606,6.747971096783042,6.943823392931673,7.086788853095146,6.730109550913338,6.978723112904835
syk_4puz_fullmap_molecule_docked_CHEMBL3264994,-9.804960250854492,6.9766479085273,6.818278470655986,7.069045686674389,7.165702525833484,6.844486532550738,6.98572632692191
syk_4puz_fullmap_molecule_CHEMBL3264995,-12.381524085998535,6.894698930735228,6.749544538893952,6.93079458321794,7.088960240800038,6.717061820468699,6.98713347029551
syk_4puz_fullmap_molecule_docked_CHEMBL3265004,-10.857505798339844,6.916219388972948,6.853792890580437,6.9599240918485705,7.072575882279473,6.723325577189068,6.971478502967194
syk_4puz_fullmap_molecule_CHEMBL3265001,-12.03799057006836,6.8985358849698075,6.86366970706343,6.922092218700689,7.0441186060968475,6.713697972195959,6.949100920792111
syk_4puz_fullmap_molecule_CHEMBL3264996,-10.665895462036133,6.873350076657635,6.6841768285509255,6.960661682877951,7.076242116561772,6.668198486008742,6.977471269288789
syk_4puz_fullmap_molecule_docked_CHEMBL3264999_adjust,-11.41401481628418,6.899112160767508,6.727966828985597,6.9381141935585395,7.116417709518031,6.73131222533155,6.9817498464438215
syk_4puz_fullmap_molecule_redocked_CHEMBL3265000_ground_state,-11.811073303222656,6.927321477029165,6.7658714270533,6.977000525519821,7.146081841067467,6.738805510407438,7.008848081097793
syk_4puz_fullmap_molecule_redocked_CHEMBL3265000,-11.811073303222656,6.918863050691726,6.726076965755208,6.982334778571012,7.141196009024485,6.736870061230395,7.007837438877532
syk_4puz_fullmap_molecule_CHEMBL3265003_tautomer_1,-10.820952415466309,6.9082936753629465,6.864149129041426,6.9302759396932,7.047436278663689,6.735506994894682,6.964100034521738
syk_4puz_fullmap_molecule_CHEMBL3265003_tautomer_2,-10.820952415466309,6.90885521640933,6.873060699572808,6.9410856622461345,7.03545617932991,6.732213995189543,6.96245954570826
hif2a_automap_molecule_338,-10.75852870941162,6.768904017846711,6.210782546246627,6.851694711430673,7.080691408367682,6.8700785422861435,6.831272880902428
hif2a_automap_molecule_43,-8.699462890625,6.765403744095916,6.338838452683863,6.86692513228906,7.065299824334744,6.726881329843766,6.829073981328148
hif2a_automap_molecule_235,-10.123006820678713,6.762572846323583,6.493217705793717,6.803739452060726,7.102525886092967,6.674523656020727,6.738857531649778
hif2a_automap_molecule_234,-10.347848892211914,6.929902502485016,6.503150101973498,7.014531337181269,7.173444596632314,6.984632864213108,6.973753612424889
hif2a_automap_molecule_30,-10.565720558166504,6.912881226201719,6.419479374183605,7.018015824412079,7.1174795682553915,7.02949639336535,6.979934970792171
hif2a_automap_molecule_1,-11.324654579162598,7.0192208870685615,6.804231061846674,7.108235194103923,7.192992009355571,6.927850827129444,7.062795342907196
hif2a_automap_molecule_237,-9.549728393554688,6.817785752238889,6.521202132350153,6.856537534143842,7.01237063571663,6.8565723348060805,6.8422461241777395
hif2a_automap_molecule_227,-10.75852870941162,6.820361840410664,6.425183307656691,6.95374897684527,7.076573816772596,6.852539382270485,6.793763718508274
hif2a_automap_molecule_266,-10.533686637878418,7.123145438414784,7.056538722220401,7.295348126044061,7.2150012675828075,7.021340915528821,7.027498160697829
hif2a_automap_molecule_206,-10.123006820678713,6.96495647991046,6.510926279771607,7.068748377664794,7.25067065284487,7.0341226632665235,6.960314426004505
hif2a_automap_molecule_67,-10.17173194885254,6.829695995517912,6.424038779527426,6.908354909268498,7.137339585027656,6.842934131897775,6.835812571868203
hif2a_automap_molecule_156,-9.73618984222412,6.852958461155142,6.600825860806418,6.914179936646316,7.12042678832107,6.767163490111027,6.862196229890877
hif2a_automap_molecule_31,-8.842347145080566,6.648167700276109,6.293385012332977,6.722828623640814,6.78949495148642,6.696353960898034,6.738775953022303
hif2a_automap_molecule_289,-10.91397476196289,6.792876899706622,6.3569285751618825,6.8969685295172924,7.074069450266683,6.930401843667818,6.70601609991943
hif2a_automap_molecule_61,-10.107617378234863,7.036252829048689,6.819133855175776,7.167214807436672,7.200179080449702,6.903365244439424,7.09137115774187
hif2a_automap_molecule_167,-10.67374324798584,6.93694448224354,6.557250228654559,7.032410931946153,7.216213307441818,6.915225231594965,6.963622711580197
hif2a_automap_molecule_165,-9.235339164733888,6.818876125802743,6.3860017556984126,6.851967889349205,7.055738647697196,6.991317675416761,6.809354660852133
hif2a_automap_molecule_41,-9.787005424499512,7.027993357109847,6.544592641608921,7.206615135955027,7.303714785401306,6.982705907056263,7.102338315527716
hif2a_automap_molecule_7b,-7.394513607025146,6.938047286638939,6.580320531002806,7.090055020018815,7.1399062673197236,6.872595218623487,7.007359396229865
hif2a_automap_molecule_54,-9.30949592590332,6.982594331834581,6.51289297400944,7.114691662922837,7.219235139024843,7.033874345992988,7.032277537222798
hif2a_automap_molecule_215,-10.59958553314209,6.9715871950575306,6.556562638137597,7.11143809055802,7.247586392190739,6.946435858853079,6.9959129955482195
hif2a_automap_molecule_57,-10.67374324798584,6.920351060523828,6.625808487431228,7.028894443834403,7.152091401944085,6.881932187726106,6.913028781683319
hif2a_automap_molecule_42,-8.93969440460205,6.890748215282921,6.455056099470216,7.017948156585527,7.156170177054684,6.8883694163140285,6.936197226990148
hif2a_automap_molecule_252,-9.71232795715332,6.813929500856102,6.383775295596615,6.865108278890124,7.110826567435237,6.870477027716216,6.839460334642322
hif2a_automap_molecule_336,-9.823477745056152,6.719741542711117,6.214404820544281,6.860487344707454,7.053473666838402,6.800477913229288,6.669863968236164
hif2a_automap_molecule_290,-10.565720558166504,6.793332351524045,6.37714303504098,6.841652114319377,6.983717506341216,7.000337086619906,6.763812015298748
hif2a_automap_molecule_155,-10.5032958984375,6.964655305602648,6.744608980259651,7.0383866153637875,7.175689414038172,6.883403918675115,6.9811875996765105
hif2a_automap_molecule_164,-6.764764785766602,6.830777438735959,6.4315687592415305,6.90289294715436,6.985075003363713,7.014784759368257,6.819565724551936
hif2a_automap_molecule_7a,-9.99706745147705,7.0018079287870165,6.666206106817154,7.10320871031156,7.214860476423077,7.055071119062117,6.969693231321175
hif2a_automap_molecule_224,-9.660125732421877,6.448717322624304,6.194926834841597,6.497040544139207,6.669858557773965,6.436548710999164,6.4452119653675926
hif2a_automap_molecule_84,-7.5754475593566895,6.935407243558425,6.616565465943178,6.9325582249506255,7.071902183005436,7.0661916386010475,6.989818705291828
hif2a_automap_molecule_254,-9.549728393554688,6.886920104939277,6.479288841627325,6.973224614746293,7.169104416939009,6.924780861910638,6.888201789473122
hif2a_automap_molecule_23,-7.067420959472656,6.710454196990293,6.527624343978919,6.858509683823045,7.062383666937702,6.662554525911066,6.44119876430073
hif2a_automap_molecule_251,-10.24363613128662,6.889373723407826,6.486551097863847,6.991431589511391,7.168960880868491,6.906387732928395,6.893537315867011
hif2a_automap_molecule_256,-10.67374324798584,6.81755528995573,6.396863365005849,6.889798073930112,7.112030438612762,6.831292674569373,6.857791897660557
hif2a_automap_molecule_50,-9.696937561035156,6.802191505622778,6.303483494586202,6.968784176401653,7.011416028471476,6.860112378032301,6.86716145062226
hif2a_automap_molecule_231,-10.022831916809082,6.858122954542809,6.479450498165933,6.968846393380586,7.124013242587903,6.901471932929304,6.816832705650316
hif2a_automap_molecule_15,-11.046184539794922,6.886519979690282,6.5460164573949875,6.927179514178259,7.176520052321444,6.888721517042475,6.894162357514242
hif2a_automap_molecule_124,-10.123006820678713,6.875545891575436,6.41507588503887,7.018333551193906,6.999046520056979,6.994733810837136,6.950539690750289
hif2a_automap_molecule_25,-10.28314971923828,6.79278246735218,6.527995368179831,6.802419982215525,7.096006715246134,6.705922433420412,6.831567837698998
hif2a_automap_molecule_163,-11.010265350341797,6.889297790919076,6.472380525127157,6.948957071110409,7.162667771768725,6.956649032876019,6.905834553713071
tnks2_fullmap_molecule_1a,-8.550562858581543,7.157896430863471,7.24296960454326,7.377031563002685,6.915126496824709,7.314443594108136,6.9399108958385645
tnks2_fullmap_molecule_1b,-9.937170028686523,7.1719310147914,7.286439954849996,7.392168271792779,6.9547642101541856,7.306084274624444,6.920198362535591
tnks2_fullmap_molecule_3a,-10.996485710144045,7.205822917409759,7.338723165196596,7.3736186279952545,7.055981123951088,7.362316633935784,6.898475035970073
tnks2_fullmap_molecule_3b,-11.519288063049316,7.223058275020736,7.4532892904449275,7.249001004014568,7.0050229791441305,7.400623308512346,7.0073547929877105
tnks2_fullmap_molecule_5f,-10.26306438446045,7.191774536026964,7.408961836576063,7.28142333395697,6.910614150842869,7.378237095326467,6.9796362634324485
tnks2_fullmap_molecule_5l,-10.09261703491211,7.2015767582327594,7.4616906885870256,7.219572148696247,6.941648200150164,7.377723969789777,7.007248783940584
tnks2_fullmap_molecule_5g,-10.805952072143556,7.2114448105486515,7.450862908150713,7.310754686654532,6.941110339049702,7.354023770710155,7.000472348178158
tnks2_fullmap_molecule_5e,-10.107617378234863,7.205539103209068,7.384188150520881,7.280502677189875,7.041773423993588,7.307495414907054,7.013735849433946
tnks2_fullmap_molecule_5i,-12.078866958618164,7.132351467890996,7.399619461450129,7.200568191331288,6.915584833462449,7.295777258278748,6.850207594932366
tnks2_fullmap_molecule_5b,-10.474388122558594,7.193741474496525,7.435210748625609,7.222858629399502,6.936692917042636,7.354189513710926,7.019755563703953
tnks2_fullmap_molecule_5h,-10.04976749420166,7.076195647381932,7.228031537602433,7.171592111491118,6.8984072486138235,7.2770949376789416,6.805852401523342
tnks2_fullmap_molecule_5a,-10.75852870941162,7.169010478178079,7.326331844689725,7.332292615162782,6.937514897863324,7.32797255243342,6.920940480741146
tnks2_fullmap_molecule_5k,-10.963377952575684,7.222964978399238,7.4540622867027615,7.294397324178962,6.930708124155312,7.381088712845181,7.054568444113974
tnks2_fullmap_molecule_5p,-10.5032958984375,7.248016146904289,7.454533830268424,7.262675457868289,7.055931029399554,7.419364346396775,7.047576070588405
tnks2_fullmap_molecule_5j,-11.08442211151123,7.16842482922582,7.452587171594993,7.17661545199657,6.8917075278038675,7.329163861843266,6.992050132890407
tnks2_fullmap_molecule_5d,-10.8850679397583,7.19714809681098,7.42454890838912,7.261027425959174,6.894746037343433,7.362541244339042,7.0428768680241305
tnks2_fullmap_molecule_5m,-12.6889009475708,7.181173074757479,7.450123439885096,7.191344903959255,6.943845293357826,7.343116996659093,6.977434739926125
tnks2_fullmap_molecule_5n,-10.71462059020996,7.255487220849832,7.516770520661466,7.273337249457064,6.978675134574266,7.412691050850953,7.0959621487054125
tnks2_fullmap_molecule_5c,-9.960407257080078,7.195158581729368,7.387926175588236,7.251003186760962,7.0714600978252395,7.292486049496088,6.972917398976307
tnks2_fullmap_molecule_7,-8.396805763244629,7.222297073916513,7.446702038963549,7.269646938340909,7.019111620984877,7.330989210197273,7.045035561095957
tnks2_fullmap_molecule_8a_neutral,-10.805952072143556,7.3234100783275835,7.539860012428567,7.282312022121898,7.076750162213685,7.419221032648016,7.298907162225756
tnks2_fullmap_molecule_8b_neutral,-11.929967880249023,7.344381933812064,7.5787083940736375,7.2909480946031495,7.119402267068301,7.432858506236902,7.299992407078338
tnks2_fullmap_molecule_8c_adjust,-10.123006820678713,7.280144329822427,7.357644169686205,7.207086701383302,7.099939486886503,7.4909586918886095,7.245092599267513
tnks2_fullmap_molecule_8d,-12.489546775817873,7.281535886681111,7.511896355322575,7.157896749787526,7.047937812128164,7.455775505115336,7.234173011051952
tnks2_fullmap_molecule_8e_adjust_neutral,-10.24363613128662,7.307908936505216,7.369711399673128,7.24278608392167,7.151909482717513,7.463174840308569,7.311962875905199
tnks2_fullmap_molecule_8f_neutral,-11.811073303222656,7.278830613604413,7.368283366824117,7.206271300742466,7.112122443358911,7.432524459192007,7.27495149790456
tnks2_fullmap_molecule_8d_neutral_equitorial,-12.489546775817873,7.1149451505103345,7.501991770467434,6.970929970006869,6.445547592745032,7.40111300375508,7.255143415577261
tnks2_fullmap_molecule_8c_neutral_equitorial,-10.123006820678713,7.109116373858742,7.34589257951406,7.021936602219212,6.483683042437684,7.432814715733557,7.261254929389207
tnks2_fullmap_molecule_5o_adjust,-12.03799057006836,7.247374175011688,7.548777520394881,7.246724528494836,7.033209667836374,7.382235670234142,7.0259234880982016
tnks2_fullmap_molecule_8f,-11.811073303222656,7.331031649731758,7.555388637379863,7.147855966440366,7.156751516031482,7.48971116971912,7.305450959087959
tnks2_fullmap_molecule_8b,-11.929967880249023,7.3453808865145875,7.552078927610982,7.237920410173443,7.162796151782715,7.460382673748783,7.313726269257014
tnks2_fullmap_molecule_8e,-10.24363613128662,7.364373850540495,7.574301341944248,7.226253304247479,7.174228602818982,7.535950228910799,7.311135774780971
tnks2_fullmap_molecule_8a,-10.805952072143556,7.32746626727422,7.5086822134050895,7.25104177782455,7.116712860666346,7.470447569631932,7.290446914843181
cdk8_5cei_new_helix_loop_extra_molecule_43,-11.93795108795166,7.34429796776089,7.380637426752358,7.309259648076177,7.372086254519695,7.314359809626945,7.345146699829276
cdk8_5cei_new_helix_loop_extra_molecule_22,-10.28548812866211,7.152851907699199,7.108788631927705,7.323563777218818,7.290292135948721,7.006691353856576,7.034923639544176
cdk8_5cei_new_helix_loop_extra_molecule_30,-11.696293830871582,7.0619022826188855,7.07474265403229,7.120403072482423,6.958362813638964,7.02832422025033,7.127678652690417
cdk8_5cei_new_helix_loop_extra_molecule_21,-9.754467964172363,7.21808649256498,7.180686093556834,7.346177107589352,7.350302209749099,7.070605071254403,7.142661980675214
cdk8_5cei_new_helix_loop_extra_molecule_24,-10.344158172607422,7.066654262640846,6.862586814265733,7.2134366901214735,7.280436762381246,7.017385716273117,6.959425330162657
cdk8_5cei_new_helix_loop_extra_molecule_38,-11.391841888427734,7.136977298417463,7.0345388137865115,7.259751092244576,7.322547255781364,7.033226902056157,7.034822428218707
cdk8_5cei_new_helix_loop_extra_molecule_31,-11.93795108795166,7.027677934830706,7.115574342190595,7.083738774206929,6.833177386959745,6.986342439738235,7.1195567310580286
cdk8_5cei_new_helix_loop_extra_molecule_41,-11.283177375793455,7.117949669758518,7.0911330670726285,7.260721563616542,7.201419023474296,6.965594612320382,7.070880082308739
cdk8_5cei_new_helix_loop_extra_molecule_29,-9.256064414978027,7.11479670384742,7.024674995922498,7.325973058580205,7.148629598072806,7.024699407347451,7.050006459314139
cdk8_5cei_new_helix_loop_extra_molecule_26,-10.215289115905762,7.251966554412266,7.245652235873205,7.385469609422385,7.31794940862838,7.1329503149964495,7.177811203140909
cdk8_5cei_new_helix_loop_extra_molecule_20,-10.698603630065918,7.046513956229184,6.896806332095759,7.219898724387196,7.082877156485073,7.065955408967201,6.967032159210688
cdk8_5cei_new_helix_loop_extra_molecule_35,-11.524834632873535,6.99855218362391,6.954118804492233,7.186969133341594,6.892419125887491,6.971580763689807,6.987673090708429
cdk8_5cei_new_helix_loop_extra_molecule_40,-11.191304206848145,7.098261363795752,7.0423696418455375,7.236266574266992,7.2126114476497145,6.964497745455279,7.03556140976123
cdk8_5cei_new_helix_loop_extra_molecule_19,-10.737068176269531,7.073998001033493,6.8740119219986955,7.242360511957439,7.244159880243224,7.051850750013857,6.957606940954253
cdk8_5cei_new_helix_loop_extra_molecule_33,-11.111719131469728,7.047840805698646,6.972276481472113,7.215467626183247,7.101836784631494,6.96237063093716,6.987252505269222
cdk8_5cei_new_helix_loop_extra_molecule_27,-8.463898658752441,7.082994869715281,6.86474035838882,7.327036149879051,7.204447225353001,6.999957190290802,7.018793424664738
cdk8_5cei_new_helix_loop_extra_molecule_13,-11.283177375793455,6.486028879140721,6.5907086895828515,6.572091180401244,6.250548464518758,6.593261596516072,6.42353446468468
cdk8_5cei_new_helix_loop_extra_molecule_39,-11.524834632873535,7.054472307362701,7.00060996567223,7.093203458074571,7.2130136451260745,6.9411681147356274,7.024366353205001
cdk8_5cei_new_helix_loop_extra_molecule_32,-9.549580574035645,6.858202289604923,6.677293054120756,7.089035728147497,7.0023605335352235,6.790226742797746,6.732095389423388
cdk8_5cei_new_helix_loop_extra_molecule_37,-11.524834632873535,7.131599103207073,7.064276375994325,7.252439228693179,7.286051031737713,6.975343925115152,7.079884954494997
cdk8_5cei_new_helix_loop_extra_molecule_23,-9.01440715789795,7.188522904292682,7.173423429999395,7.362113525432567,7.212949332901806,7.086831269363372,7.107296963766276
cdk8_5cei_new_helix_loop_extra_molecule_15,-7.687934875488281,6.989334700634811,6.799999857886107,7.0046650278159115,7.063268586092855,7.1489569729197875,6.929783058459398
cdk8_5cei_new_helix_loop_extra_molecule_34,-11.191304206848145,7.063812506666855,6.839160138632867,7.28172232001961,7.266883925578382,6.997078921447545,6.934217227655873
cdk8_5cei_new_helix_loop_extra_molecule_25,-9.793952941894531,7.116032911145766,6.907395963960443,7.407657615135163,7.190687070793422,7.063825192785884,7.010598713053917
cdk8_5cei_new_helix_loop_extra_molecule_14,-8.337959289550781,6.1023455385552925,5.98262317309413,6.238768680948516,6.004681185487661,6.0433890312595615,6.242265621986593
cdk8_5cei_new_helix_loop_extra_molecule_36,-11.283177375793455,7.02168380540787,6.939280366098846,7.2358067929019905,7.086505085009191,6.892227936213461,6.954598846815864
cdk8_5cei_new_helix_loop_extra_molecule_18_flipped,-10.97872543334961,7.080364736080935,6.909198158558716,7.121985866313453,7.3048088741043555,7.115932331889183,6.94989844953897
cdk8_5cei_new_helix_loop_extra_molecule_16_flipped,-9.290130615234377,6.945227700079977,6.788304840759244,7.018920770981575,6.921845919142165,7.109127784279442,6.887939185237454
cdk8_5cei_new_helix_loop_extra_molecule_17_flipped,-8.992732048034668,7.128086386451267,6.881580558521838,7.267442888877206,7.351029213813721,7.1446984835292175,6.99568078751435
cdk8_5cei_new_helix_loop_extra_molecule_44_flipped,-11.524834632873535,6.855788215699522,6.82190596998723,6.969171064001197,6.685172260425692,6.956214476875002,6.846477307208492
cdk8_5cei_new_helix_loop_extra_molecule_45_flipped,-11.191304206848145,7.044523586061426,6.923367053899458,7.187542884201621,7.151563464546698,6.994748455297112,6.965396072362241
cdk8_5cei_new_helix_loop_extra_molecule_42_flipped,-11.524834632873535,6.93832097400995,7.015593127240499,6.93279319137312,6.769238441560789,6.98510405682096,6.988876053054385
urokinase_molecule_10302__1GJ7__no_water_pose_,-10.82235622406006,6.027725308122345,5.985184836688015,6.152341459352014,5.980133801472218,5.954128438323976,6.066838004775501
urokinase_molecule_11417__no_water_pose_,-10.5656099319458,5.911858366744264,5.998760722144274,6.007139483790831,5.7734816016376245,5.825572501262379,5.954337524886209
urokinase_molecule_7806__no_water_pose_,-8.651498794555664,6.1683955958049825,6.571398427104133,6.0953112392936255,5.953396418513096,6.046100080446018,6.175771813668041
urokinase_molecule_8696__no_water_pose_,-9.802173614501951,5.85586973662012,5.916998741045985,5.952587431212333,5.7500895534665215,5.785599788322006,5.874073169053753
scyt_dehyd_molecule_3d,-9.19326877593994,6.832232185543768,6.551436791429793,7.044749828138618,6.996235479149982,7.186009105182858,6.38272972381759
scyt_dehyd_molecule_8d,-10.628399848937988,6.702824256430565,6.3861533417403775,6.919111791316144,6.846188331425542,7.007835330942149,6.354832486728613
scyt_dehyd_molecule_2d,-13.481749534606934,6.735404092855282,6.4477632377281,6.9397410882045705,6.879231945679628,7.046499434828903,6.36378475783521
scyt_dehyd_molecule_4d,-15.34340000152588,6.820894872737043,6.517549614670361,7.027607697268243,6.990058077527096,7.0944969103489255,6.474762063870591
scyt_dehyd_molecule_5d,-13.253490447998049,6.628160149241191,6.2922033987767305,6.857449155023008,6.812720222707075,6.831507282982767,6.346920686716378
scyt_dehyd_molecule_6d,-9.405847549438477,6.719992947929808,6.40027712381266,6.943533873359578,6.875729838203778,7.036240369114294,6.344183535158725
scyt_dehyd_molecule_7d,-15.251520156860352,6.694128394770907,6.360744338548344,6.9090380222003915,6.8912362444303765,6.882646036969074,6.426977331706344
brd41_ASH106_molecule_cmpd_5__1-Butenyl_,-7.639999866485596,6.125752654511594,6.08260543624005,6.2419272543417,6.061531238831005,6.0989425985750625,6.143756744570146
brd41_ASH106_molecule_cmpd_2__methyl_,-9.59000015258789,5.89079034570769,5.74647872485879,6.076088107605319,5.662144525722291,5.890772133273834,6.078468237078214
brd41_ASH106_molecule_cmpd_3__Allyl_,-7.090000152587891,6.105213051111084,6.090762397681639,6.202760907928741,6.044180845620866,6.070846568671649,6.117514535652528
brd41_ASH106_molecule_cmpd_9__methoxyethyl_,-7.21999979019165,6.120375426861816,5.97423331824749,6.334409480608001,6.019052826835369,6.071433895827913,6.202747612790308
brd41_ASH106_molecule_cmpd_6__ethyl_,-8.59000015258789,6.045251394036184,5.899866154275758,6.238715266982922,5.958555481232283,5.9914843331617424,6.13763573452821
brd41_ASH106_molecule_cmpd_8__n-Butyl_,-7.659999847412109,6.126964002448519,5.982443038833862,6.357413586774026,5.994894440740356,6.089312855659229,6.210756090235118
brd41_ASH106_molecule_cmpd_7__n-propyl_,-7.019999980926514,6.082738885159335,5.92458790540261,6.300556549992998,5.998273592427138,6.022441256486681,6.167835121487251
brd41_ASH106_molecule_cmpd_4__Crotyl_,-8.640000343322754,6.2206424990671305,6.201224201500897,6.392034304412633,6.10664768533611,6.189726757809407,6.213579546276607
hsp90_woodhead_molecule_4,-8.930000305175781,6.279918139011709,6.469746794280477,6.331217325065347,6.075186775921912,6.2378386556540875,6.285601144136724
hsp90_woodhead_molecule_1,-12.720000267028809,6.298897801389179,6.549872826374292,6.359093215600174,6.082365406379768,6.215849830428075,6.287307728163587
hsp90_woodhead_molecule_3,-8.079999923706055,6.2049512562185445,6.205638846934027,6.2355043305268145,6.162634151985365,6.163289380659466,6.257689570987045
hsp90_woodhead_molecule_2,-10.739999771118164,6.306954001014896,6.563596682519093,6.3242588964332525,6.040223835169278,6.26769048822164,6.339000102731218
throm_nozob_hip75_molecule_2d_pose_2,-6.630871772766113,6.779342178018797,6.550844135579098,6.870556508978289,7.046373689898197,6.824691867457333,6.604244688181068
throm_nozob_hip75_molecule_2c_pose_2,-7.285645008087158,6.612842490698934,6.581173676537465,6.629423478490165,6.503568781988596,6.715836573447148,6.634209943031292
throm_nozob_hip75_molecule_7b,-7.409305095672607,6.923107214750848,6.650384875264563,6.935316972437993,7.166084290231672,7.054894351854004,6.808855583966012
throm_nozob_hip75_molecule_7c_pose_1,-8.008489608764648,6.941906767480333,6.661364559810482,6.974057118771914,7.178002752348948,7.069580857020341,6.8265285494499786
throm_nozob_hip75_molecule_7f,-6.122768878936768,6.7507534107339,6.636923521920553,6.701092303033958,6.720023414733732,6.930969552852315,6.764758261128942
throm_nozob_hip75_molecule_2b_pose_1,-7.285645008087158,6.882359651992789,6.625315812668288,6.924139442576816,7.075444344727047,6.905449952127863,6.881448707863928
throm_nozob_hip75_molecule_1a_pose_2,-7.409305095672607,6.882080327058991,6.643951348914926,6.924118837288113,7.0995418290350685,6.972607924772904,6.770181695283944
throm_nozob_hip75_molecule_7e_pose_1,-5.654734134674072,6.756827962131945,6.728815551482999,6.698376717408449,6.66031371630065,6.894196456541347,6.80243736892628
throm_nozob_hip75_molecule_6a_pose_1,-9.910837173461914,7.019224770984669,6.730774459159437,7.035389665164324,7.243222881398844,7.1855524613240735,6.901184387876666
throm_nozob_hip75_molecule_5,-6.793628215789795,6.842932340328791,6.580032971716932,6.896970444854757,7.071046570486722,6.955169060476613,6.71144265410893
throm_nozob_hip75_molecule_1c_pose_2,-8.579615592956543,6.87473645994861,6.620745100500949,6.940380270535031,7.123272393581938,6.950568836315483,6.738715698809653
throm_nozob_hip75_molecule_2a_pose_2,-6.616480827331543,6.939865186222491,6.627745985776179,7.054338892051166,7.136788969271195,7.062650093713303,6.817801990300611
throm_nozob_hip75_molecule_7a_pose_2,-7.624663829803467,7.073992662560675,6.859971693384579,7.192648503880832,7.183242811144306,7.083130269487132,7.050970034906526
throm_nozob_hip75_molecule_3b_pose_1,-7.254891872406006,6.95812607951264,6.693471643147393,7.046121533836739,7.132594873528026,6.993595848651667,6.9248464983993765
throm_nozob_hip75_molecule_6d_pose_2,-8.73290729522705,6.89494528046396,6.679901975154507,6.923325697763096,7.003408078253117,7.022966553661069,6.845124097488009
throm_nozob_hip75_molecule_6c_pose_1,-9.01440715789795,7.008688542301679,6.761740994821801,7.020047611752903,7.231025162643581,7.120239130349026,6.910389811941088
throm_nozob_hip75_molecule_3a_xtal_pose,-8.120434761047363,6.936941237425563,6.682182242692424,7.054133738955365,7.11147132286856,6.95122120504167,6.885697677569796
throm_nozob_hip75_molecule_1b_pose_2,-9.256064414978027,6.923134419239817,6.641540308394331,6.969038796773501,7.163154710058567,7.039817888655364,6.802120392317319
throm_nozob_hip75_molecule_6b_pose_2,-9.03689956665039,7.056415662194551,6.796005125470305,7.117953175420096,7.211983933430468,7.131120031659587,7.025016044992296
throm_nozob_hip75_molecule_6e_pose_1,-8.647159576416016,7.006880818497682,6.748115555096284,7.021241048644619,7.21965776650465,7.163168178115729,6.882221544127125
throm_nozob_hip75_molecule_1d_pose_2,-8.601290702819824,6.872175346718807,6.626609552782852,6.932315855551408,7.121512635257062,6.953151545302772,6.727287144699939
taf12_molecule_cmpd_5__1-Butenyl_,-10.0,6.667566824796138,6.555260975056637,6.887878394260817,6.614762075211232,6.613724471235067,6.666208208216942
taf12_molecule_cmpd_2__methyl_,-9.859999656677246,6.457977559368206,6.183660862476386,6.688429046387686,6.423434616856664,6.4124293929763345,6.581933878143957
taf12_molecule_cmpd_3__Allyl_,-8.34000015258789,6.601737768235809,6.4287774304528735,6.829224611745645,6.579058961271991,6.550211805400709,6.621416032307827
taf12_molecule_cmpd_9__methoxyethyl_,-7.690000057220459,6.627398987538032,6.38756451455491,6.837805065919716,6.686238581437926,6.60176347503459,6.623623300743013
taf12_molecule_cmpd_6__ethyl_,-8.529999732971191,6.52580142356355,6.237157706937044,6.7368948099229256,6.592316455272236,6.489033555773084,6.5736045899124615
taf12_molecule_cmpd_8__n-Butyl_,-8.279999732971191,6.624525911092239,6.358790143678108,6.883028295578794,6.664138285538115,6.588485697961002,6.628187132705175
taf12_molecule_cmpd_7__n-propyl_,-8.119999885559082,6.590305495510525,6.352476498370081,6.8146965632107115,6.632922830131241,6.5512964939510345,6.600135091889555
taf12_molecule_cmpd_4__Crotyl_,-8.710000038146973,6.624013592819781,6.471897647043226,6.802422015725006,6.6394987248031585,6.596603860858729,6.609645715668787
chk1_molecule_21__Xtal_,-13.06863021850586,6.307647592907097,6.546112619546605,6.2179119878704014,6.127378694230781,6.551830046584981,6.095004616302714
chk1_molecule_22,-13.06863021850586,6.287630166317216,6.472256918704119,6.229777828734969,6.120913969007899,6.528003598372817,6.087198516766277
chk1_molecule_24_pose_2,-13.177300453186035,6.217729745953684,6.224775111320713,6.076947125622489,6.126067045828929,6.501153578066281,6.159705868930007
chk1_molecule_14_docked,-10.870059967041016,6.739230649665151,6.825676344647559,6.526484165524319,6.993284263195826,6.924045820863388,6.426662654094666
chk1_molecule_18_docked,-9.549579620361328,6.734621331344331,6.7769766234414,6.569350359619071,7.061575403271218,6.9214242818783625,6.343779988511609
chk1_molecule_13_docked,-9.920853614807127,6.609940457198848,6.566064983228298,6.387524585970197,6.966386064546205,6.893701359987495,6.236025292262042
chk1_molecule_20,-10.082300186157228,6.516516670915946,6.658518292618476,6.351693569130992,6.618626117021425,6.65447918983233,6.299266185976511
chk1_molecule_12_docked,-8.612431526184082,6.867487719301169,6.753600657726868,6.638825970461446,7.355287154452859,7.105835951190403,6.483888862674269
chk1_molecule_16_docked,-11.781579971313477,6.872388692414027,6.997764195476295,6.775262430768229,7.150257639319063,7.015008586297374,6.423650610209174
chk1_molecule_19,-10.249360084533691,6.857212199174119,6.946556922972158,6.766023332319491,7.194714939564506,7.008011743803128,6.370754057211312
chk1_molecule_17_torsion_adjust,-10.323949813842772,7.016137890563445,7.119628660377295,6.86670523962341,7.292292034280734,7.152698070270668,6.649365448265115
chk1_molecule_15_docked,-10.043829917907717,6.7166484445181265,6.811804974985615,6.501506146142595,6.999537576497155,6.913056029134171,6.357337495831095
chk1_molecule_11_docked,-10.978730201721191,6.706634221420967,6.7935243431276255,6.476782716345653,6.971682269850378,6.9352081159662875,6.35597366181489
hsp90_kung_molecule_cmpd_16,-10.329999923706056,6.304643553830393,6.222725460445504,6.187538336457795,6.7469382200696,6.371962016555404,5.9940537356236625
hsp90_kung_molecule_cmpd_9,-7.920000076293945,6.324923924670739,6.3801281448480855,6.107012888060346,6.697702290829317,6.34434762876071,6.095428670855236
hsp90_kung_molecule_cmpd_13,-10.149999618530272,6.372984321528033,6.469731022421234,6.164025649968087,6.706258463774172,6.363428106865676,6.161478364610996
hsp90_kung_molecule_cmpd_14,-7.820000171661377,6.368332927904087,6.407323752105616,6.101098848176853,6.863756275361883,6.409816926479125,6.059668837396956
hsp90_kung_molecule_cmpd_15,-9.609999656677246,6.20358953221826,6.095497368009526,6.039944464531096,6.763724487825516,6.280658066465804,5.838123274259357
hsp90_kung_molecule_cmpd_7,-9.40999984741211,6.065964112752101,6.073106181959225,5.7375482433023075,6.510776959566648,6.111884694396213,5.896504484536111
hsp90_kung_molecule_cmpd_17,-10.739999771118164,6.31521585132395,6.246056858371763,6.231941642311699,6.7410339436875715,6.380746004307335,5.976300807941381
hsp90_kung_molecule_cmpd_11,-9.1899995803833,6.25809789503118,6.34904575656985,5.973697284742326,6.710333879472498,6.25987495234923,5.997537602021998
hsp90_kung_molecule_cmpd_12,-9.1899995803833,6.266038511652183,6.341537834267432,6.002442449092232,6.734986700674902,6.25853339747171,5.992692176754641
hsp90_kung_molecule_cmpd_10,-9.1899995803833,6.388080954014514,6.422445250546015,6.0854736895669665,6.86203856503847,6.494470913057259,6.075976351863861
hsp90_kung_molecule_cmpd_8,-6.860000133514404,5.97594783390554,6.022780769500109,5.610653026276514,6.262897608241743,6.028710232464527,5.954697533044808
