unique_id,dg_exp,preds,preds_1,preds_2,preds_3,preds_4,preds_5,preds_6,preds_7,preds_8,preds_9,preds_10
wagner_brd4_molecule_61a,-12.0,7.042282,7.170244,7.0090394,7.0272546,7.046862,6.9652123,7.304638,6.9366355,7.183453,6.9064307,6.873057
wagner_brd4_molecule_25e,-11.300000190734863,7.626668,7.559367,7.543087,7.621138,7.613542,7.587603,7.678188,7.63554,7.6064687,7.7000923,7.7216477
wagner_brd4_molecule_11,-8.199999809265137,6.5443077,6.5149775,6.3717065,6.716236,6.534533,6.690115,6.76026,6.4215145,6.4301534,6.644555,6.35903
ftase_extraligs_custcore_stereo_molecule_lig_2__deprot,-12.40999984741211,5.6598163,5.648401,5.564311,5.7238946,5.6299906,5.5838013,5.7361617,5.5823836,5.782189,5.7330856,5.613944
ftase_extraligs_custcore_stereo_molecule_lig_66__deprot,-12.289999961853027,5.218292,5.284237,5.114036,5.1109886,5.164658,5.1868424,5.3992887,5.153702,5.2851686,5.3062773,5.1777244
ftase_extraligs_custcore_stereo_molecule_lig_68__deprot,-12.109999656677246,5.2289104,5.301809,5.1241164,5.127897,5.1600895,5.2060657,5.4222875,5.156136,5.2684155,5.333524,5.1887655
ftase_extraligs_custcore_stereo_molecule_lig_51_stereo,-11.399999618530272,5.3983855,5.5056467,5.3172855,5.3378396,5.3353486,5.343949,5.492767,5.3119545,5.385374,5.5475054,5.4061832
ftase_extraligs_custcore_stereo_molecule_lig_49_stereo,-11.600000381469728,5.396039,5.510221,5.3076143,5.335094,5.330081,5.3395233,5.4905047,5.3173895,5.3792143,5.5532913,5.397457
ptp1b_molecule_23477,-8.850000381469727,6.0666347,6.1206503,6.13043,5.9555926,6.2452374,6.105576,6.0285196,6.1034036,6.045102,5.9008985,6.0309377
ptp1b_molecule_23484,-7.75,6.2190943,6.2602587,6.0556016,6.2259436,6.3594313,6.2912126,6.2196746,6.2426624,6.1846147,6.118938,6.2326064
ptp1b_molecule_23467,-7.340000152587891,5.882063,5.889436,6.0010204,5.8575273,6.004805,5.879779,5.865332,5.8516545,5.853453,5.832055,5.785568
ptp1b_molecule_20667,-11.420000076293944,6.304154,6.3034935,6.0835686,6.329009,6.476399,6.285377,6.2382736,6.3496685,6.322934,6.167336,6.485478
ptp1b_molecule_23469,-7.71999979019165,5.759521,5.8931413,5.758439,5.686969,5.7880588,5.7244744,5.655231,5.7457886,5.7581096,5.762672,5.822328
ptp1b_molecule_23483,-9.869999885559082,6.299019,6.439375,6.198238,6.2772737,6.450874,6.258296,6.17309,6.3687773,6.2704988,6.1715994,6.382165
ptp1b_molecule_23480,-8.720000267028809,6.3131495,6.267238,6.2817817,6.3784,6.4648404,6.4017835,6.2338085,6.297443,6.314709,6.1592426,6.3322463
ptp1b_molecule_23474,-9.109999656677246,5.9608703,6.027251,6.041114,5.8844376,6.052339,5.959617,5.947827,6.008281,5.9695816,5.7083673,6.0098867
ptp1b_molecule_23473,-8.390000343322754,5.871579,5.914107,5.9036365,5.850924,5.8999014,5.835164,5.7761846,5.874088,5.817103,5.926679,5.918004
ptp1b_molecule_23471,-7.75,5.896716,5.9969134,6.0712237,5.8390207,5.9898286,5.895449,5.817943,5.862938,5.919892,5.7387457,5.8352003
ptp1b_molecule_20669,-8.609999656677246,5.807923,5.9526806,5.762418,5.757916,5.825043,5.776539,5.7450333,5.8711653,5.7203484,5.796547,5.8715377
ptp1b_molecule_23476,-9.40999984741211,5.8577323,5.8652406,5.9057083,5.75918,6.0138826,5.914512,5.869268,5.8754787,5.86535,5.682472,5.8262334
ptp1b_molecule_23466,-7.849999904632568,5.7064953,5.754326,5.823565,5.702008,5.8186994,5.714788,5.679779,5.664933,5.676102,5.6108904,5.61986
ptp1b_molecule_23472,-8.649999618530273,6.0636954,6.168836,6.066203,6.0938807,6.1214705,6.092691,5.959617,5.999545,6.039918,6.0192027,6.075591
ptp1b_molecule_23482,-10.010000228881836,6.261461,6.2704515,6.1685863,6.274146,6.45625,6.312457,6.1922083,6.2734113,6.2960353,6.1107764,6.260289
ptp1b_molecule_23486,-12.470000267028809,6.4664574,6.5260878,6.274226,6.4718943,6.6254983,6.4977307,6.4681706,6.428073,6.431241,6.3490725,6.5925803
ptp1b_molecule_23470,-7.71999979019165,5.9033484,6.026323,6.003071,5.8896685,6.0217996,5.865628,5.801465,5.8822546,5.889952,5.731835,5.9214873
ptp1b_molecule_23468,-7.75,5.941349,6.140363,6.058454,6.012186,5.945295,5.9087334,5.8435683,5.879096,5.9829783,5.697062,5.945751
ptp1b_molecule_23485,-11.010000228881836,6.459648,6.4381833,6.226901,6.459426,6.598183,6.4127073,6.46233,6.5382357,6.439691,6.3536634,6.667164
ptp1b_molecule_23330,-10.130000114440918,6.044486,6.136225,6.1037803,5.875568,6.209045,6.075495,6.002727,6.0688577,6.0235276,5.858665,6.0909643
ptp1b_molecule_20670,-9.079999923706056,5.9148407,5.953831,5.945731,5.828435,6.0536075,5.949601,5.9184623,5.937431,5.9221153,5.7395825,5.89961
ptp1b_molecule_23479,-9.140000343322754,6.230413,6.2412577,6.1571355,6.2683477,6.413038,6.287474,6.138701,6.260738,6.2470775,6.0098357,6.2805247
ptp1b_molecule_23475,-8.720000267028809,5.8973436,5.9295573,5.9435067,5.8141165,6.03346,5.912932,5.8983784,5.9229755,5.9044876,5.733574,5.880447
mcl1_extra_flips_molecule_23,-8.829999924,5.957392,6.0965633,5.946881,5.92753,6.029269,5.980655,5.9046288,5.879975,5.939112,5.9230633,5.9462414
mcl1_extra_flips_molecule_26,-8.239999771,6.010989,6.1316257,6.0253816,5.898225,6.06858,6.08304,5.955984,5.947144,5.949828,6.052426,5.997657
mcl1_extra_flips_molecule_27,-6.119999886,5.583468,5.6607585,5.5736303,5.5185633,5.542336,5.6674433,5.5127497,5.7062583,5.6057935,5.5291176,5.5180273
mcl1_extra_flips_molecule_28,-6.619999886,5.888976,5.93368,5.8544865,5.863998,5.822911,5.9721146,5.8471084,5.995618,5.8175645,5.813321,5.968955
mcl1_extra_flips_molecule_29,-6.940000057,5.72381,5.835288,5.733199,5.686334,5.6395435,5.7949176,5.738287,5.778857,5.6459203,5.6513495,5.734404
mcl1_extra_flips_molecule_30_flip,-7.849999905,5.703246,5.767924,5.6985846,5.722742,5.6573186,5.8360887,5.632873,5.7797647,5.6500907,5.63706,5.6500154
mcl1_extra_flips_molecule_31,-7.920000076,5.683647,5.728572,5.6976223,5.6342473,5.600802,5.775448,5.669802,5.7607794,5.629634,5.632769,5.7067933
mcl1_extra_flips_molecule_32,-6.579999924,5.700021,5.7574787,5.6663127,5.721932,5.6199975,5.80984,5.6778913,5.775539,5.667682,5.6398997,5.663636
mcl1_extra_flips_molecule_33,-6.880000114,5.678848,5.7122245,5.68197,5.7418933,5.6000524,5.744315,5.6666737,5.73009,5.6223884,5.651847,5.6370244
mcl1_extra_flips_molecule_34,-6.869999886,5.6956477,5.7342143,5.707277,5.6857066,5.587851,5.7643175,5.692943,5.785964,5.6468334,5.6440387,5.707333
mcl1_extra_flips_molecule_35,-8.81000042,6.03627,5.9870186,6.111011,6.0871577,6.0411077,6.1196895,6.0044727,6.021528,5.9886737,6.011675,5.9903636
mcl1_extra_flips_molecule_36,-8.180000305,6.2225695,6.1869884,6.257904,6.225338,6.3197713,6.272318,6.250758,6.2151484,6.0898166,6.2488465,6.158806
mcl1_extra_flips_molecule_37,-8.949999809,6.1153092,6.204727,6.1294765,6.064969,6.038453,6.0952086,6.0831323,6.100347,6.111121,6.1612206,6.164436
mcl1_extra_flips_molecule_38_flip,-7.019999981,5.9294524,6.0215335,5.918291,5.819417,6.0152893,5.9164934,5.887616,5.877479,5.9630466,5.922549,5.95281
mcl1_extra_flips_molecule_39,-7.03000021,5.868973,5.969271,5.8259716,5.811619,5.9653077,5.8978596,5.817344,5.83832,5.863886,5.8481317,5.8520155
mcl1_extra_flips_molecule_40_flip,-7.25,6.045345,6.1003294,6.052127,5.9671297,6.148546,5.9914575,5.988906,5.9656005,6.0375333,6.113427,6.0883956
mcl1_extra_flips_molecule_41_flip,-7.130000114,6.002577,6.1116138,5.9202065,5.9245763,6.1051354,6.014968,5.9940968,5.932603,5.948704,6.035536,6.038326
mcl1_extra_flips_molecule_42,-8.899999619,5.8987055,6.0777073,5.915457,5.7806563,5.932864,5.9749637,5.8460283,5.810246,5.8426056,5.9004254,5.9061007
mcl1_extra_flips_molecule_43_flip,-7.03000021,5.8181577,5.8547826,5.784391,5.7792478,5.881573,5.9061594,5.7826333,5.8068533,5.800738,5.805339,5.779853
mcl1_extra_flips_molecule_44,-8.670000076,6.257734,6.292769,6.3177686,6.153319,6.23257,6.296813,6.24275,6.2723827,6.243485,6.2773275,6.2481546
mcl1_extra_flips_molecule_45,-8.949999809,6.146386,6.0668373,6.1534104,6.0106435,6.10581,6.2525277,6.103163,6.276023,6.164603,6.138149,6.19269
mcl1_extra_flips_molecule_46_flip,-7.599999905,6.097333,6.0604634,6.033462,6.116132,6.2308908,6.123215,6.0264254,6.1772103,6.121146,6.08504,5.9993386
mcl1_extra_flips_molecule_47_flip,-5.78000021,5.8295236,5.883809,5.836953,5.7943397,5.869296,5.8558607,5.852294,5.7896914,5.80359,5.8298187,5.7795815
mcl1_extra_flips_molecule_48_flip,-6.659999847,5.8019075,5.79934,5.841965,5.790693,5.776987,5.7961044,5.7603064,5.8061085,5.844164,5.835865,5.7675395
mcl1_extra_flips_molecule_49,-8.359999657,6.486457,6.4696865,6.5191817,6.485345,6.4364395,6.543123,6.4534144,6.506998,6.523052,6.471133,6.4561963
mcl1_extra_flips_molecule_50,-9.329999924,6.8321447,6.9219613,6.914882,6.8018103,6.7992797,6.805925,6.793736,6.7957664,6.8322344,6.8877707,6.7680817
mcl1_extra_flips_molecule_51,-8.449999809,6.438151,6.410006,6.528775,6.4149256,6.406003,6.4695716,6.362704,6.3802037,6.476679,6.5322194,6.4004207
mcl1_extra_flips_molecule_52,-9.229999542,6.3665595,6.2933493,6.332054,6.3954225,6.4012446,6.393151,6.313275,6.410642,6.3949904,6.3675485,6.36392
mcl1_extra_flips_molecule_53,-9.960000038,6.7642264,6.858547,6.856966,6.8012047,6.6880913,6.762239,6.714857,6.6887517,6.74481,6.8014812,6.7253165
mcl1_extra_flips_molecule_54,-9.779999733,6.315366,6.257547,6.381743,6.252936,6.301671,6.348758,6.297956,6.3266664,6.361769,6.3542247,6.2703857
mcl1_extra_flips_molecule_56,-9.260000229,6.2368317,6.3174853,6.161902,6.167874,6.1900964,6.3025646,6.1911764,6.2085876,6.2559886,6.2879925,6.284651
mcl1_extra_flips_molecule_57,-9.039999962,5.9841957,6.1035905,5.951808,5.8993206,5.9919286,6.1058774,5.952791,5.9288154,5.9611535,5.983089,5.96358
mcl1_extra_flips_molecule_58,-9.409999847,6.971612,6.995601,6.9465733,7.026282,6.953341,7.0388293,6.9479656,6.863526,6.9158416,7.079721,6.948439
mcl1_extra_flips_molecule_60,-8.920000076,6.145052,6.233646,6.135721,6.1119423,6.1034284,6.13481,6.115594,6.090812,6.1195145,6.206477,6.1985717
mcl1_extra_flips_molecule_61,-8.079999924,6.8109603,6.8573294,6.782517,6.723391,6.80823,6.821454,6.792211,6.7755194,6.795197,6.974909,6.7788434
mcl1_extra_flips_molecule_62,-7.960000038,6.3650064,6.3361244,6.4140687,6.3362465,6.360184,6.415173,6.321233,6.3346486,6.3877215,6.4235926,6.3210716
mcl1_extra_flips_molecule_63,-9.06000042,6.950915,6.9729414,6.987639,6.9865403,6.8774066,7.0257697,6.9574795,6.8567233,6.9027767,7.028811,6.9130597
mcl1_extra_flips_molecule_64,-9.5,6.365267,6.3155646,6.3904715,6.3787374,6.413802,6.3817673,6.370559,6.38186,6.352469,6.3907523,6.276686
mcl1_extra_flips_molecule_65,-8.409999847,6.8134027,6.882857,6.8678083,6.8801603,6.763428,6.793424,6.786898,6.69494,6.751431,6.910417,6.8026643
mcl1_extra_flips_molecule_66,-8.430000305,5.991106,6.012208,5.967373,6.0024962,5.9945283,6.034499,5.9218574,5.9504147,5.9946976,6.0434537,5.989532
mcl1_extra_flips_molecule_67,-7.579999924,6.266534,6.318697,6.286066,6.2032995,6.2114596,6.277986,6.2307706,6.2841215,6.23745,6.3381,6.2773895
mcl1_extra_flips_molecule_68,-7.690000057,6.3637953,6.257345,6.4380937,6.345883,6.349113,6.399378,6.370583,6.3713374,6.402124,6.398463,6.3056293
cdk2_molecule_17,-7.039999961853027,6.4126754,6.614249,6.412498,6.395653,6.3215933,6.2961354,6.6681156,6.301141,6.393162,6.4807777,6.2434325
cdk2_molecule_28,-11.109999656677246,6.7578683,6.854044,6.7647977,6.8949485,6.7061114,6.7630725,6.905819,6.6042233,6.7326407,6.830295,6.5227284
cdk2_molecule_22,-7.860000133514404,6.684059,6.838519,6.728151,6.750466,6.6354213,6.598441,6.928043,6.474752,6.646746,6.7065706,6.5334845
cdk2_molecule_30,-9.8100004196167,6.6978846,6.8220205,6.754046,6.8064275,6.613778,6.6808257,6.884141,6.5371575,6.6555767,6.775167,6.449702
cdk2_molecule_1h1r,-7.670000076293945,6.527944,6.7044644,6.5361958,6.4888854,6.42513,6.4627237,6.6816616,6.4567375,6.5262575,6.6074786,6.389906
cdk2_molecule_1h1s,-11.25,6.704853,6.825161,6.7320933,6.805244,6.649229,6.697817,6.880758,6.5469933,6.6764984,6.813462,6.4212756
cdk2_molecule_21,-7.829999923706055,6.718137,6.9648595,6.7138796,6.7289987,6.617628,6.7948837,6.8991904,6.58843,6.653645,6.6985836,6.521265
cdk2_molecule_1oiy,-9.789999961853027,6.4452376,6.627488,6.4711957,6.4514513,6.4146156,6.4040656,6.6947975,6.2563143,6.410843,6.556444,6.165159
cdk2_molecule_1oiu,-9.079999923706056,6.496047,6.6915383,6.50807,6.5590224,6.3870206,6.5067134,6.708178,6.42998,6.439528,6.4954867,6.2349353
cdk2_molecule_31,-9.539999961853027,6.5615144,6.7180448,6.569578,6.6418514,6.516215,6.5322056,6.7650523,6.431181,6.453498,6.6436014,6.3439207
cdk2_molecule_29,-9.880000114440918,6.7639503,6.95882,6.71298,6.9170885,6.6650195,6.889145,6.883026,6.5894775,6.7263265,6.809131,6.4884896
cdk2_molecule_26,-8.430000305175781,6.7875695,6.9791827,6.8004007,6.7408304,6.7304635,6.8051467,6.9436707,6.6361027,6.750871,6.834225,6.6548004
cdk2_molecule_1oi9,-9.739999771118164,6.670718,6.8364077,6.7772574,6.6783223,6.5649347,6.7241697,6.9108872,6.4611,6.5976443,6.7187777,6.437686
cdk2_molecule_20,-8.720000267028809,6.6698656,6.8544207,6.717807,6.685286,6.5151086,6.8060474,6.914473,6.500703,6.5770206,6.6996813,6.42811
cdk2_molecule_32,-9.75,7.338893,7.552162,7.3357196,7.45915,7.230963,7.3533926,7.255853,7.2009144,7.305606,7.2976456,7.397524
cdk2_molecule_1h1q,-8.180000305175781,6.276338,6.3843217,6.2889457,6.3154235,6.1437607,6.160793,6.462799,6.2330265,6.293145,6.3495965,6.131564
jnk1_manual_flips_molecule_18626-1,-8.869999885559082,6.105506,6.1989355,5.8668866,6.189752,6.0864716,6.1111465,6.154317,6.0365047,6.1127534,6.0765724,6.2217216
jnk1_manual_flips_molecule_18628-1_flip,-8.699999809265137,6.206828,6.2814627,5.90776,6.322571,6.2079034,6.208727,6.2958026,6.1271014,6.190846,6.2724786,6.2536235
jnk1_manual_flips_molecule_18629-1,-8.670000076293945,6.124887,6.183736,5.9220867,6.2221746,6.150207,6.090991,6.1173353,6.0539994,6.157165,6.1546755,6.1965036
jnk1_manual_flips_molecule_18636-1,-7.510000228881836,6.3413343,6.3879466,6.175136,6.389835,6.326094,6.3778524,6.4763966,6.206713,6.3640943,6.352614,6.3566613
jnk1_manual_flips_molecule_17124-1,-9.68000030517578,6.807185,6.8652105,6.6407166,6.833184,6.803187,6.8391943,6.881241,6.6780543,6.813969,6.840246,6.876846
jnk1_manual_flips_molecule_18627-1,-8.479999542236328,6.0991306,6.23324,5.9417243,6.133508,6.0927463,6.1097894,6.1898584,5.9049983,6.0830927,6.0901423,6.2122087
jnk1_manual_flips_molecule_18638-1,-10.09000015258789,6.9507127,7.0190706,6.8150597,6.9400916,6.9058466,6.973323,7.03828,6.8290052,6.9480767,7.0359874,7.002386
jnk1_manual_flips_molecule_18659-1,-9.470000267028809,6.582835,6.624893,6.452943,6.683459,6.602245,6.4804115,6.7613792,6.436182,6.589385,6.638293,6.559161
jnk1_manual_flips_molecule_18639-1,-9.739999771118164,6.8720727,6.9515185,6.7173843,6.861207,6.8424344,6.8834457,6.9433594,6.7688823,6.9018297,6.919906,6.930759
jnk1_manual_flips_molecule_18634-1,-9.989999771118164,6.407509,6.4522476,6.1989174,6.453487,6.4255958,6.3398395,6.5790906,6.2554135,6.485344,6.4613795,6.4237723
jnk1_manual_flips_molecule_18630-1,-9.140000343322754,6.025827,6.1702313,5.8163147,6.0735583,6.0247216,5.938099,6.060347,5.9311333,5.999895,6.099354,6.1446176
jnk1_manual_flips_molecule_18637-1,-10.140000343322754,6.8858337,6.9578285,6.7387805,6.873792,6.8555393,6.895481,6.967558,6.7636814,6.90246,6.95275,6.9504642
jnk1_manual_flips_molecule_18658-1,-9.699999809265137,6.469995,6.461735,6.3570447,6.5071225,6.508784,6.3859696,6.6304827,6.328172,6.531657,6.504208,6.484779
jnk1_manual_flips_molecule_18632-1,-9.079999923706056,6.0827875,6.107192,5.886506,6.1721935,6.121743,6.0610275,6.1081023,6.0201964,6.146593,6.0474176,6.1569033
jnk1_manual_flips_molecule_18633-1,-9.170000076293944,6.033133,6.1675014,5.7955832,6.0438747,6.0137243,5.9130034,6.120524,5.927701,6.0383177,6.1295056,6.181596
jnk1_manual_flips_molecule_18635-1,-7.289999961853027,6.4541717,6.5191946,6.2262206,6.5416865,6.452286,6.5232835,6.5662274,6.3101416,6.4590573,6.5068307,6.436789
jnk1_manual_flips_molecule_18631-1,-9.40999984741211,6.1578107,6.2247667,5.9439974,6.237405,6.1158466,6.072195,6.179263,6.1561327,6.2195606,6.2050633,6.223878
jnk1_manual_flips_molecule_18660-1,-8.699999809265137,6.7794876,6.7927017,6.71696,6.9048343,6.7612305,6.682497,6.909965,6.692248,6.780016,6.843518,6.710902
jnk1_manual_flips_molecule_18625-1,-8.109999656677246,6.2262497,6.2880964,6.0679836,6.2907486,6.2381806,6.226727,6.304918,6.110172,6.2677913,6.21467,6.253214
jnk1_manual_flips_molecule_18624-1,-8.489999771118164,5.910377,6.08474,5.7598124,5.9912243,5.8943305,5.8298993,5.89347,5.84792,5.9064097,5.9186387,5.977323
jnk1_manual_flips_molecule_18652-1,-10.68000030517578,7.0113745,7.014544,6.814881,7.0680995,6.8953166,7.0387177,7.089249,7.000989,7.037235,7.1012273,7.0534883
thrombin_core_molecule_6a,-9.18000030517578,6.4103727,6.298194,6.216329,6.512529,6.258511,6.525569,6.529322,6.53591,6.4616494,6.393146,6.372566
thrombin_core_molecule_3a,-8.319999694824219,6.2219186,6.269409,6.1876974,6.1573663,6.2197704,6.130493,6.3174224,6.2931705,6.193107,6.282134,6.168615
thrombin_core_molecule_1d,-8.25,6.1459174,6.0805483,6.030126,6.1409483,6.020181,6.193371,6.252823,6.278834,6.2102623,6.1658406,6.086244
thrombin_core_molecule_6e,-8.90999984741211,6.4083967,6.3181806,6.270126,6.483708,6.295352,6.4823475,6.473003,6.5347915,6.4507957,6.433963,6.341705
thrombin_core_molecule_6b,-8.890000343322754,6.5053506,6.4002337,6.3277864,6.5688486,6.453493,6.603605,6.5369506,6.603266,6.577707,6.4829116,6.498704
thrombin_core_molecule_1b,-8.460000038146973,6.3282065,6.2790084,6.205088,6.3603225,6.2314577,6.4153886,6.436591,6.3509984,6.3765483,6.35905,6.2676105
thrombin_core_molecule_1a,-7.480000019073486,6.046954,6.027126,5.9589972,5.9752955,6.0060925,6.02359,6.1452746,6.1852303,6.0790105,6.1285853,5.940343
thrombin_core_molecule_5,-7.579999923706055,5.866178,5.930272,5.7661285,5.7906284,5.8594303,5.8281837,5.9849825,6.0454826,5.8792043,5.859612,5.7178593
thrombin_core_molecule_3b,-7.860000133514404,6.3961625,6.3939543,6.2890854,6.2694182,6.402017,6.4017086,6.463645,6.4651914,6.506446,6.422794,6.3473635
thrombin_core_molecule_7a,-8.220000267028809,6.561773,6.460564,6.497813,6.644177,6.50038,6.5264583,6.551526,6.7477465,6.620301,6.562884,6.505876
thrombin_core_molecule_1c,-8.5600004196167,6.1444554,6.0805483,6.0242977,6.1384516,6.016874,6.1903825,6.252823,6.278834,6.2102623,6.1658406,6.086244
tyk2_molecule_jmc_23,-11.699999809265137,5.375045,5.3186383,5.3552117,5.5587587,5.2837663,5.446442,5.4618278,5.3177195,5.3655386,5.3912897,5.251258
tyk2_molecule_ejm_47,-9.699999809265137,5.4536676,5.364747,5.4226627,5.6096296,5.370245,5.5160294,5.532085,5.4669957,5.362429,5.528584,5.3632684
tyk2_molecule_ejm_49,-7.75,5.4672813,5.4494143,5.385074,5.4822006,5.4121847,5.585564,5.6696687,5.409589,5.317618,5.557855,5.4036446
tyk2_molecule_ejm_31,-9.539999961853027,5.348567,5.279222,5.333389,5.583245,5.32714,5.3568425,5.405176,5.2759733,5.1860313,5.414746,5.323909
tyk2_molecule_ejm_45,-9.5600004196167,5.7480106,5.705055,5.8712707,5.8464537,5.655649,5.874301,5.782059,5.689139,5.7412224,5.6782293,5.636721
tyk2_molecule_ejm_44,-7.420000076293945,5.685807,5.636119,5.6376677,5.8076377,5.677596,5.678313,5.7008433,5.5947456,5.6531186,5.8156652,5.656368
tyk2_molecule_ejm_43,-8.260000228881836,5.6441355,5.568563,5.6031084,5.8845043,5.6536345,5.709651,5.651939,5.5569544,5.500782,5.682069,5.630148
tyk2_molecule_ejm_50,-8.979999542236328,5.6759577,5.680798,5.653416,5.802244,5.6123524,5.7479753,5.760601,5.5926676,5.596591,5.673115,5.6398177
tyk2_molecule_ejm_42,-9.779999732971191,5.676037,5.681618,5.748143,5.784625,5.618559,5.755391,5.727005,5.5689006,5.579599,5.6634974,5.6330276
tyk2_molecule_ejm_55,-9.210000038146973,5.632367,5.5559926,5.5680275,5.890029,5.760476,5.60271,5.654034,5.5328465,5.505257,5.6457477,5.6085515
tyk2_molecule_ejm_48,-9.0,5.501264,5.4171863,5.4957943,5.665552,5.422995,5.6242986,5.564038,5.4894385,5.403836,5.5393014,5.3901997
tyk2_molecule_ejm_54,-10.529999732971191,5.6524544,5.6211004,5.684602,5.8024125,5.516824,5.7124233,5.757236,5.6115866,5.5559516,5.6322737,5.630131
tyk2_molecule_jmc_28,-10.979999542236328,5.4565573,5.3757377,5.423346,5.6352897,5.3831835,5.5182366,5.4969425,5.4394794,5.4495554,5.4745398,5.3692584
tyk2_molecule_jmc_27,-11.279999732971191,5.3811607,5.316966,5.3201003,5.556539,5.3497486,5.4553823,5.433126,5.3014655,5.368985,5.3634043,5.3458943
tyk2_molecule_jmc_30,-10.9399995803833,5.296288,5.26082,5.1712937,5.4679675,5.265978,5.343678,5.404215,5.2578535,5.29479,5.3182306,5.1780543
tyk2_molecule_ejm_46,-11.3100004196167,5.424773,5.3331614,5.382218,5.602668,5.3657327,5.503136,5.4924774,5.4156857,5.354716,5.4565315,5.3414073
p38_molecule_2j,-10.079999923706056,7.614076,7.7894626,7.7058926,7.6280875,7.527921,7.7537766,7.523681,7.489082,7.5287485,7.622795,7.5713224
p38_molecule_2gg,-10.65999984741211,7.7751136,7.9536724,7.8418517,7.808909,7.791739,7.8592296,7.6581235,7.6367497,7.621549,7.7600694,7.819242
p38_molecule_2q,-12.260000228881836,7.931484,8.106743,8.05364,7.9053717,7.92543,8.027185,7.8315177,7.859581,7.740824,7.915976,7.948572
p38_molecule_2t,-11.850000381469728,7.835308,8.008198,7.9042716,7.8708887,7.8162055,7.9315767,7.7635655,7.660146,7.6482453,7.8151894,7.934793
p38_molecule_2g,-10.65999984741211,6.8826933,7.0306606,6.8335238,7.0610704,6.915859,6.846649,6.984254,6.7546453,6.646119,7.008751,6.745407
p38_molecule_2l,-12.260000228881836,7.865523,8.057653,7.913051,7.910713,7.850953,7.9538994,7.770763,7.6916304,7.7030196,7.841936,7.9616117
p38_molecule_2ee,-12.260000228881836,7.850717,8.121292,7.852038,7.8491583,7.8115096,7.976649,7.731249,7.7541633,7.7083,7.8408294,7.861981
p38_molecule_2aa,-9.270000457763672,7.337503,7.452751,7.322624,7.396708,7.421515,7.287244,7.4509187,7.23514,7.1738677,7.2565627,7.377699
p38_molecule_2o,-10.489999771118164,7.9824867,8.133012,8.026525,7.990865,8.020369,8.104856,7.8212476,7.898822,7.8667665,8.010061,7.9523454
p38_molecule_3flw,-10.68000030517578,7.3955207,7.5189962,7.3464365,7.493945,7.4831853,7.297575,7.5225883,7.3837843,7.1589823,7.3626432,7.3870716
p38_molecule_2u,-12.260000228881836,8.086723,8.266084,8.149075,8.094147,8.011281,8.225007,7.9214644,8.09464,7.897492,8.116801,8.091248
p38_molecule_2p,-11.199999809265137,7.9738555,8.120308,8.058074,7.975982,8.040932,8.058628,7.83445,7.856933,7.8235946,8.003753,7.965905
p38_molecule_2h,-9.479999542236328,6.8305254,6.9288077,6.7482896,7.0376635,6.7799935,6.7263103,6.9879594,6.816673,6.7304497,6.889581,6.6595244
p38_molecule_3fmk,-11.829999923706056,7.427312,7.6176906,7.2998905,7.550669,7.4869714,7.4339504,7.495728,7.384914,7.2333603,7.338353,7.431591
p38_molecule_2i,-10.050000190734863,6.669881,6.7369943,6.63941,6.81548,6.6718373,6.5885234,6.886471,6.6531835,6.6679125,6.752543,6.2864466
p38_molecule_2f,-8.479999542236328,6.893718,7.036176,6.9595237,7.1522946,6.8766546,6.86563,6.945521,6.7871804,6.675098,6.9310985,6.7079983
p38_molecule_2x,-10.229999542236328,7.8091936,7.9729533,7.8908997,7.885091,7.8215203,7.9239144,7.695039,7.619702,7.5925317,7.8295016,7.860778
p38_molecule_2ff,-11.4399995803833,7.7304964,7.9100633,7.816885,7.789388,7.6850243,7.809077,7.6885166,7.53808,7.4763885,7.7231956,7.8683414
p38_molecule_2k,-10.550000190734863,7.2658453,7.306255,7.44461,7.353405,7.1044226,7.3016562,7.3319345,7.0531764,7.177341,7.3112855,7.274366
p38_molecule_2n,-11.850000381469728,7.835875,7.99972,7.912655,7.8096867,7.8502026,7.917632,7.7861314,7.6779423,7.647195,7.8710904,7.8864937
p38_molecule_3flq,-9.93000030517578,7.525922,7.675512,7.3625736,7.615746,7.6832542,7.48102,7.5453315,7.5000935,7.396274,7.5054235,7.493989
p38_molecule_3fln,-10.880000114440918,7.830449,7.9820585,7.929715,7.890225,7.8295884,7.9186254,7.7141604,7.651073,7.631662,7.8655624,7.891814
p38_molecule_2e,-10.699999809265137,6.920085,7.0460877,6.9547462,7.142068,6.932933,6.835696,7.0116706,6.788734,6.7868,6.9369693,6.76515
p38_molecule_3fmh,-10.829999923706056,7.497556,7.6836305,7.38441,7.6060266,7.522418,7.5184326,7.558383,7.5088863,7.2993164,7.380952,7.513107
p38_molecule_2c,-10.460000038146973,6.6541214,6.6437025,6.632316,6.8243194,6.776831,6.7223787,6.7090645,6.402524,6.5127077,6.8033175,6.514049
p38_molecule_2y,-9.779999732971191,7.457515,7.6200385,7.319661,7.551333,7.559519,7.4365726,7.5583043,7.357308,7.252655,7.474572,7.445191
p38_molecule_2s,-11.109999656677246,7.860486,8.006826,7.9502335,7.8335886,7.8413086,7.989612,7.809225,7.722291,7.6545663,7.882948,7.9142537
p38_molecule_2m,-10.960000038146973,7.833579,7.9776955,7.9466147,7.869702,7.8534327,7.880846,7.734581,7.6397843,7.630842,7.868219,7.9340715
p38_molecule_2bb,-9.0600004196167,7.485887,7.6544223,7.3509374,7.513463,7.6421003,7.4367723,7.530361,7.4373584,7.3817,7.398024,7.5137315
p38_molecule_2v,-8.970000267028809,7.3231583,7.493654,7.2805967,7.379402,7.3744345,7.276331,7.4280577,7.2211666,7.125523,7.3063917,7.346024
p38_molecule_2r,-10.789999961853027,7.936559,8.127627,7.9705806,7.9702005,7.9148326,8.049783,7.8678026,7.777115,7.7140994,7.9417553,8.031798
p38_molecule_3flz,-9.489999771118164,6.550223,6.659478,6.600571,6.6558347,6.6130557,6.629118,6.5541177,6.3637986,6.3092737,6.682611,6.434368
p38_molecule_2z,-10.359999656677246,7.4643273,7.599293,7.3959317,7.5542603,7.5571365,7.4152427,7.571473,7.3664284,7.2741823,7.454361,7.4549637
p38_molecule_3fly,-11.420000076293944,7.374423,7.5090666,7.3107133,7.4653993,7.4177623,7.3196306,7.4579816,7.3116503,7.161653,7.3977156,7.3926616
bace_molecule_CAT-13n,-8.543000221252441,5.679722,5.786552,5.560607,5.746855,5.7106395,5.7606444,5.67626,5.6096854,5.530696,5.817655,5.597624
bace_molecule_CAT-13e,-9.963000297546388,5.72648,5.797294,5.534289,5.7281756,5.754372,5.7374907,5.76045,5.701895,5.71386,5.8220253,5.714947
bace_molecule_CAT-4a,-7.933000087738037,5.417008,5.439608,5.4892817,5.5020323,5.506005,5.38363,5.3588758,5.3163095,5.2741537,5.474244,5.4259367
bace_molecule_CAT-4m,-9.152999877929688,5.6695566,5.725292,5.5572295,5.655306,5.772213,5.603665,5.6582193,5.7155833,5.5692906,5.750568,5.688202
bace_molecule_CAT-17b,-10.02299976348877,6.021737,5.9796963,5.921076,6.093608,6.154679,5.9900703,5.9059734,6.108,6.0181665,5.935076,6.1110277
bace_molecule_CAT-13j,-8.732999801635742,5.6342,5.7310753,5.4627943,5.7053175,5.684261,5.7111235,5.6150627,5.582312,5.475249,5.778635,5.596177
bace_molecule_CAT-13d,-10.472999572753906,5.747136,5.8058605,5.5274763,5.7511897,5.8082767,5.740106,5.7756457,5.7304225,5.802493,5.8067417,5.723145
bace_molecule_CAT-13b,-9.123000144958496,6.53162,6.592855,6.1393886,6.7732577,6.4836984,6.5505595,6.4902167,6.531225,6.7253695,6.5467105,6.4829183
bace_molecule_CAT-13a,-8.843000411987305,6.130683,6.1909485,5.843188,6.2656527,6.005084,6.1867223,6.172398,6.1027064,6.302749,6.1795287,6.057851
bace_molecule_CAT-13h,-9.633000373840332,6.312827,6.28467,6.063277,6.445994,6.2957525,6.2794833,6.446402,6.306209,6.5400434,6.2523537,6.214087
bace_molecule_CAT-13o,-8.543000221252441,5.692548,5.776115,5.526374,5.754375,5.795238,5.7557707,5.681581,5.586333,5.557711,5.866285,5.6256995
bace_molecule_CAT-13g,-9.093000411987305,5.7782326,5.817775,5.6266875,5.7723117,5.7998643,5.843725,5.8041506,5.7266693,5.8034797,5.8234444,5.764217
bace_molecule_CAT-4k,-7.853000164031982,5.3820715,5.394952,5.365849,5.4390945,5.3983955,5.4440756,5.3978825,5.3054323,5.258149,5.457185,5.359701
bace_molecule_CAT-17g,-9.743000030517578,5.5544467,5.5850577,5.5193095,5.4642625,5.614638,5.4960203,5.5837564,5.581504,5.6222816,5.522991,5.554651
bace_molecule_CAT-4l,-9.343000411987305,5.3594055,5.3595147,5.35734,5.4312005,5.405839,5.349613,5.3927865,5.263548,5.2282715,5.4682446,5.337698
bace_molecule_CAT-4j,-9.02299976348877,5.4180555,5.44756,5.496074,5.4411955,5.503011,5.4305086,5.3721647,5.2886977,5.267718,5.4942,5.4394274
bace_molecule_CAT-4n,-9.093000411987305,5.420015,5.482647,5.387157,5.404444,5.4713445,5.409457,5.422849,5.3640833,5.331546,5.5032573,5.4233627
bace_molecule_CAT-13i,-9.27299976348877,6.1346426,6.2259374,5.907517,6.257798,6.197904,6.126262,6.195956,6.051894,6.2057114,6.108165,6.0692825
bace_molecule_CAT-17f,-9.42300033569336,5.4966626,5.490448,5.4251513,5.4348354,5.565684,5.5033174,5.5018706,5.539466,5.5584435,5.4575634,5.489842
bace_molecule_CAT-4p,-10.083000183105469,5.6671786,5.7600155,5.5156503,5.707348,5.709484,5.719492,5.6657557,5.623181,5.5357,5.799725,5.635437
bace_molecule_CAT-13c,-9.322999954223633,6.3645673,6.386381,6.0711455,6.5803375,6.26443,6.4418635,6.3789353,6.2653103,6.5106497,6.436153,6.3104615
bace_molecule_CAT-24,-11.350000381469728,5.846571,5.8838973,5.735374,5.795831,5.9145174,5.6888466,5.802388,5.9716363,5.93165,5.845117,5.8964524
bace_molecule_CAT-4i,-8.262999534606934,5.4434814,5.502514,5.4938593,5.4434633,5.5356374,5.4755874,5.3531513,5.3547416,5.337576,5.5179114,5.420371
bace_molecule_CAT-4c,-7.853000164031982,5.755988,5.768974,5.7469244,5.927774,5.8212204,5.750003,5.63915,5.734989,5.6715927,5.6672964,5.8319592
bace_molecule_CAT-17i,-9.472999572753906,5.71984,5.7849884,5.5960693,5.679099,5.832139,5.630136,5.68004,5.7800837,5.7758927,5.70275,5.737203
bace_molecule_CAT-13k,-9.70300006866455,5.6629057,5.736081,5.5255527,5.7004867,5.7332625,5.717341,5.6626534,5.601185,5.5269923,5.807366,5.6181393
bace_molecule_CAT-17a,-10.732999801635742,5.8803244,5.898221,5.7550626,5.9084477,6.117181,5.872552,5.854381,5.94681,5.9313993,5.6584334,5.860761
bace_molecule_CAT-17c,-9.86299991607666,5.5152884,5.510011,5.4281025,5.4872913,5.619358,5.4726663,5.504582,5.584583,5.551028,5.495304,5.499955
bace_molecule_CAT-4o,-9.383000373840332,5.497649,5.492742,5.4781146,5.453563,5.540221,5.504242,5.5330143,5.5357914,5.3955455,5.561131,5.48213
bace_molecule_CAT-17d,-9.42300033569336,5.421933,5.385741,5.378486,5.4123297,5.482655,5.4102917,5.4384584,5.4410124,5.4749045,5.3796177,5.4158325
bace_molecule_CAT-4b,-9.633000373840332,5.8683467,5.9116774,5.790168,6.0158587,5.9615755,5.8634343,5.720501,5.8837624,5.7774086,5.8558292,5.903254
bace_molecule_CAT-13f,-9.093000411987305,5.7576385,5.789081,5.5871115,5.7610717,5.785412,5.8177023,5.790717,5.720493,5.773024,5.8201947,5.731579
bace_molecule_CAT-4d,-9.11299991607666,6.157034,6.2373033,6.059702,6.284233,6.1785126,6.2137713,6.0242043,6.319919,6.0948105,5.988655,6.169229
bace_molecule_CAT-13m,-8.762999534606934,5.6611013,5.7796865,5.560156,5.7334805,5.679481,5.736189,5.6878114,5.4856176,5.5351067,5.8161173,5.597367
bace_molecule_CAT-17h,-10.333000183105469,5.724464,5.783197,5.5771065,5.725212,5.754515,5.7814384,5.753056,5.658728,5.798915,5.737812,5.6746583
bace_molecule_CAT-17e,-10.02299976348877,5.9971843,6.0123,5.9249144,6.027915,6.0886064,5.986403,5.865607,6.0464287,6.0577497,5.9305115,6.0314054
jnk1_molecule_6a,-8.40999984741211,5.851842,5.9669456,5.774663,5.758117,5.842031,5.708115,5.8502545,5.8066235,5.8993983,5.925,5.987275
jnk1_molecule_19a_neu,-6.860000133514404,5.8966966,5.9778566,5.818968,5.8272424,5.827641,5.755582,5.872617,5.919953,5.992163,5.9308867,6.04406
jnk1_molecule_19b_neu,-7.300000190734863,5.7998033,5.9151635,5.7898407,5.676433,5.7731605,5.726296,5.7571197,5.805904,5.815572,5.8385725,5.899968
jnk1_molecule_19b_charg,-7.300000190734863,5.7486167,5.869833,5.7065163,5.662674,5.722934,5.6700363,5.6877303,5.7451496,5.7897696,5.7929487,5.8385744
jnk1_molecule_19a_charg,-6.860000133514404,5.885603,5.974878,5.8043194,5.8272424,5.814543,5.7356143,5.8663063,5.9060373,5.9606385,5.9256153,6.040835
egfr_molecule_21,-9.88,7.5286684,7.592385,7.403384,7.531067,7.39616,7.6822205,7.6012645,7.5803695,7.6126575,7.3165445,7.5706267
egfr_molecule_27neu,-9.94,7.501883,7.6297207,7.350085,7.6399245,7.390476,7.572523,7.585341,7.49982,7.528485,7.264691,7.5577602
egfr_molecule_27chargR,-9.94,7.4577684,7.5741773,7.370875,7.6074376,7.3354897,7.533103,7.531288,7.4185543,7.505841,7.2232394,7.47768
egfr_molecule_27chargS,-9.94,7.4299936,7.559784,7.2786913,7.6020594,7.3116984,7.475852,7.549231,7.415988,7.4633117,7.1744494,7.468875
egfr_molecule_28neu,-10.7,7.4281836,7.518301,7.250273,7.443938,7.318157,7.5511584,7.4949822,7.4664245,7.506955,7.2151337,7.516517
egfr_molecule_28charg,-10.7,7.5625954,7.660345,7.4137793,7.685932,7.5018673,7.6488986,7.6365943,7.535373,7.5874743,7.345781,7.6099095
egfr_molecule_29neu,-10.46,7.1341715,7.3105965,7.027285,7.1204224,6.97243,7.187275,7.230904,7.1963573,7.2482123,6.937959,7.110276
egfr_molecule_29charg,-10.46,7.1306763,7.3002405,7.027285,7.1204224,6.9632444,7.187275,7.230904,7.1963573,7.2413006,6.9326878,7.107051
egfr_molecule_30neu,-11.25,7.3168387,7.394921,7.164649,7.369955,7.166072,7.414095,7.3951764,7.391032,7.4187465,7.080914,7.3728256
egfr_molecule_30charg,-11.25,7.328517,7.433041,7.1779156,7.3677397,7.1833687,7.4359226,7.404814,7.396589,7.410392,7.0882397,7.387153
ptp1b_molecule_26charg,-7.440000057220459,6.00363,6.0061707,6.0664787,5.8760796,6.178554,6.0102067,5.9610014,6.0898633,5.9917912,5.798063,6.058094
ptp1b_molecule_26neu,-7.440000057220459,6.018593,6.0180764,6.0998693,5.8773627,6.185778,6.028981,5.934411,6.1250772,6.034224,5.814341,6.0678053
ptp1b_molecule_27,-9.229999542236328,6.280799,6.2465553,6.1928267,6.243,6.4197416,6.2693715,6.154314,6.4297996,6.2881784,6.089938,6.4742627
ptp1b_molecule_32,-11.529999732971191,6.496226,6.6908317,6.2959995,6.4204903,6.6370654,6.4763227,6.3524575,6.596734,6.4825215,6.340237,6.6695957
irak4_s2_molecule_17charg,-10.109999656677246,6.697262,6.814507,6.7918496,6.55675,6.7249274,6.58575,6.8121405,6.73798,6.6898236,6.7108555,6.548037
irak4_s2_molecule_17neu,-10.109999656677246,6.738594,6.8503957,6.8536086,6.592976,6.7313175,6.615664,6.886679,6.772644,6.7105036,6.754054,6.618101
irak4_s2_molecule_5neu,-9.609999656677246,6.590515,6.725351,6.5402956,6.563636,6.5547433,6.5766907,6.7170196,6.569573,6.663388,6.394619,6.599835
irak4_s2_molecule_18,-10.920000076293944,6.713473,6.730538,6.8840847,6.484141,6.702955,6.637561,6.783734,6.798847,6.7262664,6.8398457,6.546753
irak4_s2_molecule_6,-8.510000228881836,6.205015,6.374211,6.2341366,6.1383123,6.2063236,6.0964055,6.4109674,6.200763,6.1906066,6.2025123,5.995915
irak4_s2_molecule_5charg,-9.609999656677246,6.5891976,6.7346115,6.533688,6.557517,6.5547433,6.5766907,6.7148724,6.5643654,6.6610336,6.394619,6.599835
irak4_s2_molecule_14,-10.109999656677246,6.5998487,6.6352363,6.72842,6.392364,6.5951233,6.50109,6.7280245,6.6784663,6.6204333,6.6760225,6.4433103
dlk_molecule_9,-8.729999542236328,5.752675,5.755381,5.546214,5.7291756,5.9360213,5.679147,5.7495093,5.914192,5.610123,5.854698,5.752291
dlk_molecule_17charg,-10.4399995803833,5.5627365,5.5098257,5.4851284,5.529515,5.695853,5.576158,5.568425,5.567567,5.4670663,5.6851993,5.54263
dlk_molecule_17neu,-10.4399995803833,5.6012635,5.53121,5.4965067,5.5695305,5.7047753,5.650176,5.628532,5.648309,5.4937296,5.719012,5.5708528
dlk_molecule_4charg,-9.329999923706056,5.7120423,5.6769505,5.564427,5.685696,5.942569,5.5717435,5.6913505,5.8414507,5.5671206,5.8342586,5.7448564
dlk_molecule_4neu,-9.329999923706056,5.721168,5.694407,5.5946093,5.6820726,5.949958,5.5840244,5.6897006,5.8303156,5.6074758,5.8342586,5.7448564
dlk_molecule_18,-9.979999542236328,5.627029,5.571989,5.545443,5.676884,5.848627,5.6708136,5.6283216,5.60826,5.4861865,5.711407,5.5223618
dlk_molecule_8,-10.510000228881836,5.493985,5.4492817,5.476195,5.459491,5.6672792,5.45906,5.5693264,5.4774013,5.374459,5.5568476,5.4505086
irak4_s3_molecule_28neu,-9.5,6.761627,6.828247,6.809105,6.619835,6.7861032,6.7066703,6.890151,6.8897133,6.66178,6.870599,6.5540676
irak4_s3_molecule_19charg,-10.600000381469728,6.761815,6.8080835,6.809105,6.619835,6.7769947,6.7066703,6.890151,6.8897133,6.694755,6.8687744,6.5540676
irak4_s3_molecule_29,-8.710000038146973,6.801547,6.8461375,6.855452,6.646177,6.8220196,6.720955,6.926861,6.9378877,6.710146,6.937556,6.612282
irak4_s3_molecule_19neu,-10.600000381469728,6.761627,6.828247,6.809105,6.619835,6.7861032,6.7066703,6.890151,6.8897133,6.66178,6.870599,6.5540676
irak4_s3_molecule_28charg,-9.5,6.761815,6.8080835,6.809105,6.619835,6.7769947,6.7066703,6.890151,6.8897133,6.694755,6.8687744,6.5540676
irak4_s3_molecule_27,-8.710000038146973,7.2482886,7.352953,7.3363347,7.1618657,7.2173514,7.101546,7.285648,7.4840007,7.0546045,7.219396,7.269185
ephx2_molecule_47charg,-11.25,6.723994,6.770968,6.6864257,6.766002,6.6779833,6.7567186,6.5873623,6.758586,6.9424553,6.6714005,6.6220336
ephx2_molecule_19charg,-8.239999771118164,6.149663,6.217014,6.155544,6.124784,6.090978,6.0796475,6.2965827,6.2230253,6.3025684,6.0613503,5.945137
ephx2_molecule_19neu,-8.239999771118164,6.1552596,6.2090106,6.1595607,6.130058,6.10212,6.0631857,6.2990766,6.2353134,6.313431,6.0523,5.9885406
ephx2_molecule_20,-9.140000343322754,6.1137533,6.191576,6.13901,6.088329,6.040664,6.0445695,6.248549,6.1870384,6.285992,6.012613,5.899193
ephx2_molecule_47neu,-11.25,6.771525,6.790006,6.734722,6.811365,6.734137,6.7604637,6.6616874,6.8086305,6.980531,6.727652,6.706051
ephx2_molecule_33,-10.739999771118164,6.648444,6.6223955,6.575464,6.654283,6.593046,6.669058,6.578228,6.743832,6.8572807,6.593072,6.5977855
jak1_molecule_17,-10.869999885559082,5.966529,6.016583,6.033538,5.924961,6.07263,5.870904,5.9761696,5.8328514,5.961813,6.14072,5.835118
jak1_molecule_18charg,-11.300000190734863,6.1694174,6.171671,6.260025,6.2626777,6.274766,6.090517,6.131289,6.082966,6.189866,6.340787,5.8896117
jak1_molecule_18neu,-11.300000190734863,6.225427,6.2499013,6.299104,6.3112383,6.295981,6.1331167,6.1871133,6.183646,6.2521358,6.3951597,5.9468713
jak1_molecule_jmc_25,-11.40999984741211,6.629055,6.6365314,6.607072,6.663562,6.689364,6.5855975,6.613437,6.5333138,6.474974,6.8977594,6.588945
jak1_molecule_jmc_34,-13.06999969482422,6.6171837,6.6121144,6.7100163,6.7627497,6.677083,6.44019,6.651013,6.506896,6.577464,6.7861714,6.4481406
jak1_molecule_16charg,-10.539999961853027,5.9213157,5.946493,6.0112605,5.9207067,6.03177,5.8373575,5.920037,5.7834177,5.9195356,6.06927,5.773306
jak1_molecule_16neu,-10.539999961853027,5.9208093,5.946493,6.0112605,5.9207067,6.029592,5.8373575,5.920037,5.7834177,5.9195356,6.0663886,5.773306
jak1_molecule_jmc_22,-11.350000381469728,6.411906,6.4492283,6.4560204,6.5377207,6.454421,6.303955,6.4227204,6.2342052,6.323207,6.632145,6.30543
tyk2_molecule_ejm_47,-9.789999961853027,5.584428,5.5298185,5.641722,5.6477933,5.4850426,5.645474,5.699812,5.563143,5.51214,5.6078863,5.511445
tyk2_molecule_jmc_32charg,-11.65999984741211,5.5733156,5.4869275,5.6530533,5.749425,5.469554,5.7273064,5.652488,5.4679265,5.440135,5.646257,5.4400806
tyk2_molecule_jmc_31,-10.920000076293944,5.570239,5.4869275,5.6530533,5.7380953,5.469554,5.7214575,5.6572657,5.465252,5.4375052,5.6410103,5.432266
tyk2_molecule_jmc_32neu,-11.65999984741211,5.684162,5.648073,5.7226663,5.823631,5.58992,5.824741,5.769803,5.628945,5.543541,5.7488594,5.5414424
tyk2_molecule_ejm_52neu,-7.489999771118164,5.5882883,5.552042,5.599196,5.655591,5.50751,5.66522,5.659525,5.5989923,5.574904,5.5697308,5.500171
tyk2_molecule_ejm_52charg,-7.489999771118164,5.554555,5.4985943,5.595621,5.621603,5.4817104,5.6271105,5.655392,5.524324,5.528367,5.526169,5.4866576
tyk2_molecule_ejm_46,-11.420000076293944,5.545117,5.4985943,5.581757,5.621603,5.478909,5.6138616,5.6463566,5.495692,5.495464,5.5303216,5.48861
itk_molecule_17,-11.270000457763672,6.130403,6.1650968,6.120592,6.339711,6.0589175,6.1307044,6.0753865,6.0288815,6.2477994,6.1465116,5.9904304
itk_molecule_1neu,-12.56999969482422,6.080978,6.1151524,6.021524,6.284669,6.035885,6.075631,6.019856,6.0036516,6.2194242,6.0583196,5.9756675
itk_molecule_1charg,-12.56999969482422,6.071494,6.0925083,6.009061,6.284669,6.027021,6.075631,6.019856,5.989736,6.1878996,6.056117,5.972442
itk_molecule_18,-12.770000457763672,6.18744,6.2341185,6.203378,6.3088307,6.100141,6.2488437,6.1109,6.151629,6.2580214,6.208432,6.05011
itk_molecule_19,-13.06999969482422,5.9673076,5.9613013,5.907634,6.1536546,5.908557,5.9856,5.9871116,5.9256854,5.960842,6.016026,5.866666
thrombin_whole_map_molecule_11,-5.840000152587891,6.3009825,6.224824,6.191068,6.2798533,6.3196664,6.330803,6.40504,6.3283653,6.377588,6.3421426,6.2104726
thrombin_whole_map_molecule_1,-6.800000190734863,5.824101,5.824646,5.7588987,5.8709345,5.74655,5.794718,5.9318314,5.9623847,5.8681474,5.8137927,5.669104
thrombin_whole_map_molecule_3,-5.659999847412109,5.973526,6.151477,5.9570704,5.8899727,5.9121666,5.8873196,6.1053267,6.074162,5.956424,5.949514,5.8518314
thrombin_whole_map_molecule_jmb2009-4,-11.529999732971191,5.9415812,5.831513,5.8319335,5.8668833,5.8731546,5.9308915,6.084022,6.0283046,6.161551,5.9638424,5.843717
thrombin_whole_map_molecule_10,-7.670000076293945,6.1834574,6.1205816,6.1346545,6.207564,6.0331955,6.2568007,6.3639803,6.250247,6.233171,6.2166715,6.0177064
thrombin_whole_map_molecule_2,-6.139999866485596,5.7751546,5.805442,5.719539,5.7487497,5.765889,5.7083216,5.960481,5.939147,5.8192077,5.6933274,5.5914426
cdk2_molecule_39neu,-8.369999885559082,6.3153844,6.5611296,6.237372,6.31381,6.2194533,6.2576914,6.535613,6.2587376,6.2196107,6.460646,6.0897775
cdk2_molecule_39charg,-8.369999885559082,6.2504644,6.526871,6.1699142,6.2600493,6.1721525,6.125985,6.4480214,6.1774645,6.189936,6.4093685,6.024877
cdk2_molecule_34,-9.880000114440918,6.249955,6.526871,6.1699142,6.2600493,6.1699743,6.125985,6.4480214,6.1774645,6.189936,6.4064655,6.024877
cdk2_molecule_25,-9.829999923706056,6.4328866,6.672067,6.4514327,6.3900056,6.331174,6.3379483,6.6606097,6.320138,6.4078946,6.4756207,6.281973
hsp90_frag_2rings_molecule_18,-8.960000038146973,6.3891916,6.3330693,6.4329104,6.4464,6.238114,6.255431,6.541661,6.521957,6.320865,6.397928,6.4035788
hsp90_frag_2rings_molecule_17,-9.920000076293944,5.660956,5.545023,5.6672807,5.6923604,5.6485715,5.5750566,5.573662,5.751746,5.6588845,5.8685007,5.628477
hsp90_frag_2rings_molecule_19,-10.260000228881836,6.4042296,6.284188,6.443059,6.5307436,6.282167,6.2437468,6.5528626,6.571227,6.340429,6.3993917,6.3944826
hsp90_frag_2rings_molecule_15,-9.880000114440918,5.6569147,5.559029,5.6856437,5.6879725,5.649092,5.5533266,5.5994954,5.7162,5.66443,5.824156,5.629802
hsp90_frag_2rings_molecule_14,-8.720000267028809,5.472493,5.3014555,5.5006533,5.5076003,5.4136043,5.3931756,5.4724884,5.547637,5.5437274,5.6560087,5.3885846
hsp90_frag_2rings_molecule_16,-8.119999885559082,5.679329,5.612819,5.7147145,5.674761,5.6850295,5.559304,5.608709,5.7322397,5.705384,5.858554,5.641772
frag_liga_auto_molecule_12,-9.050000190734863,5.914612,5.9669704,6.006306,6.009645,5.863785,5.7241077,6.0823474,5.9096055,5.819301,5.8634443,5.900606
frag_liga_auto_molecule_9,-6.380000114440918,4.7840166,4.8438063,4.8753905,4.737619,4.845675,4.654908,4.9549417,4.59848,4.7854376,4.898052,4.645857
frag_liga_auto_molecule_5,-4.800000190734863,4.682188,4.7560787,4.600421,4.6889653,4.742045,4.5846176,4.8517714,4.5727797,4.725978,4.753734,4.5454903
frag_liga_auto_molecule_6,-5.300000190734863,5.2606497,5.321656,5.297687,5.2069664,5.48654,5.1642394,5.299453,5.119244,5.269601,5.2820745,5.1590333
frag_liga_auto_molecule_11,-9.079999923706056,5.2765427,5.2956285,5.2687473,5.1705165,5.4121323,5.19451,5.4085064,5.268011,5.178916,5.2819047,5.286554
frag_liga_auto_molecule_10,-6.539999961853027,4.7168856,4.7830405,4.7649193,4.7111807,4.74642,4.6111016,4.9125557,4.561674,4.7269936,4.7725,4.5784664
frag_liga_auto_molecule_8,-5.829999923706055,4.9181876,4.9760656,5.0004416,4.893405,4.9340925,4.842531,5.0299115,4.778475,4.9472847,4.9474816,4.8321857
frag_liga_auto_molecule_3,-6.03000020980835,4.775181,4.734251,4.814227,4.830514,4.890504,4.6171155,4.9222913,4.674565,4.745417,4.8491797,4.673744
frag_liga_auto_molecule_7,-5.25,4.865142,4.9009123,4.875718,4.8543596,4.9252424,4.7175612,4.9883404,4.7090664,4.8875203,4.9716873,4.8210163
frag_liga_auto_molecule_13,-10.670000076293944,5.880106,5.907683,6.0466204,5.9802337,5.8324,5.6740236,6.035021,5.8367395,5.812259,5.8088703,5.867208
frag_liga_auto_molecule_4,-6.5,4.7831,4.7781396,4.7917686,4.860897,4.878608,4.65437,4.945297,4.6544113,4.7722983,4.839304,4.6559076
hsp90_frag_single_ring_molecule_10,-8.3100004196167,5.8706117,5.854386,6.0645795,5.972718,5.760682,5.7137346,5.835898,6.0232816,5.872999,5.902455,5.7053804
hsp90_frag_single_ring_molecule_3,-8.3100004196167,5.0989428,5.1856318,5.0898876,5.057583,5.1304145,4.9332986,5.0299034,5.279659,5.083008,5.1797214,5.0203223
hsp90_frag_single_ring_molecule_9,-7.360000133514404,5.08893,5.139167,5.137617,4.9973907,5.1090674,4.9350348,5.0532265,5.2401404,5.0478234,5.217598,5.012234
hsp90_frag_single_ring_molecule_8,-8.029999732971191,4.925538,4.7676277,4.8851166,4.9360213,5.0464454,4.7881174,4.9165487,5.024869,4.9077616,5.056203,4.926673
hsp90_frag_single_ring_molecule_11,-8.119999885559082,5.1619716,5.1256566,5.221132,5.0875998,5.209007,5.012716,5.176465,5.2742352,5.1380897,5.28071,5.0941057
hsp90_frag_single_ring_molecule_12,-8.59000015258789,5.9178643,5.830366,6.111163,6.0316133,5.809657,5.7554116,5.921323,6.0464644,5.9141264,5.956005,5.8025126
hsp90_frag_single_ring_molecule_2,-6.929999828338623,4.8629074,4.8053718,4.8224745,4.83915,4.9522023,4.7393284,4.8059797,4.980674,4.8287034,5.003704,4.8514876
jak2_set1_molecule_2_3E63,-7.90701150894165,5.5734572,5.6591563,5.5731397,5.6253963,5.500751,5.4882655,5.7947445,5.4869933,5.4856415,5.7089596,5.4115233
jak2_set1_molecule_9,-8.363882064819336,6.3045197,6.435473,6.356494,6.359243,6.1362057,6.2902026,6.44967,6.211087,6.3232985,6.404849,6.0786705
jak2_set1_molecule_8,-8.774560928344727,6.4560037,6.5995026,6.4237328,6.5788565,6.3211737,6.405148,6.525254,6.352229,6.418067,6.5347753,6.4012995
jak2_set1_molecule_5,-7.789802551269531,5.5571294,5.603077,5.470607,5.634221,5.4760528,5.447771,5.8087206,5.562285,5.478002,5.7419806,5.3485746
jak2_set1_molecule_10,-7.143977165222168,6.57106,6.680192,6.5486546,6.659575,6.483546,6.5411797,6.6368957,6.5413275,6.589216,6.5731993,6.4568176
jak2_set1_molecule_4a,-6.864231586456299,5.5285487,5.6423917,5.475067,5.5919304,5.4664655,5.393019,5.7786355,5.4750977,5.463658,5.641382,5.357846
jak2_set1_molecule_4b,-6.864231586456299,5.595042,5.747804,5.5724993,5.658651,5.449006,5.4446254,5.7942653,5.5535183,5.5436893,5.7880273,5.3983397
jak2_set1_molecule_6,-6.198638439178467,7.042591,7.1592555,7.0536666,7.2475214,6.945359,6.963303,7.2082553,6.8883166,6.998638,7.033955,6.9276404
jak2_set1_molecule_3,-5.235617160797119,5.716708,5.827946,5.7747207,5.777733,5.609779,5.6102076,5.89983,5.6375275,5.666822,5.863143,5.4993706
jak2_set1_molecule_1_3E62,-5.986692905426025,5.286919,5.367701,5.3397765,5.3502297,5.355818,5.133247,5.307004,5.090609,5.259529,5.456515,5.208764
jak2_set1_molecule_7,-8.860579490661621,6.877088,6.989398,6.9138227,7.023149,6.6847124,6.9016833,7.0361524,6.7048397,6.9051247,6.7803783,6.83162
frag_mup1_molecule_IBT,-9.09000015258789,5.635579,5.750029,5.859484,5.5105195,5.6626344,5.533172,5.5101204,5.5171523,5.7516427,5.700029,5.56101
frag_mup1_molecule_MT,-5.639999866485596,4.827965,4.828409,4.9184737,4.8141894,4.857318,4.7220597,4.8057046,4.7113533,4.9462333,4.9556603,4.720243
frag_mup1_molecule_PT,-8.199999809265137,5.440066,5.536563,5.52918,5.351704,5.414288,5.299107,5.4272313,5.3012114,5.5852594,5.5388913,5.4172235
frag_mup1_molecule_SBT_R,-8.420000076293945,5.637925,5.7532253,5.8109345,5.5084333,5.6760707,5.5461373,5.5285087,5.514086,5.768296,5.6842227,5.589337
frag_mup1_molecule_SBT_S,-8.420000076293945,5.728962,5.8258524,5.8621564,5.5592365,5.7795486,5.597247,5.5959725,5.623657,5.868289,5.7996283,5.7780294
frag_mup1_molecule_IPT,-7.849999904632568,5.113992,5.095331,5.187007,5.0661287,5.194391,5.1149673,5.0153885,5.0156803,5.2210107,5.2180953,5.0119257
frag_mup1_molecule_ET,-6.960000038146973,5.400448,5.527063,5.533004,5.3232183,5.3839626,5.226833,5.3348627,5.2592745,5.5334125,5.551559,5.3312893
frag_p38_molecule_4,-5.400000095367432,6.0048513,6.068486,5.945558,6.113242,6.142523,5.966827,5.951329,5.9652586,5.956577,6.050417,5.8882966
frag_p38_molecule_1_1W7H,-3.940000057220459,5.5263987,5.6286683,5.530435,5.5671024,5.6087685,5.336273,5.5530386,5.506594,5.534535,5.528116,5.470451
frag_p38_molecule_6,-5.039999961853027,6.4099884,6.4570985,6.335725,6.3929353,6.396238,6.4603004,6.378517,6.4959683,6.471317,6.4403114,6.27147
frag_p38_molecule_5_1WBW,-5.940000057220459,5.7765765,5.8150415,5.7645817,5.875428,5.868329,5.675059,5.7948327,5.7806177,5.6535125,5.7938027,5.7445602
frag_p38_molecule_7,-6.300000190734863,6.485765,6.4746437,6.410865,6.4888835,6.633267,6.442574,6.4189754,6.4456706,6.4883356,6.566848,6.4875903
frag_p38_molecule_3,-4.090000152587891,5.45625,5.519139,5.4657416,5.504703,5.4997606,5.3321915,5.460932,5.4283237,5.48539,5.4646525,5.401665
t4lysozyme_uvt_molecule_meta_methyl_ethyl_benzene,-5.079999923706055,5.3331814,5.4380474,5.284427,5.3435063,5.444509,5.196055,5.2914906,5.274044,5.414337,5.4257727,5.219623
t4lysozyme_uvt_molecule_methyl_benzene,-5.480000019073486,4.6778173,4.7796583,4.6642613,4.6807327,4.7985163,4.587079,4.7026777,4.589598,4.6491237,4.7526236,4.573908
t4lysozyme_uvt_molecule_ethyl_benzene,-5.71999979019165,5.103141,5.138179,5.1444635,5.1621246,5.1789713,5.011417,5.1241016,5.015768,5.1591606,5.1550856,4.9421387
t4lysozyme_uvt_molecule_ortho_methyl_ethyl_benzene,-4.53000020980835,5.2506194,5.288798,5.1940346,5.2794394,5.352921,5.1167264,5.24455,5.246276,5.2576075,5.3300786,5.195761
t4lysozyme_uvt_molecule_m-xylene,-4.71999979019165,4.832165,4.9384494,4.7976813,4.8382463,4.9324136,4.773406,4.8094053,4.758409,4.8198814,4.9446425,4.709115
t4lysozyme_uvt_molecule_p-xylene,-4.630000114440918,4.7829046,4.8544083,4.728133,4.7946796,4.88957,4.7114143,4.7542343,4.7464743,4.742291,4.89456,4.71328
t4lysozyme_uvt_molecule_o-xylene,-4.570000171661377,4.740389,4.81332,4.683786,4.7569366,4.866317,4.6714435,4.7373037,4.6905503,4.696589,4.8124046,4.675238
t4lysozyme_uvt_molecule_butyl_benzene,-6.659999847412109,5.6241903,5.8235765,5.6899753,5.6473393,5.5322895,5.493397,5.522789,5.595576,5.723184,5.6064706,5.6073036
t4lysozyme_uvt_molecule_propyl_benzene,-6.510000228881836,5.4864907,5.693932,5.4941034,5.442652,5.4528623,5.3889847,5.366572,5.391317,5.554237,5.552697,5.527549
t4lysozyme_uvt_molecule_para_methyl_ethyl_benzene,-5.380000114440918,5.286323,5.3540063,5.210264,5.3086023,5.408578,5.142143,5.2363195,5.2621083,5.325764,5.3916554,5.2237883
t4lysozyme_uvt_molecule_benzene,-5.159999847412109,4.6476803,4.674138,4.6324058,4.650669,4.6926355,4.608619,4.6685343,4.617283,4.6803956,4.7273235,4.5248003
t4lysozyme_uvt_molecule_isobutyl_benzene,-6.440000057220459,5.432467,5.47749,5.5069995,5.3919487,5.538576,5.2904778,5.3473067,5.4817123,5.482412,5.5206795,5.2870674
frag_mcl1_noweak_molecule_2,-5.329999923706055,4.6203713,4.5562415,4.4721913,4.6856456,4.714343,4.550118,4.685521,4.5658736,4.646783,4.717535,4.609458
frag_mcl1_noweak_molecule_3,-6.389999866485596,4.998458,5.0678277,4.9377885,5.0898037,4.989151,4.903058,5.0396323,4.9512076,5.1734667,5.002321,4.830325
frag_mcl1_noweak_molecule_4,-5.809999942779541,4.9278994,4.9364276,4.848905,4.9978194,4.974458,4.887075,4.921445,4.883207,5.0029807,5.008883,4.817791
frag_mcl1_noweak_molecule_5,-6.039999961853027,5.0633793,5.0851707,5.0001674,5.1016965,5.0788693,4.945457,5.076329,5.0452933,5.1761274,5.1856647,4.9390182
frag_mcl1_noweak_molecule_7,-5.880000114440918,5.0233026,4.9567685,4.996734,5.0317025,5.1471567,4.9095674,4.9446445,4.9713006,5.2407217,5.1494503,4.8849792
frag_mcl1_noweak_molecule_8,-6.369999885559082,5.1487103,5.0841393,5.084752,5.212615,5.299003,5.021127,5.10436,5.1367803,5.3213105,5.2729917,4.950022
frag_mcl1_noweak_molecule_9,-5.480000019073486,4.976199,4.925433,4.942618,4.9238567,5.091602,4.818689,4.892035,5.034384,5.1603365,5.0989614,4.874077
frag_mcl1_noweak_molecule_10,-5.039999961853027,5.3115644,5.3220444,5.2369986,5.349905,5.336301,5.2901273,5.3025985,5.2808537,5.445523,5.441558,5.10973
frag_mcl1_noweak_molecule_11,-5.550000190734863,4.8490486,4.8312225,4.696767,4.906215,4.9831176,4.7178273,4.8791966,4.769058,4.951052,4.969639,4.78639
frag_mcl1_noweak_molecule_14,-5.610000133514404,4.515284,4.5146804,4.534298,4.637001,4.5459433,4.4590054,4.521763,4.4316554,4.5213,4.4809113,4.506283
frag_mcl1_noweak_molecule_15,-5.309999942779541,5.0564218,5.047081,5.013853,5.0754056,5.0046716,5.042781,5.177642,5.1370745,5.0252423,5.101635,4.938832
frag_mcl1_noweak_molecule_13_flipped,-5.210000038146973,4.9151134,4.967992,4.9389153,4.9659758,4.8917556,4.824245,4.9871125,4.8735604,4.875246,4.953594,4.872742
jak2_set2_extra_molecule_13_3E64,-9.696937561035156,6.2677565,6.274881,6.3119645,6.4717445,6.145765,6.140924,6.449281,6.3016586,6.22706,6.395598,5.958686
jak2_set2_extra_molecule_21,-8.340335845947266,6.893509,6.9464455,6.851104,7.1588755,6.7851133,6.8906665,7.054765,6.691536,6.8788853,6.921241,6.756451
jak2_set2_extra_molecule_20,-8.067665100097656,6.9793267,6.9630938,6.938888,7.23305,6.862338,6.9820604,7.0692697,6.8830295,6.9651403,7.057,6.8393946
jak2_set2_extra_molecule_18,-8.325143814086914,6.0434165,5.981797,6.0381255,6.1919684,5.9606395,6.014658,6.293914,5.9728923,6.039351,6.0864797,5.8543406
jak2_set2_extra_molecule_14,-7.789802551269531,5.967873,6.030812,5.912805,6.109432,5.879494,5.860999,6.2496643,5.9989133,5.9429283,5.9997663,5.6939178
jak2_set2_extra_molecule_12,-7.434834003448486,6.440666,6.4868884,6.5787463,6.6476593,6.3749156,6.302779,6.548379,6.309899,6.5022907,6.5121694,6.1429377
jak2_set2_extra_molecule_15,-7.379123210906982,5.9976416,6.0506225,5.9797673,6.1305037,5.8453255,5.9078956,6.263592,6.0237384,5.947249,6.078799,5.748925
jak2_set2_extra_molecule_22_flip,-10.107617378234863,6.9026423,6.943505,6.883448,7.1117053,6.8616004,6.8459096,6.9881935,6.8454504,6.8984065,6.9735417,6.6746626
3RKZ_lig62to70_alpha05_molecule_lignad_63,-9.31999969482422,6.497322,6.485641,6.4098315,6.486562,6.423359,6.6902943,6.450968,6.54846,6.6185927,6.5109205,6.3485947
3RKZ_lig62to70_alpha05_molecule_ligand_69,-13.140000343322754,6.7473283,6.6315694,6.706711,6.8873277,6.6472907,6.9318533,6.8138356,6.688251,6.8291707,6.698276,6.638999
3RKZ_lig62to70_alpha05_molecule_ligand_62,-6.670000076293945,6.586801,6.5809064,6.546889,6.5862675,6.478174,6.816898,6.4964967,6.600957,6.7526593,6.501793,6.5069714
3RKZ_lig62to70_alpha05_molecule_lignad_65,-9.279999732971191,6.6442847,6.5732813,6.5464964,6.677464,6.5347657,6.7659435,6.611514,6.7827034,6.7499967,6.64637,6.554314
3RKZ_lig62to70_alpha05_molecule_lignad_68,-8.449999809265137,6.5492563,6.534647,6.4181914,6.5230556,6.516379,6.705565,6.4393277,6.646978,6.623484,6.589355,6.4955735
3RKZ_lig62to70_alpha05_molecule_ligand_64,-8.890000343322754,6.71446,6.6677666,6.675189,6.7445207,6.5944695,6.920226,6.703685,6.740286,6.852209,6.6315217,6.6147203
3RKZ_lig62to70_alpha05_molecule_ligand_70,-12.739999771118164,6.7421713,6.624659,6.672243,6.8852434,6.647982,6.93559,6.8021603,6.732725,6.797979,6.6895223,6.6336126
MHT1_lig3_alpha05_molecule_5AN26_ligand,-7.570000171661377,6.539521,6.438574,6.4160166,6.573346,6.670685,6.595087,6.5959663,6.559773,6.694747,6.564585,6.28643
MHT1_lig3_alpha05_molecule_5ANT_A_ligand,-8.550000190734863,6.7107315,6.582416,6.579967,6.74585,6.7832165,6.7734747,6.7269306,6.77121,6.8381634,6.7658844,6.5402017
MHT1_lig3_alpha05_molecule_5ANU_ligand,-12.960000038146973,6.33796,6.3036366,6.272913,6.423391,6.43466,6.4541006,6.4609203,6.2996855,6.4626575,6.2818103,5.98582
2B8V_lig24and25_alpha05_molecule_ligand25_S,-7.53000020980835,6.67537,6.721992,6.689183,6.6288457,6.711652,6.7711887,6.4496336,6.728685,6.6803484,6.6899385,6.682231
2B8V_lig24and25_alpha05_molecule_ligand24_S,-5.440000057220459,6.660315,6.7747912,6.583661,6.662143,6.6607094,6.650786,6.528465,6.588271,6.697393,6.6532097,6.8037205
ck2_custcore_hotlys_molecule_ligand_15,-10.359999656677246,6.9641266,7.1323023,7.0723643,7.081273,6.863147,7.100933,7.0704355,6.7351933,6.7408557,7.1396866,6.705071
ck2_custcore_hotlys_molecule_ligand_14,-13.039999961853027,6.2684207,6.2091665,6.2365575,6.357219,6.22736,6.230896,6.5351324,6.1000557,6.157639,6.4987583,6.1314187
2E9P_lig4to7_alpha05_molecule_ligand_5,-11.18000030517578,7.1901217,7.239054,7.198097,7.2202353,7.276938,7.3024316,7.1747413,7.020505,7.1165586,7.0913434,7.261303
2E9P_lig4to7_alpha05_molecule_ligand_7,-10.270000457763672,7.1643853,7.26654,7.0978703,7.173425,7.2323627,7.328377,7.097805,6.959255,7.0498743,7.1726623,7.26568
2E9P_lig4to7_alpha05_molecule_ligand_4,-10.880000114440918,6.4672875,6.543488,6.429013,6.484178,6.6806145,6.4730735,6.5855074,6.344113,6.346654,6.386981,6.3992486
2E9P_lig4to7_alpha05_molecule_ligand_6,-11.09000015258789,7.151988,7.210747,7.1131454,7.252221,7.284348,7.2515755,7.103086,6.970259,7.100929,7.0641856,7.16939
2Q15_lig17to21_alpha05_molecule_ligand_20_S,-10.210000038146973,6.048035,6.0368376,5.839787,6.0458384,6.069079,6.0751247,6.071029,6.0962086,6.0518804,6.1278234,6.0667434
2Q15_lig17to21_alpha05_molecule_ligand_21,-10.56999969482422,6.110715,6.138775,5.936612,6.1192603,6.189594,6.137615,6.1114125,6.1008224,6.1116624,6.161939,6.0994587
2Q15_lig17to21_alpha05_molecule_ligand_18,-10.81999969482422,6.4232817,6.173775,6.416153,6.3768816,6.494214,6.453694,6.5033493,6.3051286,6.530435,6.4887624,6.490427
2Q15_lig17to21_alpha05_molecule_ligand_17_enu,-9.81999969482422,5.988082,5.980493,5.774207,6.025582,6.0256357,6.0402827,5.9893217,5.9906826,6.040657,6.0515323,5.9624248
2Q15_lig17to21_alpha05_molecule_ligand_19,-11.289999961853027,6.0427666,6.0368376,5.8216043,6.039768,6.069079,6.0751247,6.071029,6.0883512,6.0518804,6.107248,6.0667434
hsp90_3hvd_custcore_molecule_lig_3B27,-7.039999961853027,5.0256877,4.9880633,4.990895,5.0799847,5.046187,4.958424,4.9962425,5.03778,4.9314094,5.1845946,5.043299
hsp90_3hvd_custcore_molecule_18_minimized,-13.177300453186035,6.632698,6.522676,6.707221,6.674573,6.6119304,6.4992814,6.6272106,6.8049936,6.4563766,6.7913475,6.631375
hsp90_3hvd_custcore_molecule_8__3VHA,-10.15248966217041,6.388158,6.3464713,6.351415,6.448307,6.442373,6.235522,6.5082974,6.367298,6.175259,6.520606,6.4860296
hsp90_3hvd_custcore_molecule_13,-11.26364040374756,6.7389517,6.766265,6.5487022,6.8779764,6.728625,6.613777,6.8787556,6.8969936,6.6157074,6.815487,6.6472297
hsp90_3hvd_custcore_molecule_9,-9.71030044555664,6.3720274,6.2810564,6.3304124,6.457696,6.434967,6.2543983,6.452188,6.3756557,6.164343,6.50677,6.462783
hsp90_3hvd_custcore_molecule_16__3VHD,-12.74081039428711,6.589975,6.4824543,6.683971,6.5971947,6.5546937,6.425468,6.6026654,6.763136,6.414327,6.7806168,6.595226
hsp90_3hvd_custcore_molecule_11__3VHC,-12.194700241088867,6.6394753,6.6914706,6.487388,6.7786326,6.630442,6.5179706,6.749832,6.7546234,6.502215,6.688164,6.5940204
hsp90_3hvd_custcore_molecule_12,-11.158180236816406,6.738646,6.7454743,6.5363784,6.8570914,6.722865,6.6571794,6.8853993,6.9029403,6.6306067,6.8096757,6.638851
hsp90_3hvd_custcore_molecule_7,-9.497720718383787,6.384055,6.3113956,6.368033,6.464487,6.4451737,6.2461824,6.420959,6.4069953,6.175326,6.5315194,6.470478
hsp90_3hvd_custcore_molecule_17__top_conformer,-12.927749633789062,6.5886817,6.4558325,6.65054,6.621841,6.571694,6.4720683,6.605503,6.7427893,6.444596,6.7621026,6.5598497
Fxa_2ei8_molecule_Edoxaban,-12.59000015258789,6.3257465,6.248837,6.2400517,6.458081,6.248692,6.311108,6.5009336,6.266509,6.4716067,6.273825,6.2378197
Fxa_2ei8_molecule_4d,-11.720000267028809,6.705813,6.6855454,6.619246,6.8120403,6.517782,6.6902966,6.932946,6.7228613,6.720305,6.5617485,6.7953563
Fxa_2ei8_molecule_4c,-11.789999961853027,6.705813,6.6855454,6.619246,6.8120403,6.517782,6.6902966,6.932946,6.7228613,6.720305,6.5617485,6.7953563
TPSB2_3v7t_molecule_1,-10.460000038146973,6.2254457,5.9267154,6.2032266,6.288722,6.3733673,6.2074213,6.381075,6.216547,6.289335,6.206248,6.1618
TPSB2_3v7t_molecule_2,-9.84000015258789,6.2298965,5.9458184,6.229168,6.2646523,6.3779006,6.208435,6.381075,6.2285333,6.3150587,6.1903896,6.157938
Bace1_4zsp_molecule_31,-8.350000381469727,5.4720464,5.3996015,5.383714,5.5198126,5.5507293,5.5324006,5.475123,5.3687043,5.4702964,5.5395403,5.4805436
Bace1_4zsp_molecule_7,-7.710000038146973,5.4754143,5.4452343,5.2450724,5.510398,5.4967365,5.638448,5.570901,5.4067807,5.5053725,5.507085,5.4281178
Bace1_4zsp_molecule_6,-7.829999923706055,5.222983,5.169555,5.085876,5.2268043,5.1853414,5.35137,5.321001,5.1769514,5.176516,5.279666,5.2567472
EZH2_5ij7_corehop_molecule_22,-9.6899995803833,6.6736155,6.4691973,6.5368176,6.556068,6.9101853,6.4908676,6.6437125,6.7040553,6.944118,6.8512797,6.6298494
EZH2_5ij7_corehop_molecule_31,-10.270000457763672,6.377597,6.3129687,6.3778253,6.361414,6.3704677,6.363597,6.35819,6.448977,6.4257417,6.394374,6.3624163
EZH2_5ij7_corehop_molecule_29,-10.270000457763672,6.328059,6.2604146,6.3316083,6.300301,6.3465567,6.26691,6.3090186,6.446557,6.3609543,6.3547816,6.3034873
EZH2_5ij7_corehop_molecule_27,-8.369999885559082,6.7834105,6.611786,6.5242543,6.74969,7.046315,6.6840606,6.7890444,6.867188,6.9903045,6.8892264,6.6822357
CHK1_3u9n_corehop_molecule_17,-9.715999603271484,6.389817,6.3610845,6.3637366,6.4325037,6.6043434,6.4368744,6.4322715,6.2899246,6.5000415,6.3103843,6.167002
CHK1_3u9n_corehop_molecule_1,-9.699999809265137,6.48224,6.4901295,6.4130554,6.5639987,6.7130313,6.4620914,6.5852127,6.3835526,6.5800996,6.43152,6.199714
CHK1_3u9n_corehop_molecule_21,-9.142000198364258,6.494615,6.4888644,6.4006357,6.5744934,6.7255974,6.478931,6.6525884,6.3898983,6.584248,6.4449067,6.205989
CHK1_3u9n_corehop_molecule_20,-9.208000183105469,6.4732275,6.4629226,6.372317,6.5444155,6.71408,6.4684224,6.615632,6.377323,6.566924,6.4299617,6.1802773
CHK1_3u9n_corehop_molecule_19,-8.54800033569336,6.83881,6.8538203,6.810485,6.9733725,7.0666347,6.6479864,6.8918495,6.758738,6.898345,6.8667665,6.620104
a2a_hip278_molecule_4g,-11.064042091369627,6.185575,6.0411887,5.987559,6.0662446,6.054265,6.1683435,6.3224716,6.1830916,6.266247,6.5551276,6.2112136
a2a_hip278_molecule_4h,-10.654767990112305,6.423136,6.2128963,6.3391457,6.404372,6.3123236,6.468471,6.471238,6.3423734,6.4957623,6.7734385,6.411343
a2a_hip278_molecule_4jS,-10.886690139770508,6.364402,6.199046,6.284854,6.3389726,6.2345486,6.4181485,6.4133186,6.3193884,6.430573,6.6925335,6.3126383
a2a_hip278_molecule_4kU,-11.541528701782228,6.210431,5.976742,6.0795426,6.0480504,6.0799227,6.2613206,6.3586507,6.213242,6.339437,6.519577,6.2278295
a2a_hip278_molecule_4lD,-11.377819061279297,6.0342155,5.870224,5.9351583,6.0147443,5.903456,5.974391,6.2574167,5.913604,6.2647347,6.258027,5.950403
a2a_hip278_molecule_4i,-10.313706398010254,6.44839,6.2328606,6.3369694,6.3557463,6.2557335,6.5583963,6.5147834,6.496143,6.594765,6.7689657,6.3695397
a2a_hip278_molecule_4a,-9.41330337524414,4.9762726,4.9738517,4.8836317,5.016478,4.9944253,4.9658,5.0612464,4.939196,4.940718,5.133634,4.8537464
a2a_hip278_molecule_4b_D,-9.959002494812012,5.3856325,5.408475,5.3616004,5.3057065,5.341329,5.3982472,5.399553,5.292112,5.481327,5.550206,5.3177695
a2a_hip278_molecule_4c,-11.459673881530762,5.608976,5.522478,5.466593,5.476633,5.602337,5.623876,5.6658797,5.4946127,5.637612,5.9261413,5.6736007
a2a_hip278_molecule_4d,-10.504701614379885,6.1501517,6.033844,5.9413257,6.01057,6.0094137,6.141359,6.314297,6.1478715,6.247923,6.516085,6.138829
a2a_hip278_molecule_4o,-11.35667324066162,5.04489,5.001389,4.964477,5.0463896,5.062645,5.011934,5.157412,5.021937,5.0513196,5.1773243,4.95407
a2a_hip278_molecule_4f,-11.44603157043457,6.31043,6.13759,6.1295457,6.218057,6.1978316,6.3027453,6.415164,6.3010535,6.5025444,6.648457,6.251311
a2a_hip278_molecule_4e_D,-12.073585510253906,5.462007,5.409427,5.424753,5.386194,5.4562488,5.4132085,5.5158167,5.3466845,5.5771303,5.6251326,5.465474
a2a_hip278_molecule_4m_D,-10.550403594970703,5.39165,5.375243,5.406673,5.297952,5.335498,5.398922,5.4062505,5.3039722,5.474465,5.5774045,5.340126
a2a_hip278_molecule_4q,-8.886704444885254,4.959901,4.9538965,4.8623466,5.032205,4.98687,4.964961,5.021242,4.9193773,4.927025,5.089378,4.84171
a2a_hip278_molecule_4n,-11.550395965576172,5.618238,5.4675703,5.466168,5.5697412,5.6487837,5.648908,5.632194,5.5496526,5.622977,5.9152064,5.661178
a2a_hip278_molecule_4r_U,-11.461993217468262,5.8111453,5.7166657,5.740542,5.7192183,5.7795143,5.765132,5.8507,5.672295,5.925849,6.106907,5.8346324
a2a_hip278_molecule_4o_deprotonated,-11.35667324066162,5.0080214,4.980121,4.951632,5.0137925,5.004329,5.0040784,5.095195,5.0049124,4.975012,5.1439605,4.9071794
a2a_hip278_molecule_4eD_deprotonated,-12.073585510253906,5.426469,5.403622,5.421995,5.345853,5.3821387,5.416983,5.450671,5.32966,5.503658,5.598245,5.4118657
a2a_hip278_molecule_4f_deprotonated,-11.44603157043457,6.28155,6.1345263,6.1367855,6.140634,6.1432843,6.3163424,6.371743,6.2873073,6.4211373,6.612031,6.251708
ox2_hip_custcore_molecule_set_1__1,-10.978231430053713,6.0225596,5.8292065,5.9054775,6.1619067,6.029942,5.9793115,6.1117473,6.2117987,6.010295,6.0554924,5.9304214
ox2_hip_custcore_molecule_set_1__2,-10.049724578857422,5.9546404,5.8642583,5.7926683,6.0542793,6.0282373,5.883218,6.029441,6.2057767,5.8568,5.9333777,5.8983483
ox2_hip_custcore_molecule_set_1__3,-8.59611988067627,5.995358,5.96881,5.9920025,6.1911006,6.1025977,5.7241197,6.0810027,5.9968877,5.9652877,6.0062785,5.925491
ox2_hip_custcore_molecule_set_1__4,-10.603745460510254,5.7913713,5.6635723,5.697898,5.9388785,5.770675,5.7248178,5.9366527,5.949735,5.809621,5.715109,5.7067475
ox2_hip_custcore_molecule_set_1__5,-10.885735511779783,5.91055,5.7816215,5.784755,6.049652,5.8440957,5.9024596,6.069872,5.947615,5.997536,5.8503146,5.8775744
ox2_hip_custcore_molecule_set_1__6,-10.013026237487791,6.2870255,6.159294,6.17874,6.5110965,6.452643,6.175655,6.2640567,6.48665,6.2486973,6.2123275,6.181094
ox2_hip_custcore_molecule_set_1__7,-11.577681541442873,6.04132,5.9471836,5.869941,6.1866136,6.004355,6.0238805,6.1622987,6.0945506,6.082819,6.0605154,5.98104
ox2_hip_custcore_molecule_set_1__8,-10.151361465454102,5.9989223,5.852019,5.844173,6.030371,5.966993,5.928415,6.110915,6.2457294,6.05665,6.027193,5.9267683
ox2_hip_custcore_molecule_set_1__9,-8.624086380004883,5.5000653,5.497565,5.3503623,5.6811934,5.3790007,5.4460545,5.7639556,5.5104675,5.4906073,5.558544,5.3229003
ox2_hip_custcore_molecule_set_1__10,-10.316571235656738,6.1595335,6.068976,6.1203732,6.338074,6.0174737,6.087855,6.3071537,6.347632,6.21615,6.024923,6.066726
ox2_hip_custcore_molecule_set_1__11,-11.125433921813965,5.8285418,5.7173977,5.6415205,6.062261,5.764711,5.7807274,5.997864,5.944494,5.8991785,5.7684064,5.7088637
ox2_hip_custcore_molecule_set_1__12,-10.54126262664795,5.7193394,5.5273943,5.6129155,5.843905,5.7172465,5.632689,5.9221396,5.8577247,5.7537947,5.6549525,5.6706314
ox2_hip_custcore_molecule_set_1__13,-8.972378730773926,5.941532,5.8266296,5.794044,6.0353065,5.922162,5.8657503,6.044073,6.0763483,6.0077944,6.0011506,5.8420625
ox2_hip_custcore_molecule_set_1__14,-11.169498443603516,6.4631195,6.482377,6.306696,6.6481466,6.313305,6.43114,6.6401243,6.6300077,6.536735,6.3223305,6.3203297
ox2_hip_custcore_molecule_set_1__15,-6.821234703063965,5.717437,5.6804943,5.619527,5.767017,5.7481995,5.5415072,5.9265304,5.8497195,5.6771183,5.7594566,5.6047955
ox2_hip_custcore_molecule_set_1__16,-10.950536727905272,6.0397997,5.975987,5.955744,6.234915,6.1085424,5.909028,6.030789,6.197755,6.049161,5.9940705,5.9420033
ox2_hip_custcore_molecule_set_1__17,-6.883717060089111,5.6942716,5.602328,5.4991703,5.8574038,5.675626,5.605853,5.8759575,5.794572,5.767015,5.6814013,5.583389
ox2_hip_custcore_molecule_set_1__18,-8.276204109191895,6.0033445,5.9437003,5.805595,6.149743,6.0590544,5.9784193,6.2015357,6.04899,6.0113354,5.972513,5.86256
ox2_hip_custcore_molecule_set_1__19,-7.515090465545654,6.098707,6.0200114,5.919256,6.249716,6.218423,6.0760283,6.199651,6.2086935,6.186974,6.0433,5.865022
ox2_hip_custcore_molecule_set_1__20,-10.399927139282228,5.8150225,5.6475368,5.6916227,5.9660425,5.83258,5.7856536,5.9807897,5.9675255,5.8325753,5.7626395,5.683266
ox2_hip_custcore_molecule_set_1__21,-8.688343048095703,5.412736,5.38381,5.234311,5.5673194,5.3233886,5.4109793,5.642828,5.493958,5.385492,5.4491844,5.2360907
ox2_hip_custcore_molecule_set_1__22,-10.420527458190918,5.6973143,5.5376654,5.584452,5.835576,5.68929,5.610707,5.89934,5.8455186,5.7296424,5.6469364,5.594016
ox2_hip_custcore_molecule_set_1__23,-10.080965995788574,5.6259522,5.545394,5.507696,5.7546678,5.5846705,5.555092,5.8204083,5.70712,5.654404,5.596766,5.5333
ox2_hip_custcore_molecule_set_1__24,-10.443309783935549,5.8837557,5.7268667,5.7065597,6.029981,5.938087,5.7343574,6.0165753,6.0496264,5.9424877,5.8849936,5.80802
ox2_hip_custcore_molecule_set_1__25,-11.097330093383787,6.2966514,6.123509,6.232434,6.497746,6.496814,6.2189493,6.2949085,6.43564,6.2337084,6.2376018,6.195207
ox2_hip_custcore_molecule_set_1__26,-11.387232780456545,5.9307423,5.79496,5.782673,6.0322404,5.935691,5.9036856,6.0606494,6.1284337,5.932329,5.941267,5.7954903
ox2_hip_custcore_molecule_set_1__27,-10.95654010772705,5.776929,5.621602,5.653654,5.924241,5.811475,5.667067,5.9485025,5.924012,5.8134766,5.756795,5.6484675
ox2_hip_custcore_molecule_set_2__1,-9.413166999816896,6.296723,6.3246584,5.9983487,6.4565883,6.177444,6.2804275,6.5249805,6.4015055,6.5685763,6.133263,6.1014366
ox2_hip_custcore_molecule_set_2__2,-8.611808776855469,5.985265,5.8699946,5.8959026,6.0525646,6.0192747,5.9075394,6.0139174,6.117804,6.0128675,6.072466,5.890316
ox2_hip_custcore_molecule_set_2__3,-9.46992015838623,6.4249916,6.4329996,6.169214,6.5350876,6.3305273,6.4435816,6.5839834,6.560915,6.5820394,6.358411,6.2531624
ox2_hip_custcore_molecule_set_2__4,-9.716166496276855,6.489095,6.5850015,6.146943,6.6532702,6.336774,6.565437,6.679834,6.4708447,6.776244,6.35569,6.3209147
ox2_hip_custcore_molecule_set_2__5_adjust,-10.85299301147461,6.840329,6.8049774,6.610206,7.0132494,6.843788,6.8790183,6.8473525,6.9045033,6.9759307,6.785059,6.7392077
ox2_hip_custcore_molecule_set_2__6,-10.490240097045898,6.274543,6.3112082,5.9429617,6.442329,6.1522155,6.260225,6.5005407,6.380369,6.5506525,6.1226373,6.082289
ox2_hip_custcore_molecule_set_2__7,-7.945237636566162,6.8294115,6.834019,6.614469,7.0418305,6.841386,6.869297,6.809496,6.916694,6.9136286,6.7487273,6.704571
ox2_hip_custcore_molecule_set_2__8,-10.95654010772705,6.288085,6.2893505,5.991761,6.488914,6.171229,6.282497,6.5151668,6.395556,6.510429,6.159103,6.076848
ox2_hip_custcore_molecule_set_2__9,-10.010706901550291,7.2250547,7.2171755,6.953376,7.409676,7.371358,7.3885393,7.1315155,7.360844,7.1346536,7.1403728,7.1430387
ox2_hip_custcore_molecule_set_2__10,-6.852475643157959,7.429625,7.350917,7.0688415,7.5943494,7.521433,7.7009397,7.340686,7.7311826,7.388612,7.326575,7.272713
ox2_hip_custcore_molecule_set_2__11,-9.472103118896484,5.680288,5.6695657,5.4756694,5.772435,5.630391,5.515906,5.897677,5.8018155,5.7195787,5.682999,5.6368403
ox2_hip_custcore_molecule_set_2__12,-9.990925788879396,6.84788,6.853432,6.5227075,6.995546,6.903922,6.88731,6.85398,7.0970845,6.86002,6.8138967,6.6908984
ox2_hip_custcore_molecule_set_2__13,-10.815340042114258,6.112752,6.2310004,5.7807245,6.296898,5.953931,6.1912727,6.381999,6.1505027,6.3073993,5.9897733,5.8440175
ox2_hip_custcore_molecule_set_2__14,-10.7535400390625,6.295863,6.2960477,6.005689,6.48271,6.206609,6.318133,6.5056934,6.367488,6.533075,6.1203084,6.12288
ox2_hip_custcore_molecule_set_2__15,-9.641133308410645,6.4635077,6.2839775,6.413685,6.5764484,6.611511,6.381726,6.412174,6.588478,6.453045,6.553075,6.360955
ox2_hip_custcore_molecule_set_2__16,-9.674556732177734,6.3410463,6.330189,6.050537,6.5034666,6.268144,6.3596325,6.550891,6.38357,6.696907,6.179933,6.0871925
ox2_hip_custcore_molecule_set_2__17,-9.98465061187744,6.908375,6.914008,6.7625756,7.204172,6.8985558,6.7735457,6.9289527,7.083712,6.8929563,6.903084,6.722186
ox2_hip_custcore_molecule_set_2__18,-9.408119201660156,6.3481874,6.3095584,6.004313,6.550299,6.2547755,6.392617,6.5261073,6.591666,6.5748363,6.141355,6.136352
ox2_hip_custcore_molecule_set_2__19,-9.02353858947754,5.662547,5.645385,5.439489,5.7636104,5.655036,5.5025306,5.8872776,5.7580113,5.71174,5.6486974,5.6136985
ox2_hip_custcore_molecule_set_2__20,-11.045079231262209,6.7342234,6.7543454,6.345284,6.856101,6.702116,6.784973,6.8383794,6.92246,6.655157,6.812119,6.6712966
ox2_hip_custcore_molecule_set_2__21,-10.565683364868164,6.522873,6.5995383,6.182466,6.6655335,6.3880224,6.606772,6.71244,6.4732456,6.805742,6.408517,6.3864527
ox2_hip_custcore_molecule_set_2__22,-8.531181335449219,6.7886314,6.799017,6.6035867,6.903045,6.8516645,6.7908626,6.802169,6.9271874,6.788819,6.8003387,6.619626
ox2_hip_custcore_molecule_set_2__23,-10.52380084991455,6.318572,6.3316445,5.9983044,6.46933,6.220611,6.3247347,6.53411,6.3724747,6.5982075,6.1644692,6.1718287
ox2_hip_custcore_molecule_set_2__24,-9.534994125366213,6.0973125,5.9945383,5.9292135,6.226765,6.0470915,6.0488644,6.2365155,6.1332703,6.217401,6.1724224,5.967044
p2y1_meta_sub_molecule_16,-11.216630935668944,5.5892005,5.581676,5.5048766,5.514992,5.7939916,5.480116,5.6032004,5.644486,5.541888,5.7323203,5.494458
p2y1_meta_sub_molecule_11a,-7.774801731109619,5.2147207,5.1641555,5.214873,5.230462,5.307412,5.1321993,5.137184,5.3207097,5.1602607,5.29674,5.1832075
p2y1_meta_sub_molecule_6e,-9.403467178344728,5.337282,5.264662,5.3660746,5.270117,5.419606,5.289791,5.3580613,5.460915,5.330307,5.3673835,5.2459073
p2y1_meta_sub_molecule_11c,-10.20659351348877,5.3149157,5.274834,5.2136974,5.2519636,5.4080358,5.280831,5.4089994,5.4361625,5.25186,5.3851113,5.2376623
p2y1_meta_sub_molecule_6b,-9.99706745147705,5.2877975,5.243225,5.2650976,5.2279124,5.327327,5.233834,5.3723464,5.40751,5.2497835,5.345318,5.2056246
p2y1_meta_sub_molecule_1,-9.720174789428713,5.3005357,5.2365746,5.2782264,5.212323,5.3271384,5.241066,5.395033,5.4858713,5.2233133,5.4036684,5.2021427
p2y1_meta_sub_molecule_6a,-9.231863975524902,5.269723,5.2092266,5.2850475,5.205176,5.3648267,5.191981,5.247418,5.362103,5.281331,5.3843207,5.165799
p2y1_meta_sub_molecule_6f,-9.329582214355469,5.296913,5.239652,5.28602,5.240178,5.389593,5.200311,5.3005743,5.3956237,5.285325,5.405254,5.226601
p2y1_meta_sub_molecule_6h,-9.984593391418455,5.356945,5.2522974,5.400028,5.311316,5.4254055,5.259686,5.3538985,5.453979,5.3553185,5.4894447,5.268078
p2y1_meta_sub_molecule_6d,-8.4812650680542,5.2864203,5.2354107,5.3020463,5.2267795,5.3897133,5.194311,5.2792015,5.37301,5.2813916,5.383777,5.198563
p2y1_meta_sub_molecule_6i,-10.24363613128662,5.3914814,5.2857084,5.441728,5.305891,5.5112767,5.2692294,5.3961754,5.512026,5.408859,5.532893,5.2510266
p2y1_meta_sub_molecule_6g,-9.769577026367188,5.3078623,5.2275977,5.3364973,5.2597723,5.429733,5.2151675,5.2652316,5.3761106,5.306134,5.4434037,5.2189703
p2y1_meta_sub_molecule_6n,-8.517489433288574,5.289016,5.229229,5.2879763,5.2196236,5.3920937,5.1953416,5.2874618,5.3956237,5.285325,5.405254,5.192235
p2y1_meta_sub_molecule_6m,-8.589093208312988,5.389303,5.2793274,5.436906,5.311775,5.513877,5.275253,5.3994174,5.4833417,5.4043813,5.537692,5.251061
p2y1_meta_sub_molecule_6p,-9.653029441833496,5.3317976,5.2554812,5.366069,5.3036776,5.438841,5.231343,5.3149505,5.396249,5.2981424,5.451637,5.26159
p2y1_meta_sub_molecule_6k,-10.303940773010254,5.3160486,5.2413707,5.332963,5.26667,5.409523,5.260244,5.3021145,5.405753,5.3115535,5.4106283,5.219669
p2y1_meta_sub_molecule_6o,-8.446208000183105,5.3403344,5.2162075,5.3830585,5.3220835,5.42441,5.2511997,5.3593507,5.4108577,5.376771,5.415287,5.244116
p2y1_meta_sub_molecule_6q,-9.238834381103516,5.3827796,5.306614,5.465348,5.3845854,5.452643,5.2864113,5.394481,5.476018,5.3257694,5.5004873,5.235435
p2y1_meta_sub_molecule_6l,-10.474388122558594,5.45291,5.3452725,5.4838114,5.408376,5.575632,5.335319,5.4622903,5.4938235,5.505466,5.6038704,5.315237
p2y1_meta_sub_molecule_6j,-8.873682975769043,5.386357,5.346649,5.372068,5.303654,5.537396,5.273063,5.3754573,5.429107,5.428789,5.4968147,5.3005667
p2y1_ortho_sub_molecule_16,-11.216630935668944,5.330316,5.3669887,5.327563,5.2723026,5.547956,5.24981,5.235476,5.3467793,5.3673105,5.3868237,5.2021465
p2y1_ortho_sub_molecule_11b,-10.565719604492188,5.265625,5.275006,5.2755613,5.2772317,5.453765,5.197983,5.1724453,5.3171782,5.2500067,5.287576,5.1495
p2y1_ortho_sub_molecule_17,-11.046183586120604,5.3365073,5.3427687,5.4214826,5.2566676,5.547707,5.2177405,5.226736,5.4043665,5.3391376,5.4102745,5.1981907
p2y1_ortho_sub_molecule_14,-9.21816349029541,5.1118126,5.088117,5.144949,5.0474358,5.18638,5.0814047,5.0838428,5.1367984,5.10923,5.2575774,4.982391
p2y1_ortho_sub_molecule_11e,-9.704582214355469,5.5018153,5.5982556,5.6097155,5.527668,5.620635,5.3722453,5.3651505,5.564662,5.520631,5.4541016,5.3850884
p2y1_ortho_sub_molecule_11d,-10.303940773010254,5.2356873,5.225272,5.2559423,5.293077,5.415674,5.203976,5.113437,5.298844,5.210803,5.195125,5.14472
p2y1_ortho_sub_molecule_11f,-9.228408813476562,5.2345724,5.2282476,5.3704085,5.241256,5.3495746,5.1249905,5.1246023,5.3197684,5.212474,5.266733,5.1076684
p2y1_ortho_sub_molecule_18,-11.125299453735352,5.307551,5.295823,5.3894477,5.278855,5.5559664,5.209507,5.15664,5.3694015,5.32653,5.298619,5.194721
p2y1_ortho_sub_molecule_12,-11.125299453735352,5.312332,5.305933,5.3631682,5.263941,5.4832497,5.258332,5.1978645,5.3656807,5.322844,5.373357,5.1889544
p2y1_ortho_sub_molecule_11a,-7.774801731109619,5.047653,5.0735755,5.010753,5.0315566,5.172304,4.9341497,4.9794226,5.109706,5.001609,5.0993357,5.0641203
p2y1_ortho_sub_molecule_19,-10.635504722595217,5.2802744,5.3118258,5.3027062,5.293155,5.4968143,5.2105994,5.173023,5.289834,5.3114123,5.27325,5.1401167
p2y1_ortho_sub_molecule_13,-10.5032958984375,5.066692,5.0720444,5.0698543,5.0181527,5.120653,5.0292077,5.056426,5.095463,5.0420904,5.228442,4.934584
bace_keranen_p2_molecule_29,-9.989999771118164,6.448184,6.5498,6.445831,6.657949,6.3597198,6.436088,6.231129,6.2102156,6.566199,6.565359,6.4595456
bace_keranen_p2_molecule_30,-10.359999656677246,6.727558,6.914493,6.673858,6.889385,6.7349997,6.5752063,6.5898347,6.538063,6.8897495,6.669017,6.800974
bace_keranen_p2_molecule_31,-10.359999656677246,6.773787,6.998515,6.6759725,7.140235,6.6513534,6.6499863,6.6404696,6.566957,6.80466,6.7123013,6.8974204
bace_keranen_p2_molecule_32,-10.359999656677246,6.8475723,6.9274383,6.736685,7.0664167,6.763508,6.7653027,6.692159,6.623944,6.990858,6.8837404,7.0256653
bace_keranen_p2_molecule_33,-10.239999771118164,6.5855436,6.6523976,6.491083,6.822762,6.5059085,6.5443897,6.4024286,6.4211564,6.650108,6.6670313,6.6981773
bace_keranen_p2_molecule_34,-10.149999618530272,6.291989,6.4820805,6.265982,6.444008,6.235849,6.2538614,6.1797323,6.104559,6.391491,6.2511997,6.3111215
bace_keranen_p2_molecule_35,-9.8100004196167,6.5707664,6.6557374,6.61265,6.700306,6.504371,6.5514545,6.3923535,6.359645,6.7484145,6.574386,6.608346
bace_keranen_p2_molecule_36_out,-10.359999656677246,6.434331,6.5641003,6.4360356,6.6387157,6.330428,6.388509,6.269154,6.2437525,6.6010156,6.4390125,6.432585
bace_keranen_p2_molecule_37_out,-10.5600004196167,6.54358,6.6819625,6.541192,6.7862945,6.491982,6.474248,6.3497386,6.2913227,6.6574903,6.616276,6.5452924
bace_keranen_p2_molecule_39_out,-9.68000030517578,6.4190726,6.6361547,6.4059525,6.620754,6.326902,6.363005,6.2222967,6.1363482,6.519556,6.4923472,6.4674115
bace_keranen_p2_molecule_38_out,-10.489999771118164,6.4447465,6.619269,6.45469,6.64421,6.359572,6.400696,6.261105,6.180044,6.563373,6.479983,6.484518
bace_keranen_p2_molecule_28_out,-10.489999771118164,6.452638,6.5965204,6.442891,6.650221,6.3726053,6.4393005,6.199911,6.1899734,6.537136,6.5766563,6.521164
bace_ciordia_retro_molecule_1a,-6.084681987762451,5.9262347,6.0181675,5.8100204,6.155251,5.755422,5.961102,5.988448,5.806024,5.9632287,5.8858523,5.91883
bace_ciordia_retro_molecule_11,-8.703369140625,6.094793,6.126388,5.94789,6.3260646,5.9201107,6.077916,6.018399,6.1943026,6.246178,6.102496,5.988181
bace_ciordia_retro_molecule_12,-10.45694637298584,6.4212494,6.47141,6.0963097,6.726422,6.2457476,6.4673986,6.313171,6.460382,6.6016912,6.4775686,6.352396
bace_ciordia_retro_molecule_13,-9.64326286315918,6.1893253,6.2239137,6.014707,6.415506,6.010086,6.184166,6.069288,6.290417,6.40503,6.1459107,6.134228
bace_ciordia_retro_molecule_14,-9.8362398147583,6.497135,6.539861,6.343028,6.8155217,6.343316,6.5176945,6.375818,6.597184,6.667271,6.2883053,6.483351
bace_ciordia_retro_molecule_15,-7.917439460754394,6.280782,6.394989,6.0784736,6.510407,6.161236,6.2421184,6.2410293,6.344988,6.3504567,6.341604,6.142516
bace_ciordia_retro_molecule_16,-7.057740211486816,6.5278845,6.571463,6.3922005,6.89281,6.3888993,6.446065,6.407515,6.6003428,6.698349,6.354758,6.52644
bace_ciordia_retro_molecule_17,-10.365072250366213,6.4848695,6.489197,6.127788,6.7858934,6.266598,6.486633,6.4860854,6.559673,6.6776466,6.576675,6.392505
bace_ciordia_retro_molecule_18,-9.900985717773438,6.53155,6.549228,6.376349,6.8721375,6.318861,6.5374103,6.529027,6.5761495,6.7102466,6.3647957,6.4812956
bace_ciordia_retro_molecule_19,-9.910837173461914,6.5213723,6.5295386,6.3481774,6.8365383,6.323304,6.5343695,6.471628,6.5824447,6.701457,6.3819613,6.504303
bace_ciordia_retro_molecule_20,-10.167583465576172,6.4559126,6.4783206,6.173745,6.7477655,6.2154694,6.441639,6.429971,6.461551,6.654763,6.57418,6.3817205
bace_ciordia_retro_molecule_21,-10.215289115905762,6.447631,6.473096,6.112084,6.7381907,6.2246547,6.4645777,6.3857994,6.462155,6.639656,6.5754128,6.400685
bace_ciordia_retro_molecule_22,-7.606921672821045,6.4914346,6.5652122,6.330523,6.7766294,6.336199,6.493313,6.412693,6.602267,6.552672,6.3716125,6.473225
bace_ciordia_retro_molecule_23,-9.818963050842283,6.620612,6.786885,6.5057693,6.84607,6.464755,6.5593634,6.4757,6.8434906,6.7411523,6.3464465,6.6364927
bace_ciordia_retro_molecule_24,-9.785843849182127,6.229054,6.2484784,6.0973964,6.429765,6.064186,6.223109,6.090478,6.321213,6.45839,6.1846256,6.1729
bace_ciordia_retro_molecule_25,-8.870043754577637,6.2627726,6.2987413,6.04076,6.4965987,6.082158,6.263028,6.185473,6.4271164,6.42554,6.200769,6.20754
bace_ciordia_retro_molecule_26,-10.365072250366213,6.51584,6.537879,6.4147887,6.8172917,6.3602242,6.575646,6.3146358,6.6030087,6.725636,6.2985487,6.510746
bace_ciordia_retro_molecule_27,-9.612375259399414,6.214458,6.244354,6.0679646,6.429765,6.035314,6.2145033,6.07955,6.3134966,6.4306564,6.1720614,6.156915
bace_ciordia_retro_molecule_28,-8.997004508972168,6.189288,6.269287,5.9790845,6.4274807,6.022083,6.269266,6.214695,6.140672,6.269701,6.1422753,6.158337
bace_ciordia_retro_molecule_29,-8.735666275024414,6.5365105,6.6953745,6.46833,6.8998523,6.496942,6.476215,6.5523114,6.4440355,6.402751,6.3609056,6.5683923
bace_ciordia_retro_molecule_30,-6.947381496429443,6.376533,6.418888,6.1744094,6.5589685,6.264236,6.4217887,6.553007,6.3059983,6.498407,6.325588,6.244041
bace_ciordia_retro_molecule_31,-9.533543586730955,6.108445,6.1676936,6.012896,6.3208694,5.933819,6.0732765,6.034927,6.1484647,6.2537003,6.130264,6.0085425
bace_ciordia_retro_molecule_32,-7.721524715423584,6.106382,6.145055,6.003133,6.329178,5.9352136,6.0786743,6.047308,6.1174355,6.263322,6.126114,6.018387
bace_ciordia_retro_molecule_33,-7.13992166519165,6.1150703,6.158914,6.043741,6.326242,5.928834,6.064041,6.025146,6.14013,6.2818394,6.1610394,6.020776
bace_ciordia_retro_molecule_34,-10.24935531616211,6.446673,6.537478,6.222467,6.702328,6.232634,6.5017123,6.337186,6.4345417,6.6199203,6.5075016,6.3709593
bace_ciordia_retro_molecule_35,-9.881757736206056,6.256076,6.3145466,6.199734,6.420679,6.0769053,6.248637,6.117473,6.2865777,6.4774966,6.2146544,6.204056
bace_ciordia_retro_molecule_36,-10.97872543334961,6.2899523,6.3555074,6.1420617,6.4502225,6.111867,6.3044205,6.205581,6.4226646,6.452302,6.2234178,6.231474
bace_ciordia_retro_molecule_37,-9.450016021728516,6.119554,6.194966,6.033679,6.3050776,5.920875,6.0761476,6.0527506,6.106049,6.3088684,6.1331463,6.063982
bace_ciordia_retro_molecule_38,-9.384933471679688,6.2400036,6.310422,6.1703024,6.4059153,6.048033,6.2400317,6.106545,6.2788615,6.449763,6.202091,6.188071
bace_ciordia_retro_molecule_39,-9.360767364501951,6.126347,6.2131987,6.0443654,6.333802,5.90839,6.1360426,6.072682,6.101397,6.262357,6.16663,6.024604
bace_ciordia_retro_molecule_40,-8.64596939086914,6.163987,6.196432,6.018897,6.4201574,5.9340196,6.189539,6.1433992,6.1850605,6.3537016,6.1334047,6.065263
bace_ciordia_retro_molecule_41,-9.109971046447754,6.3606696,6.525602,6.0635552,6.749716,6.3433127,6.283571,6.2593,6.376183,6.458768,6.178787,6.367899
bace_ciordia_retro_molecule_30_protonated,-6.947381496429443,6.227813,6.2786303,6.0037374,6.481937,6.073279,6.30987,6.257923,6.188152,6.2668543,6.185708,6.2320385
bace_p3_arg368_in_molecule_8a,-7.789851188659668,5.8318563,5.7997837,5.9075365,6.119314,5.888351,5.7531095,5.7643075,5.8357177,5.6136947,5.7033677,5.933375
bace_p3_arg368_in_molecule_8b,-8.512900352478027,5.625188,5.5463247,5.7366443,5.809237,5.5853095,5.667579,5.6972117,5.5338836,5.377958,5.520575,5.777156
bace_p3_arg368_in_molecule_8c,-8.308263778686523,5.356965,5.2786283,5.4756966,5.487319,5.2490687,5.335114,5.445207,5.3671713,5.201013,5.226707,5.5037217
bace_p3_arg368_in_molecule_8d,-8.349190711975098,5.811594,5.760224,5.910772,6.0369096,5.769054,5.7720737,5.7928486,5.79913,5.69778,5.7365866,5.840561
bace_p3_arg368_in_molecule_8e,-8.417403221130371,6.1860213,6.293721,6.170823,6.4756274,5.925586,6.2243066,6.184647,6.244489,6.249095,5.867203,6.224716
bace_p3_arg368_in_molecule_8f,-7.462430953979492,6.423841,6.5135508,6.3387203,6.780867,6.1957483,6.398699,6.4584866,6.4732537,6.3615646,6.221345,6.496179
bace_p3_arg368_in_molecule_8g,-10.35463523864746,6.337871,6.4595575,6.2454267,6.663095,6.1068873,6.308195,6.322358,6.3639426,6.4058523,6.1334734,6.3699226
bace_p3_arg368_in_molecule_17a,-10.94126033782959,6.4202566,6.3978553,6.2892933,6.7709036,6.2672863,6.420256,6.4889636,6.4042735,6.4209476,6.1808157,6.5619726
bace_p3_arg368_in_molecule_17b,-11.5824556350708,6.1830015,6.1305785,6.294058,6.4500074,5.965262,6.302419,6.22673,6.0694046,6.238634,5.8905,6.262421
bace_p3_arg368_in_molecule_17c,-11.74616527557373,5.893963,5.8514805,6.045525,6.075664,5.623939,5.935473,5.920154,5.861925,6.042118,5.5706763,6.0126753
bace_p3_arg368_in_molecule_17d,-11.391462326049805,6.25536,6.2148504,6.333219,6.5346327,5.97022,6.2757387,6.2759123,6.1754875,6.4331913,6.0331984,6.307151
bace_p3_arg368_in_molecule_17e,-11.95080280303955,6.297547,6.3670654,6.349123,6.565092,6.035381,6.319744,6.2484736,6.376608,6.413046,5.9987636,6.3021708
bace_p3_arg368_in_molecule_17f,-11.637025833129885,6.4984665,6.5633693,6.486285,6.8677254,6.280261,6.470019,6.4765043,6.5779753,6.475374,6.2389073,6.5482407
bace_p3_arg368_in_molecule_17g,-11.118612289428713,6.429268,6.5356936,6.4224644,6.7306204,6.177708,6.373706,6.364975,6.477058,6.529982,6.136654,6.5438194
bace_p3_arg368_in_molecule_27a,-9.154098510742188,6.2568,6.26512,6.059888,6.5940847,6.130941,6.2377396,6.3208904,6.223136,6.2931213,6.0773573,6.3657236
bace_p3_arg368_in_molecule_27b,-9.972644805908203,6.1890635,6.1387916,6.3224893,6.461833,5.9662857,6.2911067,6.27097,6.069809,6.260383,5.861594,6.2473717
bace_p3_arg368_in_molecule_27c,-10.013572692871094,5.7150817,5.620477,5.9049854,5.7988005,5.6184063,5.61222,5.8154283,5.808647,5.6897182,5.474918,5.8072186
bace_p3_arg368_in_molecule_27d,-9.276880264282228,6.2479734,6.230918,6.372047,6.5687037,5.960993,6.2689443,6.240817,6.1379366,6.4402146,5.9872537,6.2719035
bace_p3_arg368_in_molecule_27e,-9.358736038208008,6.2520003,6.1947875,6.4265647,6.4097447,6.0953946,6.249649,6.2619314,6.273997,6.3027368,6.0132546,6.2919416
bace_p3_arg368_in_molecule_27f,-9.099527359008787,6.535866,6.6061745,6.561739,6.9415827,6.262206,6.507441,6.47755,6.573859,6.5368023,6.2189035,6.672404
bace_p3_arg368_in_molecule_27g,-12.250936508178713,6.439023,6.575756,6.4401135,6.753442,6.1783643,6.4041843,6.358711,6.4455175,6.571421,6.111131,6.551586
bace_ciordia_prospective_molecule_spiro16,-8.180000305175781,5.4615774,5.4623284,5.375857,5.516379,5.5801783,5.424484,5.493227,5.428491,5.387758,5.4941216,5.4529514
bace_ciordia_prospective_molecule_spiro5,-7.760000228881836,5.81059,5.8204203,5.7807055,5.831728,5.9930005,5.7694626,5.8273883,5.770716,5.770503,5.6721606,5.8698106
bace_ciordia_prospective_molecule_spiro2,-7.03000020980835,5.311597,5.2448015,5.141942,5.4264607,5.383399,5.371458,5.4183164,5.3170137,5.244905,5.38113,5.186543
bace_ciordia_prospective_molecule_spiro10,-8.5,6.3648243,6.5360947,6.3555965,6.48844,6.4066854,6.204415,6.3234797,6.4050965,6.325538,6.2630897,6.339809
bace_ciordia_prospective_molecule_spiro3,-8.979999542236328,5.679025,5.6013336,5.3930974,5.8121057,5.785695,5.7654853,5.7691216,5.7502303,5.61278,5.763869,5.536533
bace_ciordia_prospective_molecule_spiro6,-9.529999732971191,5.609397,5.620247,5.5016303,5.7237997,5.6327214,5.5430355,5.6862392,5.6598887,5.5087047,5.6262074,5.5915008
bace_ciordia_prospective_molecule_spiro4,-7.619999885559082,5.744759,5.763793,5.7412753,5.8365264,5.9303756,5.682394,5.736877,5.6826353,5.6993465,5.5661325,5.808236
bace_ciordia_prospective_molecule_spiro1,-7.519999980926514,5.3920546,5.3611984,5.2869935,5.4622455,5.4905777,5.3670125,5.5171947,5.373741,5.328686,5.3889728,5.343927
bace_ciordia_prospective_molecule_spiro15,-9.050000190734863,5.637841,5.614041,5.421392,5.758485,5.7033386,5.6740046,5.7531834,5.6305423,5.557864,5.716661,5.548903
renin_customcore_molecule_b1i5k_xray,-11.867584228515623,7.0027933,6.759559,6.858469,7.1717715,6.9277697,6.984018,7.036259,6.978443,7.325189,6.8160443,7.1704054
renin_customcore_molecule_b1i5j,-11.456809043884276,6.39292,6.251257,6.272584,6.4242263,6.2806077,6.295723,6.5361323,6.4161177,6.5884805,6.3291306,6.5349336
renin_customcore_molecule_b1i2n,-10.976457595825195,6.2678227,6.0276604,6.2244797,6.1826997,6.2084346,6.2815614,6.3487625,6.3371606,6.425647,6.327012,6.314809
renin_customcore_molecule_b1i5i,-11.456809043884276,6.4057913,6.299086,6.257399,6.4377036,6.2642927,6.3466306,6.5242147,6.4495196,6.569721,6.396223,6.513124
renin_customcore_molecule_b1i5h,-10.805927276611328,7.3299713,7.283598,7.235384,7.244659,7.3510823,7.460833,7.1681094,7.3828516,7.423008,7.212384,7.5378027
renin_customcore_molecule_b1i5l,-9.65300178527832,6.3474016,6.2049603,6.2982235,6.3355293,6.227228,6.3125296,6.46981,6.3858056,6.5177794,6.344407,6.377748
renin_customcore_molecule_b1i5n,-10.243584632873535,6.909787,6.8272786,6.8357882,6.790092,6.9989357,6.8660626,6.9632154,6.913449,7.027584,6.8645577,7.010906
renin_customcore_molecule_b1a2m,-9.60566234588623,5.9154177,5.7834945,5.822811,5.877407,5.9118915,5.966245,6.014893,5.973803,6.0119014,5.9644623,5.8272667
renin_customcore_molecule_b1i2o,-10.565683364868164,6.3072805,6.172064,6.256003,6.2257395,6.267088,6.4572716,6.36898,6.2571397,6.493108,6.374173,6.2012362
renin_customcore_molecule_b1i5o,-10.03608226776123,7.208739,7.2306113,7.1904635,7.104384,7.237471,7.149354,7.142584,7.2328258,7.3520684,7.2084327,7.2391863
renin_customcore_molecule_b1i4i,-8.79079818725586,6.714231,6.7559357,6.7203655,6.66823,6.7378874,6.610182,6.6902933,6.667671,6.8028154,6.6471443,6.841784
renin_customcore_molecule_b1i4e,-10.188878059387209,6.2359147,6.085863,6.1369596,6.1339784,6.1837115,6.308858,6.3780265,6.208426,6.4009733,6.257929,6.2644215
renin_customcore_molecule_b1i4g,-8.354374885559082,6.4802465,6.429849,6.347395,6.425578,6.5230374,6.5158834,6.5534515,6.4087386,6.596532,6.545913,6.456091
renin_customcore_molecule_b1i1,-7.394491195678711,5.3820314,5.35125,5.31267,5.4084673,5.380646,5.301411,5.587856,5.261813,5.413183,5.6157675,5.1872487
renin_customcore_molecule_b1i2a,-8.699529647827148,5.5831,5.5984855,5.5637827,5.594113,5.6502175,5.446503,5.7328076,5.5181303,5.482158,5.733476,5.511325
renin_customcore_molecule_b1i2e,-10.474414825439451,6.110835,6.110871,6.015638,6.1514263,6.037459,6.064453,6.2430778,6.010442,6.264556,6.0934677,6.1169577
renin_customcore_molecule_b1i2i,-9.814119338989258,6.075886,5.9620214,6.0966864,5.968844,6.231767,5.8832264,6.1178093,6.050561,6.040842,6.199854,6.2072444
renin_customcore_molecule_b1i2j,-11.324613571166992,6.181594,6.19167,6.110597,6.223361,6.072693,6.1506743,6.2880425,6.098772,6.294481,6.1852036,6.2004437
renin_customcore_molecule_b1i5c,-11.867584228515623,6.437337,6.4146023,6.414105,6.49131,6.3644595,6.3943324,6.4736447,6.3595176,6.5573263,6.3905177,6.513548
renin_customcore_molecule_b1i5b,-8.007719993591309,7.0543165,6.9966006,7.0308785,7.11628,7.201899,7.120014,6.8744507,6.999102,7.002318,7.073288,7.12834
renin_customcore_molecule_b1i2k,-10.63553237915039,6.1507173,6.152365,6.0540295,6.205352,6.064232,6.1230054,6.279424,6.0613246,6.2605233,6.1453404,6.1615734
renin_customcore_molecule_b1i2h,-9.823533058166504,5.658383,5.7079697,5.6911416,5.5952773,5.714975,5.5238123,5.7920923,5.6333423,5.548727,5.794624,5.5818686
renin_customcore_molecule_b1i2g,-8.338004112243652,5.7651267,5.7301006,5.802781,5.7587285,5.8786216,5.5868587,5.8993936,5.723321,5.650852,5.8935037,5.7271085
renin_customcore_molecule_b1i4b,-8.390936851501465,5.6793785,5.71361,5.65881,5.5710673,5.7436476,5.555504,5.833247,5.6778765,5.579633,5.8108315,5.6495585
renin_customcore_molecule_b1i5a,-10.395288467407228,6.9477453,6.851585,6.9827228,6.9030895,7.1167126,7.051918,6.801898,6.9092846,6.964999,6.924298,6.9709487
renin_customcore_molecule_b1i2d,-8.413992881774902,5.956355,5.968145,5.984839,6.0208488,6.1381035,5.8174577,5.9722757,5.9233694,5.7532964,6.0751634,5.9100513
renin_customcore_molecule_b1i4a,-7.235419750213623,5.547716,5.573134,5.52892,5.506246,5.614279,5.4327345,5.707499,5.46309,5.469418,5.7053843,5.4764566
renin_customcore_molecule_b1i5d,-11.216565132141112,6.422864,6.4985304,6.402019,6.509629,6.2996054,6.401742,6.548474,6.2663455,6.5495477,6.299271,6.453474
renin_customcore_molecule_b1i2c,-6.883717060089111,5.689741,5.716874,5.7274218,5.6363497,5.7433753,5.546189,5.818744,5.6039357,5.597962,5.862952,5.6436086
hne_molecule_6,-7.032558917999268,6.6447196,6.5514517,6.611452,6.702741,6.799981,6.5014687,6.895569,6.463558,6.819885,6.463152,6.637943
hne_molecule_14,-10.325488090515137,6.8692904,6.6734724,6.862702,7.099612,6.7453284,6.9180455,6.894594,6.8628464,6.948508,6.7629457,6.924843
hne_molecule_15,-12.27822208404541,7.086894,6.828396,6.9647403,7.3453503,6.9543905,7.067719,7.192813,7.1133456,7.1083674,7.059548,7.234269
hne_molecule_16,-11.838635444641112,7.0961876,6.8397145,6.9864836,7.3435726,6.967323,7.066046,7.1937594,7.125019,7.137036,7.089031,7.213893
hne_molecule_17,-11.41401481628418,6.9474807,6.720676,6.9847646,7.056787,6.840978,6.9623895,6.954751,7.026353,7.0595927,6.863715,7.0048
hne_molecule_18,-10.75852870941162,6.5194907,6.307906,6.6055336,6.69958,6.2993464,6.6404653,6.5344195,6.495137,6.6641126,6.4186974,6.5297136
hne_molecule_19,-11.53597927093506,6.811175,6.578324,6.7763424,7.0776367,6.6435037,6.839226,6.8585634,6.797178,6.8502574,6.7530413,6.937682
hne_molecule_20,-10.5032958984375,6.4714723,6.2451324,6.669653,6.645617,6.300018,6.5563354,6.463625,6.4002805,6.6253757,6.384196,6.4244857
hne_molecule_21,-12.27822208404541,6.863595,6.739557,6.698762,7.107648,6.7565293,6.8674903,6.8916273,6.9471045,6.8921494,6.707621,7.0274568
hne_molecule_22,-11.36131477355957,6.532363,6.324042,6.602826,6.664896,6.3659286,6.64434,6.507079,6.562417,6.7424054,6.4622116,6.4474864
hne_molecule_23,-10.371087074279783,6.76806,6.5328827,6.6812897,7.059846,6.667415,6.8161783,6.836933,6.826936,6.7954636,6.6690574,6.794606
hne_molecule_25,-11.999752044677734,6.7042985,6.4701843,6.659428,6.9471345,6.529276,6.7913585,6.739063,6.7035694,6.813259,6.6667614,6.7229557
hne_molecule_26,-12.580878257751465,6.5631814,6.360179,6.6070056,6.712235,6.4065866,6.649586,6.4955034,6.5453973,6.754998,6.5963516,6.503966
hne_molecule_27,-14.488014221191406,6.724472,6.4985304,6.653946,6.931003,6.5299816,6.8100524,6.7753463,6.6902986,6.826236,6.7658067,6.7635193
hne_molecule_28,-12.643302917480469,6.707244,6.584604,6.7141404,6.891531,6.442479,6.7877913,6.717686,6.6973796,6.844483,6.682649,6.7096996
hne_molecule_29,-13.897701263427734,6.797657,6.652736,6.7392607,6.961777,6.604575,6.8699565,6.808867,6.7797475,6.911545,6.786223,6.8618836
hne_molecule_30,-13.099580764770508,6.783889,6.6537223,6.6632557,6.865703,6.7018127,6.882538,6.7533774,6.8011637,6.8984776,6.813409,6.805429
hne_molecule_21_neutral,-12.27822208404541,6.8642855,6.739557,6.698762,7.107648,6.7565293,6.8674903,6.8916273,6.9471045,6.899061,6.707621,7.0274568
hne_molecule_19_neutral,-11.53597927093506,6.811175,6.578324,6.7763424,7.0776367,6.6435037,6.839226,6.8585634,6.797178,6.8502574,6.7530413,6.937682
hne_molecule_16_neutral,-11.838635444641112,7.0961876,6.8397145,6.9864836,7.3435726,6.967323,7.066046,7.1937594,7.125019,7.137036,7.089031,7.213893
hfaah_molecule_6MRG_ligand,-10.287250518798828,6.5237236,6.5340114,6.530407,6.590155,6.6277957,6.4052243,6.5037603,6.4592896,6.4762216,6.682852,6.4275236
hfaah_molecule_fig_3,-10.59958553314209,6.215136,6.290121,6.2782273,6.2674904,6.319405,6.078085,6.1887407,6.1522985,6.1518135,6.263017,6.162163
hfaah_molecule_2,-8.665205001831055,5.9712596,6.043432,6.014653,5.97988,6.026336,5.835299,5.9572945,5.903105,5.9108543,6.109548,5.932198
hfaah_molecule_4,-11.324654579162598,6.131667,6.184007,6.168213,6.1456423,6.208051,5.954636,6.08485,6.0567794,6.1398067,6.243637,6.131051
hfaah_molecule_6,-10.420489311218262,5.8927393,5.929225,5.9480534,5.8999863,5.9409156,5.7441125,5.8980236,5.8459964,5.877134,6.0361733,5.80777
hfaah_molecule_9,-10.565720558166504,6.342482,6.4083977,6.3951135,6.3737135,6.473812,6.289556,6.2532916,6.280127,6.2807965,6.3727098,6.2973037
hfaah_molecule_11,-12.122775077819824,6.1162825,6.188161,6.141832,6.069763,6.2555795,6.0126348,5.9898806,6.0338836,6.088422,6.1862564,6.1964107
hfaah_molecule_12,-11.046184539794922,5.882693,5.9149795,5.923612,5.909044,5.936317,5.7394767,5.8947535,5.8169017,5.877134,6.0322127,5.7824974
hfaah_molecule_15,-8.590265274047852,5.8978095,5.9491606,5.8901157,5.9441566,5.955814,5.777416,5.8908396,5.8917747,5.853824,5.995854,5.829142
hfaah_molecule_14,-7.842516899108887,5.878892,5.9043813,5.9345436,5.8999863,5.9120436,5.7441125,5.8870955,5.8382807,5.8445573,6.032127,5.791785
hfaah_molecule_19,-7.972322940826416,6.2372236,6.301517,6.2722087,6.1823187,6.3536086,6.069495,6.2741737,6.2109766,6.1040616,6.290191,6.3136826
hfaah_molecule_20,-6.821234703063965,6.096449,6.040494,6.1612134,6.108734,6.1434045,5.87207,6.113946,6.0291133,6.177715,6.26889,6.0489087
hfaah_molecule_22,-9.97237777709961,6.6847816,6.6259813,6.714413,6.730858,6.784747,6.5036554,6.592385,6.676077,6.6709642,6.771812,6.7769227
hfaah_molecule_23,-10.67374324798584,6.51864,6.4818482,6.541055,6.6371026,6.601554,6.338738,6.472443,6.4887,6.4640975,6.658867,6.501999
hfaah_molecule_24,-11.627310752868652,6.7388177,6.681773,6.768593,6.8511386,6.866495,6.602512,6.6273494,6.6376314,6.6401095,6.847177,6.8654013
hfaah_molecule_25,-12.03799057006836,6.9358826,6.835241,6.9732084,6.9732885,7.0927315,6.852805,6.837915,6.8379154,6.922567,7.025275,7.0078783
hfaah_molecule_26,-10.67374324798584,6.713858,6.652685,6.7504854,6.7587714,6.867699,6.5765815,6.6102996,6.6632395,6.660543,6.759768,6.8385096
hfaah_molecule_27,-11.187724113464355,6.6431375,6.5810843,6.655149,6.758989,6.7578464,6.5627346,6.5491195,6.551829,6.5882883,6.796973,6.629363
hfaah_molecule_28,-11.589073181152344,6.146348,6.116875,6.271382,6.103898,6.12971,6.0065603,6.170886,5.977701,6.1051927,6.3327737,6.248506
hfaah_molecule_29,-10.805952072143556,6.186614,6.0899096,6.2322855,6.2908287,6.2194653,6.0036974,6.1570163,6.17879,6.186511,6.368548,6.139085
hfaah_molecule_30,-9.903937339782717,6.4148545,6.292139,6.4213676,6.550817,6.4047637,6.3471594,6.4664264,6.352343,6.4828267,6.5908875,6.239812
hfaah_molecule_31,-11.290130615234377,6.419699,6.295755,6.472192,6.5218625,6.4316874,6.342421,6.4145308,6.3663836,6.481529,6.6101475,6.2604804
hfaah_molecule_33__Saha_2018_,-9.73618984222412,6.595923,6.5453773,6.5718527,6.7070637,6.5770845,6.4860682,6.690701,6.5478415,6.602752,6.7841973,6.4462852
hfaah_molecule_39,-10.71462059020996,6.61261,6.547287,6.5607066,6.7330127,6.5751233,6.531793,6.7605205,6.513374,6.6760874,6.7647705,6.4634285
hiv_prot_ekegren_molecule_1,-11.759520530700684,6.352239,6.402392,6.370142,6.228667,6.3157134,6.277513,6.2889323,6.3955145,6.401764,6.488217,6.353538
hiv_prot_ekegren_molecule_9,-10.5032958984375,6.42275,6.4453497,6.4790564,6.3347344,6.401189,6.410386,6.307407,6.4458547,6.446582,6.523625,6.433314
hiv_prot_ekegren_molecule_10,-10.805952072143556,6.411977,6.4484463,6.4730263,6.3137655,6.3696814,6.403766,6.30297,6.4514956,6.432169,6.50368,6.420761
hiv_prot_ekegren_molecule_11__2cen_,-11.324654579162598,6.4187827,6.4594646,6.4783645,6.324556,6.3916755,6.404811,6.307567,6.4598546,6.423425,6.509994,6.428117
hiv_prot_ekegren_molecule_12,-11.268184661865234,6.4261146,6.4559455,6.4883394,6.329414,6.3843203,6.4191823,6.321633,6.4542646,6.4406986,6.5288835,6.4384656
hiv_prot_ekegren_molecule_13,-10.857505798339844,6.3669524,6.412673,6.394348,6.251036,6.3601136,6.295375,6.2737703,6.4482903,6.3902097,6.4907966,6.352914
hiv_prot_ekegren_molecule_14,-10.67374324798584,6.35805,6.413298,6.398613,6.2428026,6.34106,6.2752075,6.231777,6.408251,6.4086294,6.490003,6.3708615
hiv_prot_ekegren_molecule_15,-10.976399421691896,6.3512683,6.410135,6.3663363,6.2443466,6.3438487,6.2871685,6.2529416,6.3872566,6.386084,6.4633074,6.371263
hiv_prot_ekegren_molecule_16,-11.061184883117676,6.354499,6.41171,6.385024,6.2467065,6.34106,6.2759557,6.249016,6.402473,6.4052386,6.456938,6.3708615
hiv_prot_ekegren_molecule_17,-11.48725414276123,6.703397,6.62497,6.721168,6.6372237,6.7309146,6.6122975,6.6872377,6.7374377,6.753397,6.8729353,6.656387
hiv_prot_ekegren_molecule_18,-11.838635444641112,6.4192657,6.4499454,6.4912667,6.3262515,6.3733892,6.353437,6.327739,6.466706,6.418298,6.5535493,6.4320793
hiv_prot_ekegren_molecule_19,-10.857505798339844,6.6244926,6.603686,6.59964,6.546916,6.7299924,6.5700526,6.482252,6.729076,6.6872015,6.714284,6.5818315
hiv_prot_ekegren_molecule_20,-11.53597927093506,6.531049,6.543529,6.548088,6.43837,6.543055,6.4861646,6.4051523,6.6114492,6.603819,6.6274533,6.503399
cdk8_koehler_molecule_12,-9.83295726776123,5.7667017,5.7359953,5.767449,5.7735305,5.9212704,5.6449223,5.752297,5.6446657,5.769763,5.7610517,5.8960724
cdk8_koehler_molecule_13,-11.19720458984375,5.629876,5.5714726,5.575481,5.5885296,5.795435,5.5494304,5.606452,5.5619936,5.659785,5.6328325,5.757352
cdk8_koehler_molecule_14,-11.031554222106934,5.7531385,5.6713667,5.7394013,5.7492213,5.880681,5.6944995,5.6974926,5.7016125,5.736596,5.733809,5.9267015
cdk8_koehler_molecule_15,-9.720175743103027,5.876263,5.775418,5.817314,5.840932,6.0208325,5.822984,5.784841,5.754398,5.9672904,5.9181304,6.0604906
cdk8_koehler_molecule_16,-10.635504722595217,6.071537,6.0134077,6.1034784,6.063451,6.117589,6.0049353,6.0357676,6.080519,6.075935,6.036778,6.1835084
cdk8_koehler_molecule_17,-10.395273208618164,5.750142,5.7036047,5.7330656,5.6830163,5.8726373,5.661647,5.7073708,5.791141,5.7563734,5.676497,5.9160686
cdk8_koehler_molecule_19,-10.224825859069824,5.771661,5.693151,5.758053,5.7315197,5.9303355,5.68775,5.726454,5.671701,5.7643747,5.8105507,5.942719
cdk8_koehler_molecule_20,-10.28314971923828,6.1191053,6.0972557,6.2016335,6.1112494,6.2001257,6.0419655,6.0440574,6.1080656,6.124012,6.0640492,6.1986403
cdk8_koehler_molecule_21,-9.862342834472656,5.738687,5.692029,5.764012,5.638862,5.853036,5.6600924,5.6960487,5.7182937,5.805083,5.707243,5.8521743
cdk8_koehler_molecule_22,-11.290130615234377,5.6450343,5.5575905,5.6141515,5.663472,5.7374725,5.562218,5.7106266,5.618486,5.579162,5.680994,5.726171
galectin3_extra_molecule_18a,-6.327748299,6.4643927,6.2207875,6.4967165,6.4982843,6.589814,6.3296027,6.583597,6.238612,6.5822926,6.727043,6.3771772
galectin3_extra_molecule_18b,-7.460412979,6.4810076,6.261079,6.56933,6.4929276,6.5817957,6.371951,6.577261,6.249061,6.588511,6.746043,6.372113
galectin3_extra_molecule_18d,-6.764764786,6.4599633,6.2389402,6.5091076,6.4810767,6.5796175,6.3547907,6.560856,6.2359257,6.5659842,6.721046,6.352284
galectin3_extra_molecule_18e,-6.472980022,6.7632995,6.625904,6.7593913,6.762577,6.950152,6.592941,6.896021,6.5638328,6.8584857,6.889076,6.7346134
galectin3_extra_molecule_18f,-5.532726765,6.8933306,6.725099,6.923411,6.9131775,7.0317435,6.8464465,7.001351,6.7270656,6.9955645,6.9103713,6.8590794
galectin3_extra_molecule_18g,-6.472980022,6.6016364,6.5078955,6.602589,6.6229835,6.766639,6.5006084,6.6343684,6.3969183,6.7168446,6.8308764,6.436642
galectin3_extra_molecule_18h,-5.999876022,6.7578025,6.742444,6.752813,6.754076,6.876005,6.564728,6.792608,6.548485,6.852905,6.936157,6.757805
galectin3_extra_molecule_18i,-4.806076527,6.9353013,6.5779624,6.8618803,6.882803,7.033179,6.785816,7.014479,6.8495216,7.2660813,7.1357117,6.9455814
galectin3_extra_molecule_17m,-4.104710579,6.221961,6.192772,6.1748657,6.14909,6.310824,6.0964622,6.237052,6.1713643,6.4314127,6.4344983,6.0212736
galectin3_extra_molecule_17q,-4.9898386,6.091671,5.9794955,6.029323,6.068334,6.1027265,5.9043527,6.1399975,6.056069,6.2951646,6.413978,5.92727
galectin3_extra_molecule_17r,-4.749606609,6.1057935,5.9904046,6.02816,6.077812,6.1310644,5.9117713,6.142877,6.091252,6.313743,6.4328933,5.9379582
galectin3_extra_molecule_17n,-4.914099216,6.1557755,6.0979376,6.0106606,6.1313906,6.2385306,6.0055876,6.1999273,6.1183105,6.3303056,6.477532,5.947571
galectin3_extra_molecule_17p,-5.046308517,6.110634,6.0347204,6.009658,6.124037,6.118804,5.994983,6.1336846,6.0969353,6.2954674,6.3962274,5.901819
galectin3_extra_molecule_17o,-5.1087327,6.0890856,6.019092,6.0079203,6.114894,6.0836864,5.9751287,6.121208,6.0646963,6.25577,6.3776584,5.8707995
galectin3_extra_molecule_17f,-6.581002712,6.215646,6.0348797,6.1456585,6.2127995,6.2722087,6.0889254,6.2271338,6.109628,6.3509626,6.615816,6.098443
galectin3_extra_molecule_17e,-6.896974087,6.2808785,6.0625844,6.1259646,6.265274,6.3311577,6.193197,6.376869,6.179956,6.3868175,6.7166915,6.170272
galectin3_extra_molecule_17g,-7.208675861,6.346011,6.101647,6.2374115,6.364971,6.394006,6.2973228,6.48117,6.1621404,6.492756,6.6898656,6.2388253
galectin3_extra_molecule_17a,-5.532726765,6.052095,5.9269624,5.953524,6.008013,6.1347523,5.9131136,6.092388,5.97163,6.184233,6.410576,5.9257574
galectin3_extra_molecule_17j,-6.440945625,6.3510866,6.2083454,6.1825643,6.30673,6.3973827,6.2708707,6.3470793,6.2995133,6.51648,6.7858987,6.1959944
galectin3_extra_molecule_17l,-5.943406105,6.1214695,5.963459,5.959874,6.0908875,6.1694694,5.9919257,6.1510005,6.037014,6.227004,6.5880747,6.0359874
galectin3_extra_molecule_17c,-6.354085445,6.2129965,6.0201073,6.141665,6.1968327,6.2920575,6.1058774,6.220334,6.1099195,6.3361626,6.628654,6.078357
galectin3_extra_molecule_17k,-6.621879578,6.503293,6.302045,6.290122,6.4979596,6.4985275,6.493928,6.538298,6.470914,6.6785893,6.9589725,6.3035717
galectin3_extra_molecule_17b,-5.506390095,6.071432,5.943756,6.0029707,6.0391607,6.1097608,5.9322085,6.168817,5.976975,6.182956,6.430066,5.92765
galectin3_extra_molecule_17h_flip,-6.327748299,6.1928015,6.103033,6.0366406,6.1601005,6.2399487,6.0113955,6.196191,6.075558,6.3348017,6.6301746,6.140171
galectin3_extra_molecule_17i,-5.943406105,6.436488,6.2696395,6.333073,6.4098973,6.474635,6.3764,6.4017506,6.3948083,6.643416,6.8260226,6.2352376
galectin3_extra_molecule_17d,-6.150896072,6.1269617,5.96674,5.972316,6.0908875,6.1694694,5.998579,6.1510005,6.0522175,6.2409806,6.5914392,6.0359874
btk_extra_flip_molecule_2,-7.687934875488281,4.6126037,4.6275973,4.5925627,4.605839,4.6658144,4.5894146,4.6308556,4.5594373,4.4879827,4.751467,4.6150618
btk_extra_flip_molecule_7,-9.084606170654297,5.8956385,5.9122496,5.8481193,6.020434,5.9795957,5.795748,5.955237,5.8531303,5.9425006,5.819436,5.829934
btk_extra_flip_molecule_8,-9.606385231018066,5.8886023,5.9813004,5.8508573,5.9361186,5.7921734,5.7313476,6.051253,5.84382,5.8421445,6.000283,5.8567266
btk_extra_flip_molecule_9_flip,-8.33090591430664,5.9266777,6.02514,5.8860645,5.939496,5.837322,5.843533,6.0840354,5.9302917,5.918941,5.913997,5.8879566
btk_extra_flip_molecule_10,-10.870059967041016,6.033043,6.114423,6.0962214,6.0416603,5.87623,5.9856043,6.175192,5.9060335,6.1153374,6.083275,5.936456
btk_extra_flip_molecule_11,-11.524829864501951,6.3169723,6.388146,6.316652,6.399259,6.174214,6.3266897,6.3858104,6.196385,6.4012465,6.302035,6.2792873
cr_bace1_molecule_4,0.4099999964237213,5.464213,5.4318676,5.4052453,5.448686,5.490478,5.3504696,5.480641,5.4643607,5.4020166,5.640267,5.528097
cr_bace1_molecule_1,-0.9900000095367432,5.387846,5.3639264,5.3636327,5.4035053,5.391332,5.26526,5.4563527,5.3823824,5.319165,5.564363,5.3685427
cr_bace1_molecule_3,-0.8899999856948853,5.415462,5.3068266,5.340616,5.3982553,5.413885,5.319836,5.470512,5.4841266,5.3458433,5.6250186,5.4497
cr_bace1_molecule_7,0.9100000262260436,5.422353,5.270152,5.339063,5.4823866,5.4344525,5.366247,5.5104117,5.4857316,5.4242597,5.489978,5.4208455
cr_bace1_molecule_9R,0.7099999785423279,5.572237,5.4491386,5.6085925,5.6161942,5.6167517,5.5649586,5.573537,5.542916,5.4904613,5.661068,5.5987554
cr_bace1_molecule_5,0.9100000262260436,5.3545613,5.298262,5.2824206,5.431961,5.3396654,5.258293,5.456752,5.4023895,5.308099,5.4872622,5.2805066
cr_bace1_molecule_10,-0.2899999916553497,5.6045275,5.4269204,5.650358,5.6371665,5.496776,5.521902,5.707921,5.7244873,5.606064,5.7604804,5.5131993
cr_bace1_molecule_6,-1.7899999618530271,5.5146995,5.510279,5.542111,5.5436416,5.4885707,5.5363946,5.4953766,5.423129,5.4262686,5.6226487,5.5585737
cr_bace1_molecule_2,-0.1899999976158142,5.574523,5.452602,5.569144,5.5353193,5.6528397,5.557081,5.568414,5.630634,5.4874353,5.6679597,5.6238
cr_bace1_molecule_9S,1.809999942779541,5.6237884,5.5379505,5.6973877,5.622558,5.6526327,5.6060495,5.6549664,5.5860248,5.54167,5.681187,5.6574593
cr_bace1_molecule_8,-0.5899999737739563,5.433722,5.273706,5.314941,5.531365,5.444228,5.356785,5.5788913,5.5493665,5.38885,5.5194054,5.3796797
hc_bace1_molecule_22256_26_0_ligand,-6.960000038146973,6.3940344,6.2699,6.4463186,6.2529006,6.29853,6.5896816,6.375376,6.4364705,6.527413,6.340079,6.403673
hc_bace1_molecule_22250_20_0_ligand,-8.109999656677246,6.2648745,6.284073,6.2927313,6.2440705,6.242012,6.3660755,6.155935,6.3210773,6.294008,6.210018,6.238746
hc_bace1_molecule_22251_21_0_ligand,-9.40999984741211,6.198571,6.206786,6.200525,6.2213287,6.2494993,6.319401,6.085731,6.228657,6.2350926,6.118754,6.119935
hc_bace1_molecule_19677_19_0_ligand,-9.829999923706056,6.4246054,6.2750316,6.5042233,6.2621617,6.356991,6.559437,6.388426,6.443661,6.572958,6.3952093,6.4879565
hc_bace1_molecule_22254_24_0_ligand,-9.470000267028809,6.139064,6.180081,6.1249413,6.1130395,6.074956,6.2052193,6.069224,6.266986,6.2134476,6.006307,6.1364393
hc_bace1_molecule_22252_22_0_ligand,-10.010000228881836,6.138865,6.130615,6.1506844,6.105496,6.1059027,6.231259,6.017973,6.271974,6.180847,6.0278583,6.1660376
hc_bace1_molecule_22253_23_0_ligand,-8.75,6.222026,6.1934967,6.217358,6.1690025,6.1733317,6.2849417,6.098514,6.3948593,6.2399383,6.1804185,6.2684
fxa_yoshikawa_set_molecule_5f,-11.570840835571287,7.0108414,6.928183,6.8628407,7.0948067,6.9370418,7.058531,7.1979446,7.0564027,7.0234165,6.930236,7.019016
fxa_yoshikawa_set_molecule_5g,-10.17173194885254,7.462201,7.348028,7.2467265,7.6460147,7.4583516,7.3822255,7.653602,7.499567,7.452443,7.352649,7.5824027
fxa_yoshikawa_set_molecule_5e,-8.26799201965332,7.009126,6.9297614,6.8589,7.0923843,6.9420094,7.0471106,7.1894326,7.039494,7.0477066,6.925455,7.019016
fxa_yoshikawa_set_molecule_5i,-10.805952072143556,7.3500776,7.378555,7.289422,7.3153825,7.296825,7.520823,7.474951,7.2939563,7.295346,7.293408,7.3421116
fxa_yoshikawa_set_molecule_5b,-7.364122867584228,7.023059,6.941308,6.864467,7.088611,6.9652624,7.0776453,7.20705,7.0281925,7.0645123,6.949071,7.044477
fxa_yoshikawa_set_molecule_5h,-12.7782621383667,7.597946,7.670887,7.5499825,7.5683794,7.4640713,7.7542787,7.701771,7.406553,7.5306396,7.690529,7.6423693
fxa_yoshikawa_set_molecule_5a,-11.24702262878418,7.01659,6.917406,6.8662047,7.078396,7.0085955,7.0456862,7.18888,7.0354433,7.0725913,6.9225416,7.030154
fxa_yoshikawa_set_molecule_5k,-11.336624145507812,7.076574,6.9937096,6.945941,7.1466465,6.941676,7.2076454,7.295446,7.0614195,7.1256137,6.900194,7.147448
fxa_yoshikawa_set_molecule_5d,-11.44223403930664,7.0292687,6.944217,6.8888574,7.1041646,6.981595,7.084108,7.192394,7.048771,7.0672545,6.948813,7.032509
fxa_yoshikawa_set_molecule_5c,-11.627310752868652,7.0243483,6.943494,6.8832374,7.095039,6.9697037,7.0714684,7.194213,7.0313497,7.07066,6.945321,7.0389977
fxa_yoshikawa_set_molecule_8e,-11.169207572937012,7.005816,6.8793116,6.8210855,7.106007,6.9141645,7.0069838,7.220444,7.1375656,7.086411,6.88223,7.003953
fxa_yoshikawa_set_molecule_8b,-8.129011154174805,7.4369164,7.332766,7.131072,7.637278,7.439824,7.342279,7.6387806,7.551881,7.431704,7.2951736,7.5684032
fxa_yoshikawa_set_molecule_8d,-7.691995143890381,7.0349097,6.958181,6.862884,7.139414,6.974611,7.0222635,7.2764406,7.116736,7.0506005,6.920538,7.0274262
fxa_yoshikawa_set_molecule_8c,-7.805192470550537,7.442981,7.3293824,7.1577177,7.6053367,7.444174,7.3637285,7.6321926,7.5589013,7.467805,7.303092,7.567473
fxa_yoshikawa_set_molecule_8g,-9.903937339782717,6.986791,6.874548,6.819685,7.123163,6.8826895,6.9855175,7.1899867,7.1303663,7.0737076,6.8236785,6.964572
fxa_yoshikawa_set_molecule_A_cor,-11.784735679626465,7.0016327,6.8822584,6.8600564,7.0664062,6.945065,6.987446,7.2174373,7.117622,7.0632486,6.8627763,7.0140066
fxa_yoshikawa_set_molecule_8f,-9.769577980041504,6.991533,6.843926,6.8283257,7.1319513,6.921644,6.94313,7.2359276,7.1160293,7.0780883,6.82302,6.9932876
fxa_yoshikawa_set_molecule_8a,-9.441705703735352,7.0195327,6.8635354,6.844571,7.0824094,6.98163,7.1218166,7.1844587,7.054924,7.0655665,6.9669414,7.0294743
fxa_yoshikawa_set_molecule_8h,-12.078866958618164,7.610888,7.604621,7.526351,7.6946344,7.480732,7.699668,7.7385573,7.5266023,7.595706,7.6901226,7.5518765
fxa_yoshikawa_set_molecule_8i,-9.97237777709961,7.18271,7.1966596,6.9968863,7.2981825,7.1870756,7.1827855,7.3575344,7.3352222,7.173187,6.9975877,7.1019845
fxa_yoshikawa_set_molecule_8j,-11.53597927093506,7.171716,7.145446,7.003651,7.2772894,7.175035,7.195047,7.343764,7.330203,7.16197,7.003433,7.081333
fxa_yoshikawa_set_molecule_8k,-11.348840713500977,7.16319,7.142164,6.969402,7.2772894,7.175035,7.1734776,7.343764,7.3166203,7.153545,6.9992695,7.081333
fxa_yoshikawa_set_molecule_8l,-11.24702262878418,7.1662416,7.1829014,6.9471617,7.2837315,7.1364155,7.169512,7.3527236,7.3281937,7.208247,6.9754286,7.0781045
fxa_yoshikawa_set_molecule_8m,-11.838635444641112,7.201533,7.195859,7.0299406,7.2726007,7.2093143,7.245025,7.3817663,7.375751,7.1645336,6.984149,7.1563888
fxa_yoshikawa_set_molecule_8n,-10.138808250427246,7.579274,7.4214253,7.5490975,7.5565453,7.742729,7.578739,7.615071,7.882215,7.4578805,7.515195,7.473837
fxa_yoshikawa_set_molecule_8o,-10.67374324798584,6.7660737,6.692644,6.732638,6.784796,6.5783515,6.7357745,6.9549994,6.894829,6.916055,6.581806,6.7888393
fxa_yoshikawa_set_molecule_8p,-11.589073181152344,6.7483764,6.6803646,6.674558,6.7729454,6.5783515,6.7129297,6.939928,6.871557,6.8970327,6.5741014,6.781992
cr_bace2_molecule_22,1.2599999904632568,5.5439496,5.4538436,5.459989,5.5020027,5.5849314,5.426522,5.6709833,5.5566163,5.4891286,5.733356,5.5621233
cr_bace2_molecule_16,-0.3400000035762787,5.3923616,5.3225627,5.299619,5.396962,5.39826,5.325186,5.4896197,5.459237,5.3412294,5.5201755,5.370761
cr_bace2_molecule_11,-1.2400000095367432,5.3941293,5.320872,5.3046784,5.4104867,5.3846016,5.324763,5.4989524,5.4438553,5.3544517,5.521771,5.3768587
cr_bace2_molecule_21,1.4600000381469729,5.6399117,5.6178436,5.546903,5.646623,5.621212,5.654108,5.792422,5.61021,5.556215,5.7880654,5.565515
cr_bace2_molecule_24,3.1600000858306885,5.5693197,5.508993,5.4827857,5.5463285,5.5782285,5.5053725,5.703196,5.649981,5.4464865,5.6839542,5.587871
cr_bace2_molecule_12,-0.5400000214576721,5.386071,5.3109517,5.3042035,5.3905096,5.39447,5.3309617,5.474608,5.444418,5.335623,5.52287,5.352101
cr_bace2_molecule_20,-0.9399999976158142,5.475316,5.388151,5.409328,5.421496,5.5244823,5.41036,5.609021,5.512218,5.4290676,5.586768,5.4622636
cr_bace2_molecule_19,-1.1399999856948853,5.441886,5.3953266,5.3481507,5.409455,5.462722,5.3849545,5.5212617,5.508945,5.3888445,5.55892,5.440282
cr_bace2_molecule_13,-1.2400000095367432,5.3752966,5.310993,5.302239,5.3921857,5.3869085,5.318239,5.4422398,5.4163475,5.3188343,5.5229864,5.3419914
cr_bace2_molecule_23,1.3600000143051147,5.759064,5.7258544,5.8103127,5.772484,5.878651,5.739194,5.716545,5.69338,5.7077985,5.808086,5.738335
cr_bace2_molecule_15,-0.7400000095367432,5.3852377,5.3172283,5.304315,5.3928337,5.390256,5.313145,5.483773,5.445243,5.346841,5.514238,5.344505
cr_bace2_molecule_14,-1.0399999618530271,5.4071593,5.3502173,5.3251576,5.4167624,5.4102416,5.359903,5.45825,5.470761,5.340833,5.535778,5.4036922
fxa_set3_molecule_20814_6,-10.529999732971191,6.429128,6.4946933,6.282571,6.4361076,6.4467106,6.532131,6.405964,6.3547807,6.5277243,6.427492,6.3831124
fxa_set3_molecule_20539_10,-11.18000030517578,6.3649645,6.2986484,6.2738056,6.350944,6.443649,6.6162934,6.365863,6.2738433,6.37818,6.347094,6.3013206
fxa_set3_molecule_20820_11,-10.829999923706056,6.410646,6.3058515,6.274287,6.4202704,6.448789,6.671869,6.47034,6.3170505,6.4145966,6.3693876,6.4140134
fxa_set3_molecule_20819_8,-11.18000030517578,6.391373,6.332243,6.3025527,6.3748803,6.5140862,6.598274,6.363361,6.295575,6.4205194,6.391438,6.3208017
fxa_set6_molecule_21083,-6.530872344970703,6.6629777,6.43777,6.5178275,6.7818575,6.6573224,6.8190804,6.6896505,6.753397,6.567916,6.795583,6.609375
fxa_set6_molecule_21084,-7.469595909118652,6.679484,6.498988,6.5806484,6.777988,6.6495442,6.7907763,6.7497525,6.755463,6.5578575,6.786564,6.6472616
fxa_set6_molecule_21085,-8.053603172302246,6.719153,6.5566893,6.6295815,6.7422366,6.766638,6.761881,6.7359953,6.818005,6.5353274,6.874759,6.770414
fxa_set6_molecule_21086,-11.29120922088623,6.6245284,6.43962,6.572895,6.773425,6.592163,6.7315903,6.6688046,6.7125955,6.467836,6.6860437,6.6003103
fxa_set6_molecule_20524_2j95_cys,-11.423027992248535,6.6607046,6.44154,6.547387,6.7148647,6.674764,6.7500763,6.719746,6.748656,6.5055094,6.798897,6.7056065
fxa_set6_molecule_21087,-11.832493782043455,6.601494,6.4043097,6.5351562,6.738467,6.57544,6.6984715,6.665436,6.6796904,6.4565325,6.655911,6.605527
fxa_set5_molecule_20705_cys,-10.90999984741211,6.9010506,6.948777,6.8146815,7.0544333,6.76207,6.9644194,7.0953226,6.8992124,6.7240505,6.7816267,6.9659142
fxa_set5_molecule_21331,-10.770000457763672,6.884649,6.9174604,6.778309,6.9951143,6.7816553,6.9531484,7.076697,6.882701,6.7245345,6.776042,6.9608264
hc_bace2_molecule_37_0_ligand,-6.789999961853027,6.0380907,5.9840302,6.0196404,5.965928,6.0324144,6.1716204,5.977876,6.112609,6.0862937,5.960185,6.070312
hc_bace2_molecule_35_0_ligand,-7.960000038146973,6.409751,6.275547,6.4927077,6.2565393,6.3862243,6.5396614,6.286992,6.6061907,6.5662713,6.2954783,6.391899
hc_bace2_molecule_39_0_ligand,-8.970000267028809,6.4631433,6.312099,6.488028,6.335544,6.459672,6.6349096,6.335381,6.648286,6.5543256,6.3882456,6.4749446
hc_bace2_molecule_34_0_ligand,-8.0,6.5793295,6.5315566,6.685657,6.4371505,6.606035,6.682824,6.429846,6.660871,6.704697,6.519638,6.5350256
hc_bace2_molecule_40_0_ligand,-8.0,6.61572,6.4939647,6.723251,6.5487657,6.6219344,6.7511654,6.459525,6.7083845,6.7625647,6.5252566,6.562378
hc_bace2_molecule_30_0_ligand,-8.1899995803833,6.0269413,5.976749,6.0173087,5.958183,6.022033,6.156816,5.966256,6.100208,6.0763125,5.945117,6.050429
hc_bace2_molecule_33_0_ligand,-8.270000457763672,6.44289,6.316741,6.51647,6.241102,6.454552,6.6205173,6.3233733,6.6086607,6.5319877,6.3339725,6.481522
hc_bace2_molecule_41_0_ligand,-8.149999618530273,6.4552765,6.310816,6.5217295,6.3699656,6.4389195,6.5942545,6.3059754,6.643313,6.61957,6.325652,6.4225664
hc_bace2_molecule_42_0_ligand,-8.319999694824219,6.7363067,6.678354,6.7904043,6.619912,6.733146,6.901795,6.5696077,6.8629694,6.831274,6.694986,6.680622
hc_bace2_molecule_44_0_ligand,-8.359999656677246,6.486676,6.3203135,6.440842,6.4106107,6.458292,6.6913524,6.443638,6.507132,6.693556,6.4424567,6.458567
fxa_set4_molecule_1s,-9.579999923706056,6.7292976,6.6065435,6.756754,6.8518753,6.7764993,6.7708774,6.7700634,6.731434,6.546494,6.771085,6.7113504
fxa_set4_molecule_21080_1j,-9.229999542236328,6.7573395,6.6215343,6.767928,6.919962,6.7633715,6.8578267,6.7602034,6.7796416,6.579238,6.772376,6.75131
fxa_set4_molecule_21030_1o,-8.899999618530273,6.837344,6.669404,6.815947,6.9139132,6.967784,6.810156,6.8958955,6.89116,6.634584,6.960368,6.814233
fxa_set4_molecule_21028_1r,-9.449999809265137,6.7752776,6.6073647,6.7218366,6.9511266,6.857596,6.852135,6.8381653,6.7736483,6.652556,6.771196,6.727156
fxa_set4_molecule_21027_1q,-7.309999942779541,6.7425547,6.6839643,6.7663403,6.9444222,6.7422175,6.8730454,6.7395773,6.7161694,6.5605965,6.6804976,6.7187176
fxa_set4_molecule_1t,-9.199999809265137,6.788573,6.601181,6.836324,6.8867655,6.88378,6.8450017,6.7984715,6.776225,6.65192,6.8448653,6.761193
fxa_set4_molecule_16352_1e,-10.630000114440918,6.7607245,6.607036,6.742042,6.920751,6.7980638,6.853902,6.79232,6.775631,6.563511,6.8223844,6.7316036
fxa_set4_molecule_21081_1k,-7.53000020980835,6.78553,6.671478,6.7774453,6.921443,6.7848926,6.8631706,6.8136663,6.8256574,6.592188,6.860887,6.744478
fxa_set4_molecule_21031_1p,-8.300000190734863,6.771695,6.676157,6.809443,6.8800387,6.851397,6.793044,6.7460327,6.825747,6.501339,6.865252,6.768494
fxa_set4_molecule_16353_1d,-9.960000038146973,6.760705,6.5890245,6.736403,6.9006367,6.7954674,6.827784,6.7986836,6.8012466,6.568993,6.8536935,6.735109
fxa_set4_molecule_21082_1l,-7.389999866485596,6.7566423,6.7188005,6.765437,6.9607453,6.7635174,6.854874,6.765698,6.7264023,6.566222,6.75944,6.6852827
chk1_set2_molecule_17374_cys,-12.49643898010254,6.7759504,6.8708053,6.818893,6.866249,6.518602,6.791923,6.9347515,6.593567,6.770451,6.7252564,6.869002
chk1_set2_molecule_17509,-11.380305290222168,7.2081375,7.355934,7.2666254,7.2899685,7.011435,7.3044066,7.2020946,7.083738,7.243581,6.9972677,7.3263245
chk1_set3_molecule_23882,-10.881742477416992,5.10612,5.068795,5.0785484,5.071093,5.182052,5.151803,5.113095,5.1394296,5.036372,5.1675344,5.0524793
chk1_set3_molecule_23703_cys,-11.092443466186523,5.1502695,5.114718,5.0663805,5.1261716,5.216767,5.174802,5.2625804,5.2115636,5.0451527,5.1732693,5.1112933
chk1_set3_molecule_23864,-11.423027992248535,5.1107836,5.0893793,4.987193,5.0687757,5.147394,5.1055717,5.2540603,5.170847,5.0309978,5.146093,5.107529
chk1_set3_molecule_23863,-11.183505058288574,5.1036887,5.0718713,4.9855013,5.0470815,5.133031,5.0872817,5.240727,5.1726174,5.0471015,5.142696,5.108977
chk1_set7_molecule_19997,-10.774039268493652,7.352787,7.554993,7.3112464,7.473726,7.263104,7.4618516,7.300691,7.315595,7.2876716,7.241618,7.3173747
chk1_set7_molecule_19998,-8.94359302520752,7.3558664,7.5566816,7.3177485,7.4749804,7.263104,7.47638,7.300691,7.320085,7.2876716,7.2439485,7.3173747
chk1_set7_molecule_19934_cys,-10.726755142211914,7.3558664,7.5566816,7.3177485,7.4749804,7.263104,7.47638,7.300691,7.320085,7.2876716,7.2439485,7.3173747
chk1_set6_molecule_23708_cys,-9.6899995803833,6.48224,6.4901295,6.4130554,6.5639987,6.7130313,6.4620914,6.5852127,6.3835526,6.5800996,6.43152,6.199714
chk1_set6_molecule_13,-6.420000076293945,7.4108915,7.502317,7.417906,7.4128537,7.508282,7.464312,7.274294,7.3470697,7.4079394,7.3448186,7.4291244
chk1_set6_molecule_15,-7.510000228881836,6.4883184,6.525699,6.331982,6.5251813,6.747096,6.4053226,6.5869274,6.368821,6.5839443,6.5079303,6.300281
chk1_set4_molecule_23704_cys,-11.29120922088623,5.000759,4.9062676,4.9430256,5.0197053,5.0546837,5.0247664,5.081596,5.0550838,4.9884615,5.019587,4.914419
chk1_set4_molecule_23873,-10.825439453125,5.0763845,5.013936,4.96395,5.113051,5.119047,5.1095524,5.196128,5.143986,5.015693,5.0763726,5.0121274
chk1_set5_molecule_20315,-10.94398307800293,6.331197,6.501058,6.2873855,6.3695717,6.2215967,6.296192,6.450431,6.469988,6.127026,6.1724496,6.416266
chk1_set5_molecule_19939_cys,-11.592971801757812,6.287132,6.4590783,6.243726,6.3009024,6.190432,6.2373714,6.461178,6.4150677,6.0902157,6.1310773,6.3422704
chk1_set5_molecule_19940,-12.241960525512695,6.2984905,6.4290113,6.3037333,6.35441,6.1885614,6.2940207,6.425762,6.426027,6.1105566,6.0926285,6.360194
pb_bace3_molecule_22316,-7.876320838928223,6.2704782,6.3446007,6.1948333,6.174374,6.1824384,6.288587,6.175243,6.4700394,6.3807735,6.1422286,6.3516626
pb_bace3_molecule_22320,-7.502553939819336,6.2615395,6.3300743,6.193764,6.2020802,6.105227,6.266715,6.201507,6.47086,6.3419204,6.1835837,6.319666
pb_bace3_molecule_22319,-6.840160369873047,6.323464,6.3936896,6.2637405,6.2293077,6.167921,6.3337536,6.250144,6.559682,6.395486,6.221826,6.4190874
pb_bace3_molecule_19678_cys,-8.607325553894043,6.2817926,6.325911,6.2301188,6.1641917,6.2346964,6.298911,6.184402,6.4939613,6.3565073,6.157259,6.3719645
chk1_set1_molecule_19967,-10.534516334533691,7.1311655,7.107513,7.1943617,7.17795,7.042922,7.139207,7.1775994,6.9368134,7.1953464,7.163397,7.176545
chk1_set1_molecule_17353_cys,-11.092443466186523,7.0903306,7.082939,7.1104884,7.2139735,6.9513774,7.1444306,7.1573024,6.905064,7.089499,7.1237845,7.1244507
chk1_set1_molecule_19971,-10.340457916259766,7.0502343,7.0523553,7.0784445,7.165665,6.8962064,7.1282654,7.110266,6.846229,7.0576262,7.0718927,7.095389
pfkfb3_automap_molecule_43,-7.997664928436279,6.1455946,6.113951,6.0905347,6.189093,6.146852,6.0755296,6.42201,6.2336245,5.9563737,6.119689,6.1082835
pfkfb3_automap_molecule_30_flip_b,-9.198190689086914,7.216455,7.3310876,7.1858974,7.307542,7.4457016,7.2591863,7.2428074,7.1855197,7.1247816,7.0472546,7.034777
pfkfb3_automap_molecule_65,-9.487896919250488,6.376761,6.4198766,6.233075,6.364004,6.317103,6.275855,6.583521,6.5733886,6.361163,6.375894,6.263733
pfkfb3_automap_molecule_49,-7.934291839599609,6.1822114,6.1393557,6.1158834,6.245089,6.194963,6.089296,6.4215207,6.284016,5.9875197,6.1894093,6.1550617
pfkfb3_automap_molecule_24,-8.869909286499023,6.8520355,7.031716,6.6325355,6.9722767,6.9745097,6.703777,7.06584,6.9144735,6.7747965,6.6560926,6.794338
pfkfb3_automap_molecule_67,-10.24363613128662,6.8741813,6.9542236,6.8015385,6.9369617,6.6850724,6.982893,6.912299,6.740448,6.9829583,6.870095,6.8753266
pfkfb3_automap_molecule_62_flip,-7.691737651824951,6.819728,6.908116,6.6790895,6.9198403,6.805355,6.955796,6.8809233,6.7295394,6.7536736,6.8461432,6.718809
pfkfb3_automap_molecule_56,-10.565720558166504,7.425929,7.543795,7.2877765,7.501973,7.528161,7.4510283,7.5034986,7.443491,7.4720817,7.2576256,7.2698665
pfkfb3_automap_molecule_59,-8.1151704788208,6.9326196,7.076752,6.9002585,7.0751486,6.8870244,6.903443,7.09157,6.976644,6.70453,6.8548136,6.8560133
pfkfb3_automap_molecule_38,-8.758760452270508,6.357521,6.2827787,6.3131757,6.4509993,6.3795166,6.2671566,6.4883094,6.383014,6.141697,6.482252,6.386305
pfkfb3_automap_molecule_31,-9.282472610473633,7.0548096,7.170129,6.9691324,7.2134023,7.280151,6.88513,7.1330285,7.1718698,6.9476666,6.847382,6.9302053
pfkfb3_automap_molecule_48,-8.006359100341797,6.597318,6.5449896,6.5101304,6.7788434,6.5628443,6.500153,6.7209134,6.719336,6.3918014,6.6853476,6.5588202
pfkfb3_automap_molecule_58,-9.133153915405272,6.9776673,7.109577,6.916532,7.150895,6.9281673,6.943524,7.0888743,7.034788,6.7728443,6.895191,6.9362764
pfkfb3_automap_molecule_41,-7.387692451477051,6.456598,6.430561,6.470155,6.486378,6.5027547,6.412416,6.5737514,6.61665,6.2358923,6.4196577,6.4177604
pfkfb3_automap_molecule_29,-9.646018028259276,6.8710456,7.0133142,6.614005,7.030776,6.9881063,6.741038,7.071167,6.985877,6.882079,6.6353183,6.748778
pfkfb3_automap_molecule_54,-8.179586410522461,7.126471,7.1465783,6.872302,7.394749,7.2245693,7.018767,7.3031955,7.1838727,7.1126566,7.0087113,6.9993033
pfkfb3_automap_molecule_47,-8.333451271057129,6.4077606,6.3471665,6.3510137,6.49433,6.432708,6.3025303,6.6453648,6.444093,6.298295,6.4169917,6.3451157
pfkfb3_automap_molecule_26,-9.169439315795898,6.7315245,6.9187636,6.4989414,6.8929334,6.716244,6.573791,6.9828243,6.796404,6.7127347,6.504442,6.7181664
pfkfb3_automap_molecule_55,-10.635504722595217,7.3935003,7.498221,7.3015747,7.473862,7.426868,7.397413,7.4767647,7.4141493,7.420232,7.265017,7.260902
pfkfb3_automap_molecule_20,-8.51645278930664,6.469302,6.440024,6.4559736,6.5695925,6.5733232,6.4259396,6.576034,6.6579657,6.195803,6.3899965,6.4083714
pfkfb3_automap_molecule_57,-10.474388122558594,6.9273996,6.9955235,6.7089143,7.1064425,6.946648,6.827331,7.199147,7.039322,6.911191,6.729576,6.8098974
pfkfb3_automap_molecule_42,-8.466802597045898,6.1950016,6.1763577,6.1661234,6.2776847,6.2219467,6.1524158,6.381482,6.305934,6.012632,6.1303916,6.1250486
pfkfb3_automap_molecule_35,-10.138808250427246,6.9084687,7.0098934,6.6819797,7.1050353,6.9694004,6.7470946,7.1555176,7.0312166,6.903106,6.7193303,6.76211
pfkfb3_automap_molecule_44,-9.948675155639648,6.1701593,6.126546,6.0932994,6.233867,6.186492,6.079424,6.3793902,6.2593107,5.9939337,6.1940975,6.1552267
pfkfb3_automap_molecule_63,-8.561636924743652,6.399587,6.486602,6.2725515,6.453978,6.291339,6.315349,6.6389437,6.5257697,6.3712697,6.3576665,6.2824
pfkfb3_automap_molecule_69,-10.71462059020996,6.8422823,6.9045715,6.762571,6.899872,6.6752,6.882635,6.946021,6.790669,6.9547987,6.8689585,6.7375283
pfkfb3_automap_molecule_52,-10.395273208618164,6.913269,7.0258956,6.657169,7.053462,7.0287194,6.7494097,7.185342,6.9978056,6.9614177,6.7162776,6.757191
pfkfb3_automap_molecule_19,-7.550787448883057,6.6968827,6.793746,6.4231544,6.856406,6.746768,6.567357,6.957688,6.85915,6.570391,6.5350924,6.659075
pfkfb3_automap_molecule_68,-9.778227806091309,6.88967,6.9330363,6.8191457,6.9124064,6.68543,6.934643,6.9266105,6.8180346,7.045716,6.9234366,6.898241
pfkfb3_automap_molecule_33,-8.606922149658203,6.85644,7.0174203,6.6499166,6.990989,6.9185596,6.7013535,7.0894337,6.9329453,6.844167,6.6779985,6.7416177
pfkfb3_automap_molecule_70,-10.30394172668457,7.128676,7.133762,7.0114245,7.209786,7.044439,7.204515,7.105007,7.0623484,7.2678,7.155285,7.09239
pfkfb3_automap_molecule_53,-6.997636318206787,7.0313683,7.0816665,6.8018894,7.221646,7.0676136,6.924572,7.261341,7.1324534,7.0010486,6.819947,7.0014997
pfkfb3_automap_molecule_64,-9.42227840423584,6.408169,6.4600234,6.286392,6.4007735,6.323139,6.312541,6.5919003,6.555223,6.406281,6.3941617,6.3512535
pfkfb3_automap_molecule_39,-7.197502136230469,6.0501623,6.005734,6.056158,6.070588,6.0866723,6.0045314,6.2542276,6.063138,5.8208704,6.0746474,6.0650554
pfkfb3_automap_molecule_37,-9.99706745147705,7.262217,7.310887,7.1017895,7.460872,7.266214,7.1688337,7.6042843,7.2920594,7.2064004,6.9995675,7.2112684
pfkfb3_automap_molecule_23,-7.914463996887207,6.6850624,6.7733374,6.4402156,6.856044,6.6983237,6.532752,6.964595,6.8670106,6.61924,6.5318723,6.567232
pfkfb3_automap_molecule_60_adjust,-8.143735885620117,7.236705,7.2384715,7.1422234,7.3053117,7.2851434,7.199953,7.320915,7.1493263,7.15665,7.3489943,7.2200584
pfkfb3_automap_molecule_34,-9.97237777709961,6.7380476,6.9115257,6.531161,6.9119296,6.6787243,6.5851917,6.998685,6.812118,6.7758746,6.5204377,6.654834
pfkfb3_automap_molecule_36,-7.440536022186279,7.0002265,7.052374,6.719281,7.157054,7.093168,6.874542,7.2469277,7.0733137,7.068556,6.84522,6.8718314
pfkfb3_automap_molecule_46,-7.859359264373779,6.2138696,6.1964426,6.2573724,6.185877,6.2234316,6.154058,6.4073195,6.187322,6.086359,6.2822475,6.1582623
shp2_molecule_SHP099-1_Example_7,-9.75264835357666,7.285914,7.196408,7.222162,7.48303,7.148739,7.414043,7.251908,7.5386252,7.1686654,7.147498,7.2880645
shp2_molecule_Example_22,-9.238834381103516,8.034937,7.897647,8.072163,8.269423,7.96081,8.15848,8.06744,7.9725304,7.912417,8.086281,7.9521723
shp2_molecule_Example_29,-7.622783184051514,6.764857,6.6717477,6.819565,6.9282556,6.6181426,6.8495054,6.7885165,6.8364987,6.677237,6.634332,6.8247676
shp2_molecule_11,-6.354085445404053,7.4469767,7.337093,7.3720427,7.6955113,7.359099,7.471931,7.440672,7.66233,7.2800264,7.3985405,7.4525256
shp2_molecule_4,-5.822068691253662,7.572936,7.5542045,7.6496844,7.927677,7.435771,7.5111494,7.568471,7.648126,7.4748707,7.343784,7.6156206
shp2_molecule_Example_2,-8.27622127532959,7.6155105,7.5593452,7.519127,7.8534102,7.505176,7.5857973,7.5692787,7.848589,7.502354,7.5710196,7.64101
shp2_molecule_Example_14,-9.778227806091309,6.829718,6.7371387,6.8028765,7.03453,6.7898064,6.8498764,6.82559,6.7547107,6.8002315,6.772655,6.9297624
shp2_molecule_Example_26,-8.959051132202148,7.8621774,7.822672,7.9098716,8.129904,7.6831937,7.908719,7.934848,7.871241,7.7521596,7.828563,7.7806034
shp2_molecule_SHP836-2,-6.713211536407471,7.7411475,7.662462,7.898631,8.04011,7.617617,7.747721,7.771954,7.6471863,7.678845,7.596015,7.7509356
shp2_molecule_Example_6,-9.06926441192627,7.8008637,7.673248,7.9512835,7.973028,7.5865355,7.904866,7.831295,7.8309937,7.776374,7.7296853,7.7513304
shp2_molecule_Example_1,-8.988177299499512,7.5122313,7.381905,7.62206,7.777583,7.2967763,7.5499907,7.5097704,7.6958985,7.3760633,7.3074,7.6048684
shp2_molecule_3,-5.462942123413086,7.2476144,7.1566463,7.2561736,7.563129,7.058567,7.193486,7.2458324,7.3662,7.248121,7.071085,7.316899
shp2_molecule_Example_9,-8.794095039367676,6.761548,6.672733,6.6657104,6.8994617,6.699166,6.8651195,6.7147684,6.791457,6.7915025,6.7326827,6.7828765
shp2_molecule_Example_8,-9.71232795715332,7.4006004,7.305443,7.3904634,7.5097785,7.3639407,7.409431,7.2946825,7.6003857,7.3590546,7.311397,7.4614367
shp2_molecule_7,-7.076467037200928,7.7125955,7.4347816,7.8489823,8.025859,7.558385,7.7171626,7.7163982,7.8485904,7.5489497,7.588195,7.8386507
shp2_molecule_Example_24,-9.07721710205078,8.081193,8.095745,8.070355,8.360666,8.062553,8.126618,8.110072,8.029931,7.8907475,8.05557,8.0096655
shp2_molecule_Example_28,-8.457352638244629,6.948987,6.714593,7.104578,7.084168,6.782838,6.992769,6.980403,7.2462816,6.8948507,6.722229,6.967163
shp2_molecule_10,-7.1542816162109375,7.037034,6.8721023,6.996656,7.1534767,6.9511747,7.171828,7.0583816,7.0852237,6.993973,6.9810853,7.106439
shp2_molecule_Example_25,-8.869909286499023,8.0365505,7.927736,8.0604315,8.272754,7.9469137,8.129017,8.051187,8.002638,7.9195313,8.091815,7.963483
shp2_molecule_Example_27,-8.51852798461914,7.7734466,7.6311626,8.030444,8.018853,7.6766825,7.7912664,7.735556,7.715171,7.705929,7.6338277,7.795572
shp2_molecule_6,-8.030035018920898,6.737363,6.723401,6.784738,6.932777,6.558213,6.797751,6.7325826,6.8085065,6.592649,6.579607,6.863406
shp2_molecule_Example_30,-9.157095909118652,7.329291,7.296753,7.214925,7.5468044,7.152473,7.4508924,7.3675647,7.5971074,7.1946225,7.191535,7.280225
shp2_molecule_Example_5,-7.5630927085876465,8.062874,7.966647,8.088537,8.314062,7.9606004,8.086801,8.109213,8.113083,8.080085,7.880356,8.029355
shp2_molecule_Example_4,-8.201089859008789,7.2063966,7.11709,7.22799,7.3479137,7.1119184,7.2131414,7.16901,7.3561416,7.1867156,7.100649,7.2333946
shp2_molecule_Example_23,-8.740339279174805,8.028166,7.9530854,8.043703,8.266215,7.9425073,8.112288,8.06781,8.005429,7.931736,8.004045,7.9548407
shp2_molecule_Example_3,-8.215871810913086,7.1726074,7.060708,7.152818,7.3088365,7.043671,7.358123,7.208488,7.2725143,7.1493254,6.9934816,7.1781087
cmet_molecule_CHEMBL3402753_200,-9.139049530029297,6.6966515,6.6654615,6.7055554,6.7876205,6.7615585,6.524826,6.773781,6.818211,6.7903366,6.553652,6.5855083
cmet_molecule_CHEMBL3402747_3400,-7.460412979125977,7.5435576,7.6945567,7.516439,7.5140433,7.633324,7.6071744,7.288551,7.492315,7.7309504,7.4183493,7.5398726
cmet_molecule_CHEMBL3402744_300,-8.89881706237793,6.5998354,6.4621162,6.6740327,6.737608,6.676938,6.5781965,6.5173244,6.5491934,6.611242,6.7483053,6.4434004
cmet_molecule_CHEMBL3402745_200,-9.139049530029297,6.798787,6.6451902,6.8557463,6.886908,6.81994,6.790466,6.6959877,6.6963854,6.9124103,7.007627,6.677211
cmet_molecule_CHEMBL3402750_400,-8.72836971282959,6.926379,7.016689,6.8399715,7.0059934,6.98679,6.8806915,6.9199457,7.030311,6.9876995,6.7388716,6.8568277
cmet_molecule_CHEMBL3402743_42,-10.063709259033203,6.8637366,6.7971435,6.8640833,7.00228,6.770538,6.933615,6.691907,6.8959684,7.0077925,6.9887013,6.6853423
cmet_molecule_CHEMBL3402752_30000,-6.170323371887207,6.8013573,6.813732,6.7612066,6.929162,6.824438,6.7388477,6.8458076,6.938886,6.8020687,6.6469655,6.712458
cmet_molecule_CHEMBL3402755_4200,-7.33521556854248,6.9198027,6.968907,6.9685597,6.996217,7.0211716,6.8591843,6.8622828,6.9220896,6.9785647,6.807043,6.81401
cmet_molecule_CHEMBL3402749_500,-8.596160888671875,7.0498924,7.2106915,6.971542,7.0437665,7.157124,7.2116303,6.947646,7.048204,7.10211,6.897885,6.908323
cmet_molecule_CHEMBL3402765_11-charged-pKa-8.1,-10.857505798339844,7.0029435,6.895758,6.9382,7.0321636,7.0094852,7.1139846,6.8786545,7.127181,7.142689,7.0231447,6.8681793
cmet_molecule_CHEMBL3402742_23,-10.420489311218262,7.065735,6.996474,6.998752,7.262786,7.045988,7.21049,6.8583546,7.158436,7.1884885,7.075248,6.862329
cmet_molecule_CHEMBL3402754_40,-10.09261703491211,6.81456,6.8964505,6.7279687,6.945315,6.8821187,6.724159,6.818566,6.867664,6.9302216,6.6335406,6.719589
cmet_molecule_CHEMBL3402748_5300,-7.197390079498291,6.5730834,6.5383363,6.5881476,6.659722,6.688087,6.5323524,6.666779,6.65368,6.585644,6.4079556,6.410132
cmet_molecule_CHEMBL3402741_400,-8.72836971282959,7.2030687,7.160215,7.1685667,7.353058,7.174509,7.343496,6.983843,7.287187,7.283559,7.2299967,7.04626
cmet_molecule_CHEMBL3402763_90,-9.612153053283691,7.1231384,7.017354,7.043351,7.2575927,7.017964,7.28261,7.1138253,7.074275,7.2221165,7.157134,7.04517
cmet_molecule_CHEMBL3402764_90,-9.612153053283691,6.7152433,6.6221642,6.7218337,6.89443,6.6699166,6.821657,6.5247874,6.6832404,6.766469,6.8485737,6.599364
cmet_molecule_CHEMBL3402751_2100,-7.745894908905029,6.819567,6.867468,6.7361317,6.9486127,6.8612113,6.7107105,6.838894,6.9453826,6.9134545,6.629735,6.74407
cmet_molecule_CHEMBL3402756_2.7_redocked,-11.689735412597656,7.185145,7.1623216,7.130025,7.3136406,7.308323,7.121314,7.0496836,7.2720404,7.382605,7.1376953,6.9738035
cmet_molecule_CHEMBL3402762_1_redocked,-12.27822208404541,7.344101,7.252591,7.38068,7.3701234,7.4621825,7.3436656,7.275517,7.5195704,7.4565673,7.1810966,7.199011
cmet_molecule_CHEMBL3402760_1_redocked,-12.27822208404541,7.2039957,7.1650915,7.1067247,7.336978,7.3392377,7.1349435,7.0653996,7.2953877,7.399271,7.153222,7.0437036
cmet_molecule_CHEMBL3402757_6.5_redocked,-11.169207572937012,7.2090616,7.1683726,7.1305957,7.336978,7.3392377,7.141421,7.0653996,7.3048844,7.403436,7.1565866,7.0437036
cmet_molecule_CHEMBL3402761_1_redocked,-12.27822208404541,7.3191314,7.2948313,7.234926,7.3133235,7.550978,7.340036,7.26249,7.437654,7.4338026,7.203165,7.12011
cmet_molecule_CHEMBL3402758_10_redocked,-10.91397476196289,7.139328,7.160836,7.095436,7.2308264,7.3102937,7.0252843,7.0681906,7.1906204,7.3418536,7.095598,6.874339
cmet_molecule_CHEMBL3402759_5.7_redocked,-11.24702262878418,7.274646,7.23992,7.1551003,7.4016604,7.425654,7.1607404,7.1159415,7.3784537,7.479702,7.2695594,7.119725
eg5_extraprotomers_molecule_CHEMBL1078774,-10.662470817565918,6.5449777,6.717335,6.63369,6.6666713,6.63782,6.4029517,6.5783052,6.502078,6.4396253,6.417424,6.4538746
eg5_extraprotomers_molecule_CHEMBL1093087,-10.59618091583252,5.678585,5.7094607,5.772284,5.688333,5.804614,5.741687,5.485004,5.6754966,5.721444,5.622602,5.564931
eg5_extraprotomers_molecule_CHEMBL1082249,-11.283177375793455,5.6305466,5.569857,5.6317997,5.7008996,5.6833134,5.674002,5.576632,5.7452774,5.7412543,5.584658,5.397772
eg5_extraprotomers_molecule_CHEMBL1089393,-8.429832458496094,5.5911036,5.5374885,5.4793525,5.561241,5.768796,5.812132,5.544033,5.562117,5.640387,5.564849,5.4406385
eg5_extraprotomers_molecule_CHEMBL1078691,-10.24935531616211,6.2991853,6.3535943,6.369267,6.4258194,6.3894944,6.2434855,6.180834,6.176167,6.2179646,6.4086466,6.2265825
eg5_extraprotomers_molecule_CHEMBL1086409,-9.931042671203612,5.8406196,5.7182736,5.980544,5.977102,5.943407,5.820929,5.882478,5.7292795,5.818412,5.72022,5.815553
eg5_extraprotomers_molecule_CHEMBL1082248,-11.696293830871582,5.5677514,5.49157,5.6244698,5.6599984,5.6858044,5.5428524,5.542085,5.525067,5.613136,5.560552,5.4319787
eg5_extraprotomers_molecule_CHEMBL1084678,-11.191304206848145,5.7363906,5.704349,5.7791324,5.7050376,5.912184,5.769353,5.560605,5.753259,5.840532,5.708085,5.631372
eg5_extraprotomers_molecule_CHEMBL1084115,-9.497721672058104,5.777216,5.85366,5.7697816,5.738272,5.93592,5.730986,5.6462603,5.754198,5.866107,5.9118466,5.565129
eg5_extraprotomers_molecule_CHEMBL1084431,-9.863131523132324,5.6124926,5.5909457,5.6498485,5.566489,5.6852465,5.7298346,5.526034,5.6800876,5.7185626,5.614032,5.363845
eg5_extraprotomers_molecule_CHEMBL1085895,-10.921920776367188,5.7387376,5.653328,5.7405305,5.7504334,5.798552,5.8685713,5.665714,5.8596926,5.8066072,5.679223,5.564723
eg5_extraprotomers_molecule_CHEMBL1084677,-11.524834632873535,5.6742015,5.659822,5.7058525,5.606421,5.8656397,5.751075,5.5578985,5.671696,5.787095,5.5900803,5.5464363
eg5_extraprotomers_molecule_CHEMBL1077227,-11.391841888427734,5.8801384,5.8639,5.926634,5.87212,6.030761,5.9134583,5.721679,5.824069,5.954386,5.9871216,5.707252
eg5_extraprotomers_molecule_CHEMBL1086410,-11.524834632873535,5.898671,5.92093,5.91211,5.8254447,6.097101,5.898736,5.744087,5.85496,5.972222,6.053931,5.7071853
eg5_extraprotomers_molecule_CHEMBL1083517,-11.524834632873535,5.914661,5.810887,6.096954,6.032629,6.030477,5.880547,5.9137425,5.7640386,5.9282537,5.8082128,5.880872
eg5_extraprotomers_molecule_CHEMBL1096003,-11.93795108795166,6.079838,6.100821,6.0272326,6.217299,6.154364,6.14798,6.0321183,6.0162053,6.188198,6.0161767,5.8979797
eg5_extraprotomers_molecule_CHEMBL1077204,-11.111719131469728,5.710639,5.658828,5.7559676,5.655074,5.789954,5.7878895,5.6484056,5.7762766,5.7964115,5.6796627,5.5579205
eg5_extraprotomers_molecule_CHEMBL1083836,-10.921920776367188,5.5390463,5.5436306,5.5164714,5.4614425,5.7147536,5.539344,5.5435443,5.459259,5.6066337,5.621738,5.3836455
eg5_extraprotomers_molecule_CHEMBL1085666,-10.5656099319458,5.4695005,5.427145,5.5189195,5.462968,5.633545,5.532336,5.4159646,5.4270635,5.5259013,5.447777,5.303387
eg5_extraprotomers_molecule_CHEMBL1085692,-11.391841888427734,5.709855,5.674076,5.7927656,5.842341,5.710456,5.7118106,5.6338625,5.75712,5.794898,5.6042995,5.576921
eg5_extraprotomers_molecule_CHEMBL1084143,-11.93795108795166,6.1322045,6.166215,6.2243304,6.105495,6.2703047,6.095726,5.916521,6.169783,6.226208,6.2296834,5.917779
eg5_extraprotomers_molecule_CHEMBL1096002,-11.191304206848145,6.030165,5.980728,6.029456,6.066676,6.125358,6.1356955,6.0172105,6.000461,6.170938,5.967089,5.8080373
eg5_extraprotomers_molecule_CHEMBL1089056,-9.497721672058104,5.8208094,5.8659534,5.8492727,5.761079,6.008389,5.7982507,5.6544394,5.787628,5.842889,6.0079436,5.632246
eg5_extraprotomers_molecule_CHEMBL1093088,-11.283177375793455,5.7473288,5.6904616,5.8668795,5.718194,5.86004,5.863594,5.6198096,5.6981854,5.837774,5.728542,5.58981
eg5_extraprotomers_molecule_CHEMBL1084676,-10.778188705444336,5.839658,5.778671,5.9069815,5.7027717,5.967538,5.9640336,5.768732,5.846117,5.9899535,5.713838,5.757944
eg5_extraprotomers_molecule_CHEMBL1084935,-10.59618091583252,6.1730223,6.2548656,6.2930727,6.037969,6.362204,6.1362333,5.953631,6.186772,6.316593,6.196404,5.992475
eg5_extraprotomers_molecule_CHEMBL1078998,-10.432616233825684,5.792402,5.815595,5.842689,5.76618,5.959693,5.788785,5.609234,5.7624283,5.833248,5.919549,5.6266155
eg5_extraprotomers_molecule_CHEMBL1088740,-8.75107479095459,5.6876554,5.7195716,5.714009,5.6093454,5.8613586,5.7592306,5.50964,5.6164675,5.714645,5.817993,5.5542946
eg5_extraprotomers_molecule_CHEMBL1084143_1,-11.93795108795166,6.018116,6.0970063,6.1006,5.9134912,6.120203,6.063934,5.8680186,6.0661716,6.0811896,6.0937867,5.776758
eg5_extraprotomers_molecule_CHEMBL1096003_1,-11.93795108795166,5.922139,5.952806,5.962899,5.9824734,5.978262,6.0472865,5.902723,5.886295,5.9702125,5.8716416,5.666792
eg5_extraprotomers_molecule_CHEMBL1096002_1,-11.191304206848145,6.148045,6.1082644,6.2287087,6.160737,6.213644,6.272968,6.1215963,6.20974,6.157467,6.0168405,5.9904857
eg5_extraprotomers_molecule_CHEMBL1084676_1,-10.778188705444336,5.8132877,5.79024,5.917133,5.722507,5.8866935,5.931794,5.7141595,5.87266,5.8861403,5.6866064,5.7249427
eg5_extraprotomers_molecule_CHEMBL1084677_1,-11.524834632873535,5.6208076,5.6288757,5.7254624,5.551932,5.703953,5.750686,5.5523157,5.6275506,5.612935,5.637653,5.4167147
eg5_extraprotomers_molecule_CHEMBL1084935_1,-10.59618091583252,6.0772014,6.1597967,6.2037416,5.975605,6.2389917,6.0475583,5.8591714,6.0645537,6.145608,6.1131573,5.9638343
syk_4puz_fullmap_molecule_CHEMBL3265014,-10.40023136138916,6.965079,7.127059,6.7551336,7.2043343,6.9814167,6.888535,7.0755496,6.998884,6.8595924,6.945893,6.814389
syk_4puz_fullmap_molecule_CHEMBL3265036,-10.417919158935549,6.787145,6.868124,6.732884,6.956243,6.8179793,6.817708,6.9045444,6.841218,6.623339,6.6972556,6.6121564
syk_4puz_fullmap_molecule_CHEMBL3265020,-11.003335952758787,6.7647233,6.9530754,6.7310004,6.9021297,6.7201347,6.7470045,6.8736315,6.8313513,6.6180935,6.5869646,6.683852
syk_4puz_fullmap_molecule_CHEMBL3265023,-10.477216720581056,6.9394684,7.117597,6.819356,7.1047325,6.902719,6.926414,7.0384703,6.9645267,6.8531084,6.795292,6.8724694
syk_4puz_fullmap_molecule_CHEMBL3265033,-11.838635444641112,6.716565,6.8117332,6.5872793,6.951105,6.616861,6.802887,6.8847256,6.8189683,6.6499205,6.563365,6.478799
syk_4puz_fullmap_molecule_CHEMBL3265027,-10.329894065856934,6.2145996,6.1755347,6.177696,6.385613,6.0874553,6.2149997,6.454414,6.26056,6.1896214,6.2488666,5.951235
syk_4puz_fullmap_molecule_CHEMBL3265028,-11.010265350341797,6.643861,6.7757616,6.6137996,6.7547603,6.607864,6.654791,6.75571,6.7041826,6.529413,6.5607514,6.481573
syk_4puz_fullmap_molecule_CHEMBL3265032,-11.068829536437988,6.715571,6.786748,6.590456,6.9364676,6.659371,6.7322493,6.861627,6.833198,6.631175,6.5654445,6.558975
syk_4puz_fullmap_molecule_CHEMBL3265031,-12.078866958618164,6.748491,6.822289,6.6180105,6.9368463,6.715428,6.7484365,6.8975377,6.876623,6.6854916,6.5658484,6.6183987
syk_4puz_fullmap_molecule_CHEMBL3265037,-12.764640808105469,6.9989576,7.1444864,6.967341,7.1976233,6.9208145,7.000637,7.055293,7.1299534,6.859127,6.810865,6.903439
syk_4puz_fullmap_molecule_CHEMBL3265026,-11.36131477355957,7.045249,7.180163,7.037965,7.2435546,7.055749,7.086426,7.1212444,7.1323233,6.8684545,6.786016,6.9406
syk_4puz_fullmap_molecule_CHEMBL3265012,-10.546293258666992,6.673106,6.833923,6.576025,6.8294044,6.6191125,6.65913,6.8027754,6.7907815,6.5621305,6.5782094,6.4795685
syk_4puz_fullmap_molecule_CHEMBL3265029,-11.125299453735352,6.6229506,6.7790337,6.490686,6.7422876,6.5675955,6.653258,6.8346667,6.6972766,6.5518155,6.4771757,6.435709
syk_4puz_fullmap_molecule_CHEMBL3265035,-11.07657527923584,6.6063833,6.6786237,6.534274,6.8485518,6.5039024,6.586665,6.7661686,6.6896453,6.6587267,6.4329457,6.3643317
syk_4puz_fullmap_molecule_CHEMBL3265024,-11.784735679626465,7.090986,7.2379208,7.114264,7.293584,7.0697637,7.175309,7.1998177,7.140399,6.8913674,6.892831,6.894597
syk_4puz_fullmap_molecule_CHEMBL3265018,-11.187724113464355,6.742891,6.9579716,6.7288547,6.8783298,6.677938,6.6953683,6.8854284,6.826736,6.620182,6.5903325,6.567767
syk_4puz_fullmap_molecule_CHEMBL3265008,-9.784358024597168,6.5852003,6.8004436,6.464071,6.8071775,6.4878483,6.5692315,6.7184234,6.6552,6.4467235,6.428997,6.473888
syk_4puz_fullmap_molecule_CHEMBL3265016,-11.689735412597656,6.758258,6.9592423,6.7301126,6.896305,6.713588,6.7409782,6.8921127,6.827325,6.604504,6.585736,6.6326814
syk_4puz_fullmap_molecule_CHEMBL3265025_flip,-10.199455261230469,7.273505,7.455821,7.386569,7.3506722,7.333542,7.5071073,7.250003,7.133241,7.171922,7.105514,7.040667
syk_4puz_fullmap_molecule_CHEMBL3265013,-9.81322193145752,6.878289,7.129895,6.7876263,6.9834504,6.8213115,6.8292756,6.9946413,6.85403,6.8304267,6.8067837,6.7454557
syk_4puz_fullmap_molecule_CHEMBL3259820,-10.575678825378418,6.6856985,6.8455973,6.5224113,6.865714,6.6684175,6.6789293,6.8001065,6.7674565,6.5457554,6.671231,6.491365
syk_4puz_fullmap_molecule_CHEMBL3265006,-9.95804214477539,6.8148766,6.94288,6.6383533,7.110347,6.647562,6.856072,7.0201726,6.7626333,6.7302375,6.6985993,6.7419086
syk_4puz_fullmap_molecule_CHEMBL3265030_n,-11.471863746643066,6.782798,6.811722,6.6688704,6.937957,6.7612004,6.799344,6.9527316,6.94069,6.72033,6.57391,6.6612234
syk_4puz_fullmap_molecule_CHEMBL3265022,-10.791322708129885,6.9854927,7.1231356,6.870281,7.213879,6.920896,6.963892,7.0740323,6.9771833,6.867057,6.892546,6.9520235
syk_4puz_fullmap_molecule_CHEMBL3265019,-10.777045249938965,6.7625475,6.9626646,6.7303805,6.9180813,6.715648,6.7062254,6.894026,6.8598447,6.6308255,6.613335,6.594448
syk_4puz_fullmap_molecule_CHEMBL3265009,-10.297627449035645,6.77203,6.9775867,6.5267234,7.0320783,6.6868777,6.7279983,7.003572,6.7365236,6.7143693,6.629858,6.6847053
syk_4puz_fullmap_molecule_CHEMBL3265021,-10.890737533569336,6.756053,6.953246,6.739639,6.8879433,6.6877174,6.703935,6.8700786,6.838321,6.6428895,6.6126795,6.6240854
syk_4puz_fullmap_molecule_CHEMBL3265005,-10.323298454284668,6.6120696,6.820048,6.443308,6.842492,6.4984527,6.599837,6.803096,6.615532,6.5200047,6.451342,6.5265822
syk_4puz_fullmap_molecule_CHEMBL3265017,-11.48725414276123,6.7450438,6.9579716,6.729053,6.8821187,6.6772494,6.697909,6.8854284,6.8239074,6.6244526,6.5903325,6.582019
syk_4puz_fullmap_molecule_CHEMBL3265010,-10.132436752319336,6.795976,7.046507,6.5543785,7.0933433,6.7761526,6.754771,6.8905773,6.783763,6.7212777,6.647332,6.691655
syk_4puz_fullmap_molecule_CHEMBL3265034,-11.48725414276123,6.572137,6.5445104,6.516173,6.7816534,6.561511,6.5990415,6.709657,6.583626,6.526924,6.486443,6.4118266
syk_4puz_fullmap_molecule_CHEMBL3265011_flip,-8.637885093688965,6.8009934,7.071053,6.7091026,7.024002,6.7615895,6.7590423,6.8840523,6.7815228,6.726188,6.589956,6.703427
syk_4puz_fullmap_molecule_CHEMBL3265015_flip,-9.47731590270996,6.854682,7.024374,6.8075094,7.000162,6.8442693,6.8925133,6.9429154,6.836738,6.718499,6.753386,6.726457
syk_4puz_fullmap_molecule_CHEMBL3265002,-10.617273330688477,7.0664396,7.1747584,7.0884666,7.1641064,7.101656,7.167197,7.047451,7.0183706,7.0063186,7.010188,6.8858814
syk_4puz_fullmap_molecule_docked_CHEMBL3264998,-11.712096214294434,6.8290377,6.8488865,6.708844,7.0606685,6.8740163,6.844525,6.8629084,6.875473,6.7662997,6.7163095,6.7324486
syk_4puz_fullmap_molecule_CHEMBL3264997,-10.983019828796388,6.9079957,6.9565306,6.7606826,7.141782,6.8872066,6.896582,6.9680786,6.956411,6.8243523,6.9108744,6.77746
syk_4puz_fullmap_molecule_docked_CHEMBL3264994,-9.804960250854492,6.5068297,6.5858507,6.31416,6.7054353,6.457287,6.504173,6.537877,6.530893,6.405959,6.593489,6.4331746
syk_4puz_fullmap_molecule_CHEMBL3264995,-12.381524085998535,6.8688154,6.9685497,6.736288,7.085848,6.887364,6.868987,6.8820767,6.903518,6.8247027,6.822228,6.7085953
syk_4puz_fullmap_molecule_docked_CHEMBL3265004,-10.857505798339844,6.88841,7.0258613,6.839937,7.0404797,6.8644304,6.8719697,6.9320703,6.922606,6.8273177,6.7869124,6.7725153
syk_4puz_fullmap_molecule_CHEMBL3265001,-12.03799057006836,7.0420265,7.1294975,7.0762496,7.1665554,7.092985,7.053453,7.004728,7.0317664,6.9863424,6.9832735,6.895415
syk_4puz_fullmap_molecule_CHEMBL3264996,-10.665895462036133,6.9289923,6.9663296,6.8250146,7.2037606,6.963848,6.858027,6.897877,7.0402226,6.886764,6.8584003,6.789677
syk_4puz_fullmap_molecule_docked_CHEMBL3264999_adjust,-11.41401481628418,6.8933525,6.9204655,6.8040915,7.181241,6.8701973,6.8472133,6.92602,6.961083,6.84242,6.8300805,6.750715
syk_4puz_fullmap_molecule_redocked_CHEMBL3265000_ground_state,-11.811073303222656,6.873329,6.9333673,6.7539687,7.078654,6.8770385,6.8915334,6.898707,6.9777727,6.7943397,6.7667384,6.7611694
syk_4puz_fullmap_molecule_redocked_CHEMBL3265000,-11.811073303222656,6.9310927,6.9509487,6.8323374,7.1825585,6.932555,6.9164667,6.9281797,7.072586,6.86212,6.8299484,6.8032317
syk_4puz_fullmap_molecule_CHEMBL3265003_tautomer_1,-10.820952415466309,6.9019346,7.0197086,6.833968,7.0410233,6.9026666,6.9057846,6.950839,6.925663,6.83732,6.823427,6.778946
syk_4puz_fullmap_molecule_CHEMBL3265003_tautomer_2,-10.820952415466309,6.9042788,7.0228877,6.840124,7.0410233,6.9026666,6.90939,6.950839,6.9320536,6.838004,6.8268547,6.778946
hif2a_automap_molecule_338,-10.75852870941162,6.254408,6.154497,6.253388,6.2060246,6.3322062,6.2105284,6.185467,6.1540766,6.14568,6.521685,6.3805227
hif2a_automap_molecule_43,-8.699462890625,6.6254854,6.7265096,6.739291,6.7410235,6.6420336,6.5562644,6.569823,6.6022644,6.4985995,6.5888195,6.5902214
hif2a_automap_molecule_235,-10.123006820678713,5.990597,5.9601507,6.041572,6.0389876,6.1107097,5.8935404,5.943405,5.856116,5.9145865,6.12622,6.020679
hif2a_automap_molecule_234,-10.347848892211914,6.7330804,6.629717,6.6331635,6.7602463,6.7097864,6.803931,6.706062,6.6551046,6.5850887,7.0670705,6.780633
hif2a_automap_molecule_30,-10.565720558166504,6.311661,6.277087,6.3118873,6.3198166,6.398591,6.2728767,6.2553444,6.2838116,6.148949,6.466601,6.381643
hif2a_automap_molecule_1,-11.324654579162598,6.5725036,6.4037523,6.5525174,6.5580063,6.665579,6.622425,6.4500594,6.469843,6.5250945,6.8675065,6.6102533
hif2a_automap_molecule_237,-9.549728393554688,6.203847,6.069741,6.2837653,6.1481323,6.3436255,6.216621,6.115298,6.12193,6.045903,6.367182,6.3262744
hif2a_automap_molecule_227,-10.75852870941162,6.1999974,6.166325,6.222812,6.159862,6.3463206,6.147819,6.1304703,6.0534973,6.103398,6.4035673,6.2658987
hif2a_automap_molecule_266,-10.533686637878418,6.536547,6.3979845,6.5113344,6.520842,6.616753,6.3822355,6.5381446,6.609324,6.5886908,6.6950884,6.5050807
hif2a_automap_molecule_206,-10.123006820678713,6.9999266,6.9353404,7.090817,7.0231814,6.935353,7.108841,6.8258,6.89598,6.975583,7.155346,7.0530252
hif2a_automap_molecule_67,-10.17173194885254,6.0253277,5.8668785,6.0349474,5.946819,6.101647,6.071174,5.880941,5.986903,5.989306,6.2722464,6.1024137
hif2a_automap_molecule_156,-9.73618984222412,6.069316,5.988041,6.1300144,6.0821624,6.2231793,6.100985,5.886995,6.0688467,5.96421,6.152982,6.095742
hif2a_automap_molecule_31,-8.842347145080566,6.6250887,6.6962347,6.618903,6.694774,6.554794,6.821181,6.493826,6.527371,6.6201167,6.6047072,6.618984
hif2a_automap_molecule_289,-10.91397476196289,6.5753174,6.465011,6.543246,6.5957384,6.613936,6.579472,6.470187,6.5059586,6.431035,6.849982,6.698606
hif2a_automap_molecule_61,-10.107617378234863,6.914445,6.905072,6.941596,6.982391,6.884981,6.9317408,6.7539372,6.758757,6.9222026,7.176191,6.8875804
hif2a_automap_molecule_167,-10.67374324798584,6.812047,6.8305845,6.812323,6.9117227,6.7477503,6.8206224,6.7248836,6.594739,6.812302,7.0506124,6.8149223
hif2a_automap_molecule_165,-9.235339164733888,6.5625544,6.4878287,6.5079575,6.5419254,6.5300856,6.6474648,6.4487977,6.541651,6.4384546,6.8429294,6.6384487
hif2a_automap_molecule_41,-9.787005424499512,7.0233717,6.964837,7.032845,7.174811,7.045159,6.8968945,6.954655,6.9478908,6.9571314,7.234951,7.0245466
hif2a_automap_molecule_7b,-7.394513607025146,6.9018297,6.869837,6.7884054,6.9917903,6.8315873,7.070824,6.8373494,6.6602135,6.984248,7.0088058,6.9752316
hif2a_automap_molecule_54,-9.30949592590332,7.3449388,7.237605,7.390027,7.405534,7.2439933,7.2728777,7.3250093,7.326536,7.182552,7.6079206,7.457338
hif2a_automap_molecule_215,-10.59958553314209,6.8470335,6.875575,6.828809,6.912341,6.839519,6.847077,6.8172216,6.67313,6.8405657,7.072682,6.763415
hif2a_automap_molecule_57,-10.67374324798584,6.3415093,6.21182,6.285607,6.3484464,6.4420037,6.366272,6.1699286,6.296113,6.2303095,6.653296,6.411298
hif2a_automap_molecule_42,-8.93969440460205,6.958705,6.949931,7.0032544,7.0336804,6.9153986,6.9014897,6.913461,6.88232,6.877846,7.133427,6.976239
hif2a_automap_molecule_252,-9.71232795715332,6.2514133,6.159867,6.2526655,6.263019,6.30699,6.218633,6.151312,6.1401706,6.177769,6.538522,6.305187
hif2a_automap_molecule_336,-9.823477745056152,6.192191,6.073136,6.2176085,6.181635,6.3547573,6.101804,6.121437,6.069383,6.099924,6.4357505,6.266477
hif2a_automap_molecule_290,-10.565720558166504,6.2394905,6.1775036,6.2167354,6.2223763,6.298783,6.1943407,6.1636357,6.123855,6.156908,6.534411,6.306356
hif2a_automap_molecule_155,-10.5032958984375,6.400235,6.2405505,6.362281,6.3985705,6.4987726,6.477419,6.2270513,6.388515,6.2882094,6.6449337,6.476044
hif2a_automap_molecule_164,-6.764764785766602,6.3917556,6.3313627,6.3734717,6.384777,6.4109893,6.522118,6.309178,6.358322,6.1999307,6.565303,6.4621
hif2a_automap_molecule_7a,-9.99706745147705,7.032772,6.9422293,6.934898,7.076514,6.9243073,7.1565294,7.0142117,6.860279,7.110751,7.22117,7.086833
hif2a_automap_molecule_224,-9.660125732421877,6.4741583,6.450393,6.577929,6.402947,6.5467668,6.342565,6.4803157,6.4270134,6.358323,6.6558275,6.499507
hif2a_automap_molecule_84,-7.5754475593566895,6.869939,6.863425,6.7852106,6.9512334,6.9846654,6.870912,6.8140383,6.7737803,6.745256,7.0423326,6.868538
hif2a_automap_molecule_254,-9.549728393554688,6.606209,6.4586935,6.578485,6.5850806,6.6276712,6.640878,6.4688096,6.631701,6.545153,6.8423524,6.683268
hif2a_automap_molecule_23,-7.067420959472656,6.3383546,6.216814,6.3411393,6.308743,6.4283247,6.3092,6.2249312,6.278314,6.2729816,6.5841236,6.4189754
hif2a_automap_molecule_251,-10.24363613128662,6.606645,6.4586935,6.578485,6.5850806,6.6276712,6.640878,6.4688096,6.631701,6.545153,6.8467174,6.683268
hif2a_automap_molecule_256,-10.67374324798584,6.2518497,6.159867,6.2526655,6.263019,6.30699,6.218633,6.151312,6.1401706,6.177769,6.5428867,6.305187
hif2a_automap_molecule_50,-9.696937561035156,6.9926834,6.9688864,6.7732935,6.9689317,6.873559,7.076483,7.036739,6.847985,7.0304623,7.278191,7.072301
hif2a_automap_molecule_231,-10.022831916809082,6.525693,6.493554,6.5003176,6.574372,6.495255,6.594276,6.399843,6.433808,6.413112,6.735787,6.6166034
hif2a_automap_molecule_15,-11.046184539794922,6.339662,6.213441,6.3458123,6.3147774,6.4148493,6.3343196,6.2453456,6.27789,6.245405,6.572778,6.4320073
hif2a_automap_molecule_124,-10.123006820678713,6.250693,6.186148,6.3585153,6.2544913,6.3538256,6.1298323,6.290307,6.101244,6.099718,6.3228407,6.4100046
hif2a_automap_molecule_25,-10.28314971923828,6.1835465,6.1154165,6.3146095,6.263212,6.2394266,6.1520486,6.109359,6.075752,6.1292224,6.2768064,6.1596107
hif2a_automap_molecule_163,-11.010265350341797,6.5882607,6.4816656,6.5370674,6.582568,6.567113,6.6772184,6.476829,6.566069,6.466134,6.8784885,6.649451
tnks2_fullmap_molecule_1a,-8.550562858581543,5.74104,5.7134995,5.7152133,5.656221,5.7603807,5.719167,5.798826,5.6479554,5.6859717,5.917772,5.795394
tnks2_fullmap_molecule_1b,-9.937170028686523,6.074134,6.12633,6.1242185,5.9915133,6.195066,6.0287347,6.1413903,5.9338303,6.0412703,6.1627154,5.9962707
tnks2_fullmap_molecule_3a,-10.996485710144045,6.1112566,6.1227574,6.190707,6.039095,6.1177373,6.1044264,6.0833697,6.004096,6.1004653,6.208616,6.1412997
tnks2_fullmap_molecule_3b,-11.519288063049316,6.5218177,6.6245494,6.456496,6.5175123,6.5638556,6.497902,6.436038,6.424363,6.5937514,6.5620666,6.5416512
tnks2_fullmap_molecule_5f,-10.26306438446045,6.260488,6.303526,6.3129234,6.1978154,6.2407827,6.263078,6.2799363,6.1865287,6.26057,6.2966533,6.263069
tnks2_fullmap_molecule_5l,-10.09261703491211,6.491346,6.597932,6.4985666,6.4585943,6.439509,6.597571,6.511581,6.337595,6.538737,6.468243,6.4651275
tnks2_fullmap_molecule_5g,-10.805952072143556,6.3228865,6.395214,6.3831353,6.232855,6.2983017,6.324928,6.2970314,6.2677293,6.295014,6.382651,6.352007
tnks2_fullmap_molecule_5e,-10.107617378234863,6.7784624,6.8063383,6.7358522,6.768028,6.858828,6.9048734,6.825272,6.711017,6.6230435,6.770425,6.780944
tnks2_fullmap_molecule_5i,-12.078866958618164,6.2881007,6.3531075,6.362668,6.188649,6.2595677,6.295328,6.281633,6.247301,6.2855773,6.317713,6.289464
tnks2_fullmap_molecule_5b,-10.474388122558594,6.3533006,6.453752,6.351997,6.315475,6.3056808,6.3921547,6.385731,6.283028,6.322337,6.3870673,6.335783
tnks2_fullmap_molecule_5h,-10.04976749420166,6.491439,6.6206727,6.5160327,6.317073,6.525185,6.490333,6.4833508,6.530284,6.5262675,6.534531,6.370661
tnks2_fullmap_molecule_5a,-10.75852870941162,6.159482,6.1887565,6.256469,6.0501285,6.1806445,6.1854153,6.186576,5.9725137,6.1453056,6.2494564,6.179553
tnks2_fullmap_molecule_5k,-10.963377952575684,6.691146,6.762668,6.659052,6.654152,6.6845603,6.7976146,6.692792,6.421358,6.7565346,6.7352405,6.7474833
tnks2_fullmap_molecule_5p,-10.5032958984375,6.688793,6.6967683,6.669913,6.643028,6.8333054,6.6059017,6.634886,6.5885134,6.8392787,6.692044,6.6842933
tnks2_fullmap_molecule_5j,-11.08442211151123,6.744475,6.795506,6.7526836,6.671577,6.7076445,6.814579,6.7039223,6.5903378,6.846384,6.7979565,6.764163
tnks2_fullmap_molecule_5d,-10.8850679397583,6.50503,6.5813684,6.5137877,6.467309,6.5330796,6.5860825,6.43788,6.362965,6.533566,6.5208106,6.513457
tnks2_fullmap_molecule_5m,-12.6889009475708,6.7050476,6.802271,6.671949,6.6343856,6.6832004,6.78716,6.708871,6.4975634,6.8126926,6.7030096,6.7493706
tnks2_fullmap_molecule_5n,-10.71462059020996,6.704791,6.691446,6.7046995,6.628549,6.7845836,6.7104154,6.6642075,6.6041193,6.8689737,6.699601,6.69132
tnks2_fullmap_molecule_5c,-9.960407257080078,6.6237135,6.675316,6.500589,6.6345253,6.619117,6.755203,6.7885537,6.58014,6.4536257,6.5927243,6.637348
tnks2_fullmap_molecule_7,-8.396805763244629,6.5570693,6.632923,6.6883087,6.533596,6.422694,6.5927415,6.587001,6.4357615,6.5906878,6.5760093,6.510972
tnks2_fullmap_molecule_8a_neutral,-10.805952072143556,6.9874487,7.0713916,6.8929563,6.9463563,7.057662,7.0835714,7.034759,6.9082313,7.016236,6.830318,7.033005
tnks2_fullmap_molecule_8b_neutral,-11.929967880249023,7.341314,7.4689617,7.3337264,7.4267874,7.287416,7.414517,7.3675632,7.222229,7.239334,7.228357,7.424248
tnks2_fullmap_molecule_8c_adjust,-10.123006820678713,6.648337,6.7833333,6.576799,6.6047597,6.5358663,6.8119864,6.668576,6.579634,6.6045494,6.536038,6.78183
tnks2_fullmap_molecule_8d,-12.489546775817873,6.8133965,6.8992505,6.7692575,6.8342457,6.7117057,6.945459,6.863552,6.683393,6.734334,6.760433,6.932334
tnks2_fullmap_molecule_8e_adjust_neutral,-10.24363613128662,6.984374,7.167217,6.927545,6.971513,6.9961977,7.0195837,6.968533,6.992786,6.887647,6.8113832,7.1013393
tnks2_fullmap_molecule_8f_neutral,-11.811073303222656,7.102899,7.2094135,7.0237617,7.110867,7.1436243,7.151138,7.041616,7.097641,7.0270605,6.9996586,7.2242093
tnks2_fullmap_molecule_8d_neutral_equitorial,-12.489546775817873,6.8097076,6.884192,6.7692575,6.842459,6.7121735,6.9442587,6.862745,6.683393,6.7092276,6.7570343,6.932334
tnks2_fullmap_molecule_8c_neutral_equitorial,-10.123006820678713,6.64285,6.7682757,6.576799,6.594992,6.536334,6.8107862,6.6677685,6.579634,6.579443,6.532639,6.78183
tnks2_fullmap_molecule_5o_adjust,-12.03799057006836,6.8408556,6.8549094,6.801224,6.7292447,6.887462,6.8687334,6.873415,6.7136893,7.053965,6.8060904,6.819813
tnks2_fullmap_molecule_8f,-11.811073303222656,6.6649575,6.666616,6.616938,6.607356,6.6445456,6.755495,6.7091384,6.688028,6.6062403,6.581993,6.773224
tnks2_fullmap_molecule_8b,-11.929967880249023,7.108246,7.111362,7.0267725,7.04376,7.210689,7.122133,7.1737957,7.080923,7.116898,6.977947,7.2181835
tnks2_fullmap_molecule_8e,-10.24363613128662,6.3842,6.382329,6.3894796,6.3439884,6.3818216,6.4032836,6.5022287,6.5497775,6.199405,6.284277,6.4054117
tnks2_fullmap_molecule_8a,-10.805952072143556,6.8212647,6.8721957,6.6458735,6.7698636,6.882549,6.8023896,6.95418,6.906276,6.825292,6.6414437,6.9125795
cdk8_5cei_new_helix_loop_extra_molecule_43,-11.93795108795166,7.152285,7.049083,7.303706,7.283638,6.9711328,7.177917,7.3415694,7.3590612,6.9756026,7.0829487,6.9781923
cdk8_5cei_new_helix_loop_extra_molecule_22,-10.28548812866211,7.2546287,7.1913466,7.322582,7.3663273,7.0059996,7.2116036,7.39795,7.386875,7.178071,7.2947636,7.190771
cdk8_5cei_new_helix_loop_extra_molecule_30,-11.696293830871582,7.197728,7.0307884,7.353731,7.326972,6.9863443,7.087059,7.444136,7.274935,7.145105,7.2258115,7.1023927
cdk8_5cei_new_helix_loop_extra_molecule_21,-9.754467964172363,7.143077,6.9939065,7.357264,7.1561346,6.9236283,7.0734925,7.224028,7.282872,7.168831,7.149664,7.100947
cdk8_5cei_new_helix_loop_extra_molecule_24,-10.344158172607422,6.6321473,6.501774,6.815241,6.6610394,6.4844155,6.642118,6.7371964,6.7774043,6.550051,6.6175594,6.534674
cdk8_5cei_new_helix_loop_extra_molecule_38,-11.391841888427734,7.1094756,6.9669538,7.3007016,7.2037363,6.910902,7.0549073,7.3471746,7.1968083,7.0263033,7.162642,6.92463
cdk8_5cei_new_helix_loop_extra_molecule_31,-11.93795108795166,7.2499795,7.1501126,7.406276,7.358788,7.0458174,7.157613,7.4386053,7.353774,7.1936255,7.2740264,7.121155
cdk8_5cei_new_helix_loop_extra_molecule_41,-11.283177375793455,7.1146903,7.0705624,7.3654222,7.1246967,7.002556,6.997149,7.270544,7.2268496,6.992669,7.183602,6.912857
cdk8_5cei_new_helix_loop_extra_molecule_29,-9.256064414978027,7.1613894,7.0427055,7.4749885,7.226443,6.9484243,7.1907787,7.252821,7.454031,7.0874734,7.132881,6.8033485
cdk8_5cei_new_helix_loop_extra_molecule_26,-10.215289115905762,7.53678,7.5513067,7.76825,7.6383195,7.4181113,7.4764795,7.584453,7.7042327,7.4378304,7.4848847,7.3039308
cdk8_5cei_new_helix_loop_extra_molecule_20,-10.698603630065918,6.9799347,6.867595,7.0338826,7.029887,7.0016727,6.8897448,7.0634604,7.1094246,6.975156,6.9847693,6.8437576
cdk8_5cei_new_helix_loop_extra_molecule_35,-11.524834632873535,7.185827,7.009569,7.319572,7.336317,6.984453,7.0941024,7.4328275,7.3463097,7.112719,7.1967373,7.0256543
cdk8_5cei_new_helix_loop_extra_molecule_40,-11.191304206848145,7.068653,6.9856434,7.3385367,7.061487,6.934564,6.9885936,7.2350287,7.1883793,6.9506893,7.1130867,6.8905187
cdk8_5cei_new_helix_loop_extra_molecule_19,-10.737068176269531,6.6678467,6.575809,6.8283057,6.7232356,6.53547,6.6161532,6.775311,6.8076158,6.5772576,6.6985345,6.540774
cdk8_5cei_new_helix_loop_extra_molecule_33,-11.111719131469728,6.850774,6.717274,7.0851283,6.836837,6.74077,6.766792,6.9767194,7.097156,6.8283796,6.8205457,6.638137
cdk8_5cei_new_helix_loop_extra_molecule_27,-8.463898658752441,7.0239754,6.8938556,7.19768,7.060866,6.947743,6.937417,7.0336113,7.1576657,7.0225563,7.03598,6.952379
cdk8_5cei_new_helix_loop_extra_molecule_13,-11.283177375793455,6.8095603,6.862562,6.7208843,6.918679,6.691926,6.77563,7.0612183,6.6790814,6.7819247,6.74997,6.8537292
cdk8_5cei_new_helix_loop_extra_molecule_39,-11.524834632873535,7.5831375,7.6053042,7.7580137,7.5868187,7.4302883,7.5419383,7.694763,7.6575084,7.4999065,7.6390333,7.4177995
cdk8_5cei_new_helix_loop_extra_molecule_32,-9.549580574035645,6.5002756,6.3770647,6.7153373,6.5315123,6.3547783,6.499865,6.626169,6.6239333,6.41303,6.483754,6.3773136
cdk8_5cei_new_helix_loop_extra_molecule_37,-11.524834632873535,7.140517,7.0136976,7.3577805,7.2270927,6.9838743,7.12409,7.3317857,7.2236695,6.9999003,7.1783824,6.964902
cdk8_5cei_new_helix_loop_extra_molecule_23,-9.01440715789795,6.975235,6.771213,7.1508408,6.967668,6.818226,6.9029145,7.050546,7.0686545,6.9744153,7.00548,7.042385
cdk8_5cei_new_helix_loop_extra_molecule_15,-7.687934875488281,6.685744,6.7001214,6.6936707,6.750716,6.6340795,6.7268405,6.8031106,6.61703,6.593816,6.537079,6.800968
cdk8_5cei_new_helix_loop_extra_molecule_34,-11.191304206848145,6.938961,6.8859353,7.2030506,6.919381,6.771865,6.862852,7.0515766,7.1762943,6.787191,7.022187,6.7092814
cdk8_5cei_new_helix_loop_extra_molecule_25,-9.793952941894531,6.879197,6.814087,7.0778813,7.0120344,6.652375,6.8655457,6.9840765,6.926853,6.8379045,6.9081454,6.7130656
cdk8_5cei_new_helix_loop_extra_molecule_14,-8.337959289550781,5.9016256,5.9501586,6.0139904,5.967109,5.870678,5.783764,5.8938065,5.8018646,5.7278805,5.952105,6.0548935
cdk8_5cei_new_helix_loop_extra_molecule_36,-11.283177375793455,7.373603,7.3476133,7.5993924,7.4109073,7.3883996,7.2120953,7.422359,7.4377503,7.2372394,7.4813046,7.1989703
cdk8_5cei_new_helix_loop_extra_molecule_18_flipped,-10.97872543334961,6.672293,6.514665,6.846895,6.777286,6.471937,6.637922,6.861307,6.74805,6.529253,6.649575,6.686038
cdk8_5cei_new_helix_loop_extra_molecule_16_flipped,-9.290130615234377,6.2076654,6.2579675,6.1957097,6.318571,6.220666,6.092056,6.328492,6.1725454,5.9935923,6.305645,6.191411
cdk8_5cei_new_helix_loop_extra_molecule_17_flipped,-8.992732048034668,6.7169023,6.5987415,6.797054,6.9135833,6.6435394,6.735774,6.8748207,6.7980814,6.5523586,6.5616155,6.6934476
cdk8_5cei_new_helix_loop_extra_molecule_44_flipped,-11.524834632873535,7.188132,7.2072587,7.3822703,7.208122,7.035922,7.123352,7.2945666,7.33595,7.1086507,7.1258597,7.0593634
cdk8_5cei_new_helix_loop_extra_molecule_45_flipped,-11.191304206848145,7.492749,7.5090303,7.616336,7.5932436,7.494199,7.3851004,7.5762224,7.4934826,7.449285,7.4697247,7.3408675
cdk8_5cei_new_helix_loop_extra_molecule_42_flipped,-11.524834632873535,7.3581123,7.2294044,7.4407935,7.521365,7.19866,7.2932587,7.5882087,7.3880763,7.329182,7.261747,7.330424
urokinase_molecule_10302__1GJ7__no_water_pose_,-10.82235622406006,5.969218,5.9542565,5.812121,6.096616,5.967946,5.939193,6.200878,6.0788603,5.820443,5.8807244,5.9411335
urokinase_molecule_11417__no_water_pose_,-10.5656099319458,5.6898913,5.688396,5.636952,5.786485,5.6410856,5.641483,5.8512073,5.739112,5.639057,5.5852966,5.689837
urokinase_molecule_7806__no_water_pose_,-8.651498794555664,5.5571785,5.4433227,5.5419784,5.645841,5.5330195,5.4927716,5.718801,5.567266,5.490604,5.5399656,5.5982127
urokinase_molecule_8696__no_water_pose_,-9.802173614501951,5.5216417,5.4230676,5.4931283,5.647919,5.4793973,5.4779587,5.6495333,5.5149727,5.477059,5.493578,5.55981
scyt_dehyd_molecule_3d,-9.19326877593994,5.7068167,5.637996,5.6518617,5.8202214,5.762363,5.6492825,5.7325053,5.612176,5.7030225,5.841067,5.657674
scyt_dehyd_molecule_8d,-10.628399848937988,5.7135487,5.638012,5.675638,5.8225107,5.773015,5.6532855,5.741504,5.6200056,5.6996455,5.8651414,5.646727
scyt_dehyd_molecule_2d,-13.481749534606934,5.710168,5.6394606,5.673377,5.8202214,5.762363,5.6492825,5.7333913,5.6098485,5.6979165,5.869739,5.646078
scyt_dehyd_molecule_4d,-15.34340000152588,5.703357,5.6349845,5.649355,5.8176723,5.758742,5.629307,5.7230916,5.6157565,5.691985,5.846309,5.6663694
scyt_dehyd_molecule_5d,-13.253490447998049,5.6840506,5.628996,5.627436,5.8086104,5.7493033,5.641292,5.6875277,5.531113,5.691134,5.852677,5.622415
scyt_dehyd_molecule_6d,-9.405847549438477,5.7068033,5.639502,5.6688566,5.8167305,5.7620726,5.6479435,5.7358623,5.5973234,5.694797,5.8648667,5.6400757
scyt_dehyd_molecule_7d,-15.251520156860352,5.6875443,5.63023,5.6404076,5.8050966,5.7584515,5.624012,5.6856217,5.542042,5.6837597,5.8657627,5.64006
brd41_ASH106_molecule_cmpd_5__1-Butenyl_,-7.639999866485596,6.019281,5.980724,5.969168,5.8615336,5.989333,5.9266357,6.020235,6.113785,6.244969,6.120766,5.9656596
brd41_ASH106_molecule_cmpd_2__methyl_,-9.59000015258789,5.64964,5.56802,5.6376996,5.5810633,5.540788,5.596945,5.805768,5.6291604,5.9286585,5.724839,5.4834647
brd41_ASH106_molecule_cmpd_3__Allyl_,-7.090000152587891,5.9628034,5.9463334,5.9176135,5.829586,5.855473,5.919916,5.9786,6.0042353,6.1603723,6.0825157,5.933387
brd41_ASH106_molecule_cmpd_9__methoxyethyl_,-7.21999979019165,6.4675055,6.5265856,6.4264913,6.3420386,6.5663033,6.295061,6.474316,6.4946895,6.6242027,6.4634104,6.461961
brd41_ASH106_molecule_cmpd_6__ethyl_,-8.59000015258789,6.1116686,6.128244,6.0741177,5.941013,6.042435,5.9992733,6.096341,6.1618695,6.2925725,6.2795854,6.101235
brd41_ASH106_molecule_cmpd_8__n-Butyl_,-7.659999847412109,6.1808434,6.223066,6.1735554,5.989753,6.198315,6.036855,6.1695547,6.2224855,6.3635716,6.2681007,6.1631756
brd41_ASH106_molecule_cmpd_7__n-propyl_,-7.019999980926514,6.1067266,6.127703,6.071881,5.9578347,6.0969205,6.001348,6.070866,6.1937733,6.3244114,6.207359,6.0151706
brd41_ASH106_molecule_cmpd_4__Crotyl_,-8.640000343322754,6.1436915,6.2129393,6.153861,5.958363,6.0875444,6.0418015,6.125159,6.175069,6.3265224,6.237975,6.117681
hsp90_woodhead_molecule_4,-8.930000305175781,6.243434,6.064452,6.143533,6.4907336,6.2332835,6.197144,6.291352,6.319256,6.35993,6.0337462,6.3009105
hsp90_woodhead_molecule_1,-12.720000267028809,6.173771,6.073002,6.1002917,6.348652,6.2079,6.047403,6.230365,6.241178,6.237832,6.0955615,6.1555214
hsp90_woodhead_molecule_3,-8.079999923706055,6.538513,6.514972,6.3559604,6.827964,6.5707464,6.5419474,6.45661,6.590509,6.6051145,6.31359,6.6077228
hsp90_woodhead_molecule_2,-10.739999771118164,6.682721,6.539719,6.5860023,6.9385605,6.66477,6.5725718,6.66822,6.893371,6.6762033,6.523844,6.7639494
throm_nozob_hip75_molecule_2d_pose_2,-6.630871772766113,6.0418863,5.988711,5.9192,6.0038104,6.013671,6.0118876,6.1709943,6.203044,6.040993,6.141327,5.9252295
throm_nozob_hip75_molecule_2c_pose_2,-7.285645008087158,6.0984716,6.0320144,5.994235,6.0463777,6.0687604,6.07455,6.2079687,6.230731,6.1112475,6.2155075,6.003328
throm_nozob_hip75_molecule_7b,-7.409305095672607,6.3306828,6.2801323,6.200706,6.359858,6.2595525,6.4188643,6.4465656,6.3610783,6.361885,6.3499737,6.2682076
throm_nozob_hip75_molecule_7c_pose_1,-8.008489608764648,6.2384567,6.1626644,6.1266136,6.211087,6.171462,6.312371,6.4097166,6.2633905,6.262774,6.3436146,6.1208715
throm_nozob_hip75_molecule_7f,-6.122768878936768,6.2416725,6.1713095,6.110341,6.276491,6.118831,6.3795285,6.350747,6.3567348,6.2619505,6.2048926,6.1859007
throm_nozob_hip75_molecule_2b_pose_1,-7.285645008087158,6.5340104,6.507473,6.4550214,6.559224,6.6242394,6.449548,6.6061034,6.667906,6.470201,6.545139,6.4552503
throm_nozob_hip75_molecule_1a_pose_2,-7.409305095672607,6.050228,6.0174417,5.948161,5.988399,6.0117755,6.051353,6.1533904,6.1923103,6.0578265,6.1444163,5.937207
throm_nozob_hip75_molecule_7e_pose_1,-5.654734134674072,6.3586683,6.2673674,6.2317386,6.28656,6.2679415,6.53142,6.4279666,6.4415746,6.5015764,6.322091,6.3084455
throm_nozob_hip75_molecule_6a_pose_1,-9.910837173461914,6.4103727,6.298194,6.216329,6.512529,6.258511,6.525569,6.529322,6.53591,6.4616494,6.393146,6.372566
throm_nozob_hip75_molecule_5,-6.793628215789795,5.866178,5.930272,5.7661285,5.7906284,5.8594303,5.8281837,5.9849825,6.0454826,5.8792043,5.859612,5.7178593
throm_nozob_hip75_molecule_1c_pose_2,-8.579615592956543,6.043105,5.988711,5.9192,6.0038104,6.0175123,6.0118876,6.1709943,6.203044,6.04356,6.1442084,5.928122
throm_nozob_hip75_molecule_2a_pose_2,-6.616480827331543,6.062978,6.0168357,5.959986,6.018574,6.015849,6.0183773,6.1709943,6.2248425,6.086042,6.1595583,5.958719
throm_nozob_hip75_molecule_7a_pose_2,-7.624663829803467,7.0689187,7.193208,6.889075,7.163654,7.117567,7.0278826,6.967339,7.282652,7.1022053,7.0666018,6.8790045
throm_nozob_hip75_molecule_3b_pose_1,-7.254891872406006,6.3961625,6.3939543,6.2890854,6.2694182,6.402017,6.4017086,6.463645,6.4651914,6.506446,6.422794,6.3473635
throm_nozob_hip75_molecule_6d_pose_2,-8.73290729522705,6.4673753,6.354408,6.378337,6.471679,6.401633,6.584803,6.59098,6.493727,6.507728,6.494027,6.39643
throm_nozob_hip75_molecule_6c_pose_1,-9.01440715789795,6.6375313,6.5880322,6.3928437,6.6931653,6.643564,6.7156606,6.6924467,6.712359,6.746167,6.582081,6.6089926
throm_nozob_hip75_molecule_3a_xtal_pose,-8.120434761047363,6.2219186,6.269409,6.1876974,6.1573663,6.2197704,6.130493,6.3174224,6.2931705,6.193107,6.282134,6.168615
throm_nozob_hip75_molecule_1b_pose_2,-9.256064414978027,6.2227774,6.1560264,6.09532,6.2159023,6.1847663,6.287246,6.4013886,6.26982,6.2346196,6.306651,6.0760293
throm_nozob_hip75_molecule_6b_pose_2,-9.03689956665039,6.883012,6.858307,6.751749,7.043773,6.802665,6.9357986,6.9352274,6.867289,6.96719,6.8645334,6.803586
throm_nozob_hip75_molecule_6e_pose_1,-8.647159576416016,6.4174204,6.3182373,6.2726593,6.483708,6.2947693,6.514243,6.474842,6.547258,6.4642487,6.434325,6.3699117
throm_nozob_hip75_molecule_1d_pose_2,-8.601290702819824,6.042682,5.988711,5.9192,6.0038104,6.015849,6.0118876,6.1709943,6.203044,6.040993,6.1442084,5.928122
taf12_molecule_cmpd_5__1-Butenyl_,-10.0,6.122064,6.1973476,6.1520305,6.019041,6.17517,6.0517983,5.9351935,6.055285,6.3181744,6.216472,6.100128
taf12_molecule_cmpd_2__methyl_,-9.859999656677246,5.668498,5.6260743,5.6850653,5.51672,5.765658,5.556083,5.616192,5.624799,5.8068457,5.8860936,5.6014514
taf12_molecule_cmpd_3__Allyl_,-8.34000015258789,6.0956726,6.146766,6.1551313,6.0408535,6.1173315,6.02724,5.925428,6.0286117,6.2634773,6.1852164,6.0666676
taf12_molecule_cmpd_9__methoxyethyl_,-7.690000057220459,6.638633,6.5232816,6.7424726,6.643109,6.728208,6.5974007,6.4464097,6.614517,6.7570786,6.7258883,6.6079693
taf12_molecule_cmpd_6__ethyl_,-8.529999732971191,6.192686,6.2366734,6.2330484,6.1358547,6.239428,6.0427694,6.022887,6.168866,6.334196,6.3067007,6.2064357
taf12_molecule_cmpd_8__n-Butyl_,-8.279999732971191,6.2849603,6.2754936,6.3541603,6.1691527,6.3211765,6.1765866,6.1089582,6.2501154,6.4432497,6.4650846,6.285624
taf12_molecule_cmpd_7__n-propyl_,-8.119999885559082,6.257171,6.300034,6.2752185,6.1300373,6.32213,6.1440644,6.097454,6.20674,6.425442,6.393334,6.277259
taf12_molecule_cmpd_4__Crotyl_,-8.710000038146973,6.2562823,6.275323,6.318708,6.206595,6.267691,6.1165714,6.0940623,6.1979194,6.413237,6.4018245,6.2708945
chk1_molecule_21__Xtal_,-13.06863021850586,7.014932,7.07681,7.0092497,7.0912323,6.8134575,7.0304832,7.2127476,6.893487,6.956074,6.973367,7.0924144
chk1_molecule_22,-13.06863021850586,7.035632,7.104731,7.081994,7.0555496,6.8130007,7.0716124,7.220375,6.9158154,6.975909,7.0076547,7.1096773
chk1_molecule_24_pose_2,-13.177300453186035,7.2594213,7.2505565,7.2318316,7.468377,7.0940857,7.2025275,7.4596095,7.133489,7.1870513,7.241793,7.324897
chk1_molecule_14_docked,-10.870059967041016,6.969813,7.0504055,6.9847093,7.0719414,6.728045,6.9729776,7.194797,6.8021913,6.921451,6.941017,7.0305967
chk1_molecule_18_docked,-9.549579620361328,7.4254036,7.458291,7.4506087,7.4374046,7.38811,7.479828,7.543954,7.3328376,7.359974,7.344721,7.4583063
chk1_molecule_13_docked,-9.920853614807127,7.0619316,7.124266,7.0930142,7.2169905,6.786451,7.023069,7.291736,6.8898115,7.031141,7.103869,7.058966
chk1_molecule_20,-10.082300186157228,6.930993,6.9450502,6.9853497,7.0456476,6.7200418,6.8544,7.121754,6.775703,6.8874984,6.9558764,7.018607
chk1_molecule_12_docked,-8.612431526184082,7.6227937,7.595611,7.7316456,7.8119044,7.534879,7.6248717,7.68116,7.4287133,7.6566167,7.5675907,7.5949407
chk1_molecule_16_docked,-11.781579971313477,7.450286,7.4694777,7.448629,7.4412403,7.447148,7.4875536,7.5668845,7.372122,7.394901,7.3850875,7.4898233
chk1_molecule_19,-10.249360084533691,7.4418983,7.4545755,7.457221,7.4570675,7.4388576,7.4680524,7.562941,7.3767996,7.3879824,7.3672924,7.448189
chk1_molecule_17_torsion_adjust,-10.323949813842772,7.5832925,7.6029563,7.601544,7.7141857,7.591624,7.5902677,7.768724,7.3642454,7.535199,7.46426,7.599922
chk1_molecule_15_docked,-10.043829917907717,6.960167,7.0230327,6.9649873,7.0671663,6.720939,6.9806747,7.187428,6.784535,6.9022017,6.943632,7.027068
chk1_molecule_11_docked,-10.978730201721191,6.9474845,7.033044,6.964552,7.0510225,6.719204,6.90344,7.181172,6.7432933,6.902748,6.9554496,7.0209217
hsp90_kung_molecule_cmpd_16,-10.329999923706056,7.1330094,7.133277,7.1474843,7.1966376,7.035979,7.0621963,7.3310266,7.114974,7.0524797,7.210896,7.045145
hsp90_kung_molecule_cmpd_9,-7.920000076293945,6.1355457,6.060477,5.975985,6.047968,6.2534614,6.122708,6.2374053,6.209398,6.0357947,6.3139873,6.0982733
hsp90_kung_molecule_cmpd_13,-10.149999618530272,6.5827494,6.5433664,6.5087557,6.634681,6.7055426,6.4722476,6.7752395,6.6467648,6.3799477,6.617292,6.543657
hsp90_kung_molecule_cmpd_14,-7.820000171661377,6.8587165,6.773441,6.746354,6.9076447,6.9256597,6.7815385,7.0796003,6.943611,6.6117353,7.043994,6.7735868
hsp90_kung_molecule_cmpd_15,-9.609999656677246,7.169374,7.1808085,7.1594815,7.2321906,7.067746,7.1246886,7.3393817,7.1731596,7.125468,7.222199,7.0686216
hsp90_kung_molecule_cmpd_7,-9.40999984741211,5.830645,5.82111,5.7467875,5.866181,5.882055,5.873991,5.9903016,5.8282743,5.610582,5.886831,5.8003387
hsp90_kung_molecule_cmpd_17,-10.739999771118164,7.2114654,7.2809696,7.1708283,7.3165994,7.13232,7.179032,7.336336,7.186034,7.1471434,7.214517,7.1508813
hsp90_kung_molecule_cmpd_11,-9.1899995803833,6.604042,6.555645,6.558964,6.6489406,6.7055426,6.5133305,6.790311,6.6732907,6.40907,6.6312823,6.554044
hsp90_kung_molecule_cmpd_12,-9.1899995803833,6.630004,6.5958424,6.520688,6.683488,6.7437005,6.557743,6.779215,6.716463,6.491454,6.6443086,6.5671334
hsp90_kung_molecule_cmpd_10,-9.1899995803833,6.508616,6.4646974,6.466711,6.493629,6.6399255,6.468564,6.7167997,6.602934,6.3863096,6.4606886,6.3858995
hsp90_kung_molecule_cmpd_8,-6.860000133514404,5.8061495,5.8194995,5.6761117,5.864678,5.8991065,5.84081,5.96662,5.8201995,5.5876303,5.805565,5.781277
