unique_id,dg_exp,preds,preds_1,preds_2,preds_3,preds_4,preds_5
wagner_brd4_molecule_61a,-12.0,7.0869155,6.982674,7.0126762,7.0402226,6.9572577,7.4417496
wagner_brd4_molecule_25e,-11.300000190734863,7.517372,7.3111906,7.4895225,7.524556,7.581698,7.6798954
wagner_brd4_molecule_11,-8.199999809265137,6.5765963,6.194703,6.607411,6.5616064,6.766978,6.7522817
ftase_extraligs_custcore_stereo_molecule_lig_2__deprot,-12.40999984741211,5.760848,5.457934,5.766129,6.012486,5.6159506,5.9517384
ftase_extraligs_custcore_stereo_molecule_lig_66__deprot,-12.289999961853027,5.2555723,5.311637,5.2595396,5.231299,5.036307,5.4390793
ftase_extraligs_custcore_stereo_molecule_lig_68__deprot,-12.109999656677246,5.277116,5.3070035,5.285269,5.2451134,5.0674057,5.4807863
ftase_extraligs_custcore_stereo_molecule_lig_51_stereo,-11.399999618530272,5.457757,5.408408,5.345378,5.43962,5.3760514,5.719327
ftase_extraligs_custcore_stereo_molecule_lig_49_stereo,-11.600000381469728,5.452366,5.4138427,5.336726,5.4394436,5.3589344,5.712884
ptp1b_molecule_23477,-8.850000381469727,6.147215,5.9584827,6.335268,6.1105056,6.042811,6.2890077
ptp1b_molecule_23484,-7.75,6.2927885,6.234357,6.413576,6.2006407,6.248875,6.3664937
ptp1b_molecule_23467,-7.340000152587891,5.872651,5.6526446,5.981414,5.9149437,5.8820944,5.9321585
ptp1b_molecule_20667,-11.420000076293944,6.3900485,6.336575,6.408165,6.3856792,6.379479,6.440346
ptp1b_molecule_23469,-7.71999979019165,5.7906494,5.7514277,5.7522078,5.85498,5.8417244,5.752906
ptp1b_molecule_23483,-9.869999885559082,6.3549166,6.334391,6.3385863,6.388418,6.3388352,6.3743525
ptp1b_molecule_23480,-8.720000267028809,6.359588,6.3391323,6.3280215,6.354834,6.433217,6.342737
ptp1b_molecule_23474,-9.109999656677246,6.005025,6.0102673,6.1884346,5.9750223,5.9363084,5.9150906
ptp1b_molecule_23473,-8.390000343322754,5.959077,5.854346,5.927044,6.060785,6.0152054,5.9380045
ptp1b_molecule_23471,-7.75,5.876563,5.662122,6.035745,5.9064183,5.8616743,5.9168563
ptp1b_molecule_20669,-8.609999656677246,5.879977,5.8258486,5.861642,5.9496055,5.9175987,5.845191
ptp1b_molecule_23476,-9.40999984741211,5.8662634,5.8139935,6.053948,5.835166,5.8129616,5.815251
ptp1b_molecule_23466,-7.849999904632568,5.726849,5.605658,5.8601213,5.73521,5.6928782,5.7403774
ptp1b_molecule_23472,-8.649999618530273,6.040747,5.8990946,6.1509814,6.1153617,6.0474834,5.990814
ptp1b_molecule_23482,-10.010000228881836,6.348625,6.289012,6.401321,6.31966,6.328812,6.4043207
ptp1b_molecule_23486,-12.470000267028809,6.508115,6.5220046,6.4932914,6.521679,6.4964013,6.507195
ptp1b_molecule_23470,-7.71999979019165,5.9274263,5.7458496,6.0110726,5.9262543,6.026793,5.927161
ptp1b_molecule_23468,-7.75,5.9042234,5.687301,6.035429,6.0457497,5.860861,5.891776
ptp1b_molecule_23485,-11.010000228881836,6.577297,6.4994364,6.609161,6.522042,6.58664,6.669208
ptp1b_molecule_23330,-10.130000114440918,6.0385795,6.0265365,6.141369,6.0046287,6.014435,6.0059276
ptp1b_molecule_20670,-9.079999923706056,5.948404,5.9509673,6.1025887,5.9678593,5.8265696,5.894035
ptp1b_molecule_23479,-9.140000343322754,6.3075004,6.297112,6.3241553,6.2806635,6.339333,6.2962384
ptp1b_molecule_23475,-8.720000267028809,5.934156,5.9184093,6.0916233,5.9513693,5.8230457,5.886331
mcl1_extra_flips_molecule_23,-8.829999924,5.916632,5.8788505,5.8546777,6.005532,5.9014063,5.9426956
mcl1_extra_flips_molecule_26,-8.239999771,5.946425,5.811172,5.9502892,5.989548,5.918281,6.062834
mcl1_extra_flips_molecule_27,-6.119999886,5.538761,5.4776516,5.505414,5.566107,5.5407114,5.6039248
mcl1_extra_flips_molecule_28,-6.619999886,5.8767447,5.8715935,5.834541,5.8800664,5.902653,5.8948703
mcl1_extra_flips_molecule_29,-6.940000057,5.709438,5.722174,5.590053,5.7230144,5.7150593,5.796888
mcl1_extra_flips_molecule_30_flip,-7.849999905,5.7042875,5.694082,5.5600114,5.694467,5.8212686,5.7516108
mcl1_extra_flips_molecule_31,-7.920000076,5.672267,5.633599,5.526409,5.7251053,5.7002788,5.775943
mcl1_extra_flips_molecule_32,-6.579999924,5.7304068,5.7371874,5.59022,5.7121887,5.856481,5.7559576
mcl1_extra_flips_molecule_33,-6.880000114,5.695512,5.7092414,5.6113057,5.695823,5.7202487,5.740939
mcl1_extra_flips_molecule_34,-6.869999886,5.6969748,5.6781416,5.556135,5.728418,5.732109,5.7900724
mcl1_extra_flips_molecule_35,-8.81000042,5.979667,5.982232,5.9256244,6.0175543,6.021865,5.9510593
mcl1_extra_flips_molecule_36,-8.180000305,6.1809545,6.074732,6.111079,6.1797547,6.3293314,6.2098746
mcl1_extra_flips_molecule_37,-8.949999809,6.1218176,6.12521,5.9768357,6.1913676,6.175253,6.140421
mcl1_extra_flips_molecule_38_flip,-7.019999981,5.9004745,5.973277,5.808044,5.9642544,5.8612866,5.895511
mcl1_extra_flips_molecule_39,-7.03000021,5.865321,5.8823333,5.771407,5.984112,5.8113832,5.8773713
mcl1_extra_flips_molecule_40_flip,-7.25,6.0009933,6.0380845,5.914147,6.1199975,5.9153256,6.0174127
mcl1_extra_flips_molecule_41_flip,-7.130000114,6.014532,5.9755726,5.9737644,6.098521,5.946738,6.0780644
mcl1_extra_flips_molecule_42,-8.899999619,5.8476076,5.822551,5.8152246,5.936959,5.83891,5.8243957
mcl1_extra_flips_molecule_43_flip,-7.03000021,5.790245,5.7398562,5.7357216,5.894629,5.7388287,5.8421893
mcl1_extra_flips_molecule_44,-8.670000076,6.26207,6.3104196,6.2742662,6.19691,6.2637877,6.2649655
mcl1_extra_flips_molecule_45,-8.949999809,6.123822,6.3224854,5.9573603,6.059343,6.117829,6.162092
mcl1_extra_flips_molecule_46_flip,-7.599999905,6.056103,6.1124835,5.943176,6.1420507,5.98616,6.096645
mcl1_extra_flips_molecule_47_flip,-5.78000021,5.7941165,5.7945037,5.7427096,5.8220487,5.7276983,5.883623
mcl1_extra_flips_molecule_48_flip,-6.659999847,5.812587,5.8649426,5.7163863,5.8187175,5.8081937,5.854692
mcl1_extra_flips_molecule_49,-8.359999657,6.498187,6.583611,6.423313,6.5238147,6.5792284,6.380968
mcl1_extra_flips_molecule_50,-9.329999924,6.851822,6.795366,6.904487,6.96442,6.7894635,6.805374
mcl1_extra_flips_molecule_51,-8.449999809,6.469207,6.3965316,6.4210835,6.6548395,6.454856,6.418723
mcl1_extra_flips_molecule_52,-9.229999542,6.3086877,6.375633,6.2281556,6.2475815,6.419378,6.272691
mcl1_extra_flips_molecule_53,-9.960000038,6.7762284,6.7527785,6.7816157,6.906545,6.707971,6.73223
mcl1_extra_flips_molecule_54,-9.779999733,6.281829,6.281646,6.1831737,6.367569,6.292306,6.284448
mcl1_extra_flips_molecule_56,-9.260000229,6.26483,6.2759423,6.0489073,6.3090034,6.3227644,6.367532
mcl1_extra_flips_molecule_57,-9.039999962,5.958118,5.912261,5.885663,6.0409703,5.9125967,6.039099
mcl1_extra_flips_molecule_58,-9.409999847,6.9654045,6.957376,6.9405355,7.051415,6.9112453,6.966453
mcl1_extra_flips_molecule_60,-8.920000076,6.1836443,6.124261,6.030538,6.205001,6.2633796,6.2950416
mcl1_extra_flips_molecule_61,-8.079999924,6.855706,6.737972,6.8714137,6.9347415,6.858335,6.876069
mcl1_extra_flips_molecule_62,-7.960000038,6.328499,6.270653,6.188544,6.4391255,6.3270483,6.4171257
mcl1_extra_flips_molecule_63,-9.06000042,6.9329224,6.8736897,6.9612107,7.0059752,6.9284654,6.89527
mcl1_extra_flips_molecule_64,-9.5,6.311644,6.312861,6.246901,6.328031,6.331878,6.338549
mcl1_extra_flips_molecule_65,-8.409999847,6.7889075,6.667366,6.8025146,6.8858576,6.7966065,6.792191
mcl1_extra_flips_molecule_66,-8.430000305,5.9835176,6.0294876,5.8112593,6.0332828,5.976878,6.0666833
mcl1_extra_flips_molecule_67,-7.579999924,6.2575135,6.1678314,6.114055,6.3027477,6.2984176,6.4045153
mcl1_extra_flips_molecule_68,-7.690000057,6.281279,6.1322055,6.1975465,6.335502,6.3434663,6.3976746
cdk2_molecule_17,-7.039999961853027,6.387568,6.6433115,6.438788,6.25102,6.1932416,6.411477
cdk2_molecule_28,-11.109999656677246,6.7377763,6.9417224,6.6060443,6.8052754,6.7178,6.618039
cdk2_molecule_22,-7.860000133514404,6.7083235,6.91832,6.5801606,6.6557384,6.7229695,6.6644297
cdk2_molecule_30,-9.8100004196167,6.684037,6.838239,6.5679407,6.7524266,6.695895,6.565684
cdk2_molecule_1h1r,-7.670000076293945,6.4711304,6.6790304,6.546427,6.3856244,6.278887,6.4656844
cdk2_molecule_1h1s,-11.25,6.7106514,6.9059157,6.5953236,6.760071,6.686881,6.6050644
cdk2_molecule_21,-7.829999923706055,6.8335915,7.1114187,6.718028,6.843734,6.7952356,6.699544
cdk2_molecule_1oiy,-9.789999961853027,6.4634523,6.6140075,6.4038124,6.46483,6.380465,6.454147
cdk2_molecule_1oiu,-9.079999923706056,6.4505033,6.6629367,6.440636,6.437697,6.3025546,6.4086924
cdk2_molecule_31,-9.539999961853027,6.564622,6.745538,6.467983,6.5832186,6.5359535,6.490417
cdk2_molecule_29,-9.880000114440918,6.774044,7.021517,6.7037497,6.864346,6.7064905,6.574115
cdk2_molecule_26,-8.430000305175781,6.8564253,7.0876365,6.7382765,6.8671455,6.803893,6.785177
cdk2_molecule_1oi9,-9.739999771118164,6.7631445,6.933749,6.755967,6.6714144,6.7510486,6.7035437
cdk2_molecule_20,-8.720000267028809,6.749238,6.9639,6.7780595,6.6550493,6.685688,6.6634917
cdk2_molecule_32,-9.75,7.331208,7.3648143,7.1241784,7.492688,7.4276547,7.2467046
cdk2_molecule_1h1q,-8.180000305175781,6.2567606,6.330827,6.36531,6.211082,6.052749,6.3238325
jnk1_manual_flips_molecule_18626-1,-8.869999885559082,6.0905275,6.0246243,6.1527276,6.148231,5.966904,6.1601524
jnk1_manual_flips_molecule_18628-1_flip,-8.699999809265137,6.1490197,6.1928015,6.200949,6.0651274,6.068837,6.2173853
jnk1_manual_flips_molecule_18629-1,-8.670000076293945,6.0861726,5.9905496,6.150817,6.075132,6.0127487,6.2016134
jnk1_manual_flips_molecule_18636-1,-7.510000228881836,6.3459034,6.3758955,6.247417,6.371137,6.350218,6.3848495
jnk1_manual_flips_molecule_17124-1,-9.68000030517578,6.8164635,6.8205633,6.7629795,6.849203,6.8414063,6.8081636
jnk1_manual_flips_molecule_18627-1,-8.479999542236328,6.0860333,6.048528,6.1402283,6.1150494,5.9735537,6.152807
jnk1_manual_flips_molecule_18638-1,-10.09000015258789,6.9733734,6.913168,6.9603586,7.0051,7.0494137,6.938828
jnk1_manual_flips_molecule_18659-1,-9.470000267028809,6.578618,6.6840715,6.36529,6.6111417,6.6444798,6.5881076
jnk1_manual_flips_molecule_18639-1,-9.739999771118164,6.863328,6.878375,6.815146,6.88506,6.8976827,6.8403764
jnk1_manual_flips_molecule_18634-1,-9.989999771118164,6.4104905,6.490259,6.2894897,6.4113717,6.452274,6.409058
jnk1_manual_flips_molecule_18630-1,-9.140000343322754,6.0506253,5.9798555,6.11182,6.0116305,5.981373,6.168448
jnk1_manual_flips_molecule_18637-1,-10.140000343322754,6.8799424,6.89422,6.812887,6.917081,6.908783,6.8667417
jnk1_manual_flips_molecule_18658-1,-9.699999809265137,6.508531,6.548472,6.351783,6.619765,6.5790224,6.443613
jnk1_manual_flips_molecule_18632-1,-9.079999923706056,6.065783,6.02473,6.142452,6.055931,5.911904,6.1938963
jnk1_manual_flips_molecule_18633-1,-9.170000076293944,6.0509424,5.967871,6.161542,6.00138,5.991409,6.1325064
jnk1_manual_flips_molecule_18635-1,-7.289999961853027,6.463183,6.477513,6.4192667,6.4990134,6.4395657,6.4805546
jnk1_manual_flips_molecule_18631-1,-9.40999984741211,6.1233773,6.1263156,6.13046,6.0648837,6.090573,6.2046537
jnk1_manual_flips_molecule_18660-1,-8.699999809265137,6.760048,6.8817096,6.564667,6.811132,6.846683,6.696045
jnk1_manual_flips_molecule_18625-1,-8.109999656677246,6.1718183,6.141747,6.2380457,6.184212,6.0527062,6.2423806
jnk1_manual_flips_molecule_18624-1,-8.489999771118164,5.9441023,5.934971,6.0472655,5.769116,5.908099,6.061063
jnk1_manual_flips_molecule_18652-1,-10.68000030517578,7.018988,6.9598045,7.01026,7.0337496,7.11187,6.9792557
thrombin_core_molecule_6a,-9.18000030517578,6.357849,6.2039905,6.4228144,6.476988,6.498031,6.187422
thrombin_core_molecule_3a,-8.319999694824219,6.2082624,6.099285,6.0827656,6.2150874,6.4068084,6.2373643
thrombin_core_molecule_1d,-8.25,6.095767,5.947646,6.02211,6.1661806,6.247308,6.0955906
thrombin_core_molecule_6e,-8.90999984741211,6.338704,6.128232,6.3692155,6.51764,6.4922266,6.1862063
thrombin_core_molecule_6b,-8.890000343322754,6.4349837,6.2692547,6.471255,6.5631285,6.5826645,6.288616
thrombin_core_molecule_1b,-8.460000038146973,6.2437525,6.108189,6.217897,6.381542,6.3853073,6.125828
thrombin_core_molecule_1a,-7.480000019073486,6.0157905,5.844284,5.8764143,6.1531086,6.169587,6.0355597
thrombin_core_molecule_5,-7.579999923706055,5.847768,5.756575,5.7437167,5.836024,6.0313916,5.871134
thrombin_core_molecule_3b,-7.860000133514404,6.339521,6.2034006,6.234202,6.3591805,6.518626,6.3821955
thrombin_core_molecule_7a,-8.220000267028809,6.515231,6.3201127,6.4673157,6.574296,6.7744293,6.4400015
thrombin_core_molecule_1c,-8.5600004196167,6.0992246,5.947646,6.02211,6.183467,6.247308,6.0955906
tyk2_molecule_jmc_23,-11.699999809265137,5.3359346,5.2144313,5.5334706,5.3966002,5.219034,5.316138
tyk2_molecule_ejm_47,-9.699999809265137,5.423923,5.353853,5.6517663,5.4874344,5.2645855,5.3619766
tyk2_molecule_ejm_49,-7.75,5.3703218,5.188037,5.5672708,5.411753,5.359324,5.325225
tyk2_molecule_ejm_31,-9.539999961853027,5.2943964,5.11954,5.524962,5.363185,5.211986,5.252308
tyk2_molecule_ejm_45,-9.5600004196167,5.693393,5.552917,5.914821,5.905542,5.498424,5.5952625
tyk2_molecule_ejm_44,-7.420000076293945,5.597631,5.3915243,5.7493763,5.721916,5.5581193,5.5672197
tyk2_molecule_ejm_43,-8.260000228881836,5.528937,5.31401,5.659292,5.58195,5.510596,5.5788364
tyk2_molecule_ejm_50,-8.979999542236328,5.6085577,5.358484,5.875304,5.7182736,5.5950975,5.4956307
tyk2_molecule_ejm_42,-9.779999732971191,5.607045,5.4375415,5.7938194,5.8029456,5.523666,5.47725
tyk2_molecule_ejm_55,-9.210000038146973,5.527947,5.2728715,5.768277,5.5669284,5.539632,5.4920254
tyk2_molecule_ejm_48,-9.0,5.48792,5.385057,5.6684413,5.5337257,5.3772116,5.475163
tyk2_molecule_ejm_54,-10.529999732971191,5.560462,5.4663754,5.775297,5.7584777,5.369948,5.4322104
tyk2_molecule_jmc_28,-10.979999542236328,5.4537535,5.417319,5.5939417,5.5697947,5.3122373,5.3754745
tyk2_molecule_jmc_27,-11.279999732971191,5.3665338,5.2736983,5.5900264,5.368712,5.2197247,5.3805065
tyk2_molecule_jmc_30,-10.9399995803833,5.2843423,5.2027755,5.507495,5.314931,5.156743,5.2397695
tyk2_molecule_ejm_46,-11.3100004196167,5.379049,5.2871037,5.6240115,5.435442,5.2179265,5.330762
p38_molecule_2j,-10.079999923706056,7.722584,7.766351,7.427536,7.8532453,7.8353395,7.7304444
p38_molecule_2gg,-10.65999984741211,7.925402,8.099185,7.4584208,8.032051,8.149516,7.887836
p38_molecule_2q,-12.260000228881836,8.088105,8.077631,7.71531,8.072833,8.346182,8.228568
p38_molecule_2t,-11.850000381469728,7.944915,8.005124,7.617134,8.026393,8.178603,7.897321
p38_molecule_2g,-10.65999984741211,6.9675093,6.9437075,6.7731953,7.0325437,7.0516353,7.0364656
p38_molecule_2l,-12.260000228881836,7.985135,8.052204,7.633839,8.061743,8.233191,7.9447
p38_molecule_2ee,-12.260000228881836,8.0599785,8.200447,7.5765758,8.230602,8.258424,8.033845
p38_molecule_2aa,-9.270000457763672,7.4601088,7.5383577,7.1101174,7.7027607,7.58888,7.36043
p38_molecule_2o,-10.489999771118164,8.133408,8.310439,7.784895,8.257621,8.236502,8.077581
p38_molecule_3flw,-10.68000030517578,7.4996786,7.620008,7.104014,7.737334,7.556246,7.4807925
p38_molecule_2u,-12.260000228881836,8.312306,8.29265,7.89315,8.416133,8.543673,8.415924
p38_molecule_2p,-11.199999809265137,8.117151,8.306968,7.77197,8.25566,8.205411,8.045746
p38_molecule_2h,-9.479999542236328,6.8884344,7.002477,6.7733912,6.8190665,6.9687853,6.8784537
p38_molecule_3fmk,-11.829999923706056,7.5704355,7.6401362,7.288038,7.797017,7.553104,7.5738797
p38_molecule_2i,-10.050000190734863,6.735463,6.844046,6.6329064,6.7395687,6.7473726,6.7134223
p38_molecule_2f,-8.479999542236328,6.9924035,6.8964643,6.9149475,7.050424,7.0946813,7.0055017
p38_molecule_2x,-10.229999542236328,7.954049,7.9924808,7.593519,8.026445,8.229402,7.9283986
p38_molecule_2ff,-11.4399995803833,7.8585663,7.957991,7.363109,8.004465,8.158669,7.8085957
p38_molecule_2k,-10.550000190734863,7.2827773,7.097999,7.324454,7.29036,7.4293637,7.2717104
p38_molecule_2n,-11.850000381469728,7.9492607,8.031067,7.61615,8.068202,8.12352,7.9073644
p38_molecule_3flq,-9.93000030517578,7.644454,7.7522163,7.3699856,7.7296114,7.764379,7.6060777
p38_molecule_3fln,-10.880000114440918,7.9625673,7.9659514,7.596532,8.049124,8.244878,7.9563518
p38_molecule_2e,-10.699999809265137,7.0178957,6.9490094,6.939548,7.068889,7.110322,7.021709
p38_molecule_3fmh,-10.829999923706056,7.638253,7.700235,7.326877,7.872149,7.6837435,7.60826
p38_molecule_2c,-10.460000038146973,6.7772,6.802495,6.7203507,6.818261,6.762143,6.782754
p38_molecule_2y,-9.779999732971191,7.569098,7.6161575,7.2355547,7.7661467,7.7600307,7.4675984
p38_molecule_2s,-11.109999656677246,7.986661,8.027944,7.6773276,8.083137,8.201398,7.943501
p38_molecule_2m,-10.960000038146973,7.9776015,7.9691143,7.5971694,8.079668,8.2383585,8.003698
p38_molecule_2bb,-9.0600004196167,7.6001816,7.718929,7.2846336,7.7764864,7.7162733,7.5045843
p38_molecule_2v,-8.970000267028809,7.429938,7.4797177,7.1141844,7.595825,7.596012,7.363949
p38_molecule_2r,-10.789999961853027,8.0589905,8.11866,7.663795,8.15779,8.314587,8.040119
p38_molecule_3flz,-9.489999771118164,6.6799865,6.504424,6.610675,6.7183366,6.7488594,6.8176403
p38_molecule_2z,-10.359999656677246,7.581519,7.6444707,7.219978,7.8100834,7.78371,7.449353
p38_molecule_3fly,-11.420000076293944,7.50039,7.533858,7.2121744,7.652164,7.6685886,7.4351625
bace_molecule_CAT-13n,-8.543000221252441,5.675068,5.651312,5.608571,5.686349,5.8093176,5.619788
bace_molecule_CAT-13e,-9.963000297546388,5.7106576,5.788042,5.679342,5.675573,5.7673173,5.643012
bace_molecule_CAT-4a,-7.933000087738037,5.4757576,5.5117497,5.3751864,5.50862,5.452133,5.5311
bace_molecule_CAT-4m,-9.152999877929688,5.7093754,5.664961,5.6246614,5.7205935,5.892395,5.6442666
bace_molecule_CAT-17b,-10.02299976348877,6.128654,6.0448666,5.9649024,6.1702137,6.248686,6.2146015
bace_molecule_CAT-13j,-8.732999801635742,5.637841,5.6032276,5.5994997,5.621812,5.821571,5.543095
bace_molecule_CAT-13d,-10.472999572753906,5.7490473,5.8279963,5.68277,5.698032,5.825545,5.710895
bace_molecule_CAT-13b,-9.123000144958496,6.4201097,6.0760417,6.5574665,6.557864,6.496515,6.412661
bace_molecule_CAT-13a,-8.843000411987305,6.0929365,5.72868,6.4241467,6.092373,6.224796,5.994686
bace_molecule_CAT-13h,-9.633000373840332,6.286737,6.1333485,6.4889836,6.2375607,6.340617,6.2331767
bace_molecule_CAT-13o,-8.543000221252441,5.6677275,5.6409163,5.6137934,5.658076,5.8108315,5.615023
bace_molecule_CAT-13g,-9.093000411987305,5.772132,5.9148707,5.6954856,5.7248263,5.8426557,5.682823
bace_molecule_CAT-4k,-7.853000164031982,5.4569125,5.4360595,5.462782,5.4838095,5.392427,5.509484
bace_molecule_CAT-17g,-9.743000030517578,5.6156626,5.670233,5.6065025,5.538664,5.6413856,5.621529
bace_molecule_CAT-4l,-9.343000411987305,5.4570093,5.4081097,5.4225106,5.474277,5.4511876,5.5289607
bace_molecule_CAT-4j,-9.02299976348877,5.4388895,5.465683,5.4077554,5.460908,5.35068,5.5094194
bace_molecule_CAT-4n,-9.093000411987305,5.500888,5.479281,5.49706,5.457066,5.5820646,5.488967
bace_molecule_CAT-13i,-9.27299976348877,6.120736,6.112265,6.0782676,6.240728,6.143566,6.028852
bace_molecule_CAT-17f,-9.42300033569336,5.5805545,5.6276617,5.5712824,5.4939365,5.6211367,5.588754
bace_molecule_CAT-4p,-10.083000183105469,5.653404,5.6096687,5.653252,5.607332,5.794867,5.601901
bace_molecule_CAT-13c,-9.322999954223633,6.2827883,5.8536735,6.5412264,6.2517276,6.518796,6.2485175
bace_molecule_CAT-24,-11.350000381469728,5.9090066,5.988191,5.8605313,5.815629,5.988158,5.892521
bace_molecule_CAT-4i,-8.262999534606934,5.4890156,5.5043173,5.4841337,5.4750686,5.474639,5.5069175
bace_molecule_CAT-4c,-7.853000164031982,5.8730354,5.6624813,5.794967,5.981273,5.960832,5.965623
bace_molecule_CAT-17i,-9.472999572753906,5.800819,5.860963,5.726924,5.732755,5.9437222,5.7397304
bace_molecule_CAT-13k,-9.70300006866455,5.651318,5.630787,5.6022043,5.647946,5.772687,5.6029644
bace_molecule_CAT-17a,-10.732999801635742,5.880347,5.910056,5.9601274,5.7556314,5.856824,5.919095
bace_molecule_CAT-17c,-9.86299991607666,5.609603,5.6903844,5.5389266,5.552519,5.652752,5.613435
bace_molecule_CAT-4o,-9.383000373840332,5.535099,5.48656,5.489715,5.58044,5.5886874,5.530092
bace_molecule_CAT-17d,-9.42300033569336,5.4704075,5.553144,5.4794374,5.3526154,5.494759,5.4720817
bace_molecule_CAT-4b,-9.633000373840332,5.9628916,5.79517,5.793317,6.073289,6.224205,5.9284787
bace_molecule_CAT-13f,-9.093000411987305,5.7332335,5.836768,5.6714916,5.6987696,5.814251,5.6448865
bace_molecule_CAT-4d,-9.11299991607666,6.234405,6.062276,6.104755,6.392004,6.4122953,6.2006974
bace_molecule_CAT-13m,-8.762999534606934,5.6787505,5.652902,5.6228147,5.6930447,5.732022,5.692971
bace_molecule_CAT-17h,-10.333000183105469,5.726571,5.8272214,5.6996136,5.65961,5.773932,5.6724806
bace_molecule_CAT-17e,-10.02299976348877,6.099806,6.004554,6.0363736,6.1039085,6.2286625,6.12553
jnk1_molecule_6a,-8.40999984741211,5.767992,5.7149544,5.9834223,5.592517,5.7237635,5.8253036
jnk1_molecule_19a_neu,-6.860000133514404,5.8422346,5.8340383,6.036609,5.671528,5.775141,5.893857
jnk1_molecule_19b_neu,-7.300000190734863,5.7842073,5.83122,6.006463,5.659894,5.64013,5.7833295
jnk1_molecule_19b_charg,-7.300000190734863,5.7405705,5.7486734,5.9780936,5.6215076,5.5758524,5.778727
jnk1_molecule_19a_charg,-6.860000133514404,5.839036,5.8295727,6.02848,5.671528,5.771742,5.893857
egfr_molecule_21,-9.88,7.699689,7.710735,7.533989,7.647064,7.7397633,7.866894
egfr_molecule_27neu,-9.94,7.700251,7.7544355,7.4886594,7.7143307,7.746566,7.797264
egfr_molecule_27chargR,-9.94,7.6698046,7.7698836,7.4242353,7.685892,7.647521,7.8214917
egfr_molecule_27chargS,-9.94,7.644919,7.7716928,7.4169016,7.6460032,7.6089015,7.7810955
egfr_molecule_28neu,-10.7,7.618411,7.6854153,7.3607116,7.632732,7.6635094,7.749686
egfr_molecule_28charg,-10.7,7.7191253,7.7657533,7.4949627,7.730915,7.7353444,7.868653
egfr_molecule_29neu,-10.46,7.3072023,7.411342,7.0988364,7.378937,7.210156,7.4367404
egfr_molecule_29charg,-10.46,7.304596,7.4068766,7.0936685,7.378937,7.206757,7.4367404
egfr_molecule_30neu,-11.25,7.532218,7.6616497,7.2994275,7.521477,7.540977,7.63756
egfr_molecule_30charg,-11.25,7.5372186,7.652551,7.304774,7.543598,7.531436,7.6537323
ptp1b_molecule_26charg,-7.440000057220459,6.062892,6.067196,6.170428,6.188668,5.9410067,5.9471636
ptp1b_molecule_26neu,-7.440000057220459,6.0679507,6.0766764,6.1650815,6.206862,5.925869,5.965265
ptp1b_molecule_27,-9.229999542236328,6.3706903,6.317948,6.3188686,6.362691,6.498901,6.3550415
ptp1b_molecule_32,-11.529999732971191,6.5609207,6.5034127,6.5231743,6.650961,6.526335,6.600721
irak4_s2_molecule_17charg,-10.109999656677246,6.7342277,6.678539,6.682392,6.8627887,6.6287336,6.818683
irak4_s2_molecule_17neu,-10.109999656677246,6.7572036,6.6769605,6.7174172,6.8910136,6.639514,6.861114
irak4_s2_molecule_5neu,-9.609999656677246,6.5180945,6.4803557,6.6138954,6.6403823,6.4913874,6.3644533
irak4_s2_molecule_18,-10.920000076293944,6.770921,6.594768,6.6879473,6.7875547,6.7671294,7.017205
irak4_s2_molecule_6,-8.510000228881836,6.1579823,6.222165,5.9903154,6.2620177,6.1252913,6.190121
irak4_s2_molecule_5charg,-9.609999656677246,6.512819,6.4803557,6.616662,6.6322823,6.4738965,6.360901
irak4_s2_molecule_14,-10.109999656677246,6.598274,6.576414,6.4674306,6.666621,6.5410914,6.739814
dlk_molecule_9,-8.729999542236328,6.010192,5.859,5.856969,6.117315,6.0091367,6.2085395
dlk_molecule_17charg,-10.4399995803833,5.7636213,5.7079935,5.697253,5.7814336,5.7117147,5.9197097
dlk_molecule_17neu,-10.4399995803833,5.846416,5.7528687,5.722764,5.857468,5.8066483,6.0923314
dlk_molecule_4charg,-9.329999923706056,5.9110913,5.7835965,5.8323393,5.975706,5.9322553,6.0315595
dlk_molecule_4neu,-9.329999923706056,5.9204082,5.7944126,5.8323393,6.0017414,5.946198,6.02735
dlk_molecule_18,-9.979999542236328,5.8636303,5.6985908,5.801383,5.818256,5.9362264,6.063696
dlk_molecule_8,-10.510000228881836,5.694429,5.6878257,5.6402397,5.729956,5.6470275,5.767095
irak4_s3_molecule_28neu,-9.5,6.7663207,6.481486,6.8215303,6.7468786,6.7631993,7.018511
irak4_s3_molecule_19charg,-10.600000381469728,6.7636213,6.481486,6.8215303,6.7468786,6.7547874,7.013422
irak4_s3_molecule_29,-8.710000038146973,6.831816,6.5361867,6.849897,6.8203464,6.856275,7.096375
irak4_s3_molecule_19neu,-10.600000381469728,6.7663207,6.481486,6.8215303,6.7468786,6.7631993,7.018511
irak4_s3_molecule_28charg,-9.5,6.7636213,6.481486,6.8215303,6.7468786,6.7547874,7.013422
irak4_s3_molecule_27,-8.710000038146973,7.2088633,6.8756537,7.262595,7.179225,7.2457995,7.4810405
ephx2_molecule_47charg,-11.25,6.69087,6.364703,6.498559,6.858229,6.7891407,6.9437194
ephx2_molecule_19charg,-8.239999771118164,6.1941404,5.9660854,6.033587,6.3337774,6.1131315,6.524121
ephx2_molecule_19neu,-8.239999771118164,6.198906,5.9708037,6.032785,6.338848,6.118562,6.5335293
ephx2_molecule_20,-9.140000343322754,6.1591983,5.924505,6.0195026,6.2795844,6.075887,6.496512
ephx2_molecule_47neu,-11.25,6.751973,6.4463353,6.543277,6.9505167,6.845257,6.974479
ephx2_molecule_33,-10.739999771118164,6.6560564,6.3706613,6.411974,6.878868,6.5821824,7.036597
jak1_molecule_17,-10.869999885559082,6.1806617,6.1271257,5.9597926,6.332616,6.210667,6.27311
jak1_molecule_18charg,-11.300000190734863,6.29605,6.305359,6.123946,6.386914,6.263466,6.4005647
jak1_molecule_18neu,-11.300000190734863,6.3719606,6.3498745,6.2804837,6.466062,6.3029423,6.4604406
jak1_molecule_jmc_25,-11.40999984741211,6.7882524,6.943581,6.4376802,6.883655,6.748454,6.9278903
jak1_molecule_jmc_34,-13.06999969482422,6.74704,7.0734463,6.455096,6.7167435,6.6958504,6.7940617
jak1_molecule_16charg,-10.539999961853027,6.099359,6.0457134,5.907375,6.235591,6.0852346,6.2228804
jak1_molecule_16neu,-10.539999961853027,6.09879,6.0457134,5.907375,6.235591,6.082391,6.2228804
jak1_molecule_jmc_22,-11.350000381469728,6.597599,6.8482356,6.2821264,6.6541796,6.555786,6.6476674
tyk2_molecule_ejm_47,-9.789999961853027,5.5675507,5.5533853,5.6792984,5.6360645,5.4280305,5.540975
tyk2_molecule_jmc_32charg,-11.65999984741211,5.5277147,5.5431027,5.5740075,5.6052303,5.465377,5.4508543
tyk2_molecule_jmc_31,-10.920000076293944,5.5277147,5.5431027,5.5740075,5.6052303,5.465377,5.4508543
tyk2_molecule_jmc_32neu,-11.65999984741211,5.6028986,5.6032934,5.685784,5.6247663,5.5860996,5.5145493
tyk2_molecule_ejm_52neu,-7.489999771118164,5.572424,5.5538287,5.6741943,5.633687,5.412741,5.58767
tyk2_molecule_ejm_52charg,-7.489999771118164,5.541484,5.519649,5.6640024,5.6118155,5.4049344,5.507019
tyk2_molecule_ejm_46,-11.420000076293944,5.5386596,5.510589,5.6620326,5.6118155,5.4049344,5.503928
itk_molecule_17,-11.270000457763672,6.150872,6.1472816,6.151752,6.1096654,6.0916057,6.254057
itk_molecule_1neu,-12.56999969482422,6.111327,6.122251,6.1428046,6.058867,6.0213523,6.2113605
itk_molecule_1charg,-12.56999969482422,6.108163,6.1177855,6.131943,6.058867,6.0179534,6.2142644
itk_molecule_18,-12.770000457763672,6.2023745,6.219486,6.1897483,6.118202,6.1255765,6.358857
itk_molecule_19,-13.06999969482422,6.072711,6.0880213,6.0396485,5.989925,6.029058,6.2168994
thrombin_whole_map_molecule_11,-5.840000152587891,6.230123,6.1193085,6.188333,6.2956696,6.4003935,6.146912
thrombin_whole_map_molecule_1,-6.800000190734863,5.8076816,5.6844754,5.7335434,5.8410983,5.934376,5.8449154
thrombin_whole_map_molecule_3,-5.659999847412109,5.964579,5.895532,5.785823,5.9132566,6.1782556,6.0500274
thrombin_whole_map_molecule_jmb2009-4,-11.529999732971191,5.9324493,5.7194157,5.9393816,5.9367747,6.1377044,5.92897
thrombin_whole_map_molecule_10,-7.670000076293945,6.1313233,5.9326625,6.1215787,6.2724533,6.222806,6.107116
thrombin_whole_map_molecule_2,-6.139999866485596,5.768905,5.582837,5.6535716,5.810487,5.9335847,5.8640485
cdk2_molecule_39neu,-8.369999885559082,6.2789803,6.419774,6.41347,6.1552644,6.115102,6.291291
cdk2_molecule_39charg,-8.369999885559082,6.182616,6.362167,6.3293443,6.087338,5.9456697,6.1885643
cdk2_molecule_34,-9.880000114440918,6.182616,6.362167,6.3293443,6.087338,5.9456697,6.1885643
cdk2_molecule_25,-9.829999923706056,6.4315734,6.6397233,6.4934173,6.2745724,6.289269,6.460886
hsp90_frag_2rings_molecule_18,-8.960000038146973,6.4686394,6.516809,6.5855293,6.4655175,6.332508,6.4428325
hsp90_frag_2rings_molecule_17,-9.920000076293944,5.7494416,5.8182745,5.6546645,5.963757,5.445069,5.8654447
hsp90_frag_2rings_molecule_19,-10.260000228881836,6.443386,6.4990983,6.5027866,6.497206,6.3053813,6.412458
hsp90_frag_2rings_molecule_15,-9.880000114440918,5.767056,5.8253884,5.722949,5.941043,5.4974246,5.848474
hsp90_frag_2rings_molecule_14,-8.720000267028809,5.5439157,5.5212464,5.496192,5.7185774,5.2823377,5.701226
hsp90_frag_2rings_molecule_16,-8.119999885559082,5.7774124,5.837332,5.7164273,5.925556,5.5082893,5.8994584
frag_liga_auto_molecule_12,-9.050000190734863,5.971425,5.8557076,6.050803,6.041732,5.921513,5.987371
frag_liga_auto_molecule_9,-6.380000114440918,4.940868,5.0635476,5.0097485,4.935084,4.867273,4.8286877
frag_liga_auto_molecule_5,-4.800000190734863,4.8261304,4.9266653,4.9661283,4.7877526,4.6879497,4.7621555
frag_liga_auto_molecule_6,-5.300000190734863,5.432526,5.395555,5.5577602,5.4899125,5.4677095,5.2516913
frag_liga_auto_molecule_11,-9.079999923706056,5.3484254,5.22095,5.4524326,5.3790393,5.240222,5.449482
frag_liga_auto_molecule_10,-6.539999961853027,4.821575,4.9304953,4.944839,4.805416,4.7182345,4.7088904
frag_liga_auto_molecule_8,-5.829999923706055,5.016556,5.3102174,5.042393,4.976695,4.829565,4.923909
frag_liga_auto_molecule_3,-6.03000020980835,4.8971734,5.020335,5.11634,4.7960863,4.750889,4.802215
frag_liga_auto_molecule_7,-5.25,4.9809527,5.058411,5.051643,4.9956937,4.9820046,4.8170133
frag_liga_auto_molecule_13,-10.670000076293944,5.9028816,5.801161,5.991683,6.005512,5.8340654,5.8819876
frag_liga_auto_molecule_4,-6.5,4.905867,5.035718,5.0498915,4.841676,4.781019,4.8210306
hsp90_frag_single_ring_molecule_10,-8.3100004196167,5.8798966,5.8389783,5.965245,6.005795,5.7807074,5.808757
hsp90_frag_single_ring_molecule_3,-8.3100004196167,5.21002,5.2018647,5.2350526,5.3209424,5.0956764,5.1965632
hsp90_frag_single_ring_molecule_9,-7.360000133514404,5.166288,5.08811,5.2488074,5.263563,5.0744753,5.156483
hsp90_frag_single_ring_molecule_8,-8.029999732971191,5.080432,5.03305,5.165749,5.183951,4.8370748,5.1823378
hsp90_frag_single_ring_molecule_11,-8.119999885559082,5.2699122,5.166203,5.3296804,5.3323183,5.17181,5.3495502
hsp90_frag_single_ring_molecule_12,-8.59000015258789,5.9755898,5.9156623,6.085613,6.1031923,5.8441834,5.9292984
hsp90_frag_single_ring_molecule_2,-6.929999828338623,4.982675,4.9615145,5.0887804,5.1228228,4.742719,4.9975386
jak2_set1_molecule_2_3E63,-7.90701150894165,5.5628843,5.685646,5.5724115,5.5784955,5.4084015,5.5694666
jak2_set1_molecule_9,-8.363882064819336,6.2400036,6.3366303,6.26062,6.3324156,6.1547465,6.115606
jak2_set1_molecule_8,-8.774560928344727,6.462954,6.4713826,6.5010967,6.589995,6.3872943,6.3650017
jak2_set1_molecule_5,-7.789802551269531,5.576907,5.6550493,5.621145,5.6043105,5.4525237,5.551506
jak2_set1_molecule_10,-7.143977165222168,6.5309043,6.5517073,6.529904,6.643791,6.430541,6.4985785
jak2_set1_molecule_4a,-6.864231586456299,5.554152,5.6644263,5.5917726,5.525078,5.417032,5.57245
jak2_set1_molecule_4b,-6.864231586456299,5.6299973,5.824208,5.6227117,5.590979,5.45869,5.653396
jak2_set1_molecule_6,-6.198638439178467,7.081472,6.8230205,7.108112,7.2216964,7.1084642,7.1460686
jak2_set1_molecule_3,-5.235617160797119,5.640279,5.8954163,5.65075,5.6146154,5.3708797,5.66973
jak2_set1_molecule_1_3E62,-5.986692905426025,5.3132997,5.3737125,5.4473376,5.3960605,5.0011,5.3482866
jak2_set1_molecule_7,-8.860579490661621,6.861921,6.733533,6.857357,7.0493493,6.815548,6.853817
frag_mup1_molecule_IBT,-9.09000015258789,5.7156067,5.6813464,5.7636228,5.6995254,5.642234,5.791306
frag_mup1_molecule_MT,-5.639999866485596,5.0345535,5.192466,5.090205,5.0298996,4.847305,5.012892
frag_mup1_molecule_PT,-8.199999809265137,5.558217,5.598178,5.7438455,5.5433006,5.4398966,5.4658623
frag_mup1_molecule_SBT_R,-8.420000076293945,5.708313,5.695985,5.804528,5.677923,5.6386633,5.7244654
frag_mup1_molecule_SBT_S,-8.420000076293945,5.768272,5.7096224,5.8550186,5.741849,5.736521,5.798349
frag_mup1_molecule_IPT,-7.849999904632568,5.262149,5.3381195,5.200423,5.2405677,5.119375,5.41226
frag_mup1_molecule_ET,-6.960000038146973,5.509221,5.566475,5.642663,5.544703,5.392509,5.399755
frag_p38_molecule_4,-5.400000095367432,5.932267,5.7585874,6.1882854,5.8780236,5.889528,5.946911
frag_p38_molecule_1_1W7H,-3.940000057220459,5.5157437,5.304355,5.8274946,5.487947,5.460556,5.498365
frag_p38_molecule_6,-5.039999961853027,6.3406897,6.0610085,6.7102976,6.29981,6.3005347,6.331798
frag_p38_molecule_5_1WBW,-5.940000057220459,5.793685,5.4557223,5.973749,5.8859987,5.807286,5.8456664
frag_p38_molecule_7,-6.300000190734863,6.3808594,6.278343,6.682869,6.242432,6.263657,6.4369955
frag_p38_molecule_3,-4.090000152587891,5.4821596,5.316964,5.777737,5.4922833,5.402033,5.4217815
t4lysozyme_uvt_molecule_meta_methyl_ethyl_benzene,-5.079999923706055,5.3572493,5.5110664,5.416041,5.273088,5.3550696,5.230982
t4lysozyme_uvt_molecule_methyl_benzene,-5.480000019073486,4.812875,4.9454193,4.8850546,4.723488,4.781724,4.728687
t4lysozyme_uvt_molecule_ethyl_benzene,-5.71999979019165,5.1906548,5.427776,5.280369,5.0824842,5.118634,5.044011
t4lysozyme_uvt_molecule_ortho_methyl_ethyl_benzene,-4.53000020980835,5.2974544,5.4541764,5.372419,5.2256618,5.2679896,5.167025
t4lysozyme_uvt_molecule_m-xylene,-4.71999979019165,4.977594,5.085196,5.0512567,4.890064,4.957537,4.903917
t4lysozyme_uvt_molecule_p-xylene,-4.630000114440918,4.915925,5.0363665,4.961491,4.870497,4.85593,4.8553414
t4lysozyme_uvt_molecule_o-xylene,-4.570000171661377,4.8653674,4.973879,4.9488726,4.7789226,4.816073,4.8090916
t4lysozyme_uvt_molecule_butyl_benzene,-6.659999847412109,5.6469088,5.7350087,5.80995,5.6242757,5.6281805,5.4371305
t4lysozyme_uvt_molecule_propyl_benzene,-6.510000228881836,5.5084753,5.713427,5.656129,5.40688,5.4856696,5.280272
t4lysozyme_uvt_molecule_para_methyl_ethyl_benzene,-5.380000114440918,5.314433,5.483469,5.374311,5.254248,5.272047,5.188091
t4lysozyme_uvt_molecule_benzene,-5.159999847412109,4.747302,4.8523626,4.9675145,4.641733,4.552955,4.721944
t4lysozyme_uvt_molecule_isobutyl_benzene,-6.440000057220459,5.465446,5.5604343,5.474156,5.3765893,5.4149656,5.5010853
frag_mcl1_noweak_molecule_2,-5.329999923706055,4.6703577,4.7960796,4.823334,4.63177,4.4532084,4.6473956
frag_mcl1_noweak_molecule_3,-6.389999866485596,5.0384264,5.2598543,5.1830716,4.909459,4.7755017,5.0642433
frag_mcl1_noweak_molecule_4,-5.809999942779541,4.956983,5.0006137,5.103571,4.8855047,4.7471943,5.048032
frag_mcl1_noweak_molecule_5,-6.039999961853027,5.1098967,5.0386796,5.245331,5.1850452,4.941398,5.1390314
frag_mcl1_noweak_molecule_7,-5.880000114440918,5.075864,4.9822574,5.126686,5.163345,4.8452888,5.26174
frag_mcl1_noweak_molecule_8,-6.369999885559082,5.214381,5.0814047,5.3784513,5.237293,5.0047746,5.3699822
frag_mcl1_noweak_molecule_9,-5.480000019073486,5.0322504,4.8974833,5.093919,5.0861306,4.8987145,5.185004
frag_mcl1_noweak_molecule_10,-5.039999961853027,5.425124,5.4324336,5.3805046,5.462859,5.334688,5.515135
frag_mcl1_noweak_molecule_11,-5.550000190734863,4.9280562,4.923093,4.938088,4.820112,4.8204074,5.1385813
frag_mcl1_noweak_molecule_14,-5.610000133514404,4.5874434,4.74638,4.7533927,4.442286,4.4803996,4.5147576
frag_mcl1_noweak_molecule_15,-5.309999942779541,5.086318,5.2616677,5.1080136,5.0701814,4.906878,5.0848513
frag_mcl1_noweak_molecule_13_flipped,-5.210000038146973,5.1193094,5.218447,5.170492,5.0429897,5.024168,5.140451
jak2_set2_extra_molecule_13_3E64,-9.696937561035156,6.2229853,6.4600897,6.213726,6.22704,6.182047,6.0320215
jak2_set2_extra_molecule_21,-8.340335845947266,6.887089,6.799839,6.7468543,7.1317353,6.939801,6.817214
jak2_set2_extra_molecule_20,-8.067665100097656,7.009322,6.893057,6.9221888,7.3307333,7.0328803,6.867752
jak2_set2_extra_molecule_18,-8.325143814086914,5.9868536,6.231931,5.959287,5.998132,5.831135,5.9137845
jak2_set2_extra_molecule_14,-7.789802551269531,5.920533,6.045345,5.9578824,5.9222155,5.888253,5.788971
jak2_set2_extra_molecule_12,-7.434834003448486,6.39588,6.548565,6.2870984,6.4715223,6.4790783,6.1931357
jak2_set2_extra_molecule_15,-7.379123210906982,5.9305406,6.0944877,5.9521937,5.902275,5.9020243,5.8017225
jak2_set2_extra_molecule_22_flip,-10.107617378234863,6.9479036,6.845376,6.86907,7.2208858,7.0032597,6.800925
3RKZ_lig62to70_alpha05_molecule_lignad_63,-9.31999969482422,6.563442,6.3550286,6.5528154,6.456461,6.671557,6.781348
3RKZ_lig62to70_alpha05_molecule_ligand_69,-13.140000343322754,6.9317656,6.8522716,6.8208323,6.7954907,7.001369,7.188867
3RKZ_lig62to70_alpha05_molecule_ligand_62,-6.670000076293945,6.68666,6.580805,6.6363006,6.579593,6.7339253,6.9026766
3RKZ_lig62to70_alpha05_molecule_lignad_65,-9.279999732971191,6.715393,6.605906,6.6989465,6.6003547,6.8426347,6.8291245
3RKZ_lig62to70_alpha05_molecule_lignad_68,-8.449999809265137,6.6559935,6.513592,6.6746426,6.553013,6.7648387,6.7738833
3RKZ_lig62to70_alpha05_molecule_ligand_64,-8.890000343322754,6.7808623,6.7265463,6.7202764,6.6235843,6.84188,6.992023
3RKZ_lig62to70_alpha05_molecule_ligand_70,-12.739999771118164,6.9294906,6.8515897,6.830678,6.7954907,6.9937973,7.175899
MHT1_lig3_alpha05_molecule_5AN26_ligand,-7.570000171661377,6.5542245,6.177788,6.5206265,6.7057104,6.669623,6.697375
MHT1_lig3_alpha05_molecule_5ANT_A_ligand,-8.550000190734863,6.711454,6.3234096,6.7092137,6.87134,6.8438864,6.8094206
MHT1_lig3_alpha05_molecule_5ANU_ligand,-12.960000038146973,6.380246,6.0751004,6.4044676,6.4332194,6.3811026,6.6073375
2B8V_lig24and25_alpha05_molecule_ligand25_S,-7.53000020980835,6.683056,6.627513,6.7753253,6.7447305,6.627496,6.640218
2B8V_lig24and25_alpha05_molecule_ligand24_S,-5.440000057220459,6.6605287,6.2348423,6.6991453,6.683936,6.884499,6.8002195
ck2_custcore_hotlys_molecule_ligand_15,-10.359999656677246,7.0823884,7.27165,6.420244,7.3972087,7.0820146,7.240822
ck2_custcore_hotlys_molecule_ligand_14,-13.039999961853027,6.38147,6.509783,6.111225,6.4847574,6.4242945,6.377291
2E9P_lig4to7_alpha05_molecule_ligand_5,-11.18000030517578,7.1927667,6.9459896,7.2317753,7.183037,7.2239885,7.3790426
2E9P_lig4to7_alpha05_molecule_ligand_7,-10.270000457763672,7.1614633,6.891653,7.127473,7.1739955,7.2057185,7.408477
2E9P_lig4to7_alpha05_molecule_ligand_4,-10.880000114440918,6.3490586,6.243014,6.4094524,6.278747,6.240913,6.5731664
2E9P_lig4to7_alpha05_molecule_ligand_6,-11.09000015258789,7.14868,6.8299117,7.189911,7.137461,7.276392,7.309726
2Q15_lig17to21_alpha05_molecule_ligand_20_S,-10.210000038146973,6.173532,6.20597,6.1030946,5.9608283,6.219301,6.378465
2Q15_lig17to21_alpha05_molecule_ligand_21,-10.56999969482422,6.2429476,6.226621,6.191715,6.026467,6.335807,6.434127
2Q15_lig17to21_alpha05_molecule_ligand_18,-10.81999969482422,6.493392,6.260586,6.3708377,6.603946,6.580978,6.6506124
2Q15_lig17to21_alpha05_molecule_ligand_17_enu,-9.81999969482422,6.1066527,6.0986176,6.062876,5.954316,6.174858,6.2425957
2Q15_lig17to21_alpha05_molecule_ligand_19,-11.289999961853027,6.1710353,6.20597,6.1030946,5.9608283,6.209742,6.3755417
hsp90_3hvd_custcore_molecule_lig_3B27,-7.039999961853027,5.1070166,5.056704,5.1231556,5.2259955,4.9693456,5.1598835
hsp90_3hvd_custcore_molecule_18_minimized,-13.177300453186035,6.5584245,6.446774,6.6757855,6.6757245,6.5109835,6.482852
hsp90_3hvd_custcore_molecule_8__3VHA,-10.15248966217041,6.343898,6.116207,6.482167,6.184711,6.3737345,6.562672
hsp90_3hvd_custcore_molecule_13,-11.26364040374756,6.6839485,6.4092765,6.868482,6.5701404,6.7729597,6.798884
hsp90_3hvd_custcore_molecule_9,-9.71030044555664,6.3152747,6.1064954,6.4892583,6.138843,6.3317385,6.5100408
hsp90_3hvd_custcore_molecule_16__3VHD,-12.74081039428711,6.5394564,6.4087944,6.6491504,6.641092,6.457038,6.5412064
hsp90_3hvd_custcore_molecule_11__3VHC,-12.194700241088867,6.5939903,6.322883,6.6697674,6.5427394,6.6986346,6.735925
hsp90_3hvd_custcore_molecule_12,-11.158180236816406,6.6730933,6.4098477,6.8299503,6.5557795,6.7861476,6.7837415
hsp90_3hvd_custcore_molecule_7,-9.497720718383787,6.3447914,6.1435604,6.4835873,6.1852674,6.3505716,6.5609713
hsp90_3hvd_custcore_molecule_17__top_conformer,-12.927749633789062,6.5304556,6.4486175,6.6024747,6.601458,6.4765964,6.5231338
Fxa_2ei8_molecule_Edoxaban,-12.59000015258789,6.275412,6.245547,6.538724,6.30285,6.1718507,6.1180897
Fxa_2ei8_molecule_4d,-11.720000267028809,6.639703,6.506542,6.8314986,6.7024984,6.6055303,6.5524454
Fxa_2ei8_molecule_4c,-11.789999961853027,6.639703,6.506542,6.8314986,6.7024984,6.6055303,6.5524454
TPSB2_3v7t_molecule_1,-10.460000038146973,6.243371,6.0414515,6.227757,6.3001513,6.276634,6.3708587
TPSB2_3v7t_molecule_2,-9.84000015258789,6.244529,6.038025,6.227757,6.3001513,6.276634,6.380077
Bace1_4zsp_molecule_31,-8.350000381469727,5.520893,5.492177,5.423246,5.52688,5.6351037,5.5270605
Bace1_4zsp_molecule_7,-7.710000038146973,5.53378,5.5203605,5.4120693,5.434249,5.6196537,5.6825657
Bace1_4zsp_molecule_6,-7.829999923706055,5.284921,5.4050717,5.2400894,5.2642417,5.3001046,5.2150993
EZH2_5ij7_corehop_molecule_22,-9.6899995803833,6.69546,6.604778,6.797059,6.752704,6.722246,6.6005125
EZH2_5ij7_corehop_molecule_31,-10.270000457763672,6.4400697,6.2608,6.6369233,6.620793,6.3960714,6.2857604
EZH2_5ij7_corehop_molecule_29,-10.270000457763672,6.372763,6.2592506,6.58559,6.601107,6.275233,6.1426344
EZH2_5ij7_corehop_molecule_27,-8.369999885559082,6.860537,6.56209,7.0132027,6.8564963,6.916784,6.9541106
CHK1_3u9n_corehop_molecule_17,-9.715999603271484,6.394999,6.3150268,6.3166876,6.3037643,6.3896384,6.6498785
CHK1_3u9n_corehop_molecule_1,-9.699999809265137,6.534955,6.402664,6.6252685,6.236815,6.667834,6.742192
CHK1_3u9n_corehop_molecule_21,-9.142000198364258,6.5423875,6.419593,6.6331306,6.2507825,6.6762915,6.732138
CHK1_3u9n_corehop_molecule_20,-9.208000183105469,6.5291243,6.395681,6.629782,6.2217155,6.6659656,6.7324767
CHK1_3u9n_corehop_molecule_19,-8.54800033569336,6.7988915,6.842156,6.7611604,6.602544,6.8718033,6.9167943
a2a_hip278_molecule_4g,-11.064042091369627,6.1764884,5.815348,6.478274,6.4794116,5.8579473,6.2514606
a2a_hip278_molecule_4h,-10.654767990112305,6.375537,5.949063,6.690958,6.688987,6.037211,6.511469
a2a_hip278_molecule_4jS,-10.886690139770508,6.2939644,5.8742723,6.613349,6.5987477,6.04029,6.343162
a2a_hip278_molecule_4kU,-11.541528701782228,6.162101,5.8185625,6.4958763,6.3708053,5.8834877,6.2417717
a2a_hip278_molecule_4lD,-11.377819061279297,6.1355467,5.8687973,6.4601817,6.256905,5.841294,6.250556
a2a_hip278_molecule_4i,-10.313706398010254,6.3640213,5.934486,6.6733413,6.7090654,6.036039,6.467175
a2a_hip278_molecule_4a,-9.41330337524414,5.1075125,5.2218423,5.3144836,4.9768147,4.9065485,5.117872
a2a_hip278_molecule_4b_D,-9.959002494812012,5.4005446,5.390366,5.395172,5.4233146,5.209396,5.5844746
a2a_hip278_molecule_4c,-11.459673881530762,5.677634,5.6501155,5.7071877,5.692057,5.3830523,5.9557548
a2a_hip278_molecule_4d,-10.504701614379885,6.1448255,5.8314595,6.4364367,6.4012804,5.8286176,6.226331
a2a_hip278_molecule_4o,-11.35667324066162,5.149997,5.207923,5.2204895,5.0868106,5.0548477,5.179916
a2a_hip278_molecule_4f,-11.44603157043457,6.285502,5.9214334,6.589596,6.571251,6.0327625,6.312467
a2a_hip278_molecule_4e_D,-12.073585510253906,5.4764524,5.436325,5.4572926,5.5080557,5.3339205,5.646669
a2a_hip278_molecule_4m_D,-10.550403594970703,5.4199333,5.3982043,5.4456534,5.4800854,5.197372,5.57835
a2a_hip278_molecule_4q,-8.886704444885254,5.0883856,5.181961,5.184247,5.0326557,4.9191513,5.1239133
a2a_hip278_molecule_4n,-11.550395965576172,5.637166,5.579526,5.6903234,5.7250714,5.319938,5.87097
a2a_hip278_molecule_4r_U,-11.461993217468262,5.865546,5.69056,5.9525557,5.9881816,5.6175237,6.078909
a2a_hip278_molecule_4o_deprotonated,-11.35667324066162,5.106861,5.176382,5.2004485,5.0363426,4.9736133,5.1475177
a2a_hip278_molecule_4eD_deprotonated,-12.073585510253906,5.4366484,5.4065356,5.441069,5.4526024,5.2608795,5.6221557
a2a_hip278_molecule_4f_deprotonated,-11.44603157043457,6.2462754,5.9002786,6.577513,6.531792,5.933507,6.288285
ox2_hip_custcore_molecule_set_1__1,-10.978231430053713,6.2520432,5.9795585,5.9407306,6.3461494,6.3457503,6.6480284
ox2_hip_custcore_molecule_set_1__2,-10.049724578857422,6.2312264,5.97163,5.8772264,6.570351,6.2155457,6.5213785
ox2_hip_custcore_molecule_set_1__3,-8.59611988067627,6.1823997,5.733933,5.8262076,6.432664,6.342275,6.576918
ox2_hip_custcore_molecule_set_1__4,-10.603745460510254,6.085852,5.917582,5.7831697,6.2109556,6.0295053,6.4880466
ox2_hip_custcore_molecule_set_1__5,-10.885735511779783,6.109344,5.9678707,5.776021,6.293267,6.149382,6.36018
ox2_hip_custcore_molecule_set_1__6,-10.013026237487791,6.53376,6.1327934,6.350814,6.816627,6.5232377,6.8453274
ox2_hip_custcore_molecule_set_1__7,-11.577681541442873,6.2260003,6.1035295,5.8634,6.4236927,6.2969313,6.4424467
ox2_hip_custcore_molecule_set_1__8,-10.151361465454102,6.2727876,6.0062885,5.9482384,6.4424195,6.3717437,6.595248
ox2_hip_custcore_molecule_set_1__9,-8.624086380004883,5.729992,5.6181636,5.4491167,5.837305,5.7176714,6.0277033
ox2_hip_custcore_molecule_set_1__10,-10.316571235656738,6.427623,6.1888866,6.250764,6.6334853,6.582772,6.482207
ox2_hip_custcore_molecule_set_1__11,-11.125433921813965,6.1082826,5.9658484,5.8016157,6.2024727,6.1577945,6.41368
ox2_hip_custcore_molecule_set_1__12,-10.54126262664795,6.00093,5.838597,5.689677,6.171782,6.0445786,6.2600136
ox2_hip_custcore_molecule_set_1__13,-8.972378730773926,6.136634,5.7996197,5.920486,6.274575,6.2627983,6.4256887
ox2_hip_custcore_molecule_set_1__14,-11.169498443603516,6.644754,6.318796,6.6156735,6.698848,6.7806063,6.8098497
ox2_hip_custcore_molecule_set_1__15,-6.821234703063965,5.9545035,5.6056523,5.5624,6.185427,6.110812,6.3082275
ox2_hip_custcore_molecule_set_1__16,-10.950536727905272,6.2928934,5.9904003,6.0650992,6.4432144,6.2980056,6.6677456
ox2_hip_custcore_molecule_set_1__17,-6.883717060089111,5.993343,5.8025036,5.7138,6.1925197,6.008191,6.249701
ox2_hip_custcore_molecule_set_1__18,-8.276204109191895,6.251651,5.961021,5.984,6.3036404,6.3511076,6.658483
ox2_hip_custcore_molecule_set_1__19,-7.515090465545654,6.4104166,6.0215454,6.1207514,6.368051,6.5129814,7.028752
ox2_hip_custcore_molecule_set_1__20,-10.399927139282228,6.121485,5.917282,5.8101835,6.3208613,6.1786084,6.3804903
ox2_hip_custcore_molecule_set_1__21,-8.688343048095703,5.6698647,5.5548487,5.3903203,5.7814217,5.6734753,5.949256
ox2_hip_custcore_molecule_set_1__22,-10.420527458190918,5.989975,5.8392086,5.7167325,6.1362143,5.9825625,6.2751575
ox2_hip_custcore_molecule_set_1__23,-10.080965995788574,5.870488,5.666865,5.5768156,6.0923057,5.8326373,6.1838174
ox2_hip_custcore_molecule_set_1__24,-10.443309783935549,6.186294,6.0656695,5.785208,6.41839,6.2637124,6.398491
ox2_hip_custcore_molecule_set_1__25,-11.097330093383787,6.508461,6.1660223,6.318954,6.738833,6.6054187,6.7130785
ox2_hip_custcore_molecule_set_1__26,-11.387232780456545,6.1966596,6.0402493,5.8866205,6.372048,6.2264194,6.4579606
ox2_hip_custcore_molecule_set_1__27,-10.95654010772705,6.086568,5.867022,5.8119755,6.2580895,6.129756,6.3659983
ox2_hip_custcore_molecule_set_2__1,-9.413166999816896,6.4399824,6.100367,6.4484425,6.56818,6.431967,6.6509557
ox2_hip_custcore_molecule_set_2__2,-8.611808776855469,6.2001586,5.9611483,5.9214506,6.284854,6.3067083,6.5266314
ox2_hip_custcore_molecule_set_2__3,-9.46992015838623,6.5437746,6.1557302,6.5089173,6.680262,6.627833,6.7461295
ox2_hip_custcore_molecule_set_2__4,-9.716166496276855,6.5537157,6.2399673,6.565171,6.6879644,6.51675,6.7587233
ox2_hip_custcore_molecule_set_2__5_adjust,-10.85299301147461,6.91415,6.4326544,6.8536444,7.0788293,7.065982,7.1396403
ox2_hip_custcore_molecule_set_2__6,-10.490240097045898,6.4282265,6.100367,6.4484425,6.542019,6.415441,6.634864
ox2_hip_custcore_molecule_set_2__7,-7.945237636566162,6.909915,6.326104,6.9519477,7.087223,7.0554256,7.1288753
ox2_hip_custcore_molecule_set_2__8,-10.95654010772705,6.469758,6.1417394,6.4925914,6.6221642,6.411759,6.680536
ox2_hip_custcore_molecule_set_2__9,-10.010706901550291,7.158806,6.546078,7.1407757,7.4537697,7.248926,7.4044814
ox2_hip_custcore_molecule_set_2__10,-6.852475643157959,7.3213096,6.727793,7.257975,7.4666595,7.6041517,7.5499673
ox2_hip_custcore_molecule_set_2__11,-9.472103118896484,5.9814596,5.7532964,5.7362304,6.131894,6.0137706,6.272104
ox2_hip_custcore_molecule_set_2__12,-9.990925788879396,6.8662825,6.3746614,6.8261733,7.1282487,6.8871465,7.115185
ox2_hip_custcore_molecule_set_2__13,-10.815340042114258,6.3452883,6.0789514,6.3952765,6.40091,6.3869195,6.464384
ox2_hip_custcore_molecule_set_2__14,-10.7535400390625,6.4443846,6.064622,6.477211,6.6126943,6.4443336,6.6230617
ox2_hip_custcore_molecule_set_2__15,-9.641133308410645,6.6305175,6.1885285,6.41751,6.8532414,6.7090507,6.9842587
ox2_hip_custcore_molecule_set_2__16,-9.674556732177734,6.5407667,6.363703,6.549993,6.574408,6.5649624,6.650769
ox2_hip_custcore_molecule_set_2__17,-9.98465061187744,6.818625,6.2566524,6.868158,7.129565,6.835814,7.002936
ox2_hip_custcore_molecule_set_2__18,-9.408119201660156,6.5080414,6.205342,6.456779,6.4862294,6.678342,6.713516
ox2_hip_custcore_molecule_set_2__19,-9.02353858947754,5.970305,5.76781,5.7054305,6.117491,6.0045614,6.2562337
ox2_hip_custcore_molecule_set_2__20,-11.045079231262209,6.762944,6.246297,6.701363,7.027167,6.8613477,6.978548
ox2_hip_custcore_molecule_set_2__21,-10.565683364868164,6.6023436,6.28834,6.5757246,6.74415,6.5846715,6.8188314
ox2_hip_custcore_molecule_set_2__22,-8.531181335449219,6.794847,6.2052584,6.7689214,6.974378,6.910347,7.1153283
ox2_hip_custcore_molecule_set_2__23,-10.52380084991455,6.4620576,6.123455,6.445838,6.614519,6.4702554,6.65622
ox2_hip_custcore_molecule_set_2__24,-9.534994125366213,6.247861,6.110149,5.933052,6.382332,6.2724094,6.5413613
p2y1_meta_sub_molecule_16,-11.216630935668944,5.6441584,5.6346965,5.87439,5.6874566,5.5213356,5.502915
p2y1_meta_sub_molecule_11a,-7.774801731109619,5.2827272,5.1812944,5.718233,5.2974577,5.161151,5.055499
p2y1_meta_sub_molecule_6e,-9.403467178344728,5.3663993,5.250438,5.7532,5.3797407,5.199938,5.24868
p2y1_meta_sub_molecule_11c,-10.20659351348877,5.393281,5.3186746,5.728125,5.4331627,5.2938,5.192642
p2y1_meta_sub_molecule_6b,-9.99706745147705,5.3436823,5.187567,5.7305293,5.3997507,5.178674,5.221889
p2y1_meta_sub_molecule_1,-9.720174789428713,5.388179,5.2499256,5.7296166,5.4159584,5.2961755,5.249219
p2y1_meta_sub_molecule_6a,-9.231863975524902,5.347626,5.193425,5.715266,5.406461,5.2093105,5.2136683
p2y1_meta_sub_molecule_6f,-9.329582214355469,5.378717,5.220145,5.7441225,5.4267263,5.242483,5.260107
p2y1_meta_sub_molecule_6h,-9.984593391418455,5.433223,5.261603,5.8266582,5.5069013,5.259984,5.3109703
p2y1_meta_sub_molecule_6d,-8.4812650680542,5.3618817,5.171499,5.741229,5.415277,5.2224307,5.258972
p2y1_meta_sub_molecule_6i,-10.24363613128662,5.4935927,5.280991,5.9088016,5.52925,5.3602147,5.3887053
p2y1_meta_sub_molecule_6g,-9.769577026367188,5.3860064,5.191616,5.74268,5.453431,5.244994,5.297309
p2y1_meta_sub_molecule_6n,-8.517489433288574,5.371531,5.220145,5.7441225,5.41058,5.242483,5.240324
p2y1_meta_sub_molecule_6m,-8.589093208312988,5.484892,5.2890296,5.8954506,5.5290337,5.339725,5.371219
p2y1_meta_sub_molecule_6p,-9.653029441833496,5.412673,5.2252398,5.7482743,5.4690466,5.2569976,5.363804
p2y1_meta_sub_molecule_6k,-10.303940773010254,5.389523,5.2914777,5.6945806,5.4379187,5.2188463,5.304793
p2y1_meta_sub_molecule_6o,-8.446208000183105,5.3868866,5.150054,5.658572,5.595247,5.191643,5.338916
p2y1_meta_sub_molecule_6q,-9.238834381103516,5.460986,5.2679415,5.734848,5.549398,5.3784933,5.3742533
p2y1_meta_sub_molecule_6l,-10.474388122558594,5.5090814,5.349037,5.8710527,5.5823507,5.3517766,5.391189
p2y1_meta_sub_molecule_6j,-8.873682975769043,5.4456034,5.281515,5.779722,5.4938326,5.307968,5.3649783
p2y1_ortho_sub_molecule_16,-11.216630935668944,5.4079285,5.317406,5.7410054,5.3953533,5.310929,5.274949
p2y1_ortho_sub_molecule_11b,-10.565719604492188,5.3635206,5.239424,5.6923738,5.4059978,5.283395,5.196416
p2y1_ortho_sub_molecule_17,-11.046183586120604,5.471258,5.3348093,5.8681784,5.454539,5.367364,5.3313994
p2y1_ortho_sub_molecule_14,-9.21816349029541,5.2222867,5.2955313,5.4898353,5.2877064,5.0690737,4.9692864
p2y1_ortho_sub_molecule_11e,-9.704582214355469,5.5548005,5.5305123,5.848289,5.5664544,5.4200015,5.4087443
p2y1_ortho_sub_molecule_11d,-10.303940773010254,5.331845,5.208861,5.705899,5.3402653,5.2357316,5.168469
p2y1_ortho_sub_molecule_11f,-9.228408813476562,5.285554,5.1037445,5.662315,5.332646,5.141183,5.187882
p2y1_ortho_sub_molecule_18,-11.125299453735352,5.443955,5.281378,5.906309,5.3861814,5.304828,5.341078
p2y1_ortho_sub_molecule_12,-11.125299453735352,5.4138017,5.3198676,5.776512,5.450734,5.28043,5.241463
p2y1_ortho_sub_molecule_11a,-7.774801731109619,5.1553965,5.0474114,5.56612,5.2004166,4.977256,4.9857802
p2y1_ortho_sub_molecule_19,-10.635504722595217,5.3622317,5.244531,5.7540793,5.3217444,5.2541776,5.236627
p2y1_ortho_sub_molecule_13,-10.5032958984375,5.18223,5.2424145,5.4621468,5.241572,5.0312095,4.933807
bace_keranen_p2_molecule_29,-9.989999771118164,6.4412956,5.8864384,6.8240104,6.320435,6.5978236,6.5777717
bace_keranen_p2_molecule_30,-10.359999656677246,6.700947,6.2410874,6.985014,6.7934175,6.8643107,6.6209054
bace_keranen_p2_molecule_31,-10.359999656677246,6.7741404,6.1304283,7.1121774,6.955609,6.912809,6.7596793
bace_keranen_p2_molecule_32,-10.359999656677246,6.8097153,6.261092,7.080789,6.95837,6.9370875,6.8112364
bace_keranen_p2_molecule_33,-10.239999771118164,6.5924187,5.9483924,6.897234,6.587141,6.830369,6.6989546
bace_keranen_p2_molecule_34,-10.149999618530272,6.3089166,5.856296,6.542941,6.291397,6.4745975,6.3793516
bace_keranen_p2_molecule_35,-9.8100004196167,6.5767527,6.26159,6.7485943,6.47859,6.75358,6.6414075
bace_keranen_p2_molecule_36_out,-10.359999656677246,6.4626718,5.8697667,6.8281355,6.402601,6.6927805,6.520072
bace_keranen_p2_molecule_37_out,-10.5600004196167,6.587903,5.943135,7.0096183,6.6351337,6.792281,6.5593433
bace_keranen_p2_molecule_39_out,-9.68000030517578,6.43003,5.8723207,6.798173,6.45131,6.5540304,6.474316
bace_keranen_p2_molecule_38_out,-10.489999771118164,6.4423056,5.8845057,6.7665396,6.480808,6.5582256,6.521451
bace_keranen_p2_molecule_28_out,-10.489999771118164,6.4597726,5.894728,6.8230233,6.465804,6.585555,6.5297494
bace_ciordia_retro_molecule_1a,-6.084681987762451,6.044539,5.5255737,6.3771057,6.0015593,6.2232428,6.09521
bace_ciordia_retro_molecule_11,-8.703369140625,6.2085733,5.7482963,6.5176616,6.164452,6.3674655,6.244991
bace_ciordia_retro_molecule_12,-10.45694637298584,6.4998436,5.926089,6.739393,6.5770044,6.7142787,6.5424523
bace_ciordia_retro_molecule_13,-9.64326286315918,6.3583827,5.8018727,6.5385413,6.4096746,6.5632076,6.4786186
bace_ciordia_retro_molecule_14,-9.8362398147583,6.631453,5.990603,6.718427,6.70047,6.9807615,6.767
bace_ciordia_retro_molecule_15,-7.917439460754394,6.398467,5.8525147,6.5931053,6.4427133,6.5645423,6.539461
bace_ciordia_retro_molecule_16,-7.057740211486816,6.639369,5.9894204,6.8322806,6.6353908,6.9190664,6.8206882
bace_ciordia_retro_molecule_17,-10.365072250366213,6.5341043,5.9862924,6.784946,6.5497355,6.688735,6.6608114
bace_ciordia_retro_molecule_18,-9.900985717773438,6.6549926,6.050774,6.7218313,6.7080817,6.9371095,6.857166
bace_ciordia_retro_molecule_19,-9.910837173461914,6.6399293,6.0156307,6.712929,6.6703596,6.946714,6.854015
bace_ciordia_retro_molecule_20,-10.167583465576172,6.5001755,5.9472475,6.7153993,6.568531,6.659526,6.610174
bace_ciordia_retro_molecule_21,-10.215289115905762,6.508546,5.951192,6.721281,6.5539637,6.686326,6.6299677
bace_ciordia_retro_molecule_22,-7.606921672821045,6.6158743,5.881463,6.7979918,6.6221313,6.9649153,6.81287
bace_ciordia_retro_molecule_23,-9.818963050842283,6.7821593,6.1984286,6.7742143,6.856091,7.161458,6.920606
bace_ciordia_retro_molecule_24,-9.785843849182127,6.376859,5.8018727,6.5385413,6.451789,6.596546,6.495548
bace_ciordia_retro_molecule_25,-8.870043754577637,6.413681,5.892105,6.5324373,6.4650803,6.6285386,6.550246
bace_ciordia_retro_molecule_26,-10.365072250366213,6.6564317,5.8973107,6.7606897,6.728432,7.030792,6.864931
bace_ciordia_retro_molecule_27,-9.612375259399414,6.3692484,5.8018727,6.5385413,6.435836,6.5797334,6.49026
bace_ciordia_retro_molecule_28,-8.997004508972168,6.269841,5.9158683,6.467647,6.1915956,6.463356,6.3107376
bace_ciordia_retro_molecule_29,-8.735666275024414,6.591488,5.851316,6.868596,6.49334,6.9375563,6.806633
bace_ciordia_retro_molecule_30,-6.947381496429443,6.502552,5.9679737,6.676719,6.3689938,6.70305,6.796024
bace_ciordia_retro_molecule_31,-9.533543586730955,6.1806846,5.7405953,6.5189157,6.0998015,6.331426,6.2126846
bace_ciordia_retro_molecule_32,-7.721524715423584,6.1914635,5.745562,6.507125,6.134168,6.348434,6.2220263
bace_ciordia_retro_molecule_33,-7.13992166519165,6.199996,5.735318,6.5433984,6.1435933,6.3423095,6.23536
bace_ciordia_retro_molecule_34,-10.24935531616211,6.4721603,5.9245143,6.7379093,6.4958153,6.6916223,6.510941
bace_ciordia_retro_molecule_35,-9.881757736206056,6.3472457,5.8073764,6.5318685,6.3626204,6.5688553,6.4655075
bace_ciordia_retro_molecule_36,-10.97872543334961,6.3888645,5.9031863,6.546499,6.3708534,6.5960207,6.5277653
bace_ciordia_retro_molecule_37,-9.450016021728516,6.195302,5.6927767,6.4505973,6.1084895,6.33242,6.392227
bace_ciordia_retro_molecule_38,-9.384933471679688,6.339635,5.8073764,6.5318685,6.3466673,6.5520425,6.46022
bace_ciordia_retro_molecule_39,-9.360767364501951,6.2232604,5.7332826,6.54271,6.1737885,6.389724,6.276798
bace_ciordia_retro_molecule_40,-8.64596939086914,6.2274504,5.7280507,6.4873962,6.206348,6.39761,6.3178487
bace_ciordia_retro_molecule_41,-9.109971046447754,6.4260826,5.7142377,6.4799385,6.5336666,6.709539,6.6930313
bace_ciordia_retro_molecule_30_protonated,-6.947381496429443,6.2805,5.9222364,6.4459825,6.229998,6.4171386,6.387143
bace_p3_arg368_in_molecule_8a,-7.789851188659668,5.8806405,5.331987,6.044868,5.7843347,6.1320295,6.1099825
bace_p3_arg368_in_molecule_8b,-8.512900352478027,5.5943847,5.294953,5.696627,5.6266885,5.7268677,5.626787
bace_p3_arg368_in_molecule_8c,-8.308263778686523,5.436045,5.194358,5.451837,5.4433613,5.5929275,5.497741
bace_p3_arg368_in_molecule_8d,-8.349190711975098,5.865649,5.4797482,5.8054423,5.954909,6.1217937,5.9663525
bace_p3_arg368_in_molecule_8e,-8.417403221130371,6.192605,5.5665135,6.3090367,6.3638496,6.438553,6.2850714
bace_p3_arg368_in_molecule_8f,-7.462430953979492,6.5249925,5.9660764,6.4925756,6.8514137,6.7379084,6.5769897
bace_p3_arg368_in_molecule_8g,-10.35463523864746,6.3830113,5.750447,6.4811316,6.5823402,6.693334,6.407802
bace_p3_arg368_in_molecule_17a,-10.94126033782959,6.4200044,5.5962224,6.6929965,6.3551736,6.7585697,6.69706
bace_p3_arg368_in_molecule_17b,-11.5824556350708,6.115213,5.7117295,6.4063764,6.0276256,6.2928643,6.1374707
bace_p3_arg368_in_molecule_17c,-11.74616527557373,5.926063,5.520301,6.136707,5.82167,6.1286116,6.0230274
bace_p3_arg368_in_molecule_17d,-11.391462326049805,6.306234,5.7155495,6.4093747,6.389664,6.6331663,6.3834143
bace_p3_arg368_in_molecule_17e,-11.95080280303955,6.3588257,5.768356,6.456872,6.490908,6.6742244,6.4037676
bace_p3_arg368_in_molecule_17f,-11.637025833129885,6.6567473,6.1160283,6.580971,6.9394827,6.9325356,6.7147202
bace_p3_arg368_in_molecule_17g,-11.118612289428713,6.5091414,5.9491863,6.544407,6.6957965,6.8457947,6.510521
bace_p3_arg368_in_molecule_27a,-9.154098510742188,6.340397,5.6774487,6.4397206,6.3312554,6.7211165,6.532442
bace_p3_arg368_in_molecule_27b,-9.972644805908203,6.136218,5.8838096,6.3555155,6.0042005,6.2678237,6.169742
bace_p3_arg368_in_molecule_27c,-10.013572692871094,5.7568183,5.672743,5.633001,5.596912,5.982992,5.8984437
bace_p3_arg368_in_molecule_27d,-9.276880264282228,6.3308325,5.847232,6.4162736,6.3535004,6.609668,6.427489
bace_p3_arg368_in_molecule_27e,-9.358736038208008,6.2797,5.9479327,6.1463475,6.385652,6.508627,6.409938
bace_p3_arg368_in_molecule_27f,-9.099527359008787,6.677218,6.2550654,6.5173163,6.937084,6.9498196,6.7268057
bace_p3_arg368_in_molecule_27g,-12.250936508178713,6.533006,6.038414,6.522994,6.675343,6.884112,6.544167
bace_ciordia_prospective_molecule_spiro16,-8.180000305175781,5.513402,5.5973754,5.4469757,5.4213557,5.491258,5.610042
bace_ciordia_prospective_molecule_spiro5,-7.760000228881836,5.908169,5.8192058,6.0155907,5.8261714,5.8817363,5.9981375
bace_ciordia_prospective_molecule_spiro2,-7.03000020980835,5.3449235,5.488781,5.3126574,5.2504683,5.2076917,5.4650197
bace_ciordia_prospective_molecule_spiro10,-8.5,6.471659,6.323738,6.565701,6.459398,6.4751177,6.5343394
bace_ciordia_prospective_molecule_spiro3,-8.979999542236328,5.6627197,5.7320743,5.667596,5.4941835,5.644149,5.7755957
bace_ciordia_prospective_molecule_spiro6,-9.529999732971191,5.7200027,5.8081093,5.784254,5.5538344,5.592008,5.861807
bace_ciordia_prospective_molecule_spiro4,-7.619999885559082,5.8704915,5.7831903,5.913939,5.8327737,5.8885255,5.934029
bace_ciordia_prospective_molecule_spiro1,-7.519999980926514,5.4298487,5.541154,5.4544587,5.327959,5.3334756,5.4921956
bace_ciordia_prospective_molecule_spiro15,-9.050000190734863,5.6494036,5.7063766,5.7317653,5.522254,5.5707545,5.715868
renin_customcore_molecule_b1i5k_xray,-11.867584228515623,7.1182966,6.84137,6.9969554,7.126071,7.2511764,7.3759084
renin_customcore_molecule_b1i5j,-11.456809043884276,6.541938,6.549914,6.3186154,6.5674644,6.579624,6.694073
renin_customcore_molecule_b1i2n,-10.976457595825195,6.3719506,6.2819786,6.0927744,6.47915,6.3808713,6.6249785
renin_customcore_molecule_b1i5i,-11.456809043884276,6.5626845,6.5784745,6.3122654,6.5642486,6.6249614,6.733472
renin_customcore_molecule_b1i5h,-10.805927276611328,7.2718935,6.892082,7.1940956,7.3840265,7.373102,7.5161614
renin_customcore_molecule_b1i5l,-9.65300178527832,6.44966,6.4550247,6.214019,6.4556804,6.461624,6.661949
renin_customcore_molecule_b1i5n,-10.243584632873535,7.026142,6.8339777,6.8146906,7.1586947,7.177009,7.146339
renin_customcore_molecule_b1a2m,-9.60566234588623,5.986683,6.0173903,5.745964,6.067875,5.915688,6.1864967
renin_customcore_molecule_b1i2o,-10.565683364868164,6.323868,6.2800627,6.031674,6.4392834,6.246315,6.6220036
renin_customcore_molecule_b1i5o,-10.03608226776123,7.1870956,6.939407,7.0714645,7.316293,7.212083,7.396233
renin_customcore_molecule_b1i4i,-8.79079818725586,6.8770914,6.6165876,6.674656,6.957439,6.97765,7.1591253
renin_customcore_molecule_b1i4e,-10.188878059387209,6.3282213,6.0908136,6.0046606,6.443456,6.3823805,6.719795
renin_customcore_molecule_b1i4g,-8.354374885559082,6.6058807,6.1283536,6.4358172,6.5893717,6.678108,7.1977525
renin_customcore_molecule_b1i1,-7.394491195678711,5.6665635,5.820205,5.2635207,5.601413,5.6926265,5.9550505
renin_customcore_molecule_b1i2a,-8.699529647827148,5.7514467,5.7534275,5.5529294,5.7597675,5.6574674,6.033642
renin_customcore_molecule_b1i2e,-10.474414825439451,6.287938,6.0754895,6.2578125,6.2549787,6.3014264,6.549985
renin_customcore_molecule_b1i2i,-9.814119338989258,6.2782474,6.1522546,6.0632257,6.361537,6.2191005,6.595118
renin_customcore_molecule_b1i2j,-11.324613571166992,6.347001,6.1261053,6.257379,6.317739,6.362947,6.6708336
renin_customcore_molecule_b1i5c,-11.867584228515623,6.644923,6.486566,6.5262246,6.6287904,6.6611934,6.921844
renin_customcore_molecule_b1i5b,-8.007719993591309,7.072604,6.7309356,7.000958,7.1315866,7.1867633,7.3127766
renin_customcore_molecule_b1i2k,-10.63553237915039,6.3332834,6.1136622,6.24974,6.312694,6.336823,6.6534986
renin_customcore_molecule_b1i2h,-9.823533058166504,5.8205185,5.8132305,5.588433,5.8836684,5.760229,6.0570307
renin_customcore_molecule_b1i2g,-8.338004112243652,6.001181,5.970711,5.80794,6.052718,5.9395847,6.2349505
renin_customcore_molecule_b1i4b,-8.390936851501465,5.8226943,5.812892,5.572869,5.8756948,5.727775,6.1242414
renin_customcore_molecule_b1i5a,-10.395288467407228,6.9467134,6.6022925,6.9030933,7.0622993,6.9720573,7.193822
renin_customcore_molecule_b1i2d,-8.413992881774902,6.184705,6.200197,5.929467,6.2575974,6.1487794,6.387482
renin_customcore_molecule_b1i4a,-7.235419750213623,5.7331524,5.7251396,5.532158,5.7074904,5.647763,6.053211
renin_customcore_molecule_b1i5d,-11.216565132141112,6.5625367,6.3628488,6.5751376,6.4885426,6.558017,6.828136
renin_customcore_molecule_b1i2c,-6.883717060089111,5.8470063,5.825852,5.607291,5.9058747,5.752306,6.143708
hne_molecule_6,-7.032558917999268,6.5924654,6.2780538,6.447016,6.8112526,6.6610622,6.7649407
hne_molecule_14,-10.325488090515137,6.764743,6.3129163,6.8338675,7.0075755,6.8037133,6.865644
hne_molecule_15,-12.27822208404541,6.9593225,6.4071813,6.9418626,7.274514,7.0064483,7.166605
hne_molecule_16,-11.838635444641112,6.989423,6.517505,6.9826427,7.2609982,6.981527,7.204438
hne_molecule_17,-11.41401481628418,6.8235803,6.3328104,6.816936,7.102914,7.038137,6.827104
hne_molecule_18,-10.75852870941162,6.467389,6.15297,6.666227,6.4637814,6.4254274,6.628542
hne_molecule_19,-11.53597927093506,6.719232,6.4005213,6.727613,6.760412,6.735832,6.9717846
hne_molecule_20,-10.5032958984375,6.436405,6.123958,6.6415844,6.4588847,6.407232,6.550367
hne_molecule_21,-12.27822208404541,6.816995,6.535367,6.8380823,6.836232,6.88442,6.990873
hne_molecule_22,-11.36131477355957,6.3817544,6.080661,6.5176983,6.4899244,6.320656,6.499831
hne_molecule_23,-10.371087074279783,6.6158648,6.3128715,6.6029286,6.7357526,6.666133,6.761639
hne_molecule_25,-11.999752044677734,6.6085405,6.2878647,6.700387,6.7142124,6.4886312,6.851605
hne_molecule_26,-12.580878257751465,6.4008303,6.0842633,6.561416,6.567487,6.3220735,6.4689116
hne_molecule_27,-14.488014221191406,6.6247573,6.295813,6.732602,6.7999454,6.4707975,6.8246255
hne_molecule_28,-12.643302917480469,6.602826,6.3268185,6.794143,6.720514,6.4430666,6.729586
hne_molecule_29,-13.897701263427734,6.7688913,6.479083,6.929338,6.854072,6.6016545,6.9803085
hne_molecule_30,-13.099580764770508,6.7963552,6.5948815,6.8897696,6.89866,6.7837067,6.8147573
hne_molecule_21_neutral,-12.27822208404541,6.816995,6.535367,6.8380823,6.836232,6.88442,6.990873
hne_molecule_19_neutral,-11.53597927093506,6.719232,6.4005213,6.727613,6.760412,6.735832,6.9717846
hne_molecule_16_neutral,-11.838635444641112,6.989423,6.517505,6.9826427,7.2609982,6.981527,7.204438
hfaah_molecule_6MRG_ligand,-10.287250518798828,6.5531373,6.388868,6.546679,6.461491,6.4893847,6.879265
hfaah_molecule_fig_3,-10.59958553314209,6.270594,6.0313315,6.22995,6.2719154,6.368038,6.4517355
hfaah_molecule_2,-8.665205001831055,6.0402904,6.03059,6.085254,5.95609,6.0340457,6.0954723
hfaah_molecule_4,-11.324654579162598,6.188982,6.177454,6.221138,6.13574,6.218428,6.1921506
hfaah_molecule_6,-10.420489311218262,5.923378,5.8450637,5.9699416,5.853487,5.9347067,6.013692
hfaah_molecule_9,-10.565720558166504,6.401639,6.111571,6.357284,6.425628,6.529748,6.5839615
hfaah_molecule_11,-12.122775077819824,6.174121,6.1216326,6.2083106,6.0490627,6.2194333,6.2721667
hfaah_molecule_12,-11.046184539794922,5.9262934,5.8450637,5.9699416,5.851365,5.9347067,6.030389
hfaah_molecule_15,-8.590265274047852,5.9636693,5.854818,6.04641,5.897357,6.024322,5.9954395
hfaah_molecule_14,-7.842516899108887,5.89562,5.8450637,5.9699416,5.824316,5.885166,5.9536138
hfaah_molecule_19,-7.972322940826416,6.321531,6.1486697,6.3912587,6.372575,6.358593,6.3365593
hfaah_molecule_20,-6.821234703063965,6.1803074,6.1241603,6.252498,6.1680093,6.1691847,6.1876845
hfaah_molecule_22,-9.97237777709961,6.720172,6.4509373,6.7019515,6.7403765,6.878818,6.8287787
hfaah_molecule_23,-10.67374324798584,6.4776535,6.1181583,6.3662057,6.559818,6.619918,6.7241683
hfaah_molecule_24,-11.627310752868652,6.729669,6.393428,6.62646,6.7827234,6.918979,6.926754
hfaah_molecule_25,-12.03799057006836,6.930342,6.52299,6.879475,7.0569344,7.072551,7.119758
hfaah_molecule_26,-10.67374324798584,6.7493653,6.478307,6.7111545,6.7161117,6.918882,6.9223695
hfaah_molecule_27,-11.187724113464355,6.6128626,6.220372,6.4993243,6.7070413,6.7933598,6.844214
hfaah_molecule_28,-11.589073181152344,6.07217,5.9599457,6.0260296,6.108337,6.052968,6.2135677
hfaah_molecule_29,-10.805952072143556,6.1800904,6.0152416,6.156312,6.1731243,6.168322,6.3874536
hfaah_molecule_30,-9.903937339782717,6.3343763,6.132676,6.3597836,6.3769636,6.2745724,6.527886
hfaah_molecule_31,-11.290130615234377,6.368907,6.0757694,6.309311,6.490904,6.348207,6.6203437
hfaah_molecule_33__Saha_2018_,-9.73618984222412,6.560942,6.350254,6.4796853,6.657459,6.498586,6.8187256
hfaah_molecule_39,-10.71462059020996,6.6047897,6.363363,6.5611243,6.700121,6.5536647,6.8456783
hiv_prot_ekegren_molecule_1,-11.759520530700684,6.329471,6.219285,6.465978,6.4002514,6.408829,6.1530128
hiv_prot_ekegren_molecule_9,-10.5032958984375,6.3643904,6.206841,6.479861,6.4773197,6.4137983,6.244134
hiv_prot_ekegren_molecule_10,-10.805952072143556,6.3610234,6.247736,6.4892077,6.4339957,6.38591,6.2482657
hiv_prot_ekegren_molecule_11__2cen_,-11.324654579162598,6.3641543,6.246309,6.4892077,6.4371123,6.3844647,6.2636795
hiv_prot_ekegren_molecule_12,-11.268184661865234,6.3691397,6.2648053,6.4947443,6.459316,6.3953295,6.2315
hiv_prot_ekegren_molecule_13,-10.857505798339844,6.3409534,6.2236214,6.4816313,6.3893223,6.4204054,6.1897864
hiv_prot_ekegren_molecule_14,-10.67374324798584,6.3246555,6.224932,6.420721,6.3896585,6.4004407,6.187527
hiv_prot_ekegren_molecule_15,-10.976399421691896,6.324857,6.255175,6.43416,6.368557,6.3801384,6.186256
hiv_prot_ekegren_molecule_16,-11.061184883117676,6.327287,6.2470427,6.420721,6.387282,6.4004407,6.180951
hiv_prot_ekegren_molecule_17,-11.48725414276123,6.612264,6.5677114,6.726926,6.601175,6.5971055,6.568403
hiv_prot_ekegren_molecule_18,-11.838635444641112,6.377145,6.244495,6.4913836,6.501868,6.398094,6.2498837
hiv_prot_ekegren_molecule_19,-10.857505798339844,6.5740213,6.4214587,6.763547,6.603135,6.5286083,6.5533576
hiv_prot_ekegren_molecule_20,-11.53597927093506,6.451899,6.3753986,6.567185,6.542753,6.4696836,6.3044724
cdk8_koehler_molecule_12,-9.83295726776123,5.7582865,5.517464,5.732176,5.9653683,5.680652,5.89577
cdk8_koehler_molecule_13,-11.19720458984375,5.6404448,5.295629,5.685994,5.88299,5.5729394,5.7646723
cdk8_koehler_molecule_14,-11.031554222106934,5.7523036,5.4921193,5.820475,5.9479055,5.6668644,5.834154
cdk8_koehler_molecule_15,-9.720175743103027,5.877927,5.6005964,5.8630934,6.048647,5.9163194,5.960977
cdk8_koehler_molecule_16,-10.635504722595217,6.028215,5.718761,6.1111603,6.2209077,6.0096993,6.0805483
cdk8_koehler_molecule_17,-10.395273208618164,5.7778177,5.547037,5.824599,5.9514523,5.7155056,5.850495
cdk8_koehler_molecule_19,-10.224825859069824,5.781188,5.438548,5.7757506,6.007834,5.807808,5.876
cdk8_koehler_molecule_20,-10.28314971923828,6.062013,5.7377505,6.0831046,6.3181534,6.045742,6.125316
cdk8_koehler_molecule_21,-9.862342834472656,5.7496643,5.5133457,5.759561,5.98899,5.6353855,5.851039
cdk8_koehler_molecule_22,-11.290130615234377,5.6603155,5.467602,5.6635337,5.8531394,5.5576468,5.759654
galectin3_extra_molecule_18a,-6.327748299,6.4275856,6.1501627,6.4117785,6.312091,6.501159,6.762738
galectin3_extra_molecule_18b,-7.460412979,6.43397,6.137678,6.42598,6.319701,6.521796,6.764694
galectin3_extra_molecule_18d,-6.764764786,6.423513,6.137678,6.42598,6.302333,6.491342,6.7602344
galectin3_extra_molecule_18e,-6.472980022,6.801216,6.4119196,6.820507,6.8900814,6.7871795,7.0963902
galectin3_extra_molecule_18f,-5.532726765,6.9106574,6.53711,6.932646,7.0590425,6.935741,7.0887485
galectin3_extra_molecule_18g,-6.472980022,6.6244836,6.3357496,6.735795,6.598033,6.598706,6.8541336
galectin3_extra_molecule_18h,-5.999876022,6.7095323,6.387846,6.777909,6.654356,6.7523417,6.9752088
galectin3_extra_molecule_18i,-4.806076527,7.0240493,6.8166757,6.840472,6.9551835,7.1033354,7.4045773
galectin3_extra_molecule_17m,-4.104710579,6.1639357,6.2200055,6.23581,5.8951616,6.0288925,6.439808
galectin3_extra_molecule_17q,-4.9898386,5.9799795,5.893572,6.0244145,5.8250427,5.991729,6.1651425
galectin3_extra_molecule_17r,-4.749606609,5.991206,5.9563746,6.027088,5.8364043,5.9713135,6.164851
galectin3_extra_molecule_17n,-4.914099216,6.0860476,5.9204693,6.1765037,5.8970804,6.049216,6.386971
galectin3_extra_molecule_17p,-5.046308517,6.0138917,5.920983,6.0706635,5.8494782,5.9423366,6.2859983
galectin3_extra_molecule_17o,-5.1087327,5.9856462,5.8791394,6.0428333,5.833994,5.9449267,6.227337
galectin3_extra_molecule_17f,-6.581002712,6.1290765,5.9267035,6.193527,6.027329,6.002766,6.495055
galectin3_extra_molecule_17e,-6.896974087,6.188353,6.0240173,6.2188787,6.067796,6.1468625,6.484212
galectin3_extra_molecule_17g,-7.208675861,6.2867103,6.104658,6.32568,6.124207,6.300479,6.57853
galectin3_extra_molecule_17a,-5.532726765,5.964548,5.936073,5.9876223,5.80912,5.9328656,6.15706
galectin3_extra_molecule_17j,-6.440945625,6.194668,6.0418105,6.2147512,6.104233,6.1116643,6.5008817
galectin3_extra_molecule_17l,-5.943406105,6.036538,5.9134893,6.02316,5.9363904,5.9958057,6.313847
galectin3_extra_molecule_17c,-6.354085445,6.1179647,5.9357133,6.1939497,6.033616,6.017514,6.4090304
galectin3_extra_molecule_17k,-6.621879578,6.367224,6.213025,6.4259686,6.238415,6.2686834,6.690029
galectin3_extra_molecule_17b,-5.506390095,5.983572,5.8900375,6.0563555,5.85763,5.953451,6.1603856
galectin3_extra_molecule_17h_flip,-6.327748299,6.139737,5.9698024,6.1514072,6.1397424,6.0247574,6.412975
galectin3_extra_molecule_17i,-5.943406105,6.28251,6.1138015,6.382889,6.1680965,6.1339216,6.61384
galectin3_extra_molecule_17d,-6.150896072,6.0414176,5.9134893,6.02316,5.9540114,5.9958057,6.320621
btk_extra_flip_molecule_2,-7.687934875488281,4.675809,4.6470594,4.8716626,4.5849037,4.470221,4.8051977
btk_extra_flip_molecule_7,-9.084606170654297,5.8846273,5.861876,6.0211754,5.6988792,5.816685,6.0245237
btk_extra_flip_molecule_8,-9.606385231018066,5.8242354,5.8623176,5.953684,5.646489,5.8198237,5.838863
btk_extra_flip_molecule_9_flip,-8.33090591430664,5.835997,5.8127637,5.9968886,5.6899605,5.7480555,5.932317
btk_extra_flip_molecule_10,-10.870059967041016,5.9534073,5.9647818,5.9698424,5.9107933,5.936232,5.9853883
btk_extra_flip_molecule_11,-11.524829864501951,6.3371835,6.2550974,6.3480115,6.288757,6.4579463,6.3361034
cr_bace1_molecule_4,0.4099999964237213,5.5224977,5.4111266,5.6469,5.454804,5.408199,5.6914577
cr_bace1_molecule_1,-0.9900000095367432,5.444227,5.386287,5.5007763,5.363279,5.3295918,5.6412015
cr_bace1_molecule_3,-0.8899999856948853,5.519808,5.4492946,5.66381,5.4373713,5.365793,5.6827703
cr_bace1_molecule_7,0.9100000262260436,5.4850698,5.49839,5.4587812,5.456301,5.3169537,5.694921
cr_bace1_molecule_9R,0.7099999785423279,5.6722364,5.5440006,5.6901455,5.751936,5.538037,5.837064
cr_bace1_molecule_5,0.9100000262260436,5.40598,5.319698,5.4721217,5.408944,5.3211274,5.5080094
cr_bace1_molecule_10,-0.2899999916553497,5.675826,5.572443,5.572045,5.6394653,5.637257,5.95792
cr_bace1_molecule_6,-1.7899999618530271,5.5873055,5.460662,5.519867,5.619925,5.543396,5.792678
cr_bace1_molecule_2,-0.1899999976158142,5.6979384,5.421367,5.8385873,5.7429295,5.610707,5.876103
cr_bace1_molecule_9S,1.809999942779541,5.7349896,5.5763693,5.768826,5.830595,5.6155586,5.883598
cr_bace1_molecule_8,-0.5899999737739563,5.488688,5.5419908,5.484528,5.4610186,5.303451,5.65245
hc_bace1_molecule_22256_26_0_ligand,-6.960000038146973,6.473204,6.308692,6.383152,6.4347324,6.6005073,6.638935
hc_bace1_molecule_22250_20_0_ligand,-8.109999656677246,6.2713265,6.215696,6.313323,6.1313386,6.2674265,6.4288473
hc_bace1_molecule_22251_21_0_ligand,-9.40999984741211,6.25948,6.152317,6.338243,6.0959163,6.2826257,6.4282975
hc_bace1_molecule_19677_19_0_ligand,-9.829999923706056,6.45039,6.3788786,6.339683,6.3911395,6.5775747,6.564673
hc_bace1_molecule_22254_24_0_ligand,-9.470000267028809,6.158286,6.1757135,6.179156,6.024517,6.194297,6.2177477
hc_bace1_molecule_22252_22_0_ligand,-10.010000228881836,6.1556945,6.1913667,6.1487575,6.052292,6.1834884,6.2025676
hc_bace1_molecule_22253_23_0_ligand,-8.75,6.1945653,6.242368,6.1682367,6.085495,6.2597556,6.2169704
fxa_yoshikawa_set_molecule_5f,-11.570840835571287,6.987849,6.726063,7.2600813,6.8741317,7.030326,7.048647
fxa_yoshikawa_set_molecule_5g,-10.17173194885254,7.38826,6.8911495,7.7873583,7.110069,7.5223074,7.630419
fxa_yoshikawa_set_molecule_5e,-8.26799201965332,6.9774857,6.705113,7.2600813,6.869418,7.0213213,7.031493
fxa_yoshikawa_set_molecule_5i,-10.805952072143556,7.333056,7.297727,7.3505964,7.25702,7.5373607,7.2225776
fxa_yoshikawa_set_molecule_5b,-7.364122867584228,7.0077295,6.7987127,7.280724,6.9066386,7.029129,7.0234404
fxa_yoshikawa_set_molecule_5h,-12.7782621383667,7.672145,7.49981,7.809455,7.692387,7.8601837,7.4988914
fxa_yoshikawa_set_molecule_5a,-11.24702262878418,6.980336,6.8175106,7.27532,6.8152623,7.033503,6.960083
fxa_yoshikawa_set_molecule_5k,-11.336624145507812,7.073262,6.9633574,7.244076,6.984887,7.0324717,7.141518
fxa_yoshikawa_set_molecule_5d,-11.44223403930664,7.004875,6.7919793,7.2974753,6.8738375,7.0284276,7.0326595
fxa_yoshikawa_set_molecule_5c,-11.627310752868652,7.003446,6.7756834,7.294128,6.8857923,7.036677,7.0249534
fxa_yoshikawa_set_molecule_8e,-11.169207572937012,6.975188,6.753202,7.330354,6.786042,6.990318,7.0160227
fxa_yoshikawa_set_molecule_8b,-8.129011154174805,7.3637443,6.814505,7.8439236,7.0798197,7.447708,7.6327653
fxa_yoshikawa_set_molecule_8d,-7.691995143890381,7.02851,6.7845793,7.3485036,6.894815,7.020081,7.094571
fxa_yoshikawa_set_molecule_8c,-7.805192470550537,7.3847938,6.887801,7.8982205,7.0511365,7.472155,7.6146564
fxa_yoshikawa_set_molecule_8g,-9.903937339782717,6.968297,6.76246,7.330887,6.7816277,6.9455857,7.020925
fxa_yoshikawa_set_molecule_A_cor,-11.784735679626465,6.948027,6.7507772,7.2335534,6.7488766,6.9942794,7.012648
fxa_yoshikawa_set_molecule_8f,-9.769577980041504,6.962434,6.7144575,7.2771225,6.781384,6.9733,7.065904
fxa_yoshikawa_set_molecule_8a,-9.441705703735352,6.992987,6.5914974,7.313381,6.8625135,7.0314317,7.1661134
fxa_yoshikawa_set_molecule_8h,-12.078866958618164,7.651287,7.3901825,7.9153085,7.66163,7.838455,7.4508595
fxa_yoshikawa_set_molecule_8i,-9.97237777709961,7.0667305,6.909085,7.325123,6.824388,7.12608,7.1489763
fxa_yoshikawa_set_molecule_8j,-11.53597927093506,7.0354714,6.9450574,7.3016872,6.7364783,7.0985184,7.0956163
fxa_yoshikawa_set_molecule_8k,-11.348840713500977,7.0326242,6.9450574,7.309841,6.7196345,7.0985184,7.0900683
fxa_yoshikawa_set_molecule_8l,-11.24702262878418,7.046895,6.9768357,7.316076,6.7115526,7.1057982,7.124212
fxa_yoshikawa_set_molecule_8m,-11.838635444641112,7.0824747,7.0535817,7.2943845,6.788795,7.128279,7.1473327
fxa_yoshikawa_set_molecule_8n,-10.138808250427246,7.3740373,7.2265506,7.5402756,7.2514215,7.4372115,7.4147267
fxa_yoshikawa_set_molecule_8o,-10.67374324798584,6.775859,6.569307,6.937994,6.5881166,6.89432,6.8895607
fxa_yoshikawa_set_molecule_8p,-11.589073181152344,6.76658,6.569307,6.946148,6.551427,6.886464,6.879553
cr_bace2_molecule_22,1.2599999904632568,5.612957,5.473049,5.6368175,5.670852,5.5488496,5.735217
cr_bace2_molecule_16,-0.3400000035762787,5.4658113,5.365235,5.5548196,5.456383,5.3218737,5.630745
cr_bace2_molecule_11,-1.2400000095367432,5.4798274,5.3598123,5.4910054,5.5058217,5.3551035,5.6873956
cr_bace2_molecule_21,1.4600000381469729,5.6263413,5.463232,5.686543,5.6877165,5.5333257,5.760891
cr_bace2_molecule_24,3.1600000858306885,5.590682,5.4681964,5.600301,5.605453,5.5163736,5.7630863
cr_bace2_molecule_12,-0.5400000214576721,5.462502,5.362762,5.531836,5.472858,5.3175273,5.6275253
cr_bace2_molecule_20,-0.9399999976158142,5.5440087,5.4443436,5.5722528,5.5400267,5.450426,5.712996
cr_bace2_molecule_19,-1.1399999856948853,5.5059824,5.4300756,5.5198507,5.5149207,5.3726287,5.692436
cr_bace2_molecule_13,-1.2400000095367432,5.450551,5.3655033,5.520685,5.420776,5.316368,5.629422
cr_bace2_molecule_23,1.3600000143051147,5.867851,5.51311,5.948012,5.9942837,5.878065,6.0057836
cr_bace2_molecule_15,-0.7400000095367432,5.4558687,5.363744,5.5300484,5.4429083,5.3156347,5.627009
cr_bace2_molecule_14,-1.0399999618530271,5.4924235,5.3821282,5.5374827,5.490655,5.35788,5.6939716
fxa_set3_molecule_20814_6,-10.529999732971191,6.2982626,6.237735,6.379607,6.2723885,6.2147493,6.3868337
fxa_set3_molecule_20539_10,-11.18000030517578,6.267166,6.211207,6.313974,6.2180705,6.1808352,6.4117427
fxa_set3_molecule_20820_11,-10.829999923706056,6.330031,6.307286,6.3289504,6.28827,6.1857696,6.5398765
fxa_set3_molecule_20819_8,-11.18000030517578,6.284556,6.21119,6.348631,6.271509,6.1762757,6.4151754
fxa_set6_molecule_21083,-6.530872344970703,6.6385164,6.299739,6.6633735,6.4025846,6.907979,6.9189067
fxa_set6_molecule_21084,-7.469595909118652,6.649386,6.3357925,6.5928254,6.405011,6.86033,7.0529704
fxa_set6_molecule_21085,-8.053603172302246,6.685973,6.4032097,6.7304573,6.420692,6.873672,7.001835
fxa_set6_molecule_21086,-11.29120922088623,6.619563,6.3557158,6.655074,6.354196,6.7937727,6.939058
fxa_set6_molecule_20524_2j95_cys,-11.423027992248535,6.6058855,6.3892503,6.5585546,6.373545,6.782197,6.9258795
fxa_set6_molecule_21087,-11.832493782043455,6.5951104,6.344389,6.5989594,6.3337846,6.7886252,6.9097924
fxa_set5_molecule_20705_cys,-10.90999984741211,6.7880316,6.7850933,7.0761824,6.768858,6.67805,6.6319733
fxa_set5_molecule_21331,-10.770000457763672,6.759816,6.8180194,7.053525,6.678003,6.7000337,6.549498
hc_bace2_molecule_37_0_ligand,-6.789999961853027,6.0708313,6.1230993,6.1221066,5.918215,6.0618434,6.128892
hc_bace2_molecule_35_0_ligand,-7.960000038146973,6.4725227,6.2984667,6.3988066,6.387235,6.5954156,6.6826887
hc_bace2_molecule_39_0_ligand,-8.970000267028809,6.5753145,6.451716,6.4700885,6.4578114,6.758277,6.738676
hc_bace2_molecule_34_0_ligand,-8.0,6.6662164,6.353599,6.639189,6.436208,6.795251,7.106835
hc_bace2_molecule_40_0_ligand,-8.0,6.751404,6.455138,6.726608,6.5414257,6.892261,7.1415854
hc_bace2_molecule_30_0_ligand,-8.1899995803833,6.049153,6.0853395,6.095738,5.90998,6.038052,6.116655
hc_bace2_molecule_33_0_ligand,-8.270000457763672,6.540455,6.4090395,6.445222,6.405452,6.709155,6.733406
hc_bace2_molecule_41_0_ligand,-8.149999618530273,6.5650053,6.431301,6.479054,6.47082,6.6757174,6.768135
hc_bace2_molecule_42_0_ligand,-8.319999694824219,6.8674073,6.496638,6.8146744,6.6043267,7.0975423,7.3238554
hc_bace2_molecule_44_0_ligand,-8.359999656677246,6.6074343,6.383142,6.531381,6.4258165,6.720256,6.976575
fxa_set4_molecule_1s,-9.579999923706056,6.712677,6.6131597,6.7802796,6.497072,6.7960153,6.8768587
fxa_set4_molecule_21080_1j,-9.229999542236328,6.7380548,6.6037273,6.85387,6.547092,6.759021,6.926562
fxa_set4_molecule_21030_1o,-8.899999618530273,6.8555846,6.700372,7.0829806,6.537981,6.92599,7.0305977
fxa_set4_molecule_21028_1r,-9.449999809265137,6.7719398,6.6254544,6.9815826,6.47007,6.8227677,6.959825
fxa_set4_molecule_21027_1q,-7.309999942779541,6.712587,6.5826473,6.8647647,6.452735,6.753706,6.9090815
fxa_set4_molecule_1t,-9.199999809265137,6.765033,6.6899333,6.8683047,6.4910727,6.853569,6.9222865
fxa_set4_molecule_16352_1e,-10.630000114440918,6.7531385,6.680628,6.8147054,6.525894,6.7809806,6.9634867
fxa_set4_molecule_21081_1k,-7.53000020980835,6.7774596,6.634436,6.848022,6.604203,6.7984457,7.0021887
fxa_set4_molecule_21031_1p,-8.300000190734863,6.7705956,6.650445,6.9724646,6.4909697,6.8263965,6.9127016
fxa_set4_molecule_16353_1d,-9.960000038146973,6.754164,6.6601496,6.8029532,6.535988,6.792965,6.978764
fxa_set4_molecule_21082_1l,-7.389999866485596,6.753521,6.629153,6.8676205,6.4968653,6.7963095,6.9776564
chk1_set2_molecule_17374_cys,-12.49643898010254,6.7736444,6.8592987,6.674707,6.740765,6.810544,6.7829065
chk1_set2_molecule_17509,-11.380305290222168,7.3274393,7.3061237,7.1236153,7.3454957,7.511426,7.3505354
chk1_set3_molecule_23882,-10.881742477416992,5.1883993,5.161987,5.226896,5.2230716,5.227591,5.1024537
chk1_set3_molecule_23703_cys,-11.092443466186523,5.17984,5.139455,5.262253,5.1289225,5.250569,5.118002
chk1_set3_molecule_23864,-11.423027992248535,5.15349,5.1420345,5.21145,5.098264,5.246531,5.0691695
chk1_set3_molecule_23863,-11.183505058288574,5.145012,5.142022,5.1992865,5.0780277,5.229536,5.0761876
chk1_set7_molecule_19997,-10.774039268493652,7.3695693,7.083702,7.4573545,7.3681254,7.2870164,7.6516514
chk1_set7_molecule_19998,-8.94359302520752,7.371385,7.083702,7.4573545,7.377203,7.2870164,7.6516514
chk1_set7_molecule_19934_cys,-10.726755142211914,7.371385,7.083702,7.4573545,7.377203,7.2870164,7.6516514
chk1_set6_molecule_23708_cys,-9.6899995803833,6.534955,6.402664,6.6252685,6.236815,6.667834,6.742192
chk1_set6_molecule_13,-6.420000076293945,7.578911,7.216774,7.381502,7.3464684,8.026328,7.9234796
chk1_set6_molecule_15,-7.510000228881836,6.5583596,6.332658,6.553496,6.284258,6.797696,6.82369
chk1_set4_molecule_23704_cys,-11.29120922088623,5.086129,5.1027646,5.168094,5.0239277,5.109227,5.026631
chk1_set4_molecule_23873,-10.825439453125,5.1120276,5.14697,5.2141495,5.0158215,5.1504884,5.03271
chk1_set5_molecule_20315,-10.94398307800293,6.1607966,6.096653,6.3604565,6.1275744,6.094736,6.124563
chk1_set5_molecule_19939_cys,-11.592971801757812,6.142244,6.134458,6.358388,6.0194116,6.1516,6.0473638
chk1_set5_molecule_19940,-12.241960525512695,6.1499677,6.107308,6.3843026,6.0826597,6.108373,6.0671945
pb_bace3_molecule_22316,-7.876320838928223,6.326523,6.2355127,6.3203144,6.351647,6.3929553,6.3321843
pb_bace3_molecule_22320,-7.502553939819336,6.3073797,6.2157717,6.2825365,6.422451,6.319892,6.296249
pb_bace3_molecule_22319,-6.840160369873047,6.3708277,6.269444,6.3786716,6.461146,6.4156356,6.32924
pb_bace3_molecule_19678_cys,-8.607325553894043,6.332597,6.247007,6.3380713,6.3518863,6.4052563,6.3207617
chk1_set1_molecule_19967,-10.534516334533691,7.1588163,7.0900116,6.981516,7.3514013,7.2482553,7.122898
chk1_set1_molecule_17353_cys,-11.092443466186523,7.1305213,7.0984945,6.938772,7.2952466,7.24871,7.0713835
chk1_set1_molecule_19971,-10.340457916259766,7.11372,7.091962,6.91761,7.272587,7.2434025,7.043038
pfkfb3_automap_molecule_43,-7.997664928436279,6.150262,6.0642433,6.4694514,6.05273,6.0132704,6.1516104
pfkfb3_automap_molecule_30_flip_b,-9.198190689086914,7.399376,7.3577666,7.303696,7.503978,7.347026,7.484413
pfkfb3_automap_molecule_65,-9.487896919250488,6.387614,6.369466,6.6468263,6.2159133,6.221562,6.4842997
pfkfb3_automap_molecule_49,-7.934291839599609,6.1910024,6.1206865,6.4976077,6.10107,6.0318956,6.203753
pfkfb3_automap_molecule_24,-8.869909286499023,6.9324675,6.919536,6.9207172,6.8499694,6.8222613,7.1498528
pfkfb3_automap_molecule_67,-10.24363613128662,6.947316,6.8998165,6.900732,6.92819,6.9506073,7.0572343
pfkfb3_automap_molecule_62_flip,-7.691737651824951,6.8401003,6.6803255,6.9530854,6.6787553,6.819039,7.069296
pfkfb3_automap_molecule_56,-10.565720558166504,7.665763,7.5150237,7.494383,7.899181,7.673392,7.7468367
pfkfb3_automap_molecule_59,-8.1151704788208,6.883912,6.736423,7.0241575,6.6597548,6.7316146,7.267612
pfkfb3_automap_molecule_38,-8.758760452270508,6.3498206,6.2297487,6.658026,6.2533298,6.325522,6.282476
pfkfb3_automap_molecule_31,-9.282472610473633,7.146352,7.018233,7.259716,7.1122556,7.005146,7.3364105
pfkfb3_automap_molecule_48,-8.006359100341797,6.623378,6.466258,6.876383,6.5380936,6.5861573,6.649998
pfkfb3_automap_molecule_58,-9.133153915405272,6.9131002,6.802084,7.027442,6.69339,6.769756,7.2728295
pfkfb3_automap_molecule_41,-7.387692451477051,6.5076256,6.2887025,6.7320814,6.520578,6.439978,6.556789
pfkfb3_automap_molecule_29,-9.646018028259276,6.9825544,6.9275417,7.026703,6.9144464,6.850405,7.1936765
pfkfb3_automap_molecule_54,-8.179586410522461,7.197056,7.0596304,7.1944227,7.0911946,7.170247,7.4697833
pfkfb3_automap_molecule_47,-8.333451271057129,6.4192533,6.3396254,6.7229543,6.3459034,6.2335486,6.4542346
pfkfb3_automap_molecule_26,-9.169439315795898,6.803903,6.700596,6.782088,6.8395576,6.6432443,7.054031
pfkfb3_automap_molecule_55,-10.635504722595217,7.619686,7.4363875,7.437023,7.844517,7.632991,7.7475142
pfkfb3_automap_molecule_20,-8.51645278930664,6.4941483,6.3134937,6.7810593,6.523067,6.4146714,6.4384484
pfkfb3_automap_molecule_57,-10.474388122558594,7.0018682,6.9174485,6.940575,6.941277,6.8678684,7.342174
pfkfb3_automap_molecule_42,-8.466802597045898,6.1891847,6.093587,6.5251017,6.1399064,6.0724397,6.1148896
pfkfb3_automap_molecule_35,-10.138808250427246,7.0168405,6.950398,7.0486693,6.963839,6.88967,7.231628
pfkfb3_automap_molecule_44,-9.948675155639648,6.194168,6.106197,6.499718,6.095516,6.048057,6.221351
pfkfb3_automap_molecule_63,-8.561636924743652,6.3619623,6.386479,6.5340114,6.2141085,6.2019706,6.473242
pfkfb3_automap_molecule_69,-10.71462059020996,6.982165,6.7967496,7.0698457,6.9696474,6.9917407,7.0828385
pfkfb3_automap_molecule_52,-10.395273208618164,7.0060167,7.0084014,7.05298,6.9971304,6.7788143,7.1927576
pfkfb3_automap_molecule_19,-7.550787448883057,6.7971206,6.725117,6.841057,6.7612987,6.720033,6.9380956
pfkfb3_automap_molecule_68,-9.778227806091309,6.9783297,6.916763,7.0076756,6.915224,6.9747787,7.077204
pfkfb3_automap_molecule_33,-8.606922149658203,6.957471,6.9318266,6.9531903,6.9008236,6.8110437,7.190469
pfkfb3_automap_molecule_70,-10.30394172668457,7.2626214,6.8894167,7.432526,7.2318034,7.234121,7.525239
pfkfb3_automap_molecule_53,-6.997636318206787,7.12082,7.0802536,7.1354675,7.2290897,6.957155,7.202132
pfkfb3_automap_molecule_64,-9.42227840423584,6.4099145,6.423032,6.653585,6.263732,6.2077527,6.501474
pfkfb3_automap_molecule_39,-7.197502136230469,6.1178823,6.0326576,6.448908,6.024597,5.958224,6.125025
pfkfb3_automap_molecule_37,-9.99706745147705,7.3606653,7.2719183,7.330651,7.3347497,7.2807503,7.585257
pfkfb3_automap_molecule_23,-7.914463996887207,6.79282,6.7216616,6.8536134,6.767983,6.7025,6.918343
pfkfb3_automap_molecule_60_adjust,-8.143735885620117,7.2016625,7.004317,7.1607766,7.0229807,7.368229,7.4520097
pfkfb3_automap_molecule_34,-9.97237777709961,6.819163,6.7071457,6.8101344,6.8709245,6.626491,7.081118
pfkfb3_automap_molecule_36,-7.440536022186279,7.085994,7.061841,7.072977,7.0207343,6.972556,7.301859
pfkfb3_automap_molecule_46,-7.859359264373779,6.241539,6.1932592,6.482356,6.181647,6.106273,6.2441597
shp2_molecule_SHP099-1_Example_7,-9.75264835357666,7.243768,6.9673405,7.355973,7.3151836,7.2088146,7.37153
shp2_molecule_Example_22,-9.238834381103516,7.956029,7.6760964,8.083615,8.086347,7.902109,8.031976
shp2_molecule_Example_29,-7.622783184051514,6.849518,6.524208,6.8941755,7.0239973,6.7261686,7.0790424
shp2_molecule_11,-6.354085445404053,7.453907,7.1492777,7.5871882,7.469771,7.5177298,7.5455713
shp2_molecule_4,-5.822068691253662,7.471994,7.1195292,7.76688,7.5034747,7.466535,7.5035477
shp2_molecule_Example_2,-8.27622127532959,7.579694,7.178594,7.7885,7.7459106,7.5809116,7.6045513
shp2_molecule_Example_14,-9.778227806091309,6.855342,6.8355365,6.8491497,6.9317913,6.8276396,6.832592
shp2_molecule_Example_26,-8.959051132202148,7.905646,7.6062284,8.028406,7.9387126,7.916271,8.038612
shp2_molecule_SHP836-2,-6.713211536407471,7.676696,7.3206277,7.82754,7.8361897,7.7679157,7.631208
shp2_molecule_Example_6,-9.06926441192627,7.7424936,7.4484687,7.7084556,7.978364,7.726775,7.8504024
shp2_molecule_Example_1,-8.988177299499512,7.3976693,7.0769844,7.567743,7.455177,7.320082,7.568359
shp2_molecule_3,-5.462942123413086,7.195613,6.8383245,7.51387,7.395874,7.1364145,7.0935826
shp2_molecule_Example_9,-8.794095039367676,6.87045,6.828099,6.8251576,6.9378934,6.888209,6.872892
shp2_molecule_Example_8,-9.71232795715332,7.463497,7.1701884,7.443406,7.6678376,7.471663,7.5643916
shp2_molecule_7,-7.076467037200928,7.626645,7.2839437,7.8105454,7.6542153,7.6442847,7.740236
shp2_molecule_Example_24,-9.07721710205078,8.072451,7.6303988,8.262184,8.253781,8.049452,8.166434
shp2_molecule_Example_28,-8.457352638244629,6.9619665,6.659565,6.9297423,7.197495,6.9086275,7.1144023
shp2_molecule_10,-7.1542816162109375,7.017539,6.6920037,7.180745,7.1499243,6.9206076,7.144414
shp2_molecule_Example_25,-8.869909286499023,8.001417,7.6593137,8.112186,8.130322,7.964378,8.140888
shp2_molecule_Example_27,-8.51852798461914,7.7032456,7.3677397,7.833709,7.842761,7.782318,7.689703
shp2_molecule_6,-8.030035018920898,6.709672,6.735596,6.701765,6.5668864,6.737348,6.8067627
shp2_molecule_Example_30,-9.157095909118652,7.2910347,6.94229,7.430829,7.379099,7.270159,7.4327974
shp2_molecule_Example_5,-7.5630927085876465,8.017995,7.5576344,8.189799,8.209693,8.031042,8.101806
shp2_molecule_Example_4,-8.201089859008789,7.2081146,6.7510586,7.2188444,7.508348,7.168115,7.3942075
shp2_molecule_Example_23,-8.740339279174805,7.982348,7.6142354,8.107099,8.137222,7.9306774,8.122505
shp2_molecule_Example_3,-8.215871810913086,7.1541796,6.7436233,7.2850294,7.4042144,7.0061574,7.331872
cmet_molecule_CHEMBL3402753_200,-9.139049530029297,6.6843505,6.554051,6.88331,6.6041136,6.707279,6.672999
cmet_molecule_CHEMBL3402747_3400,-7.460412979125977,7.5995965,7.2653646,7.674402,7.685897,7.6592584,7.713062
cmet_molecule_CHEMBL3402744_300,-8.89881706237793,6.6665716,6.296648,6.692021,6.851297,6.8850036,6.607889
cmet_molecule_CHEMBL3402745_200,-9.139049530029297,6.8779955,6.6872954,6.895142,6.910083,7.0133834,6.884072
cmet_molecule_CHEMBL3402750_400,-8.72836971282959,6.8860655,6.870265,6.96423,6.864706,6.8463917,6.884735
cmet_molecule_CHEMBL3402743_42,-10.063709259033203,6.9056244,6.6530204,6.9685564,6.991856,7.1022444,6.8124475
cmet_molecule_CHEMBL3402752_30000,-6.170323371887207,6.837284,6.844521,6.9265766,6.7198772,6.8529058,6.8425393
cmet_molecule_CHEMBL3402755_4200,-7.33521556854248,6.956031,6.983438,6.9049144,6.939996,6.988051,6.963757
cmet_molecule_CHEMBL3402749_500,-8.596160888671875,7.167777,7.004838,7.3649416,7.085507,7.1278267,7.2557726
cmet_molecule_CHEMBL3402765_11-charged-pKa-8.1,-10.857505798339844,7.044046,6.7340517,7.1602793,7.044779,7.2306714,7.0504503
cmet_molecule_CHEMBL3402742_23,-10.420489311218262,7.021858,6.8448563,6.960082,6.978718,7.3231254,7.0025067
cmet_molecule_CHEMBL3402754_40,-10.09261703491211,6.84212,6.811089,6.9176965,6.7639356,6.869966,6.847912
cmet_molecule_CHEMBL3402748_5300,-7.197390079498291,6.6236124,6.489696,6.7610006,6.62999,6.6338263,6.6035514
cmet_molecule_CHEMBL3402741_400,-8.72836971282959,7.1760674,6.957419,7.0988445,7.2333026,7.439281,7.151489
cmet_molecule_CHEMBL3402763_90,-9.612153053283691,7.085364,6.8474817,7.158054,7.100214,7.2598085,7.0612583
cmet_molecule_CHEMBL3402764_90,-9.612153053283691,6.7678785,6.4611273,6.8522654,6.8450236,6.949469,6.7315083
cmet_molecule_CHEMBL3402751_2100,-7.745894908905029,6.882098,6.90877,6.95243,6.7946954,6.871995,6.882602
cmet_molecule_CHEMBL3402756_2.7_redocked,-11.689735412597656,7.187472,7.0829215,7.3240952,7.0025244,7.2508974,7.2769213
cmet_molecule_CHEMBL3402762_1_redocked,-12.27822208404541,7.3186226,7.3262224,7.352482,7.134099,7.478654,7.3016553
cmet_molecule_CHEMBL3402760_1_redocked,-12.27822208404541,7.204605,7.0939727,7.31502,7.092778,7.3007874,7.22047
cmet_molecule_CHEMBL3402757_6.5_redocked,-11.169207572937012,7.208403,7.0939727,7.31502,7.1049914,7.3007874,7.227244
cmet_molecule_CHEMBL3402761_1_redocked,-12.27822208404541,7.2428055,7.2331977,7.2366676,7.1864414,7.390186,7.1675324
cmet_molecule_CHEMBL3402758_10_redocked,-10.91397476196289,7.1242704,6.883009,7.2767787,7.088945,7.1906714,7.181947
cmet_molecule_CHEMBL3402759_5.7_redocked,-11.24702262878418,7.2959113,7.1936026,7.332182,7.243267,7.4020805,7.308427
eg5_extraprotomers_molecule_CHEMBL1078774,-10.662470817565918,6.491295,6.5079346,6.5836105,6.3807597,6.548626,6.4355435
eg5_extraprotomers_molecule_CHEMBL1093087,-10.59618091583252,5.702563,5.889833,5.593995,5.5294247,5.5824156,5.9171457
eg5_extraprotomers_molecule_CHEMBL1082249,-11.283177375793455,5.660367,5.8007054,5.589026,5.6987076,5.522835,5.690559
eg5_extraprotomers_molecule_CHEMBL1089393,-8.429832458496094,5.6299696,5.8308253,5.558963,5.524024,5.473459,5.7625775
eg5_extraprotomers_molecule_CHEMBL1078691,-10.24935531616211,6.3207808,6.4488397,6.372314,6.21177,6.3155513,6.2554293
eg5_extraprotomers_molecule_CHEMBL1086409,-9.931042671203612,5.879077,6.066769,5.8819294,5.6818657,5.8093314,5.95549
eg5_extraprotomers_molecule_CHEMBL1082248,-11.696293830871582,5.6535773,5.8327518,5.625475,5.5751944,5.509374,5.7250915
eg5_extraprotomers_molecule_CHEMBL1084678,-11.191304206848145,5.772525,6.0246572,5.605484,5.6472836,5.5928497,5.9923525
eg5_extraprotomers_molecule_CHEMBL1084115,-9.497721672058104,5.845545,5.9914517,5.6359067,5.850715,5.8250737,5.924577
eg5_extraprotomers_molecule_CHEMBL1084431,-9.863131523132324,5.606841,5.681761,5.528122,5.552778,5.5326147,5.738928
eg5_extraprotomers_molecule_CHEMBL1085895,-10.921920776367188,5.770252,5.951397,5.7420273,5.663606,5.587037,5.907192
eg5_extraprotomers_molecule_CHEMBL1084677,-11.524834632873535,5.733564,5.9406147,5.632297,5.64415,5.5767007,5.874057
eg5_extraprotomers_molecule_CHEMBL1077227,-11.391841888427734,5.888959,6.090841,5.721505,5.822794,5.831944,5.977711
eg5_extraprotomers_molecule_CHEMBL1086410,-11.524834632873535,5.944505,6.1165295,5.800646,5.897072,5.8764386,6.031841
eg5_extraprotomers_molecule_CHEMBL1083517,-11.524834632873535,5.9998827,6.1053123,6.0445247,5.8489447,5.949909,6.0507216
eg5_extraprotomers_molecule_CHEMBL1096003,-11.93795108795166,6.00332,6.2863126,5.988893,5.934561,5.732194,6.074641
eg5_extraprotomers_molecule_CHEMBL1077204,-11.111719131469728,5.744937,5.9496193,5.687858,5.619124,5.5623064,5.9057775
eg5_extraprotomers_molecule_CHEMBL1083836,-10.921920776367188,5.640296,5.7926846,5.5710945,5.461548,5.5889273,5.787226
eg5_extraprotomers_molecule_CHEMBL1085666,-10.5656099319458,5.557725,5.724885,5.444588,5.432982,5.4546185,5.7315516
eg5_extraprotomers_molecule_CHEMBL1085692,-11.391841888427734,5.7608004,5.961312,5.8053956,5.702386,5.502659,5.8322487
eg5_extraprotomers_molecule_CHEMBL1084143,-11.93795108795166,6.125846,6.288253,6.0035934,6.1213284,5.920855,6.295201
eg5_extraprotomers_molecule_CHEMBL1096002,-11.191304206848145,5.990141,6.2185526,5.977858,5.926674,5.769913,6.057707
eg5_extraprotomers_molecule_CHEMBL1089056,-9.497721672058104,5.887066,6.0424533,5.6662636,5.9089165,5.8287873,5.988909
eg5_extraprotomers_molecule_CHEMBL1093088,-11.283177375793455,5.8669195,5.969451,5.746959,5.7351036,5.894199,5.9888835
eg5_extraprotomers_molecule_CHEMBL1084676,-10.778188705444336,5.9026833,5.9755654,5.8396535,5.859865,5.770621,6.0677137
eg5_extraprotomers_molecule_CHEMBL1084935,-10.59618091583252,6.188329,6.3461757,6.0061216,6.141562,6.1525455,6.2952433
eg5_extraprotomers_molecule_CHEMBL1078998,-10.432616233825684,5.8334956,6.0107584,5.6058536,5.7960978,5.8335867,5.9211826
eg5_extraprotomers_molecule_CHEMBL1088740,-8.75107479095459,5.767726,5.903808,5.614186,5.7311187,5.695642,5.8938746
eg5_extraprotomers_molecule_CHEMBL1084143_1,-11.93795108795166,6.042151,6.1545687,5.8274045,6.0838766,5.939918,6.204987
eg5_extraprotomers_molecule_CHEMBL1096003_1,-11.93795108795166,5.8639126,6.0975204,5.9340544,5.880742,5.604109,5.8031387
eg5_extraprotomers_molecule_CHEMBL1096002_1,-11.191304206848145,6.1373205,6.338071,6.1885023,6.1527147,5.949452,6.0578656
eg5_extraprotomers_molecule_CHEMBL1084676_1,-10.778188705444336,5.859353,5.937567,5.863406,5.768652,5.7471323,5.9800096
eg5_extraprotomers_molecule_CHEMBL1084677_1,-11.524834632873535,5.6732006,5.8418436,5.5909753,5.652794,5.5457225,5.734667
eg5_extraprotomers_molecule_CHEMBL1084935_1,-10.59618091583252,6.106772,6.256337,5.9208174,6.0859933,6.0953507,6.175362
syk_4puz_fullmap_molecule_CHEMBL3265014,-10.40023136138916,7.0071197,7.1196856,6.8335705,7.0238976,7.0492463,7.0091996
syk_4puz_fullmap_molecule_CHEMBL3265036,-10.417919158935549,6.906045,6.9551673,6.8809953,6.7839046,7.0367365,6.8734202
syk_4puz_fullmap_molecule_CHEMBL3265020,-11.003335952758787,6.851171,6.9814196,6.7748494,6.862965,6.80311,6.83351
syk_4puz_fullmap_molecule_CHEMBL3265023,-10.477216720581056,6.977786,7.0528464,6.8384566,6.916289,7.0453024,7.0360355
syk_4puz_fullmap_molecule_CHEMBL3265033,-11.838635444641112,6.8132973,6.954138,6.560275,6.8792043,6.8942585,6.778609
syk_4puz_fullmap_molecule_CHEMBL3265027,-10.329894065856934,6.3488464,6.5763793,6.2287855,6.3589025,6.2666197,6.313546
syk_4puz_fullmap_molecule_CHEMBL3265028,-11.010265350341797,6.7502546,6.8306317,6.658681,6.753212,6.7476244,6.7611227
syk_4puz_fullmap_molecule_CHEMBL3265032,-11.068829536437988,6.798323,6.949491,6.642533,6.7548914,6.8808713,6.7638288
syk_4puz_fullmap_molecule_CHEMBL3265031,-12.078866958618164,6.8399687,7.0316057,6.6738424,6.8240886,6.877641,6.792665
syk_4puz_fullmap_molecule_CHEMBL3265037,-12.764640808105469,7.0403504,7.0189123,6.9743996,6.975671,7.1895924,7.043176
syk_4puz_fullmap_molecule_CHEMBL3265026,-11.36131477355957,7.1441994,7.199894,7.0811534,7.068271,7.19884,7.1728377
syk_4puz_fullmap_molecule_CHEMBL3265012,-10.546293258666992,6.759163,6.845739,6.608521,6.8631024,6.702686,6.7757683
syk_4puz_fullmap_molecule_CHEMBL3265029,-11.125299453735352,6.7254553,6.9214125,6.6171064,6.6989,6.6591234,6.7307353
syk_4puz_fullmap_molecule_CHEMBL3265035,-11.07657527923584,6.682869,6.960896,6.5679064,6.640484,6.618873,6.6261835
syk_4puz_fullmap_molecule_CHEMBL3265024,-11.784735679626465,7.1262946,7.247873,7.0067816,7.0837684,7.186812,7.1062403
syk_4puz_fullmap_molecule_CHEMBL3265018,-11.187724113464355,6.828144,6.9555945,6.751996,6.8494925,6.7759204,6.807716
syk_4puz_fullmap_molecule_CHEMBL3265008,-9.784358024597168,6.673159,6.7839694,6.4697804,6.8473244,6.563339,6.7013807
syk_4puz_fullmap_molecule_CHEMBL3265016,-11.689735412597656,6.8343744,6.9774528,6.7372127,6.85711,6.7795854,6.8205104
syk_4puz_fullmap_molecule_CHEMBL3265025_flip,-10.199455261230469,7.3943496,7.558671,7.076426,7.4740357,7.5673013,7.2953167
syk_4puz_fullmap_molecule_CHEMBL3265013,-9.81322193145752,6.908348,7.119997,6.695347,6.912885,6.892979,6.920531
syk_4puz_fullmap_molecule_CHEMBL3259820,-10.575678825378418,6.7466726,6.8126626,6.563049,6.864749,6.736424,6.7564826
syk_4puz_fullmap_molecule_CHEMBL3265006,-9.95804214477539,6.8508697,6.9588246,6.6476564,6.9449787,6.800722,6.9021664
syk_4puz_fullmap_molecule_CHEMBL3265030_n,-11.471863746643066,6.8723383,7.130933,6.7061167,6.8654585,6.8887234,6.770459
syk_4puz_fullmap_molecule_CHEMBL3265022,-10.791322708129885,7.0320334,7.1625056,6.945636,7.009849,7.0248723,7.0173054
syk_4puz_fullmap_molecule_CHEMBL3265019,-10.777045249938965,6.844886,6.9804816,6.737644,6.8605366,6.8270464,6.8187203
syk_4puz_fullmap_molecule_CHEMBL3265009,-10.297627449035645,6.8353605,6.872897,6.6111293,6.9807134,6.789831,6.9222336
syk_4puz_fullmap_molecule_CHEMBL3265021,-10.890737533569336,6.846897,6.969755,6.756464,6.870944,6.812681,6.82464
syk_4puz_fullmap_molecule_CHEMBL3265005,-10.323298454284668,6.6875587,6.799417,6.5079794,6.792927,6.567172,6.770299
syk_4puz_fullmap_molecule_CHEMBL3265017,-11.48725414276123,6.8324485,6.9638863,6.751996,6.8494925,6.789856,6.8070126
syk_4puz_fullmap_molecule_CHEMBL3265010,-10.132436752319336,6.851125,6.9332485,6.6478877,6.9590707,6.8163104,6.8991055
syk_4puz_fullmap_molecule_CHEMBL3265034,-11.48725414276123,6.6857285,6.9393816,6.579312,6.611571,6.702541,6.595835
syk_4puz_fullmap_molecule_CHEMBL3265011_flip,-8.637885093688965,6.8380136,7.045954,6.5883017,6.889643,6.7573767,6.9087915
syk_4puz_fullmap_molecule_CHEMBL3265015_flip,-9.47731590270996,6.8759665,7.084636,6.6493735,6.9686565,6.8051043,6.8720627
syk_4puz_fullmap_molecule_CHEMBL3265002,-10.617273330688477,7.2111025,7.3791304,6.930698,7.4633336,7.1892176,7.0931325
syk_4puz_fullmap_molecule_docked_CHEMBL3264998,-11.712096214294434,6.864064,7.1000533,6.7886524,6.8341203,6.7198844,6.87761
syk_4puz_fullmap_molecule_CHEMBL3264997,-10.983019828796388,6.945942,7.086982,6.908152,6.9381766,6.8805585,6.9158416
syk_4puz_fullmap_molecule_docked_CHEMBL3264994,-9.804960250854492,6.566022,6.644089,6.477638,6.57106,6.5853024,6.552019
syk_4puz_fullmap_molecule_CHEMBL3264995,-12.381524085998535,6.900544,7.02802,6.8455505,6.892495,6.822479,6.914176
syk_4puz_fullmap_molecule_docked_CHEMBL3265004,-10.857505798339844,6.946412,7.1059856,6.8046618,6.9239902,6.9157295,6.9816947
syk_4puz_fullmap_molecule_CHEMBL3265001,-12.03799057006836,7.152765,7.286006,6.8823133,7.3152733,7.1671076,7.113123
syk_4puz_fullmap_molecule_CHEMBL3264996,-10.665895462036133,6.9791718,7.108939,6.811008,7.0548816,6.9618144,6.9592156
syk_4puz_fullmap_molecule_docked_CHEMBL3264999_adjust,-11.41401481628418,6.9281387,7.1105065,6.822254,6.9482694,6.893069,6.8665953
syk_4puz_fullmap_molecule_redocked_CHEMBL3265000_ground_state,-11.811073303222656,6.902594,7.0728498,6.8296614,6.926141,6.830219,6.854101
syk_4puz_fullmap_molecule_redocked_CHEMBL3265000,-11.811073303222656,6.9908395,7.147614,6.866418,7.046684,7.0027523,6.8907285
syk_4puz_fullmap_molecule_CHEMBL3265003_tautomer_1,-10.820952415466309,6.9646125,7.092609,6.8703055,6.951929,6.929505,6.978713
syk_4puz_fullmap_molecule_CHEMBL3265003_tautomer_2,-10.820952415466309,6.968966,7.0946093,6.873636,6.9633384,6.9345326,6.978713
hif2a_automap_molecule_338,-10.75852870941162,6.210309,5.845198,6.2130146,6.4146895,6.217861,6.36078
hif2a_automap_molecule_43,-8.699462890625,6.6053934,6.0283437,6.6552596,6.9075084,6.7585344,6.67732
hif2a_automap_molecule_235,-10.123006820678713,6.0868616,5.7932854,6.0507364,6.277528,6.1740646,6.138693
hif2a_automap_molecule_234,-10.347848892211914,6.60703,6.25919,6.376548,7.000364,6.706792,6.6922545
hif2a_automap_molecule_30,-10.565720558166504,6.2653375,5.8100195,6.3627934,6.427608,6.1940603,6.5322027
hif2a_automap_molecule_1,-11.324654579162598,6.490575,6.233387,6.2866654,6.8080134,6.3658633,6.7589455
hif2a_automap_molecule_237,-9.549728393554688,6.2515836,5.854035,6.1156306,6.41078,6.303603,6.5738697
hif2a_automap_molecule_227,-10.75852870941162,6.157889,5.9017525,6.030505,6.3991528,6.1393867,6.318648
hif2a_automap_molecule_266,-10.533686637878418,6.443055,6.101587,6.488257,6.609513,6.429919,6.585999
hif2a_automap_molecule_206,-10.123006820678713,6.893018,6.500315,6.723735,7.2895465,7.0024714,6.9490204
hif2a_automap_molecule_67,-10.17173194885254,6.065791,5.70251,5.989716,6.334637,6.0019655,6.3001294
hif2a_automap_molecule_156,-9.73618984222412,6.1501045,5.907278,5.996398,6.332207,6.2307343,6.283905
hif2a_automap_molecule_31,-8.842347145080566,6.572196,5.9153767,6.82353,6.846859,6.7461853,6.5290303
hif2a_automap_molecule_289,-10.91397476196289,6.4545326,6.0576377,6.4244094,6.7356267,6.5483336,6.5066547
hif2a_automap_molecule_61,-10.107617378234863,6.8332205,6.5863733,6.6752157,7.283039,6.7377114,6.8837643
hif2a_automap_molecule_167,-10.67374324798584,6.742949,6.40927,6.585098,7.183424,6.73446,6.802493
hif2a_automap_molecule_165,-9.235339164733888,6.479721,6.074813,6.3403134,6.8574405,6.5732594,6.552778
hif2a_automap_molecule_41,-9.787005424499512,6.904588,6.2564783,6.942136,7.2547107,6.936508,7.1331077
hif2a_automap_molecule_7b,-7.394513607025146,6.832914,6.371935,6.934638,7.0505915,6.9370666,6.8703384
hif2a_automap_molecule_54,-9.30949592590332,7.1325216,6.4410567,7.102201,7.590828,7.2547793,7.2737436
hif2a_automap_molecule_215,-10.59958553314209,6.7658067,6.45937,6.715347,7.132861,6.701714,6.819741
hif2a_automap_molecule_57,-10.67374324798584,6.3095226,6.0607185,6.1476207,6.6504016,6.230363,6.4585094
hif2a_automap_molecule_42,-8.93969440460205,6.810025,6.187369,6.8671136,7.1681933,6.81164,7.015808
hif2a_automap_molecule_252,-9.71232795715332,6.231042,5.904986,6.134128,6.524964,6.189066,6.4020667
hif2a_automap_molecule_336,-9.823477745056152,6.1150928,5.7794123,6.0652814,6.2969036,6.1237674,6.3100986
hif2a_automap_molecule_290,-10.565720558166504,6.211657,5.89302,6.122693,6.5167947,6.1264815,6.399296
hif2a_automap_molecule_155,-10.5032958984375,6.351724,6.0739055,6.180026,6.6305537,6.27143,6.602708
hif2a_automap_molecule_164,-6.764764785766602,6.351609,5.949478,6.1831994,6.6887884,6.526796,6.409786
hif2a_automap_molecule_7a,-9.99706745147705,6.9269776,6.4270496,7.0601826,7.191895,6.9374204,7.018342
hif2a_automap_molecule_224,-9.660125732421877,6.574849,6.0828633,6.4851804,6.718212,6.808678,6.7793107
hif2a_automap_molecule_84,-7.5754475593566895,6.8088446,6.1725883,6.7416854,6.998526,6.7600946,7.371329
hif2a_automap_molecule_254,-9.549728393554688,6.559611,6.198349,6.524345,6.8943663,6.600403,6.5805883
hif2a_automap_molecule_23,-7.067420959472656,6.313532,5.9368,6.1991887,6.549363,6.281843,6.6004643
hif2a_automap_molecule_251,-10.24363613128662,6.5622444,6.198349,6.524345,6.8943663,6.6135707,6.5805883
hif2a_automap_molecule_256,-10.67374324798584,6.233676,5.904986,6.134128,6.524964,6.202234,6.4020667
hif2a_automap_molecule_50,-9.696937561035156,6.8542547,6.3070374,7.07124,7.1204605,6.8231525,6.9493837
hif2a_automap_molecule_231,-10.022831916809082,6.472593,6.1411095,6.3870845,6.762677,6.570953,6.5011415
hif2a_automap_molecule_15,-11.046184539794922,6.310092,5.9547343,6.1665335,6.550878,6.3035727,6.574742
hif2a_automap_molecule_124,-10.123006820678713,6.2533183,5.733149,6.2272778,6.394504,6.3552246,6.556437
hif2a_automap_molecule_25,-10.28314971923828,6.2436924,5.8870134,6.1537066,6.4163866,6.3339996,6.427355
hif2a_automap_molecule_163,-11.010265350341797,6.520874,6.1356845,6.3434124,6.9009013,6.6457667,6.578603
tnks2_fullmap_molecule_1a,-8.550562858581543,5.6977177,5.664258,5.6588435,5.7056985,5.676355,5.7834334
tnks2_fullmap_molecule_1b,-9.937170028686523,6.122458,6.0510178,6.105766,6.21143,6.0661592,6.1779165
tnks2_fullmap_molecule_3a,-10.996485710144045,6.124401,6.153794,6.1884584,6.0418463,6.0868897,6.151019
tnks2_fullmap_molecule_3b,-11.519288063049316,6.471863,6.5507364,6.3975024,6.3834615,6.6458344,6.381781
tnks2_fullmap_molecule_5f,-10.26306438446045,6.2543325,6.2484956,6.28346,6.2312336,6.268488,6.239984
tnks2_fullmap_molecule_5l,-10.09261703491211,6.4886255,6.563755,6.3533645,6.5095706,6.667629,6.348808
tnks2_fullmap_molecule_5g,-10.805952072143556,6.3447456,6.2852087,6.4523263,6.357924,6.3464956,6.2817726
tnks2_fullmap_molecule_5e,-10.107617378234863,6.6537104,6.663127,6.707095,6.663471,6.7259784,6.5088797
tnks2_fullmap_molecule_5i,-12.078866958618164,6.2642636,6.288046,6.3186207,6.226991,6.2681403,6.219518
tnks2_fullmap_molecule_5b,-10.474388122558594,6.2977676,6.355792,6.2568164,6.2012014,6.3892455,6.2857842
tnks2_fullmap_molecule_5h,-10.04976749420166,6.526738,6.432545,6.5351157,6.5293837,6.627413,6.5092344
tnks2_fullmap_molecule_5a,-10.75852870941162,6.166415,6.2034883,6.1278977,6.154837,6.157113,6.18874
tnks2_fullmap_molecule_5k,-10.963377952575684,6.7004232,6.661693,6.55231,6.7596083,6.9253106,6.6031966
tnks2_fullmap_molecule_5p,-10.5032958984375,6.7493386,6.823894,6.6574507,6.742585,6.7831173,6.7396464
tnks2_fullmap_molecule_5j,-11.08442211151123,6.7716436,6.7494864,6.6472163,6.807535,6.9712324,6.6827483
tnks2_fullmap_molecule_5d,-10.8850679397583,6.452227,6.5142164,6.292115,6.435406,6.630569,6.388827
tnks2_fullmap_molecule_5m,-12.6889009475708,6.7169623,6.713947,6.5740075,6.7743297,6.936257,6.586271
tnks2_fullmap_molecule_5n,-10.71462059020996,6.750641,6.7613764,6.633529,6.796237,6.8226504,6.7394123
tnks2_fullmap_molecule_5c,-9.960407257080078,6.4925246,6.5337873,6.6160617,6.3579597,6.5189786,6.435837
tnks2_fullmap_molecule_7,-8.396805763244629,6.522939,6.49841,6.4009686,6.504893,6.748824,6.4616003
tnks2_fullmap_molecule_8a_neutral,-10.805952072143556,7.028694,7.025835,6.586036,6.9449143,7.236453,7.350233
tnks2_fullmap_molecule_8b_neutral,-11.929967880249023,7.459737,7.3447547,7.1625066,7.336044,7.7087245,7.746654
tnks2_fullmap_molecule_8c_adjust,-10.123006820678713,6.665107,6.6938367,6.561421,6.6240907,6.7698507,6.676334
tnks2_fullmap_molecule_8d,-12.489546775817873,6.8369927,6.9416113,6.6989765,6.7636766,6.944739,6.835962
tnks2_fullmap_molecule_8e_adjust_neutral,-10.24363613128662,6.997504,7.09079,6.8240023,6.8505836,7.192355,7.029793
tnks2_fullmap_molecule_8f_neutral,-11.811073303222656,7.1245737,7.2615204,6.9418383,6.944581,7.3358293,7.139098
tnks2_fullmap_molecule_8d_neutral_equitorial,-12.489546775817873,6.830719,6.9416113,6.697664,6.760851,6.9247227,6.8287473
tnks2_fullmap_molecule_8c_neutral_equitorial,-10.123006820678713,6.6627603,6.6938367,6.560108,6.621265,6.7646575,6.6739326
tnks2_fullmap_molecule_5o_adjust,-12.03799057006836,6.9451914,6.90637,6.8248878,7.030442,7.1015697,6.862685
tnks2_fullmap_molecule_8f,-11.811073303222656,6.6017594,6.860786,6.4681053,6.5432177,6.639636,6.497052
tnks2_fullmap_molecule_8b,-11.929967880249023,7.1821356,7.188038,6.851142,7.1171937,7.335783,7.4185224
tnks2_fullmap_molecule_8e,-10.24363613128662,6.2803054,6.497586,6.2683473,6.2577887,6.1422234,6.235582
tnks2_fullmap_molecule_8a,-10.805952072143556,6.8156724,6.8265777,6.659789,6.616642,6.778436,7.196917
cdk8_5cei_new_helix_loop_extra_molecule_43,-11.93795108795166,7.1966696,6.9597282,6.967876,7.4360075,7.3148413,7.304894
cdk8_5cei_new_helix_loop_extra_molecule_22,-10.28548812866211,7.3351884,7.1823397,7.304463,7.380751,7.398592,7.409796
cdk8_5cei_new_helix_loop_extra_molecule_30,-11.696293830871582,7.2795753,7.186322,7.078621,7.326976,7.5070558,7.2989035
cdk8_5cei_new_helix_loop_extra_molecule_21,-9.754467964172363,7.2307367,7.0304437,7.3865056,7.2528257,7.131589,7.352319
cdk8_5cei_new_helix_loop_extra_molecule_24,-10.344158172607422,6.607112,6.36007,6.6823916,6.7376733,6.656375,6.599051
cdk8_5cei_new_helix_loop_extra_molecule_38,-11.391841888427734,7.1522355,6.9348464,6.991339,7.231909,7.2550864,7.3479967
cdk8_5cei_new_helix_loop_extra_molecule_31,-11.93795108795166,7.327347,7.2854033,7.172685,7.3562393,7.497079,7.32533
cdk8_5cei_new_helix_loop_extra_molecule_41,-11.283177375793455,7.169591,6.9845157,7.0633073,7.200926,7.286192,7.313013
cdk8_5cei_new_helix_loop_extra_molecule_29,-9.256064414978027,7.152485,7.0845203,7.1487503,7.2873974,7.2804117,6.9613466
cdk8_5cei_new_helix_loop_extra_molecule_26,-10.215289115905762,7.5532007,7.524243,7.413447,7.504708,7.589317,7.7342863
cdk8_5cei_new_helix_loop_extra_molecule_20,-10.698603630065918,6.9404078,6.7924786,6.923156,7.0122337,7.0463324,6.927837
cdk8_5cei_new_helix_loop_extra_molecule_35,-11.524834632873535,7.2966676,7.2224135,7.0875435,7.403882,7.4820094,7.287489
cdk8_5cei_new_helix_loop_extra_molecule_40,-11.191304206848145,7.126397,6.94194,6.9860215,7.225226,7.1957817,7.283016
cdk8_5cei_new_helix_loop_extra_molecule_19,-10.737068176269531,6.6341605,6.4352317,6.6829715,6.720701,6.660084,6.671814
cdk8_5cei_new_helix_loop_extra_molecule_33,-11.111719131469728,6.841409,6.7447495,6.8342066,6.87631,6.9529185,6.7988615
cdk8_5cei_new_helix_loop_extra_molecule_27,-8.463898658752441,6.9496017,6.905096,7.0128217,6.943061,6.957525,6.9295073
cdk8_5cei_new_helix_loop_extra_molecule_13,-11.283177375793455,6.905651,7.236397,6.399076,6.983647,7.0588675,6.850268
cdk8_5cei_new_helix_loop_extra_molecule_39,-11.524834632873535,7.5392885,7.0489497,7.6317935,7.601775,7.6201015,7.7938223
cdk8_5cei_new_helix_loop_extra_molecule_32,-9.549580574035645,6.459437,6.2604384,6.486195,6.5682015,6.479435,6.5029154
cdk8_5cei_new_helix_loop_extra_molecule_37,-11.524834632873535,7.2054024,7.0196724,7.071325,7.2551675,7.272448,7.408398
cdk8_5cei_new_helix_loop_extra_molecule_23,-9.01440715789795,6.991103,6.805851,7.160095,7.0089984,6.9130197,7.067551
cdk8_5cei_new_helix_loop_extra_molecule_15,-7.687934875488281,6.610392,6.528758,6.6239986,6.818181,6.647992,6.4330287
cdk8_5cei_new_helix_loop_extra_molecule_34,-11.191304206848145,6.983336,6.694685,6.849047,7.120618,7.1487904,7.103542
cdk8_5cei_new_helix_loop_extra_molecule_25,-9.793952941894531,6.833116,6.686355,6.905155,6.832617,6.941873,6.79958
cdk8_5cei_new_helix_loop_extra_molecule_14,-8.337959289550781,5.824155,5.6238656,5.774886,6.012066,5.729141,5.980813
cdk8_5cei_new_helix_loop_extra_molecule_36,-11.283177375793455,7.459157,7.223114,7.410936,7.566255,7.5933723,7.502107
cdk8_5cei_new_helix_loop_extra_molecule_18_flipped,-10.97872543334961,6.6650605,6.4761934,6.674737,6.890924,6.6424456,6.6410027
cdk8_5cei_new_helix_loop_extra_molecule_16_flipped,-9.290130615234377,6.115986,6.1044564,6.08884,6.4079013,5.9967093,5.982021
cdk8_5cei_new_helix_loop_extra_molecule_17_flipped,-8.992732048034668,6.7097154,6.627686,6.6418233,6.9776587,6.599541,6.7018685
cdk8_5cei_new_helix_loop_extra_molecule_44_flipped,-11.524834632873535,7.2478333,7.246451,7.059096,7.4556403,7.2605386,7.2174435
cdk8_5cei_new_helix_loop_extra_molecule_45_flipped,-11.191304206848145,7.4962134,7.387752,7.366268,7.557209,7.594893,7.574946
cdk8_5cei_new_helix_loop_extra_molecule_42_flipped,-11.524834632873535,7.4299965,7.445607,7.1761813,7.5898757,7.541867,7.3964534
urokinase_molecule_10302__1GJ7__no_water_pose_,-10.82235622406006,5.8800626,5.8419385,5.9606733,5.95856,5.844588,5.794552
urokinase_molecule_11417__no_water_pose_,-10.5656099319458,5.668649,5.645098,5.658486,5.738446,5.6588483,5.642369
urokinase_molecule_7806__no_water_pose_,-8.651498794555664,5.5765543,5.4765325,5.5916867,5.663865,5.599748,5.5509377
urokinase_molecule_8696__no_water_pose_,-9.802173614501951,5.555544,5.469139,5.6001143,5.6421456,5.5633736,5.5029473
scyt_dehyd_molecule_3d,-9.19326877593994,5.779725,5.6803474,6.029885,5.667936,5.6637263,5.856732
scyt_dehyd_molecule_8d,-10.628399848937988,5.7957425,5.6836596,6.0410933,5.691448,5.6880546,5.874457
scyt_dehyd_molecule_2d,-13.481749534606934,5.78465,5.6761255,6.0448728,5.674081,5.671438,5.856732
scyt_dehyd_molecule_4d,-15.34340000152588,5.779742,5.6829867,6.0265,5.667936,5.6690817,5.8522043
scyt_dehyd_molecule_5d,-13.253490447998049,5.7744584,5.669188,6.014191,5.6677427,5.6644373,5.856732
scyt_dehyd_molecule_6d,-9.405847549438477,5.7783794,5.6755896,6.0173116,5.670826,5.671438,5.856732
scyt_dehyd_molecule_7d,-15.251520156860352,5.7757173,5.678229,6.0108066,5.6677427,5.669604,5.8522043
brd41_ASH106_molecule_cmpd_5__1-Butenyl_,-7.639999866485596,6.155595,5.807467,6.2360463,6.012061,6.211964,6.510437
brd41_ASH106_molecule_cmpd_2__methyl_,-9.59000015258789,5.9024463,5.4599504,6.087932,5.810215,5.8971057,6.257029
brd41_ASH106_molecule_cmpd_3__Allyl_,-7.090000152587891,6.095012,5.7606854,6.1656175,5.9856124,6.154604,6.4085426
brd41_ASH106_molecule_cmpd_9__methoxyethyl_,-7.21999979019165,6.534007,6.1271424,6.617313,6.4052596,6.5454507,6.9748707
brd41_ASH106_molecule_cmpd_6__ethyl_,-8.59000015258789,6.2585897,5.870356,6.334232,6.1608186,6.3909965,6.5365477
brd41_ASH106_molecule_cmpd_8__n-Butyl_,-7.659999847412109,6.2722883,5.950777,6.322232,6.176084,6.2900944,6.622254
brd41_ASH106_molecule_cmpd_7__n-propyl_,-7.019999980926514,6.2585506,5.9051147,6.3513446,6.077938,6.3480554,6.6103024
brd41_ASH106_molecule_cmpd_4__Crotyl_,-8.640000343322754,6.2441745,5.9168687,6.3173056,6.109036,6.2621775,6.615484
hsp90_woodhead_molecule_4,-8.930000305175781,6.395211,6.427232,6.2972646,6.330171,6.488924,6.4324636
hsp90_woodhead_molecule_1,-12.720000267028809,6.252942,6.2404947,6.2204285,6.0361624,6.451579,6.3160443
hsp90_woodhead_molecule_3,-8.079999923706055,6.707855,6.5166364,6.7185354,6.459408,6.845671,6.9990244
hsp90_woodhead_molecule_2,-10.739999771118164,6.73394,6.778006,6.5448203,6.521993,6.8555746,6.9693084
throm_nozob_hip75_molecule_2d_pose_2,-6.630871772766113,6.0221844,5.8793607,5.880344,6.129122,6.182361,6.0397344
throm_nozob_hip75_molecule_2c_pose_2,-7.285645008087158,6.1086674,5.961851,5.975401,6.234577,6.3041544,6.0673547
throm_nozob_hip75_molecule_7b,-7.409305095672607,6.237282,6.1300797,6.224026,6.3569098,6.342531,6.132861
throm_nozob_hip75_molecule_7c_pose_1,-8.008489608764648,6.181882,6.017935,6.159589,6.2440224,6.352405,6.135455
throm_nozob_hip75_molecule_7f,-6.122768878936768,6.2193856,6.066229,6.100329,6.35254,6.3822765,6.195554
throm_nozob_hip75_molecule_2b_pose_1,-7.285645008087158,6.5202737,6.31695,6.364818,6.6287656,6.794697,6.496138
throm_nozob_hip75_molecule_1a_pose_2,-7.409305095672607,6.0219445,5.879308,5.878631,6.1332464,6.176968,6.041569
throm_nozob_hip75_molecule_7e_pose_1,-5.654734134674072,6.310059,6.12675,6.246855,6.4183493,6.425901,6.3324394
throm_nozob_hip75_molecule_6a_pose_1,-9.910837173461914,6.357849,6.2039905,6.4228144,6.476988,6.498031,6.187422
throm_nozob_hip75_molecule_5,-6.793628215789795,5.847768,5.756575,5.7437167,5.836024,6.0313916,5.871134
throm_nozob_hip75_molecule_1c_pose_2,-8.579615592956543,6.0227532,5.8793607,5.880344,6.129122,6.185205,6.0397344
throm_nozob_hip75_molecule_2a_pose_2,-6.616480827331543,6.0347776,5.8793607,5.880344,6.152155,6.2020183,6.060011
throm_nozob_hip75_molecule_7a_pose_2,-7.624663829803467,6.833346,6.513389,6.9988093,6.7667837,7.1278467,6.7599
throm_nozob_hip75_molecule_3b_pose_1,-7.254891872406006,6.339521,6.2034006,6.234202,6.3591805,6.518626,6.3821955
throm_nozob_hip75_molecule_6d_pose_2,-8.73290729522705,6.400365,6.2913356,6.4640746,6.5358863,6.4613953,6.2491307
throm_nozob_hip75_molecule_6c_pose_1,-9.01440715789795,6.611062,6.384993,6.6010184,6.8462925,6.780149,6.442856
throm_nozob_hip75_molecule_3a_xtal_pose,-8.120434761047363,6.2082624,6.099285,6.0827656,6.2150874,6.4068084,6.2373643
throm_nozob_hip75_molecule_1b_pose_2,-9.256064414978027,6.1521373,6.00623,6.135071,6.2532225,6.2886586,6.077505
throm_nozob_hip75_molecule_6b_pose_2,-9.03689956665039,6.7397094,6.5862026,6.922808,6.654634,6.895563,6.63934
throm_nozob_hip75_molecule_6e_pose_1,-8.647159576416016,6.3420525,6.138864,6.3662696,6.52227,6.4927998,6.190058
throm_nozob_hip75_molecule_1d_pose_2,-8.601290702819824,6.0227532,5.8793607,5.880344,6.129122,6.185205,6.0397344
taf12_molecule_cmpd_5__1-Butenyl_,-10.0,6.118496,5.841246,6.2750206,5.9731097,6.1802807,6.3228216
taf12_molecule_cmpd_2__methyl_,-9.859999656677246,5.688799,5.4708676,5.7049527,5.4798775,5.75462,6.0336776
taf12_molecule_cmpd_3__Allyl_,-8.34000015258789,6.098359,5.8125224,6.2573023,5.983622,6.073517,6.364832
taf12_molecule_cmpd_9__methoxyethyl_,-7.690000057220459,6.615096,6.1984754,6.5924187,6.5229897,6.8802767,6.8813195
taf12_molecule_cmpd_6__ethyl_,-8.529999732971191,6.1853094,5.879811,6.292808,6.0741878,6.2084837,6.4712553
taf12_molecule_cmpd_8__n-Butyl_,-8.279999732971191,6.2891154,6.039001,6.3916826,6.118789,6.401326,6.4947796
taf12_molecule_cmpd_7__n-propyl_,-8.119999885559082,6.2513313,5.979975,6.38233,6.079953,6.3470373,6.4673615
taf12_molecule_cmpd_4__Crotyl_,-8.710000038146973,6.244222,5.964621,6.334425,6.117998,6.2865124,6.517555
chk1_molecule_21__Xtal_,-13.06863021850586,6.9925475,7.01606,6.8012676,7.112326,7.027752,7.005335
chk1_molecule_22,-13.06863021850586,7.041953,7.025582,6.8924446,7.249413,7.0641212,6.978205
chk1_molecule_24_pose_2,-13.177300453186035,7.3122635,7.242652,7.2406297,7.3324533,7.395374,7.3502064
chk1_molecule_14_docked,-10.870059967041016,6.9020834,7.0156555,6.814457,6.8489122,6.859471,6.9719234
chk1_molecule_18_docked,-9.549579620361328,7.54085,7.76929,7.2501354,7.5682116,7.6892514,7.4273634
chk1_molecule_13_docked,-9.920853614807127,7.0546927,7.002235,7.0704155,6.9525743,6.968246,7.2799935
chk1_molecule_20,-10.082300186157228,6.8721337,6.9178233,6.839915,6.8738127,6.829412,6.899707
chk1_molecule_12_docked,-8.612431526184082,7.687738,7.5685153,7.5357666,7.56524,7.8745255,7.8946424
chk1_molecule_16_docked,-11.781579971313477,7.5683274,7.785237,7.2474685,7.576476,7.7407975,7.4916587
chk1_molecule_19,-10.249360084533691,7.5583687,7.7883067,7.2369785,7.559993,7.735061,7.4715056
chk1_molecule_17_torsion_adjust,-10.323949813842772,7.6890626,7.8892884,7.334669,7.6859164,7.8640532,7.671386
chk1_molecule_15_docked,-10.043829917907717,6.9102335,6.996712,6.8358436,6.860405,6.8806906,6.977515
chk1_molecule_11_docked,-10.978730201721191,6.8814225,6.98406,6.793279,6.8462715,6.8520355,6.931466
hsp90_kung_molecule_cmpd_16,-10.329999923706056,7.088829,6.905367,7.1150317,7.2877674,7.1581416,6.9778385
hsp90_kung_molecule_cmpd_9,-7.920000076293945,6.0804176,5.725476,6.1902065,6.1978807,6.114777,6.173749
hsp90_kung_molecule_cmpd_13,-10.149999618530272,6.4794793,6.293655,6.6066246,6.490573,6.5101786,6.496366
hsp90_kung_molecule_cmpd_14,-7.820000171661377,6.688488,6.5128326,6.8312564,6.634787,6.7875166,6.6760483
hsp90_kung_molecule_cmpd_15,-9.609999656677246,7.115921,6.952861,7.1644797,7.2684636,7.1792984,7.014504
hsp90_kung_molecule_cmpd_7,-9.40999984741211,5.8909454,5.5484257,6.152804,5.936072,5.9235244,5.893902
hsp90_kung_molecule_cmpd_17,-10.739999771118164,7.173692,6.9974213,7.202758,7.41735,7.1747622,7.0761685
hsp90_kung_molecule_cmpd_11,-9.1899995803833,6.4915533,6.293655,6.6066246,6.5252295,6.5267043,6.505552
hsp90_kung_molecule_cmpd_12,-9.1899995803833,6.5027075,6.356812,6.639307,6.473248,6.5184407,6.5257335
hsp90_kung_molecule_cmpd_10,-9.1899995803833,6.368844,6.1036963,6.5151596,6.297261,6.4679546,6.4601455
hsp90_kung_molecule_cmpd_8,-6.860000133514404,5.865172,5.5383854,6.0815415,5.956069,5.902668,5.8471947
