Unnamed: 0,unique_id,pdb_file,sdf_file,protein,dg_exp_1184,fep_dg_pred,graph_id,preds_0,preds
0,wagner_brd4_molecule_61a,/rds/general/user/cr725/home/aev-plig_research/github_tsBAP_official/data/fep/fep_benchmark_inputs/structure_inputs/bayer_macrocycles/wagner_brd4_protein.pdb,/rds/general/user/cr725/home/aev-plig_research/github_tsBAP_official/data/fep/fep_benchmark_inputs/structure_inputs/bayer_macrocycles/wagner_brd4_ligands_split/wagner_brd4_molecule_61a.sdf,wagner_brd4,-12.0,-12.100000381469728,0,6.584875,6.584875
1,wagner_brd4_molecule_25e,/rds/general/user/cr725/home/aev-plig_research/github_tsBAP_official/data/fep/fep_benchmark_inputs/structure_inputs/bayer_macrocycles/wagner_brd4_protein.pdb,/rds/general/user/cr725/home/aev-plig_research/github_tsBAP_official/data/fep/fep_benchmark_inputs/structure_inputs/bayer_macrocycles/wagner_brd4_ligands_split/wagner_brd4_molecule_25e.sdf,wagner_brd4,-11.300000190734863,-10.550000190734863,1,6.6046066,6.6046066
2,wagner_brd4_molecule_11,/rds/general/user/cr725/home/aev-plig_research/github_tsBAP_official/data/fep/fep_benchmark_inputs/structure_inputs/bayer_macrocycles/wagner_brd4_protein.pdb,/rds/general/user/cr725/home/aev-plig_research/github_tsBAP_official/data/fep/fep_benchmark_inputs/structure_inputs/bayer_macrocycles/wagner_brd4_ligands_split/wagner_brd4_molecule_11.sdf,wagner_brd4,-8.199999809265137,-8.850000381469727,2,5.925663,5.925663
3,ftase_extraligs_custcore_stereo_molecule_lig_2__deprot,/rds/general/user/cr725/home/aev-plig_research/github_tsBAP_official/data/fep/fep_benchmark_inputs/structure_inputs/bayer_macrocycles/ftase_extraligs_custcore_stereo_protein.pdb,/rds/general/user/cr725/home/aev-plig_research/github_tsBAP_official/data/fep/fep_benchmark_inputs/structure_inputs/bayer_macrocycles/ftase_extraligs_custcore_stereo_ligands_split/ftase_extraligs_custcore_stereo_molecule_lig_2__deprot.sdf,ftase_extraligs_custcore_stereo,-12.40999984741211,-12.640000343322754,3,3.9090421,3.9090421
4,ftase_extraligs_custcore_stereo_molecule_lig_66__deprot,/rds/general/user/cr725/home/aev-plig_research/github_tsBAP_official/data/fep/fep_benchmark_inputs/structure_inputs/bayer_macrocycles/ftase_extraligs_custcore_stereo_protein.pdb,/rds/general/user/cr725/home/aev-plig_research/github_tsBAP_official/data/fep/fep_benchmark_inputs/structure_inputs/bayer_macrocycles/ftase_extraligs_custcore_stereo_ligands_split/ftase_extraligs_custcore_stereo_molecule_lig_66__deprot.sdf,ftase_extraligs_custcore_stereo,-12.289999961853027,-12.029999732971191,4,3.4548385,3.4548385
5,ftase_extraligs_custcore_stereo_molecule_lig_68__deprot,/rds/general/user/cr725/home/aev-plig_research/github_tsBAP_official/data/fep/fep_benchmark_inputs/structure_inputs/bayer_macrocycles/ftase_extraligs_custcore_stereo_protein.pdb,/rds/general/user/cr725/home/aev-plig_research/github_tsBAP_official/data/fep/fep_benchmark_inputs/structure_inputs/bayer_macrocycles/ftase_extraligs_custcore_stereo_ligands_split/ftase_extraligs_custcore_stereo_molecule_lig_68__deprot.sdf,ftase_extraligs_custcore_stereo,-12.109999656677246,-11.40999984741211,5,3.0185583,3.0185583
6,ftase_extraligs_custcore_stereo_molecule_lig_51_stereo,/rds/general/user/cr725/home/aev-plig_research/github_tsBAP_official/data/fep/fep_benchmark_inputs/structure_inputs/bayer_macrocycles/ftase_extraligs_custcore_stereo_protein.pdb,/rds/general/user/cr725/home/aev-plig_research/github_tsBAP_official/data/fep/fep_benchmark_inputs/structure_inputs/bayer_macrocycles/ftase_extraligs_custcore_stereo_ligands_split/ftase_extraligs_custcore_stereo_molecule_lig_51_stereo.sdf,ftase_extraligs_custcore_stereo,-11.399999618530272,-11.989999771118164,6,3.7856743,3.7856743
7,ftase_extraligs_custcore_stereo_molecule_lig_49_stereo,/rds/general/user/cr725/home/aev-plig_research/github_tsBAP_official/data/fep/fep_benchmark_inputs/structure_inputs/bayer_macrocycles/ftase_extraligs_custcore_stereo_protein.pdb,/rds/general/user/cr725/home/aev-plig_research/github_tsBAP_official/data/fep/fep_benchmark_inputs/structure_inputs/bayer_macrocycles/ftase_extraligs_custcore_stereo_ligands_split/ftase_extraligs_custcore_stereo_molecule_lig_49_stereo.sdf,ftase_extraligs_custcore_stereo,-11.600000381469728,-11.75,7,3.4388325,3.4388325
8,ptp1b_molecule_23477,/rds/general/user/cr725/home/aev-plig_research/github_tsBAP_official/data/fep/fep_benchmark_inputs/structure_inputs/jacs_set/ptp1b_protein.pdb,/rds/general/user/cr725/home/aev-plig_research/github_tsBAP_official/data/fep/fep_benchmark_inputs/structure_inputs/jacs_set/ptp1b_ligands_split/ptp1b_molecule_23477.sdf,ptp1b,-8.850000381469727,-8.770000457763672,8,5.6474147,5.6474147
9,ptp1b_molecule_23484,/rds/general/user/cr725/home/aev-plig_research/github_tsBAP_official/data/fep/fep_benchmark_inputs/structure_inputs/jacs_set/ptp1b_protein.pdb,/rds/general/user/cr725/home/aev-plig_research/github_tsBAP_official/data/fep/fep_benchmark_inputs/structure_inputs/jacs_set/ptp1b_ligands_split/ptp1b_molecule_23484.sdf,ptp1b,-7.75,-8.020000457763672,9,5.4324822,5.4324822
10,ptp1b_molecule_23467,/rds/general/user/cr725/home/aev-plig_research/github_tsBAP_official/data/fep/fep_benchmark_inputs/structure_inputs/jacs_set/ptp1b_protein.pdb,/rds/general/user/cr725/home/aev-plig_research/github_tsBAP_official/data/fep/fep_benchmark_inputs/structure_inputs/jacs_set/ptp1b_ligands_split/ptp1b_molecule_23467.sdf,ptp1b,-7.340000152587891,-7.239999771118164,10,4.7958384,4.7958384
11,ptp1b_molecule_20667,/rds/general/user/cr725/home/aev-plig_research/github_tsBAP_official/data/fep/fep_benchmark_inputs/structure_inputs/jacs_set/ptp1b_protein.pdb,/rds/general/user/cr725/home/aev-plig_research/github_tsBAP_official/data/fep/fep_benchmark_inputs/structure_inputs/jacs_set/ptp1b_ligands_split/ptp1b_molecule_20667.sdf,ptp1b,-11.420000076293944,-10.539999961853027,11,5.2793756,5.2793756
12,ptp1b_molecule_23469,/rds/general/user/cr725/home/aev-plig_research/github_tsBAP_official/data/fep/fep_benchmark_inputs/structure_inputs/jacs_set/ptp1b_protein.pdb,/rds/general/user/cr725/home/aev-plig_research/github_tsBAP_official/data/fep/fep_benchmark_inputs/structure_inputs/jacs_set/ptp1b_ligands_split/ptp1b_molecule_23469.sdf,ptp1b,-7.71999979019165,-8.029999732971191,12,4.941904,4.941904
13,ptp1b_molecule_23483,/rds/general/user/cr725/home/aev-plig_research/github_tsBAP_official/data/fep/fep_benchmark_inputs/structure_inputs/jacs_set/ptp1b_protein.pdb,/rds/general/user/cr725/home/aev-plig_research/github_tsBAP_official/data/fep/fep_benchmark_inputs/structure_inputs/jacs_set/ptp1b_ligands_split/ptp1b_molecule_23483.sdf,ptp1b,-9.869999885559082,-9.859999656677246,13,5.460828,5.460828
14,ptp1b_molecule_23480,/rds/general/user/cr725/home/aev-plig_research/github_tsBAP_official/data/fep/fep_benchmark_inputs/structure_inputs/jacs_set/ptp1b_protein.pdb,/rds/general/user/cr725/home/aev-plig_research/github_tsBAP_official/data/fep/fep_benchmark_inputs/structure_inputs/jacs_set/ptp1b_ligands_split/ptp1b_molecule_23480.sdf,ptp1b,-8.720000267028809,-9.15999984741211,14,4.9390206,4.9390206
15,ptp1b_molecule_23474,/rds/general/user/cr725/home/aev-plig_research/github_tsBAP_official/data/fep/fep_benchmark_inputs/structure_inputs/jacs_set/ptp1b_protein.pdb,/rds/general/user/cr725/home/aev-plig_research/github_tsBAP_official/data/fep/fep_benchmark_inputs/structure_inputs/jacs_set/ptp1b_ligands_split/ptp1b_molecule_23474.sdf,ptp1b,-9.109999656677246,-8.869999885559082,15,8.0352745,8.0352745
16,ptp1b_molecule_23473,/rds/general/user/cr725/home/aev-plig_research/github_tsBAP_official/data/fep/fep_benchmark_inputs/structure_inputs/jacs_set/ptp1b_protein.pdb,/rds/general/user/cr725/home/aev-plig_research/github_tsBAP_official/data/fep/fep_benchmark_inputs/structure_inputs/jacs_set/ptp1b_ligands_split/ptp1b_molecule_23473.sdf,ptp1b,-8.390000343322754,-9.300000190734863,16,5.4785666,5.4785666
17,ptp1b_molecule_23471,/rds/general/user/cr725/home/aev-plig_research/github_tsBAP_official/data/fep/fep_benchmark_inputs/structure_inputs/jacs_set/ptp1b_protein.pdb,/rds/general/user/cr725/home/aev-plig_research/github_tsBAP_official/data/fep/fep_benchmark_inputs/structure_inputs/jacs_set/ptp1b_ligands_split/ptp1b_molecule_23471.sdf,ptp1b,-7.75,-8.020000457763672,17,5.139316,5.139316
18,ptp1b_molecule_20669,/rds/general/user/cr725/home/aev-plig_research/github_tsBAP_official/data/fep/fep_benchmark_inputs/structure_inputs/jacs_set/ptp1b_protein.pdb,/rds/general/user/cr725/home/aev-plig_research/github_tsBAP_official/data/fep/fep_benchmark_inputs/structure_inputs/jacs_set/ptp1b_ligands_split/ptp1b_molecule_20669.sdf,ptp1b,-8.609999656677246,-8.640000343322754,18,5.1049924,5.1049924
19,ptp1b_molecule_23476,/rds/general/user/cr725/home/aev-plig_research/github_tsBAP_official/data/fep/fep_benchmark_inputs/structure_inputs/jacs_set/ptp1b_protein.pdb,/rds/general/user/cr725/home/aev-plig_research/github_tsBAP_official/data/fep/fep_benchmark_inputs/structure_inputs/jacs_set/ptp1b_ligands_split/ptp1b_molecule_23476.sdf,ptp1b,-9.40999984741211,-10.020000457763672,19,6.2667446,6.2667446
20,ptp1b_molecule_23466,/rds/general/user/cr725/home/aev-plig_research/github_tsBAP_official/data/fep/fep_benchmark_inputs/structure_inputs/jacs_set/ptp1b_protein.pdb,/rds/general/user/cr725/home/aev-plig_research/github_tsBAP_official/data/fep/fep_benchmark_inputs/structure_inputs/jacs_set/ptp1b_ligands_split/ptp1b_molecule_23466.sdf,ptp1b,-7.849999904632568,-7.190000057220459,20,3.9045475,3.9045475
21,ptp1b_molecule_23472,/rds/general/user/cr725/home/aev-plig_research/github_tsBAP_official/data/fep/fep_benchmark_inputs/structure_inputs/jacs_set/ptp1b_protein.pdb,/rds/general/user/cr725/home/aev-plig_research/github_tsBAP_official/data/fep/fep_benchmark_inputs/structure_inputs/jacs_set/ptp1b_ligands_split/ptp1b_molecule_23472.sdf,ptp1b,-8.649999618530273,-9.300000190734863,21,5.1088133,5.1088133
22,ptp1b_molecule_23482,/rds/general/user/cr725/home/aev-plig_research/github_tsBAP_official/data/fep/fep_benchmark_inputs/structure_inputs/jacs_set/ptp1b_protein.pdb,/rds/general/user/cr725/home/aev-plig_research/github_tsBAP_official/data/fep/fep_benchmark_inputs/structure_inputs/jacs_set/ptp1b_ligands_split/ptp1b_molecule_23482.sdf,ptp1b,-10.010000228881836,-9.56999969482422,22,5.3182406,5.3182406
23,ptp1b_molecule_23486,/rds/general/user/cr725/home/aev-plig_research/github_tsBAP_official/data/fep/fep_benchmark_inputs/structure_inputs/jacs_set/ptp1b_protein.pdb,/rds/general/user/cr725/home/aev-plig_research/github_tsBAP_official/data/fep/fep_benchmark_inputs/structure_inputs/jacs_set/ptp1b_ligands_split/ptp1b_molecule_23486.sdf,ptp1b,-12.470000267028809,-11.25,23,5.273325,5.273325
24,ptp1b_molecule_23470,/rds/general/user/cr725/home/aev-plig_research/github_tsBAP_official/data/fep/fep_benchmark_inputs/structure_inputs/jacs_set/ptp1b_protein.pdb,/rds/general/user/cr725/home/aev-plig_research/github_tsBAP_official/data/fep/fep_benchmark_inputs/structure_inputs/jacs_set/ptp1b_ligands_split/ptp1b_molecule_23470.sdf,ptp1b,-7.71999979019165,-8.130000114440918,24,5.906491,5.906491
25,ptp1b_molecule_23468,/rds/general/user/cr725/home/aev-plig_research/github_tsBAP_official/data/fep/fep_benchmark_inputs/structure_inputs/jacs_set/ptp1b_protein.pdb,/rds/general/user/cr725/home/aev-plig_research/github_tsBAP_official/data/fep/fep_benchmark_inputs/structure_inputs/jacs_set/ptp1b_ligands_split/ptp1b_molecule_23468.sdf,ptp1b,-7.75,-7.449999809265137,25,3.9369702,3.9369702
26,ptp1b_molecule_23485,/rds/general/user/cr725/home/aev-plig_research/github_tsBAP_official/data/fep/fep_benchmark_inputs/structure_inputs/jacs_set/ptp1b_protein.pdb,/rds/general/user/cr725/home/aev-plig_research/github_tsBAP_official/data/fep/fep_benchmark_inputs/structure_inputs/jacs_set/ptp1b_ligands_split/ptp1b_molecule_23485.sdf,ptp1b,-11.010000228881836,-10.670000076293944,26,5.43807,5.43807
27,ptp1b_molecule_23330,/rds/general/user/cr725/home/aev-plig_research/github_tsBAP_official/data/fep/fep_benchmark_inputs/structure_inputs/jacs_set/ptp1b_protein.pdb,/rds/general/user/cr725/home/aev-plig_research/github_tsBAP_official/data/fep/fep_benchmark_inputs/structure_inputs/jacs_set/ptp1b_ligands_split/ptp1b_molecule_23330.sdf,ptp1b,-10.130000114440918,-10.65999984741211,27,6.685391,6.685391
28,ptp1b_molecule_20670,/rds/general/user/cr725/home/aev-plig_research/github_tsBAP_official/data/fep/fep_benchmark_inputs/structure_inputs/jacs_set/ptp1b_protein.pdb,/rds/general/user/cr725/home/aev-plig_research/github_tsBAP_official/data/fep/fep_benchmark_inputs/structure_inputs/jacs_set/ptp1b_ligands_split/ptp1b_molecule_20670.sdf,ptp1b,-9.079999923706056,-9.1899995803833,28,7.4458737,7.4458737
29,ptp1b_molecule_23479,/rds/general/user/cr725/home/aev-plig_research/github_tsBAP_official/data/fep/fep_benchmark_inputs/structure_inputs/jacs_set/ptp1b_protein.pdb,/rds/general/user/cr725/home/aev-plig_research/github_tsBAP_official/data/fep/fep_benchmark_inputs/structure_inputs/jacs_set/ptp1b_ligands_split/ptp1b_molecule_23479.sdf,ptp1b,-9.140000343322754,-8.680000305175781,29,5.8938117,5.8938117
30,ptp1b_molecule_23475,/rds/general/user/cr725/home/aev-plig_research/github_tsBAP_official/data/fep/fep_benchmark_inputs/structure_inputs/jacs_set/ptp1b_protein.pdb,/rds/general/user/cr725/home/aev-plig_research/github_tsBAP_official/data/fep/fep_benchmark_inputs/structure_inputs/jacs_set/ptp1b_ligands_split/ptp1b_molecule_23475.sdf,ptp1b,-8.720000267028809,-8.920000076293945,30,8.132693,8.132693
31,mcl1_extra_flips_molecule_23,/rds/general/user/cr725/home/aev-plig_research/github_tsBAP_official/data/fep/fep_benchmark_inputs/structure_inputs/jacs_set/mcl1_extra_flips_protein.pdb,/rds/general/user/cr725/home/aev-plig_research/github_tsBAP_official/data/fep/fep_benchmark_inputs/structure_inputs/jacs_set/mcl1_extra_flips_ligands_split/mcl1_extra_flips_molecule_23.sdf,mcl1_extra_flips,-8.829999924,-7.53000021,31,5.479829,5.479829
32,mcl1_extra_flips_molecule_26,/rds/general/user/cr725/home/aev-plig_research/github_tsBAP_official/data/fep/fep_benchmark_inputs/structure_inputs/jacs_set/mcl1_extra_flips_protein.pdb,/rds/general/user/cr725/home/aev-plig_research/github_tsBAP_official/data/fep/fep_benchmark_inputs/structure_inputs/jacs_set/mcl1_extra_flips_ligands_split/mcl1_extra_flips_molecule_26.sdf,mcl1_extra_flips,-8.239999771,-8.25,32,5.685238,5.685238
33,mcl1_extra_flips_molecule_27,/rds/general/user/cr725/home/aev-plig_research/github_tsBAP_official/data/fep/fep_benchmark_inputs/structure_inputs/jacs_set/mcl1_extra_flips_protein.pdb,/rds/general/user/cr725/home/aev-plig_research/github_tsBAP_official/data/fep/fep_benchmark_inputs/structure_inputs/jacs_set/mcl1_extra_flips_ligands_split/mcl1_extra_flips_molecule_27.sdf,mcl1_extra_flips,-6.119999886,-6.449999809,33,6.852076,6.852076
34,mcl1_extra_flips_molecule_28,/rds/general/user/cr725/home/aev-plig_research/github_tsBAP_official/data/fep/fep_benchmark_inputs/structure_inputs/jacs_set/mcl1_extra_flips_protein.pdb,/rds/general/user/cr725/home/aev-plig_research/github_tsBAP_official/data/fep/fep_benchmark_inputs/structure_inputs/jacs_set/mcl1_extra_flips_ligands_split/mcl1_extra_flips_molecule_28.sdf,mcl1_extra_flips,-6.619999886,-6.059999943,34,7.0874076,7.0874076
35,mcl1_extra_flips_molecule_29,/rds/general/user/cr725/home/aev-plig_research/github_tsBAP_official/data/fep/fep_benchmark_inputs/structure_inputs/jacs_set/mcl1_extra_flips_protein.pdb,/rds/general/user/cr725/home/aev-plig_research/github_tsBAP_official/data/fep/fep_benchmark_inputs/structure_inputs/jacs_set/mcl1_extra_flips_ligands_split/mcl1_extra_flips_molecule_29.sdf,mcl1_extra_flips,-6.940000057,-6.480000019,35,4.6385612,4.6385612
36,mcl1_extra_flips_molecule_30_flip,/rds/general/user/cr725/home/aev-plig_research/github_tsBAP_official/data/fep/fep_benchmark_inputs/structure_inputs/jacs_set/mcl1_extra_flips_protein.pdb,/rds/general/user/cr725/home/aev-plig_research/github_tsBAP_official/data/fep/fep_benchmark_inputs/structure_inputs/jacs_set/mcl1_extra_flips_ligands_split/mcl1_extra_flips_molecule_30_flip.sdf,mcl1_extra_flips,-7.849999905,-6.980000019,36,7.0040927,7.0040927
37,mcl1_extra_flips_molecule_31,/rds/general/user/cr725/home/aev-plig_research/github_tsBAP_official/data/fep/fep_benchmark_inputs/structure_inputs/jacs_set/mcl1_extra_flips_protein.pdb,/rds/general/user/cr725/home/aev-plig_research/github_tsBAP_official/data/fep/fep_benchmark_inputs/structure_inputs/jacs_set/mcl1_extra_flips_ligands_split/mcl1_extra_flips_molecule_31.sdf,mcl1_extra_flips,-7.920000076,-7.940000057,37,4.920641,4.920641
38,mcl1_extra_flips_molecule_32,/rds/general/user/cr725/home/aev-plig_research/github_tsBAP_official/data/fep/fep_benchmark_inputs/structure_inputs/jacs_set/mcl1_extra_flips_protein.pdb,/rds/general/user/cr725/home/aev-plig_research/github_tsBAP_official/data/fep/fep_benchmark_inputs/structure_inputs/jacs_set/mcl1_extra_flips_ligands_split/mcl1_extra_flips_molecule_32.sdf,mcl1_extra_flips,-6.579999924,-6.590000153,38,6.904556,6.904556
39,mcl1_extra_flips_molecule_33,/rds/general/user/cr725/home/aev-plig_research/github_tsBAP_official/data/fep/fep_benchmark_inputs/structure_inputs/jacs_set/mcl1_extra_flips_protein.pdb,/rds/general/user/cr725/home/aev-plig_research/github_tsBAP_official/data/fep/fep_benchmark_inputs/structure_inputs/jacs_set/mcl1_extra_flips_ligands_split/mcl1_extra_flips_molecule_33.sdf,mcl1_extra_flips,-6.880000114,-7.730000019,39,6.749023,6.749023
40,mcl1_extra_flips_molecule_34,/rds/general/user/cr725/home/aev-plig_research/github_tsBAP_official/data/fep/fep_benchmark_inputs/structure_inputs/jacs_set/mcl1_extra_flips_protein.pdb,/rds/general/user/cr725/home/aev-plig_research/github_tsBAP_official/data/fep/fep_benchmark_inputs/structure_inputs/jacs_set/mcl1_extra_flips_ligands_split/mcl1_extra_flips_molecule_34.sdf,mcl1_extra_flips,-6.869999886,-7.329999924,40,5.4513693,5.4513693
41,mcl1_extra_flips_molecule_35,/rds/general/user/cr725/home/aev-plig_research/github_tsBAP_official/data/fep/fep_benchmark_inputs/structure_inputs/jacs_set/mcl1_extra_flips_protein.pdb,/rds/general/user/cr725/home/aev-plig_research/github_tsBAP_official/data/fep/fep_benchmark_inputs/structure_inputs/jacs_set/mcl1_extra_flips_ligands_split/mcl1_extra_flips_molecule_35.sdf,mcl1_extra_flips,-8.81000042,-8.010000229,41,6.9595075,6.9595075
42,mcl1_extra_flips_molecule_36,/rds/general/user/cr725/home/aev-plig_research/github_tsBAP_official/data/fep/fep_benchmark_inputs/structure_inputs/jacs_set/mcl1_extra_flips_protein.pdb,/rds/general/user/cr725/home/aev-plig_research/github_tsBAP_official/data/fep/fep_benchmark_inputs/structure_inputs/jacs_set/mcl1_extra_flips_ligands_split/mcl1_extra_flips_molecule_36.sdf,mcl1_extra_flips,-8.180000305,-8.170000076,42,6.7135916,6.7135916
43,mcl1_extra_flips_molecule_37,/rds/general/user/cr725/home/aev-plig_research/github_tsBAP_official/data/fep/fep_benchmark_inputs/structure_inputs/jacs_set/mcl1_extra_flips_protein.pdb,/rds/general/user/cr725/home/aev-plig_research/github_tsBAP_official/data/fep/fep_benchmark_inputs/structure_inputs/jacs_set/mcl1_extra_flips_ligands_split/mcl1_extra_flips_molecule_37.sdf,mcl1_extra_flips,-8.949999809,-8.729999542,43,7.087822,7.087822
44,mcl1_extra_flips_molecule_38_flip,/rds/general/user/cr725/home/aev-plig_research/github_tsBAP_official/data/fep/fep_benchmark_inputs/structure_inputs/jacs_set/mcl1_extra_flips_protein.pdb,/rds/general/user/cr725/home/aev-plig_research/github_tsBAP_official/data/fep/fep_benchmark_inputs/structure_inputs/jacs_set/mcl1_extra_flips_ligands_split/mcl1_extra_flips_molecule_38_flip.sdf,mcl1_extra_flips,-7.019999981,-9.06000042,44,6.405096,6.405096
45,mcl1_extra_flips_molecule_39,/rds/general/user/cr725/home/aev-plig_research/github_tsBAP_official/data/fep/fep_benchmark_inputs/structure_inputs/jacs_set/mcl1_extra_flips_protein.pdb,/rds/general/user/cr725/home/aev-plig_research/github_tsBAP_official/data/fep/fep_benchmark_inputs/structure_inputs/jacs_set/mcl1_extra_flips_ligands_split/mcl1_extra_flips_molecule_39.sdf,mcl1_extra_flips,-7.03000021,-8.0,45,6.4084997,6.4084997
46,mcl1_extra_flips_molecule_40_flip,/rds/general/user/cr725/home/aev-plig_research/github_tsBAP_official/data/fep/fep_benchmark_inputs/structure_inputs/jacs_set/mcl1_extra_flips_protein.pdb,/rds/general/user/cr725/home/aev-plig_research/github_tsBAP_official/data/fep/fep_benchmark_inputs/structure_inputs/jacs_set/mcl1_extra_flips_ligands_split/mcl1_extra_flips_molecule_40_flip.sdf,mcl1_extra_flips,-7.25,-8.210000038,46,6.86396,6.86396
47,mcl1_extra_flips_molecule_41_flip,/rds/general/user/cr725/home/aev-plig_research/github_tsBAP_official/data/fep/fep_benchmark_inputs/structure_inputs/jacs_set/mcl1_extra_flips_protein.pdb,/rds/general/user/cr725/home/aev-plig_research/github_tsBAP_official/data/fep/fep_benchmark_inputs/structure_inputs/jacs_set/mcl1_extra_flips_ligands_split/mcl1_extra_flips_molecule_41_flip.sdf,mcl1_extra_flips,-7.130000114,-8.180000305,47,6.503809,6.503809
48,mcl1_extra_flips_molecule_42,/rds/general/user/cr725/home/aev-plig_research/github_tsBAP_official/data/fep/fep_benchmark_inputs/structure_inputs/jacs_set/mcl1_extra_flips_protein.pdb,/rds/general/user/cr725/home/aev-plig_research/github_tsBAP_official/data/fep/fep_benchmark_inputs/structure_inputs/jacs_set/mcl1_extra_flips_ligands_split/mcl1_extra_flips_molecule_42.sdf,mcl1_extra_flips,-8.899999619,-7.630000114,48,6.533505,6.533505
49,mcl1_extra_flips_molecule_43_flip,/rds/general/user/cr725/home/aev-plig_research/github_tsBAP_official/data/fep/fep_benchmark_inputs/structure_inputs/jacs_set/mcl1_extra_flips_protein.pdb,/rds/general/user/cr725/home/aev-plig_research/github_tsBAP_official/data/fep/fep_benchmark_inputs/structure_inputs/jacs_set/mcl1_extra_flips_ligands_split/mcl1_extra_flips_molecule_43_flip.sdf,mcl1_extra_flips,-7.03000021,-7.739999771,49,6.4825625,6.4825625
50,mcl1_extra_flips_molecule_44,/rds/general/user/cr725/home/aev-plig_research/github_tsBAP_official/data/fep/fep_benchmark_inputs/structure_inputs/jacs_set/mcl1_extra_flips_protein.pdb,/rds/general/user/cr725/home/aev-plig_research/github_tsBAP_official/data/fep/fep_benchmark_inputs/structure_inputs/jacs_set/mcl1_extra_flips_ligands_split/mcl1_extra_flips_molecule_44.sdf,mcl1_extra_flips,-8.670000076,-8.420000076,50,6.721649,6.721649
51,mcl1_extra_flips_molecule_45,/rds/general/user/cr725/home/aev-plig_research/github_tsBAP_official/data/fep/fep_benchmark_inputs/structure_inputs/jacs_set/mcl1_extra_flips_protein.pdb,/rds/general/user/cr725/home/aev-plig_research/github_tsBAP_official/data/fep/fep_benchmark_inputs/structure_inputs/jacs_set/mcl1_extra_flips_ligands_split/mcl1_extra_flips_molecule_45.sdf,mcl1_extra_flips,-8.949999809,-7.559999943,51,6.520739,6.520739
52,mcl1_extra_flips_molecule_46_flip,/rds/general/user/cr725/home/aev-plig_research/github_tsBAP_official/data/fep/fep_benchmark_inputs/structure_inputs/jacs_set/mcl1_extra_flips_protein.pdb,/rds/general/user/cr725/home/aev-plig_research/github_tsBAP_official/data/fep/fep_benchmark_inputs/structure_inputs/jacs_set/mcl1_extra_flips_ligands_split/mcl1_extra_flips_molecule_46_flip.sdf,mcl1_extra_flips,-7.599999905,-7.989999771,52,6.501182,6.501182
53,mcl1_extra_flips_molecule_47_flip,/rds/general/user/cr725/home/aev-plig_research/github_tsBAP_official/data/fep/fep_benchmark_inputs/structure_inputs/jacs_set/mcl1_extra_flips_protein.pdb,/rds/general/user/cr725/home/aev-plig_research/github_tsBAP_official/data/fep/fep_benchmark_inputs/structure_inputs/jacs_set/mcl1_extra_flips_ligands_split/mcl1_extra_flips_molecule_47_flip.sdf,mcl1_extra_flips,-5.78000021,-6.289999962,53,6.304733,6.304733
54,mcl1_extra_flips_molecule_48_flip,/rds/general/user/cr725/home/aev-plig_research/github_tsBAP_official/data/fep/fep_benchmark_inputs/structure_inputs/jacs_set/mcl1_extra_flips_protein.pdb,/rds/general/user/cr725/home/aev-plig_research/github_tsBAP_official/data/fep/fep_benchmark_inputs/structure_inputs/jacs_set/mcl1_extra_flips_ligands_split/mcl1_extra_flips_molecule_48_flip.sdf,mcl1_extra_flips,-6.659999847,-4.630000114,54,6.340999,6.340999
55,mcl1_extra_flips_molecule_49,/rds/general/user/cr725/home/aev-plig_research/github_tsBAP_official/data/fep/fep_benchmark_inputs/structure_inputs/jacs_set/mcl1_extra_flips_protein.pdb,/rds/general/user/cr725/home/aev-plig_research/github_tsBAP_official/data/fep/fep_benchmark_inputs/structure_inputs/jacs_set/mcl1_extra_flips_ligands_split/mcl1_extra_flips_molecule_49.sdf,mcl1_extra_flips,-8.359999657,-8.729999542,55,7.2522926,7.2522926
56,mcl1_extra_flips_molecule_50,/rds/general/user/cr725/home/aev-plig_research/github_tsBAP_official/data/fep/fep_benchmark_inputs/structure_inputs/jacs_set/mcl1_extra_flips_protein.pdb,/rds/general/user/cr725/home/aev-plig_research/github_tsBAP_official/data/fep/fep_benchmark_inputs/structure_inputs/jacs_set/mcl1_extra_flips_ligands_split/mcl1_extra_flips_molecule_50.sdf,mcl1_extra_flips,-9.329999924,-8.75,56,7.518173,7.518173
57,mcl1_extra_flips_molecule_51,/rds/general/user/cr725/home/aev-plig_research/github_tsBAP_official/data/fep/fep_benchmark_inputs/structure_inputs/jacs_set/mcl1_extra_flips_protein.pdb,/rds/general/user/cr725/home/aev-plig_research/github_tsBAP_official/data/fep/fep_benchmark_inputs/structure_inputs/jacs_set/mcl1_extra_flips_ligands_split/mcl1_extra_flips_molecule_51.sdf,mcl1_extra_flips,-8.449999809,-7.150000095,57,6.707208,6.707208
58,mcl1_extra_flips_molecule_52,/rds/general/user/cr725/home/aev-plig_research/github_tsBAP_official/data/fep/fep_benchmark_inputs/structure_inputs/jacs_set/mcl1_extra_flips_protein.pdb,/rds/general/user/cr725/home/aev-plig_research/github_tsBAP_official/data/fep/fep_benchmark_inputs/structure_inputs/jacs_set/mcl1_extra_flips_ligands_split/mcl1_extra_flips_molecule_52.sdf,mcl1_extra_flips,-9.229999542,-9.720000267,58,6.680199,6.680199
59,mcl1_extra_flips_molecule_53,/rds/general/user/cr725/home/aev-plig_research/github_tsBAP_official/data/fep/fep_benchmark_inputs/structure_inputs/jacs_set/mcl1_extra_flips_protein.pdb,/rds/general/user/cr725/home/aev-plig_research/github_tsBAP_official/data/fep/fep_benchmark_inputs/structure_inputs/jacs_set/mcl1_extra_flips_ligands_split/mcl1_extra_flips_molecule_53.sdf,mcl1_extra_flips,-9.960000038,-10.09000015,59,7.037904,7.037904
60,mcl1_extra_flips_molecule_54,/rds/general/user/cr725/home/aev-plig_research/github_tsBAP_official/data/fep/fep_benchmark_inputs/structure_inputs/jacs_set/mcl1_extra_flips_protein.pdb,/rds/general/user/cr725/home/aev-plig_research/github_tsBAP_official/data/fep/fep_benchmark_inputs/structure_inputs/jacs_set/mcl1_extra_flips_ligands_split/mcl1_extra_flips_molecule_54.sdf,mcl1_extra_flips,-9.779999733,-9.050000191,60,6.612844,6.612844
61,mcl1_extra_flips_molecule_56,/rds/general/user/cr725/home/aev-plig_research/github_tsBAP_official/data/fep/fep_benchmark_inputs/structure_inputs/jacs_set/mcl1_extra_flips_protein.pdb,/rds/general/user/cr725/home/aev-plig_research/github_tsBAP_official/data/fep/fep_benchmark_inputs/structure_inputs/jacs_set/mcl1_extra_flips_ligands_split/mcl1_extra_flips_molecule_56.sdf,mcl1_extra_flips,-9.260000229,-9.050000191,61,7.1565166,7.1565166
62,mcl1_extra_flips_molecule_57,/rds/general/user/cr725/home/aev-plig_research/github_tsBAP_official/data/fep/fep_benchmark_inputs/structure_inputs/jacs_set/mcl1_extra_flips_protein.pdb,/rds/general/user/cr725/home/aev-plig_research/github_tsBAP_official/data/fep/fep_benchmark_inputs/structure_inputs/jacs_set/mcl1_extra_flips_ligands_split/mcl1_extra_flips_molecule_57.sdf,mcl1_extra_flips,-9.039999962,-7.840000153,62,6.882112,6.882112
63,mcl1_extra_flips_molecule_58,/rds/general/user/cr725/home/aev-plig_research/github_tsBAP_official/data/fep/fep_benchmark_inputs/structure_inputs/jacs_set/mcl1_extra_flips_protein.pdb,/rds/general/user/cr725/home/aev-plig_research/github_tsBAP_official/data/fep/fep_benchmark_inputs/structure_inputs/jacs_set/mcl1_extra_flips_ligands_split/mcl1_extra_flips_molecule_58.sdf,mcl1_extra_flips,-9.409999847,-10.36999989,63,7.749615,7.749615
64,mcl1_extra_flips_molecule_60,/rds/general/user/cr725/home/aev-plig_research/github_tsBAP_official/data/fep/fep_benchmark_inputs/structure_inputs/jacs_set/mcl1_extra_flips_protein.pdb,/rds/general/user/cr725/home/aev-plig_research/github_tsBAP_official/data/fep/fep_benchmark_inputs/structure_inputs/jacs_set/mcl1_extra_flips_ligands_split/mcl1_extra_flips_molecule_60.sdf,mcl1_extra_flips,-8.920000076,-8.779999733,64,6.662913,6.662913
65,mcl1_extra_flips_molecule_61,/rds/general/user/cr725/home/aev-plig_research/github_tsBAP_official/data/fep/fep_benchmark_inputs/structure_inputs/jacs_set/mcl1_extra_flips_protein.pdb,/rds/general/user/cr725/home/aev-plig_research/github_tsBAP_official/data/fep/fep_benchmark_inputs/structure_inputs/jacs_set/mcl1_extra_flips_ligands_split/mcl1_extra_flips_molecule_61.sdf,mcl1_extra_flips,-8.079999924,-8.319999695,65,6.730143,6.730143
66,mcl1_extra_flips_molecule_62,/rds/general/user/cr725/home/aev-plig_research/github_tsBAP_official/data/fep/fep_benchmark_inputs/structure_inputs/jacs_set/mcl1_extra_flips_protein.pdb,/rds/general/user/cr725/home/aev-plig_research/github_tsBAP_official/data/fep/fep_benchmark_inputs/structure_inputs/jacs_set/mcl1_extra_flips_ligands_split/mcl1_extra_flips_molecule_62.sdf,mcl1_extra_flips,-7.960000038,-8.069999695,66,6.180816,6.180816
67,mcl1_extra_flips_molecule_63,/rds/general/user/cr725/home/aev-plig_research/github_tsBAP_official/data/fep/fep_benchmark_inputs/structure_inputs/jacs_set/mcl1_extra_flips_protein.pdb,/rds/general/user/cr725/home/aev-plig_research/github_tsBAP_official/data/fep/fep_benchmark_inputs/structure_inputs/jacs_set/mcl1_extra_flips_ligands_split/mcl1_extra_flips_molecule_63.sdf,mcl1_extra_flips,-9.06000042,-9.829999924,67,5.879925,5.879925
68,mcl1_extra_flips_molecule_64,/rds/general/user/cr725/home/aev-plig_research/github_tsBAP_official/data/fep/fep_benchmark_inputs/structure_inputs/jacs_set/mcl1_extra_flips_protein.pdb,/rds/general/user/cr725/home/aev-plig_research/github_tsBAP_official/data/fep/fep_benchmark_inputs/structure_inputs/jacs_set/mcl1_extra_flips_ligands_split/mcl1_extra_flips_molecule_64.sdf,mcl1_extra_flips,-9.5,-8.970000267,68,6.079019,6.079019
69,mcl1_extra_flips_molecule_65,/rds/general/user/cr725/home/aev-plig_research/github_tsBAP_official/data/fep/fep_benchmark_inputs/structure_inputs/jacs_set/mcl1_extra_flips_protein.pdb,/rds/general/user/cr725/home/aev-plig_research/github_tsBAP_official/data/fep/fep_benchmark_inputs/structure_inputs/jacs_set/mcl1_extra_flips_ligands_split/mcl1_extra_flips_molecule_65.sdf,mcl1_extra_flips,-8.409999847,-9.630000114,69,6.3744283,6.3744283
70,mcl1_extra_flips_molecule_66,/rds/general/user/cr725/home/aev-plig_research/github_tsBAP_official/data/fep/fep_benchmark_inputs/structure_inputs/jacs_set/mcl1_extra_flips_protein.pdb,/rds/general/user/cr725/home/aev-plig_research/github_tsBAP_official/data/fep/fep_benchmark_inputs/structure_inputs/jacs_set/mcl1_extra_flips_ligands_split/mcl1_extra_flips_molecule_66.sdf,mcl1_extra_flips,-8.430000305,-8.670000076,70,6.012524,6.012524
71,mcl1_extra_flips_molecule_67,/rds/general/user/cr725/home/aev-plig_research/github_tsBAP_official/data/fep/fep_benchmark_inputs/structure_inputs/jacs_set/mcl1_extra_flips_protein.pdb,/rds/general/user/cr725/home/aev-plig_research/github_tsBAP_official/data/fep/fep_benchmark_inputs/structure_inputs/jacs_set/mcl1_extra_flips_ligands_split/mcl1_extra_flips_molecule_67.sdf,mcl1_extra_flips,-7.579999924,-9.220000267,71,6.76275,6.76275
72,mcl1_extra_flips_molecule_68,/rds/general/user/cr725/home/aev-plig_research/github_tsBAP_official/data/fep/fep_benchmark_inputs/structure_inputs/jacs_set/mcl1_extra_flips_protein.pdb,/rds/general/user/cr725/home/aev-plig_research/github_tsBAP_official/data/fep/fep_benchmark_inputs/structure_inputs/jacs_set/mcl1_extra_flips_ligands_split/mcl1_extra_flips_molecule_68.sdf,mcl1_extra_flips,-7.690000057,-7.159999847,72,5.820291,5.820291
73,cdk2_molecule_17,/rds/general/user/cr725/home/aev-plig_research/github_tsBAP_official/data/fep/fep_benchmark_inputs/structure_inputs/jacs_set/cdk2_protein.pdb,/rds/general/user/cr725/home/aev-plig_research/github_tsBAP_official/data/fep/fep_benchmark_inputs/structure_inputs/jacs_set/cdk2_ligands_split/cdk2_molecule_17.sdf,cdk2,-7.039999961853027,-8.829999923706055,73,4.538155,4.538155
74,cdk2_molecule_28,/rds/general/user/cr725/home/aev-plig_research/github_tsBAP_official/data/fep/fep_benchmark_inputs/structure_inputs/jacs_set/cdk2_protein.pdb,/rds/general/user/cr725/home/aev-plig_research/github_tsBAP_official/data/fep/fep_benchmark_inputs/structure_inputs/jacs_set/cdk2_ligands_split/cdk2_molecule_28.sdf,cdk2,-11.109999656677246,-10.369999885559082,74,5.009893,5.009893
75,cdk2_molecule_22,/rds/general/user/cr725/home/aev-plig_research/github_tsBAP_official/data/fep/fep_benchmark_inputs/structure_inputs/jacs_set/cdk2_protein.pdb,/rds/general/user/cr725/home/aev-plig_research/github_tsBAP_official/data/fep/fep_benchmark_inputs/structure_inputs/jacs_set/cdk2_ligands_split/cdk2_molecule_22.sdf,cdk2,-7.860000133514404,-7.96999979019165,75,8.02985,8.02985
76,cdk2_molecule_30,/rds/general/user/cr725/home/aev-plig_research/github_tsBAP_official/data/fep/fep_benchmark_inputs/structure_inputs/jacs_set/cdk2_protein.pdb,/rds/general/user/cr725/home/aev-plig_research/github_tsBAP_official/data/fep/fep_benchmark_inputs/structure_inputs/jacs_set/cdk2_ligands_split/cdk2_molecule_30.sdf,cdk2,-9.8100004196167,-8.40999984741211,76,5.38397,5.38397
77,cdk2_molecule_1h1r,/rds/general/user/cr725/home/aev-plig_research/github_tsBAP_official/data/fep/fep_benchmark_inputs/structure_inputs/jacs_set/cdk2_protein.pdb,/rds/general/user/cr725/home/aev-plig_research/github_tsBAP_official/data/fep/fep_benchmark_inputs/structure_inputs/jacs_set/cdk2_ligands_split/cdk2_molecule_1h1r.sdf,cdk2,-7.670000076293945,-8.59000015258789,77,5.097676,5.097676
78,cdk2_molecule_1h1s,/rds/general/user/cr725/home/aev-plig_research/github_tsBAP_official/data/fep/fep_benchmark_inputs/structure_inputs/jacs_set/cdk2_protein.pdb,/rds/general/user/cr725/home/aev-plig_research/github_tsBAP_official/data/fep/fep_benchmark_inputs/structure_inputs/jacs_set/cdk2_ligands_split/cdk2_molecule_1h1s.sdf,cdk2,-11.25,-9.970000267028809,78,5.958528,5.958528
79,cdk2_molecule_21,/rds/general/user/cr725/home/aev-plig_research/github_tsBAP_official/data/fep/fep_benchmark_inputs/structure_inputs/jacs_set/cdk2_protein.pdb,/rds/general/user/cr725/home/aev-plig_research/github_tsBAP_official/data/fep/fep_benchmark_inputs/structure_inputs/jacs_set/cdk2_ligands_split/cdk2_molecule_21.sdf,cdk2,-7.829999923706055,-8.170000076293945,79,6.0146422,6.0146422
80,cdk2_molecule_1oiy,/rds/general/user/cr725/home/aev-plig_research/github_tsBAP_official/data/fep/fep_benchmark_inputs/structure_inputs/jacs_set/cdk2_protein.pdb,/rds/general/user/cr725/home/aev-plig_research/github_tsBAP_official/data/fep/fep_benchmark_inputs/structure_inputs/jacs_set/cdk2_ligands_split/cdk2_molecule_1oiy.sdf,cdk2,-9.789999961853027,-9.9399995803833,80,6.499877,6.499877
81,cdk2_molecule_1oiu,/rds/general/user/cr725/home/aev-plig_research/github_tsBAP_official/data/fep/fep_benchmark_inputs/structure_inputs/jacs_set/cdk2_protein.pdb,/rds/general/user/cr725/home/aev-plig_research/github_tsBAP_official/data/fep/fep_benchmark_inputs/structure_inputs/jacs_set/cdk2_ligands_split/cdk2_molecule_1oiu.sdf,cdk2,-9.079999923706056,-10.699999809265137,81,6.568085,6.568085
82,cdk2_molecule_31,/rds/general/user/cr725/home/aev-plig_research/github_tsBAP_official/data/fep/fep_benchmark_inputs/structure_inputs/jacs_set/cdk2_protein.pdb,/rds/general/user/cr725/home/aev-plig_research/github_tsBAP_official/data/fep/fep_benchmark_inputs/structure_inputs/jacs_set/cdk2_ligands_split/cdk2_molecule_31.sdf,cdk2,-9.539999961853027,-8.59000015258789,82,6.6864777,6.6864777
83,cdk2_molecule_29,/rds/general/user/cr725/home/aev-plig_research/github_tsBAP_official/data/fep/fep_benchmark_inputs/structure_inputs/jacs_set/cdk2_protein.pdb,/rds/general/user/cr725/home/aev-plig_research/github_tsBAP_official/data/fep/fep_benchmark_inputs/structure_inputs/jacs_set/cdk2_ligands_split/cdk2_molecule_29.sdf,cdk2,-9.880000114440918,-9.15999984741211,83,5.5709844,5.5709844
84,cdk2_molecule_26,/rds/general/user/cr725/home/aev-plig_research/github_tsBAP_official/data/fep/fep_benchmark_inputs/structure_inputs/jacs_set/cdk2_protein.pdb,/rds/general/user/cr725/home/aev-plig_research/github_tsBAP_official/data/fep/fep_benchmark_inputs/structure_inputs/jacs_set/cdk2_ligands_split/cdk2_molecule_26.sdf,cdk2,-8.430000305175781,-8.84000015258789,84,5.932982,5.932982
85,cdk2_molecule_1oi9,/rds/general/user/cr725/home/aev-plig_research/github_tsBAP_official/data/fep/fep_benchmark_inputs/structure_inputs/jacs_set/cdk2_protein.pdb,/rds/general/user/cr725/home/aev-plig_research/github_tsBAP_official/data/fep/fep_benchmark_inputs/structure_inputs/jacs_set/cdk2_ligands_split/cdk2_molecule_1oi9.sdf,cdk2,-9.739999771118164,-9.4399995803833,85,5.247534,5.247534
86,cdk2_molecule_20,/rds/general/user/cr725/home/aev-plig_research/github_tsBAP_official/data/fep/fep_benchmark_inputs/structure_inputs/jacs_set/cdk2_protein.pdb,/rds/general/user/cr725/home/aev-plig_research/github_tsBAP_official/data/fep/fep_benchmark_inputs/structure_inputs/jacs_set/cdk2_ligands_split/cdk2_molecule_20.sdf,cdk2,-8.720000267028809,-9.0600004196167,86,5.695629,5.695629
87,cdk2_molecule_32,/rds/general/user/cr725/home/aev-plig_research/github_tsBAP_official/data/fep/fep_benchmark_inputs/structure_inputs/jacs_set/cdk2_protein.pdb,/rds/general/user/cr725/home/aev-plig_research/github_tsBAP_official/data/fep/fep_benchmark_inputs/structure_inputs/jacs_set/cdk2_ligands_split/cdk2_molecule_32.sdf,cdk2,-9.75,-9.84000015258789,87,5.381558,5.381558
88,cdk2_molecule_1h1q,/rds/general/user/cr725/home/aev-plig_research/github_tsBAP_official/data/fep/fep_benchmark_inputs/structure_inputs/jacs_set/cdk2_protein.pdb,/rds/general/user/cr725/home/aev-plig_research/github_tsBAP_official/data/fep/fep_benchmark_inputs/structure_inputs/jacs_set/cdk2_ligands_split/cdk2_molecule_1h1q.sdf,cdk2,-8.180000305175781,-7.820000171661377,88,3.9803283,3.9803283
89,jnk1_manual_flips_molecule_18626-1,/rds/general/user/cr725/home/aev-plig_research/github_tsBAP_official/data/fep/fep_benchmark_inputs/structure_inputs/jacs_set/jnk1_manual_flips_protein.pdb,/rds/general/user/cr725/home/aev-plig_research/github_tsBAP_official/data/fep/fep_benchmark_inputs/structure_inputs/jacs_set/jnk1_manual_flips_ligands_split/jnk1_manual_flips_molecule_18626-1.sdf,jnk1_manual_flips,-8.869999885559082,-8.829999923706055,89,4.903615,4.903615
90,jnk1_manual_flips_molecule_18628-1_flip,/rds/general/user/cr725/home/aev-plig_research/github_tsBAP_official/data/fep/fep_benchmark_inputs/structure_inputs/jacs_set/jnk1_manual_flips_protein.pdb,/rds/general/user/cr725/home/aev-plig_research/github_tsBAP_official/data/fep/fep_benchmark_inputs/structure_inputs/jacs_set/jnk1_manual_flips_ligands_split/jnk1_manual_flips_molecule_18628-1_flip.sdf,jnk1_manual_flips,-8.699999809265137,-7.309999942779541,90,5.4040904,5.4040904
91,jnk1_manual_flips_molecule_18629-1,/rds/general/user/cr725/home/aev-plig_research/github_tsBAP_official/data/fep/fep_benchmark_inputs/structure_inputs/jacs_set/jnk1_manual_flips_protein.pdb,/rds/general/user/cr725/home/aev-plig_research/github_tsBAP_official/data/fep/fep_benchmark_inputs/structure_inputs/jacs_set/jnk1_manual_flips_ligands_split/jnk1_manual_flips_molecule_18629-1.sdf,jnk1_manual_flips,-8.670000076293945,-8.510000228881836,91,5.290963,5.290963
92,jnk1_manual_flips_molecule_18636-1,/rds/general/user/cr725/home/aev-plig_research/github_tsBAP_official/data/fep/fep_benchmark_inputs/structure_inputs/jacs_set/jnk1_manual_flips_protein.pdb,/rds/general/user/cr725/home/aev-plig_research/github_tsBAP_official/data/fep/fep_benchmark_inputs/structure_inputs/jacs_set/jnk1_manual_flips_ligands_split/jnk1_manual_flips_molecule_18636-1.sdf,jnk1_manual_flips,-7.510000228881836,-8.350000381469727,92,4.0894017,4.0894017
93,jnk1_manual_flips_molecule_17124-1,/rds/general/user/cr725/home/aev-plig_research/github_tsBAP_official/data/fep/fep_benchmark_inputs/structure_inputs/jacs_set/jnk1_manual_flips_protein.pdb,/rds/general/user/cr725/home/aev-plig_research/github_tsBAP_official/data/fep/fep_benchmark_inputs/structure_inputs/jacs_set/jnk1_manual_flips_ligands_split/jnk1_manual_flips_molecule_17124-1.sdf,jnk1_manual_flips,-9.68000030517578,-10.65999984741211,93,3.493138,3.493138
94,jnk1_manual_flips_molecule_18627-1,/rds/general/user/cr725/home/aev-plig_research/github_tsBAP_official/data/fep/fep_benchmark_inputs/structure_inputs/jacs_set/jnk1_manual_flips_protein.pdb,/rds/general/user/cr725/home/aev-plig_research/github_tsBAP_official/data/fep/fep_benchmark_inputs/structure_inputs/jacs_set/jnk1_manual_flips_ligands_split/jnk1_manual_flips_molecule_18627-1.sdf,jnk1_manual_flips,-8.479999542236328,-8.670000076293945,94,4.6294518,4.6294518
95,jnk1_manual_flips_molecule_18638-1,/rds/general/user/cr725/home/aev-plig_research/github_tsBAP_official/data/fep/fep_benchmark_inputs/structure_inputs/jacs_set/jnk1_manual_flips_protein.pdb,/rds/general/user/cr725/home/aev-plig_research/github_tsBAP_official/data/fep/fep_benchmark_inputs/structure_inputs/jacs_set/jnk1_manual_flips_ligands_split/jnk1_manual_flips_molecule_18638-1.sdf,jnk1_manual_flips,-10.09000015258789,-10.270000457763672,95,7.066179,7.066179
96,jnk1_manual_flips_molecule_18659-1,/rds/general/user/cr725/home/aev-plig_research/github_tsBAP_official/data/fep/fep_benchmark_inputs/structure_inputs/jacs_set/jnk1_manual_flips_protein.pdb,/rds/general/user/cr725/home/aev-plig_research/github_tsBAP_official/data/fep/fep_benchmark_inputs/structure_inputs/jacs_set/jnk1_manual_flips_ligands_split/jnk1_manual_flips_molecule_18659-1.sdf,jnk1_manual_flips,-9.470000267028809,-9.6899995803833,96,3.2142584,3.2142584
97,jnk1_manual_flips_molecule_18639-1,/rds/general/user/cr725/home/aev-plig_research/github_tsBAP_official/data/fep/fep_benchmark_inputs/structure_inputs/jacs_set/jnk1_manual_flips_protein.pdb,/rds/general/user/cr725/home/aev-plig_research/github_tsBAP_official/data/fep/fep_benchmark_inputs/structure_inputs/jacs_set/jnk1_manual_flips_ligands_split/jnk1_manual_flips_molecule_18639-1.sdf,jnk1_manual_flips,-9.739999771118164,-10.050000190734863,97,2.5431125,2.5431125
98,jnk1_manual_flips_molecule_18634-1,/rds/general/user/cr725/home/aev-plig_research/github_tsBAP_official/data/fep/fep_benchmark_inputs/structure_inputs/jacs_set/jnk1_manual_flips_protein.pdb,/rds/general/user/cr725/home/aev-plig_research/github_tsBAP_official/data/fep/fep_benchmark_inputs/structure_inputs/jacs_set/jnk1_manual_flips_ligands_split/jnk1_manual_flips_molecule_18634-1.sdf,jnk1_manual_flips,-9.989999771118164,-10.109999656677246,98,3.6966372,3.6966372
99,jnk1_manual_flips_molecule_18630-1,/rds/general/user/cr725/home/aev-plig_research/github_tsBAP_official/data/fep/fep_benchmark_inputs/structure_inputs/jacs_set/jnk1_manual_flips_protein.pdb,/rds/general/user/cr725/home/aev-plig_research/github_tsBAP_official/data/fep/fep_benchmark_inputs/structure_inputs/jacs_set/jnk1_manual_flips_ligands_split/jnk1_manual_flips_molecule_18630-1.sdf,jnk1_manual_flips,-9.140000343322754,-8.40999984741211,99,4.8417277,4.8417277
100,jnk1_manual_flips_molecule_18637-1,/rds/general/user/cr725/home/aev-plig_research/github_tsBAP_official/data/fep/fep_benchmark_inputs/structure_inputs/jacs_set/jnk1_manual_flips_protein.pdb,/rds/general/user/cr725/home/aev-plig_research/github_tsBAP_official/data/fep/fep_benchmark_inputs/structure_inputs/jacs_set/jnk1_manual_flips_ligands_split/jnk1_manual_flips_molecule_18637-1.sdf,jnk1_manual_flips,-10.140000343322754,-10.56999969482422,100,2.7558572,2.7558572
101,jnk1_manual_flips_molecule_18658-1,/rds/general/user/cr725/home/aev-plig_research/github_tsBAP_official/data/fep/fep_benchmark_inputs/structure_inputs/jacs_set/jnk1_manual_flips_protein.pdb,/rds/general/user/cr725/home/aev-plig_research/github_tsBAP_official/data/fep/fep_benchmark_inputs/structure_inputs/jacs_set/jnk1_manual_flips_ligands_split/jnk1_manual_flips_molecule_18658-1.sdf,jnk1_manual_flips,-9.699999809265137,-9.720000267028809,101,3.322349,3.322349
102,jnk1_manual_flips_molecule_18632-1,/rds/general/user/cr725/home/aev-plig_research/github_tsBAP_official/data/fep/fep_benchmark_inputs/structure_inputs/jacs_set/jnk1_manual_flips_protein.pdb,/rds/general/user/cr725/home/aev-plig_research/github_tsBAP_official/data/fep/fep_benchmark_inputs/structure_inputs/jacs_set/jnk1_manual_flips_ligands_split/jnk1_manual_flips_molecule_18632-1.sdf,jnk1_manual_flips,-9.079999923706056,-8.90999984741211,102,4.956705,4.956705
103,jnk1_manual_flips_molecule_18633-1,/rds/general/user/cr725/home/aev-plig_research/github_tsBAP_official/data/fep/fep_benchmark_inputs/structure_inputs/jacs_set/jnk1_manual_flips_protein.pdb,/rds/general/user/cr725/home/aev-plig_research/github_tsBAP_official/data/fep/fep_benchmark_inputs/structure_inputs/jacs_set/jnk1_manual_flips_ligands_split/jnk1_manual_flips_molecule_18633-1.sdf,jnk1_manual_flips,-9.170000076293944,-8.869999885559082,103,4.350154,4.350154
104,jnk1_manual_flips_molecule_18635-1,/rds/general/user/cr725/home/aev-plig_research/github_tsBAP_official/data/fep/fep_benchmark_inputs/structure_inputs/jacs_set/jnk1_manual_flips_protein.pdb,/rds/general/user/cr725/home/aev-plig_research/github_tsBAP_official/data/fep/fep_benchmark_inputs/structure_inputs/jacs_set/jnk1_manual_flips_ligands_split/jnk1_manual_flips_molecule_18635-1.sdf,jnk1_manual_flips,-7.289999961853027,-7.889999866485596,104,4.907047,4.907047
105,jnk1_manual_flips_molecule_18631-1,/rds/general/user/cr725/home/aev-plig_research/github_tsBAP_official/data/fep/fep_benchmark_inputs/structure_inputs/jacs_set/jnk1_manual_flips_protein.pdb,/rds/general/user/cr725/home/aev-plig_research/github_tsBAP_official/data/fep/fep_benchmark_inputs/structure_inputs/jacs_set/jnk1_manual_flips_ligands_split/jnk1_manual_flips_molecule_18631-1.sdf,jnk1_manual_flips,-9.40999984741211,-8.770000457763672,105,5.159751,5.159751
106,jnk1_manual_flips_molecule_18660-1,/rds/general/user/cr725/home/aev-plig_research/github_tsBAP_official/data/fep/fep_benchmark_inputs/structure_inputs/jacs_set/jnk1_manual_flips_protein.pdb,/rds/general/user/cr725/home/aev-plig_research/github_tsBAP_official/data/fep/fep_benchmark_inputs/structure_inputs/jacs_set/jnk1_manual_flips_ligands_split/jnk1_manual_flips_molecule_18660-1.sdf,jnk1_manual_flips,-8.699999809265137,-9.25,106,4.9909105,4.9909105
107,jnk1_manual_flips_molecule_18625-1,/rds/general/user/cr725/home/aev-plig_research/github_tsBAP_official/data/fep/fep_benchmark_inputs/structure_inputs/jacs_set/jnk1_manual_flips_protein.pdb,/rds/general/user/cr725/home/aev-plig_research/github_tsBAP_official/data/fep/fep_benchmark_inputs/structure_inputs/jacs_set/jnk1_manual_flips_ligands_split/jnk1_manual_flips_molecule_18625-1.sdf,jnk1_manual_flips,-8.109999656677246,-7.5,107,5.1575794,5.1575794
108,jnk1_manual_flips_molecule_18624-1,/rds/general/user/cr725/home/aev-plig_research/github_tsBAP_official/data/fep/fep_benchmark_inputs/structure_inputs/jacs_set/jnk1_manual_flips_protein.pdb,/rds/general/user/cr725/home/aev-plig_research/github_tsBAP_official/data/fep/fep_benchmark_inputs/structure_inputs/jacs_set/jnk1_manual_flips_ligands_split/jnk1_manual_flips_molecule_18624-1.sdf,jnk1_manual_flips,-8.489999771118164,-7.659999847412109,108,5.3787575,5.3787575
109,jnk1_manual_flips_molecule_18652-1,/rds/general/user/cr725/home/aev-plig_research/github_tsBAP_official/data/fep/fep_benchmark_inputs/structure_inputs/jacs_set/jnk1_manual_flips_protein.pdb,/rds/general/user/cr725/home/aev-plig_research/github_tsBAP_official/data/fep/fep_benchmark_inputs/structure_inputs/jacs_set/jnk1_manual_flips_ligands_split/jnk1_manual_flips_molecule_18652-1.sdf,jnk1_manual_flips,-10.68000030517578,-11.020000457763672,109,5.503351,5.503351
110,thrombin_core_molecule_6a,/rds/general/user/cr725/home/aev-plig_research/github_tsBAP_official/data/fep/fep_benchmark_inputs/structure_inputs/jacs_set/thrombin_core_protein.pdb,/rds/general/user/cr725/home/aev-plig_research/github_tsBAP_official/data/fep/fep_benchmark_inputs/structure_inputs/jacs_set/thrombin_core_ligands_split/thrombin_core_molecule_6a.sdf,thrombin_core,-9.18000030517578,-9.65999984741211,110,8.24587,8.24587
111,thrombin_core_molecule_3a,/rds/general/user/cr725/home/aev-plig_research/github_tsBAP_official/data/fep/fep_benchmark_inputs/structure_inputs/jacs_set/thrombin_core_protein.pdb,/rds/general/user/cr725/home/aev-plig_research/github_tsBAP_official/data/fep/fep_benchmark_inputs/structure_inputs/jacs_set/thrombin_core_ligands_split/thrombin_core_molecule_3a.sdf,thrombin_core,-8.319999694824219,-7.789999961853027,111,8.0420265,8.0420265
112,thrombin_core_molecule_1d,/rds/general/user/cr725/home/aev-plig_research/github_tsBAP_official/data/fep/fep_benchmark_inputs/structure_inputs/jacs_set/thrombin_core_protein.pdb,/rds/general/user/cr725/home/aev-plig_research/github_tsBAP_official/data/fep/fep_benchmark_inputs/structure_inputs/jacs_set/thrombin_core_ligands_split/thrombin_core_molecule_1d.sdf,thrombin_core,-8.25,-9.420000076293944,112,7.749,7.749
113,thrombin_core_molecule_6e,/rds/general/user/cr725/home/aev-plig_research/github_tsBAP_official/data/fep/fep_benchmark_inputs/structure_inputs/jacs_set/thrombin_core_protein.pdb,/rds/general/user/cr725/home/aev-plig_research/github_tsBAP_official/data/fep/fep_benchmark_inputs/structure_inputs/jacs_set/thrombin_core_ligands_split/thrombin_core_molecule_6e.sdf,thrombin_core,-8.90999984741211,-8.609999656677246,113,8.108732,8.108732
114,thrombin_core_molecule_6b,/rds/general/user/cr725/home/aev-plig_research/github_tsBAP_official/data/fep/fep_benchmark_inputs/structure_inputs/jacs_set/thrombin_core_protein.pdb,/rds/general/user/cr725/home/aev-plig_research/github_tsBAP_official/data/fep/fep_benchmark_inputs/structure_inputs/jacs_set/thrombin_core_ligands_split/thrombin_core_molecule_6b.sdf,thrombin_core,-8.890000343322754,-9.06999969482422,114,7.593683,7.593683
115,thrombin_core_molecule_1b,/rds/general/user/cr725/home/aev-plig_research/github_tsBAP_official/data/fep/fep_benchmark_inputs/structure_inputs/jacs_set/thrombin_core_protein.pdb,/rds/general/user/cr725/home/aev-plig_research/github_tsBAP_official/data/fep/fep_benchmark_inputs/structure_inputs/jacs_set/thrombin_core_ligands_split/thrombin_core_molecule_1b.sdf,thrombin_core,-8.460000038146973,-8.1899995803833,115,7.638823,7.638823
116,thrombin_core_molecule_1a,/rds/general/user/cr725/home/aev-plig_research/github_tsBAP_official/data/fep/fep_benchmark_inputs/structure_inputs/jacs_set/thrombin_core_protein.pdb,/rds/general/user/cr725/home/aev-plig_research/github_tsBAP_official/data/fep/fep_benchmark_inputs/structure_inputs/jacs_set/thrombin_core_ligands_split/thrombin_core_molecule_1a.sdf,thrombin_core,-7.480000019073486,-7.320000171661377,116,7.6156397,7.6156397
117,thrombin_core_molecule_5,/rds/general/user/cr725/home/aev-plig_research/github_tsBAP_official/data/fep/fep_benchmark_inputs/structure_inputs/jacs_set/thrombin_core_protein.pdb,/rds/general/user/cr725/home/aev-plig_research/github_tsBAP_official/data/fep/fep_benchmark_inputs/structure_inputs/jacs_set/thrombin_core_ligands_split/thrombin_core_molecule_5.sdf,thrombin_core,-7.579999923706055,-6.699999809265137,117,7.5494947,7.5494947
118,thrombin_core_molecule_3b,/rds/general/user/cr725/home/aev-plig_research/github_tsBAP_official/data/fep/fep_benchmark_inputs/structure_inputs/jacs_set/thrombin_core_protein.pdb,/rds/general/user/cr725/home/aev-plig_research/github_tsBAP_official/data/fep/fep_benchmark_inputs/structure_inputs/jacs_set/thrombin_core_ligands_split/thrombin_core_molecule_3b.sdf,thrombin_core,-7.860000133514404,-7.860000133514404,118,7.901822,7.901822
119,thrombin_core_molecule_7a,/rds/general/user/cr725/home/aev-plig_research/github_tsBAP_official/data/fep/fep_benchmark_inputs/structure_inputs/jacs_set/thrombin_core_protein.pdb,/rds/general/user/cr725/home/aev-plig_research/github_tsBAP_official/data/fep/fep_benchmark_inputs/structure_inputs/jacs_set/thrombin_core_ligands_split/thrombin_core_molecule_7a.sdf,thrombin_core,-8.220000267028809,-8.050000190734863,119,7.819792,7.819792
120,thrombin_core_molecule_1c,/rds/general/user/cr725/home/aev-plig_research/github_tsBAP_official/data/fep/fep_benchmark_inputs/structure_inputs/jacs_set/thrombin_core_protein.pdb,/rds/general/user/cr725/home/aev-plig_research/github_tsBAP_official/data/fep/fep_benchmark_inputs/structure_inputs/jacs_set/thrombin_core_ligands_split/thrombin_core_molecule_1c.sdf,thrombin_core,-8.5600004196167,-9.039999961853027,120,7.972214,7.972214
121,tyk2_molecule_jmc_23,/rds/general/user/cr725/home/aev-plig_research/github_tsBAP_official/data/fep/fep_benchmark_inputs/structure_inputs/jacs_set/tyk2_protein.pdb,/rds/general/user/cr725/home/aev-plig_research/github_tsBAP_official/data/fep/fep_benchmark_inputs/structure_inputs/jacs_set/tyk2_ligands_split/tyk2_molecule_jmc_23.sdf,tyk2,-11.699999809265137,-11.270000457763672,121,5.3658233,5.3658233
122,tyk2_molecule_ejm_47,/rds/general/user/cr725/home/aev-plig_research/github_tsBAP_official/data/fep/fep_benchmark_inputs/structure_inputs/jacs_set/tyk2_protein.pdb,/rds/general/user/cr725/home/aev-plig_research/github_tsBAP_official/data/fep/fep_benchmark_inputs/structure_inputs/jacs_set/tyk2_ligands_split/tyk2_molecule_ejm_47.sdf,tyk2,-9.699999809265137,-9.9399995803833,122,6.6038957,6.6038957
123,tyk2_molecule_ejm_49,/rds/general/user/cr725/home/aev-plig_research/github_tsBAP_official/data/fep/fep_benchmark_inputs/structure_inputs/jacs_set/tyk2_protein.pdb,/rds/general/user/cr725/home/aev-plig_research/github_tsBAP_official/data/fep/fep_benchmark_inputs/structure_inputs/jacs_set/tyk2_ligands_split/tyk2_molecule_ejm_49.sdf,tyk2,-7.75,-8.050000190734863,123,4.6007996,4.6007996
124,tyk2_molecule_ejm_31,/rds/general/user/cr725/home/aev-plig_research/github_tsBAP_official/data/fep/fep_benchmark_inputs/structure_inputs/jacs_set/tyk2_protein.pdb,/rds/general/user/cr725/home/aev-plig_research/github_tsBAP_official/data/fep/fep_benchmark_inputs/structure_inputs/jacs_set/tyk2_ligands_split/tyk2_molecule_ejm_31.sdf,tyk2,-9.539999961853027,-9.90999984741211,124,4.997997,4.997997
125,tyk2_molecule_ejm_45,/rds/general/user/cr725/home/aev-plig_research/github_tsBAP_official/data/fep/fep_benchmark_inputs/structure_inputs/jacs_set/tyk2_protein.pdb,/rds/general/user/cr725/home/aev-plig_research/github_tsBAP_official/data/fep/fep_benchmark_inputs/structure_inputs/jacs_set/tyk2_ligands_split/tyk2_molecule_ejm_45.sdf,tyk2,-9.5600004196167,-9.65999984741211,125,6.671684,6.671684
126,tyk2_molecule_ejm_44,/rds/general/user/cr725/home/aev-plig_research/github_tsBAP_official/data/fep/fep_benchmark_inputs/structure_inputs/jacs_set/tyk2_protein.pdb,/rds/general/user/cr725/home/aev-plig_research/github_tsBAP_official/data/fep/fep_benchmark_inputs/structure_inputs/jacs_set/tyk2_ligands_split/tyk2_molecule_ejm_44.sdf,tyk2,-7.420000076293945,-6.480000019073486,126,6.991863,6.991863
127,tyk2_molecule_ejm_43,/rds/general/user/cr725/home/aev-plig_research/github_tsBAP_official/data/fep/fep_benchmark_inputs/structure_inputs/jacs_set/tyk2_protein.pdb,/rds/general/user/cr725/home/aev-plig_research/github_tsBAP_official/data/fep/fep_benchmark_inputs/structure_inputs/jacs_set/tyk2_ligands_split/tyk2_molecule_ejm_43.sdf,tyk2,-8.260000228881836,-8.300000190734863,127,5.729947,5.729947
128,tyk2_molecule_ejm_50,/rds/general/user/cr725/home/aev-plig_research/github_tsBAP_official/data/fep/fep_benchmark_inputs/structure_inputs/jacs_set/tyk2_protein.pdb,/rds/general/user/cr725/home/aev-plig_research/github_tsBAP_official/data/fep/fep_benchmark_inputs/structure_inputs/jacs_set/tyk2_ligands_split/tyk2_molecule_ejm_50.sdf,tyk2,-8.979999542236328,-9.399999618530272,128,4.1778674,4.1778674
129,tyk2_molecule_ejm_42,/rds/general/user/cr725/home/aev-plig_research/github_tsBAP_official/data/fep/fep_benchmark_inputs/structure_inputs/jacs_set/tyk2_protein.pdb,/rds/general/user/cr725/home/aev-plig_research/github_tsBAP_official/data/fep/fep_benchmark_inputs/structure_inputs/jacs_set/tyk2_ligands_split/tyk2_molecule_ejm_42.sdf,tyk2,-9.779999732971191,-9.949999809265137,129,4.864141,4.864141
130,tyk2_molecule_ejm_55,/rds/general/user/cr725/home/aev-plig_research/github_tsBAP_official/data/fep/fep_benchmark_inputs/structure_inputs/jacs_set/tyk2_protein.pdb,/rds/general/user/cr725/home/aev-plig_research/github_tsBAP_official/data/fep/fep_benchmark_inputs/structure_inputs/jacs_set/tyk2_ligands_split/tyk2_molecule_ejm_55.sdf,tyk2,-9.210000038146973,-10.34000015258789,130,4.282442,4.282442
131,tyk2_molecule_ejm_48,/rds/general/user/cr725/home/aev-plig_research/github_tsBAP_official/data/fep/fep_benchmark_inputs/structure_inputs/jacs_set/tyk2_protein.pdb,/rds/general/user/cr725/home/aev-plig_research/github_tsBAP_official/data/fep/fep_benchmark_inputs/structure_inputs/jacs_set/tyk2_ligands_split/tyk2_molecule_ejm_48.sdf,tyk2,-9.0,-8.859999656677246,131,5.3415985,5.3415985
132,tyk2_molecule_ejm_54,/rds/general/user/cr725/home/aev-plig_research/github_tsBAP_official/data/fep/fep_benchmark_inputs/structure_inputs/jacs_set/tyk2_protein.pdb,/rds/general/user/cr725/home/aev-plig_research/github_tsBAP_official/data/fep/fep_benchmark_inputs/structure_inputs/jacs_set/tyk2_ligands_split/tyk2_molecule_ejm_54.sdf,tyk2,-10.529999732971191,-10.380000114440918,132,4.9980474,4.9980474
133,tyk2_molecule_jmc_28,/rds/general/user/cr725/home/aev-plig_research/github_tsBAP_official/data/fep/fep_benchmark_inputs/structure_inputs/jacs_set/tyk2_protein.pdb,/rds/general/user/cr725/home/aev-plig_research/github_tsBAP_official/data/fep/fep_benchmark_inputs/structure_inputs/jacs_set/tyk2_ligands_split/tyk2_molecule_jmc_28.sdf,tyk2,-10.979999542236328,-10.34000015258789,133,6.205138,6.205138
134,tyk2_molecule_jmc_27,/rds/general/user/cr725/home/aev-plig_research/github_tsBAP_official/data/fep/fep_benchmark_inputs/structure_inputs/jacs_set/tyk2_protein.pdb,/rds/general/user/cr725/home/aev-plig_research/github_tsBAP_official/data/fep/fep_benchmark_inputs/structure_inputs/jacs_set/tyk2_ligands_split/tyk2_molecule_jmc_27.sdf,tyk2,-11.279999732971191,-11.100000381469728,134,5.0949035,5.0949035
135,tyk2_molecule_jmc_30,/rds/general/user/cr725/home/aev-plig_research/github_tsBAP_official/data/fep/fep_benchmark_inputs/structure_inputs/jacs_set/tyk2_protein.pdb,/rds/general/user/cr725/home/aev-plig_research/github_tsBAP_official/data/fep/fep_benchmark_inputs/structure_inputs/jacs_set/tyk2_ligands_split/tyk2_molecule_jmc_30.sdf,tyk2,-10.9399995803833,-11.130000114440918,135,3.4274175,3.4274175
136,tyk2_molecule_ejm_46,/rds/general/user/cr725/home/aev-plig_research/github_tsBAP_official/data/fep/fep_benchmark_inputs/structure_inputs/jacs_set/tyk2_protein.pdb,/rds/general/user/cr725/home/aev-plig_research/github_tsBAP_official/data/fep/fep_benchmark_inputs/structure_inputs/jacs_set/tyk2_ligands_split/tyk2_molecule_ejm_46.sdf,tyk2,-11.3100004196167,-10.81999969482422,136,5.637944,5.637944
137,p38_molecule_2j,/rds/general/user/cr725/home/aev-plig_research/github_tsBAP_official/data/fep/fep_benchmark_inputs/structure_inputs/jacs_set/p38_protein.pdb,/rds/general/user/cr725/home/aev-plig_research/github_tsBAP_official/data/fep/fep_benchmark_inputs/structure_inputs/jacs_set/p38_ligands_split/p38_molecule_2j.sdf,p38,-10.079999923706056,-9.289999961853027,137,8.60387,8.60387
138,p38_molecule_2gg,/rds/general/user/cr725/home/aev-plig_research/github_tsBAP_official/data/fep/fep_benchmark_inputs/structure_inputs/jacs_set/p38_protein.pdb,/rds/general/user/cr725/home/aev-plig_research/github_tsBAP_official/data/fep/fep_benchmark_inputs/structure_inputs/jacs_set/p38_ligands_split/p38_molecule_2gg.sdf,p38,-10.65999984741211,-9.34000015258789,138,8.427676,8.427676
139,p38_molecule_2q,/rds/general/user/cr725/home/aev-plig_research/github_tsBAP_official/data/fep/fep_benchmark_inputs/structure_inputs/jacs_set/p38_protein.pdb,/rds/general/user/cr725/home/aev-plig_research/github_tsBAP_official/data/fep/fep_benchmark_inputs/structure_inputs/jacs_set/p38_ligands_split/p38_molecule_2q.sdf,p38,-12.260000228881836,-11.779999732971191,139,9.18611,9.18611
140,p38_molecule_2t,/rds/general/user/cr725/home/aev-plig_research/github_tsBAP_official/data/fep/fep_benchmark_inputs/structure_inputs/jacs_set/p38_protein.pdb,/rds/general/user/cr725/home/aev-plig_research/github_tsBAP_official/data/fep/fep_benchmark_inputs/structure_inputs/jacs_set/p38_ligands_split/p38_molecule_2t.sdf,p38,-11.850000381469728,-10.90999984741211,140,6.0881944,6.0881944
141,p38_molecule_2g,/rds/general/user/cr725/home/aev-plig_research/github_tsBAP_official/data/fep/fep_benchmark_inputs/structure_inputs/jacs_set/p38_protein.pdb,/rds/general/user/cr725/home/aev-plig_research/github_tsBAP_official/data/fep/fep_benchmark_inputs/structure_inputs/jacs_set/p38_ligands_split/p38_molecule_2g.sdf,p38,-10.65999984741211,-11.029999732971191,141,7.1173625,7.1173625
142,p38_molecule_2l,/rds/general/user/cr725/home/aev-plig_research/github_tsBAP_official/data/fep/fep_benchmark_inputs/structure_inputs/jacs_set/p38_protein.pdb,/rds/general/user/cr725/home/aev-plig_research/github_tsBAP_official/data/fep/fep_benchmark_inputs/structure_inputs/jacs_set/p38_ligands_split/p38_molecule_2l.sdf,p38,-12.260000228881836,-12.09000015258789,142,6.299878,6.299878
143,p38_molecule_2ee,/rds/general/user/cr725/home/aev-plig_research/github_tsBAP_official/data/fep/fep_benchmark_inputs/structure_inputs/jacs_set/p38_protein.pdb,/rds/general/user/cr725/home/aev-plig_research/github_tsBAP_official/data/fep/fep_benchmark_inputs/structure_inputs/jacs_set/p38_ligands_split/p38_molecule_2ee.sdf,p38,-12.260000228881836,-10.65999984741211,143,6.631703,6.631703
144,p38_molecule_2aa,/rds/general/user/cr725/home/aev-plig_research/github_tsBAP_official/data/fep/fep_benchmark_inputs/structure_inputs/jacs_set/p38_protein.pdb,/rds/general/user/cr725/home/aev-plig_research/github_tsBAP_official/data/fep/fep_benchmark_inputs/structure_inputs/jacs_set/p38_ligands_split/p38_molecule_2aa.sdf,p38,-9.270000457763672,-11.199999809265137,144,5.533219,5.533219
145,p38_molecule_2o,/rds/general/user/cr725/home/aev-plig_research/github_tsBAP_official/data/fep/fep_benchmark_inputs/structure_inputs/jacs_set/p38_protein.pdb,/rds/general/user/cr725/home/aev-plig_research/github_tsBAP_official/data/fep/fep_benchmark_inputs/structure_inputs/jacs_set/p38_ligands_split/p38_molecule_2o.sdf,p38,-10.489999771118164,-10.329999923706056,145,6.5886,6.5886
146,p38_molecule_3flw,/rds/general/user/cr725/home/aev-plig_research/github_tsBAP_official/data/fep/fep_benchmark_inputs/structure_inputs/jacs_set/p38_protein.pdb,/rds/general/user/cr725/home/aev-plig_research/github_tsBAP_official/data/fep/fep_benchmark_inputs/structure_inputs/jacs_set/p38_ligands_split/p38_molecule_3flw.sdf,p38,-10.68000030517578,-11.90999984741211,146,7.208484,7.208484
147,p38_molecule_2u,/rds/general/user/cr725/home/aev-plig_research/github_tsBAP_official/data/fep/fep_benchmark_inputs/structure_inputs/jacs_set/p38_protein.pdb,/rds/general/user/cr725/home/aev-plig_research/github_tsBAP_official/data/fep/fep_benchmark_inputs/structure_inputs/jacs_set/p38_ligands_split/p38_molecule_2u.sdf,p38,-12.260000228881836,-12.050000190734863,147,5.5967603,5.5967603
148,p38_molecule_2p,/rds/general/user/cr725/home/aev-plig_research/github_tsBAP_official/data/fep/fep_benchmark_inputs/structure_inputs/jacs_set/p38_protein.pdb,/rds/general/user/cr725/home/aev-plig_research/github_tsBAP_official/data/fep/fep_benchmark_inputs/structure_inputs/jacs_set/p38_ligands_split/p38_molecule_2p.sdf,p38,-11.199999809265137,-10.6899995803833,148,7.9664993,7.9664993
149,p38_molecule_2h,/rds/general/user/cr725/home/aev-plig_research/github_tsBAP_official/data/fep/fep_benchmark_inputs/structure_inputs/jacs_set/p38_protein.pdb,/rds/general/user/cr725/home/aev-plig_research/github_tsBAP_official/data/fep/fep_benchmark_inputs/structure_inputs/jacs_set/p38_ligands_split/p38_molecule_2h.sdf,p38,-9.479999542236328,-8.960000038146973,149,8.700559,8.700559
150,p38_molecule_3fmk,/rds/general/user/cr725/home/aev-plig_research/github_tsBAP_official/data/fep/fep_benchmark_inputs/structure_inputs/jacs_set/p38_protein.pdb,/rds/general/user/cr725/home/aev-plig_research/github_tsBAP_official/data/fep/fep_benchmark_inputs/structure_inputs/jacs_set/p38_ligands_split/p38_molecule_3fmk.sdf,p38,-11.829999923706056,-13.619999885559082,150,19.683971,19.683971
151,p38_molecule_2i,/rds/general/user/cr725/home/aev-plig_research/github_tsBAP_official/data/fep/fep_benchmark_inputs/structure_inputs/jacs_set/p38_protein.pdb,/rds/general/user/cr725/home/aev-plig_research/github_tsBAP_official/data/fep/fep_benchmark_inputs/structure_inputs/jacs_set/p38_ligands_split/p38_molecule_2i.sdf,p38,-10.050000190734863,-9.670000076293944,151,7.3565345,7.3565345
152,p38_molecule_2f,/rds/general/user/cr725/home/aev-plig_research/github_tsBAP_official/data/fep/fep_benchmark_inputs/structure_inputs/jacs_set/p38_protein.pdb,/rds/general/user/cr725/home/aev-plig_research/github_tsBAP_official/data/fep/fep_benchmark_inputs/structure_inputs/jacs_set/p38_ligands_split/p38_molecule_2f.sdf,p38,-8.479999542236328,-9.380000114440918,152,8.008728,8.008728
153,p38_molecule_2x,/rds/general/user/cr725/home/aev-plig_research/github_tsBAP_official/data/fep/fep_benchmark_inputs/structure_inputs/jacs_set/p38_protein.pdb,/rds/general/user/cr725/home/aev-plig_research/github_tsBAP_official/data/fep/fep_benchmark_inputs/structure_inputs/jacs_set/p38_ligands_split/p38_molecule_2x.sdf,p38,-10.229999542236328,-9.979999542236328,153,8.197226,8.197226
154,p38_molecule_2ff,/rds/general/user/cr725/home/aev-plig_research/github_tsBAP_official/data/fep/fep_benchmark_inputs/structure_inputs/jacs_set/p38_protein.pdb,/rds/general/user/cr725/home/aev-plig_research/github_tsBAP_official/data/fep/fep_benchmark_inputs/structure_inputs/jacs_set/p38_ligands_split/p38_molecule_2ff.sdf,p38,-11.4399995803833,-10.350000381469728,154,7.85848,7.85848
155,p38_molecule_2k,/rds/general/user/cr725/home/aev-plig_research/github_tsBAP_official/data/fep/fep_benchmark_inputs/structure_inputs/jacs_set/p38_protein.pdb,/rds/general/user/cr725/home/aev-plig_research/github_tsBAP_official/data/fep/fep_benchmark_inputs/structure_inputs/jacs_set/p38_ligands_split/p38_molecule_2k.sdf,p38,-10.550000190734863,-10.220000267028809,155,3.08345,3.08345
156,p38_molecule_2n,/rds/general/user/cr725/home/aev-plig_research/github_tsBAP_official/data/fep/fep_benchmark_inputs/structure_inputs/jacs_set/p38_protein.pdb,/rds/general/user/cr725/home/aev-plig_research/github_tsBAP_official/data/fep/fep_benchmark_inputs/structure_inputs/jacs_set/p38_ligands_split/p38_molecule_2n.sdf,p38,-11.850000381469728,-11.890000343322754,156,5.885629,5.885629
157,p38_molecule_3flq,/rds/general/user/cr725/home/aev-plig_research/github_tsBAP_official/data/fep/fep_benchmark_inputs/structure_inputs/jacs_set/p38_protein.pdb,/rds/general/user/cr725/home/aev-plig_research/github_tsBAP_official/data/fep/fep_benchmark_inputs/structure_inputs/jacs_set/p38_ligands_split/p38_molecule_3flq.sdf,p38,-9.93000030517578,-9.640000343322754,157,7.623325,7.623325
158,p38_molecule_3fln,/rds/general/user/cr725/home/aev-plig_research/github_tsBAP_official/data/fep/fep_benchmark_inputs/structure_inputs/jacs_set/p38_protein.pdb,/rds/general/user/cr725/home/aev-plig_research/github_tsBAP_official/data/fep/fep_benchmark_inputs/structure_inputs/jacs_set/p38_ligands_split/p38_molecule_3fln.sdf,p38,-10.880000114440918,-11.119999885559082,158,8.010616,8.010616
159,p38_molecule_2e,/rds/general/user/cr725/home/aev-plig_research/github_tsBAP_official/data/fep/fep_benchmark_inputs/structure_inputs/jacs_set/p38_protein.pdb,/rds/general/user/cr725/home/aev-plig_research/github_tsBAP_official/data/fep/fep_benchmark_inputs/structure_inputs/jacs_set/p38_ligands_split/p38_molecule_2e.sdf,p38,-10.699999809265137,-9.93000030517578,159,8.15357,8.15357
160,p38_molecule_3fmh,/rds/general/user/cr725/home/aev-plig_research/github_tsBAP_official/data/fep/fep_benchmark_inputs/structure_inputs/jacs_set/p38_protein.pdb,/rds/general/user/cr725/home/aev-plig_research/github_tsBAP_official/data/fep/fep_benchmark_inputs/structure_inputs/jacs_set/p38_ligands_split/p38_molecule_3fmh.sdf,p38,-10.829999923706056,-11.210000038146973,160,19.707859,19.707859
161,p38_molecule_2c,/rds/general/user/cr725/home/aev-plig_research/github_tsBAP_official/data/fep/fep_benchmark_inputs/structure_inputs/jacs_set/p38_protein.pdb,/rds/general/user/cr725/home/aev-plig_research/github_tsBAP_official/data/fep/fep_benchmark_inputs/structure_inputs/jacs_set/p38_ligands_split/p38_molecule_2c.sdf,p38,-10.460000038146973,-11.539999961853027,161,8.668839,8.668839
162,p38_molecule_2y,/rds/general/user/cr725/home/aev-plig_research/github_tsBAP_official/data/fep/fep_benchmark_inputs/structure_inputs/jacs_set/p38_protein.pdb,/rds/general/user/cr725/home/aev-plig_research/github_tsBAP_official/data/fep/fep_benchmark_inputs/structure_inputs/jacs_set/p38_ligands_split/p38_molecule_2y.sdf,p38,-9.779999732971191,-9.5600004196167,162,7.802209,7.802209
163,p38_molecule_2s,/rds/general/user/cr725/home/aev-plig_research/github_tsBAP_official/data/fep/fep_benchmark_inputs/structure_inputs/jacs_set/p38_protein.pdb,/rds/general/user/cr725/home/aev-plig_research/github_tsBAP_official/data/fep/fep_benchmark_inputs/structure_inputs/jacs_set/p38_ligands_split/p38_molecule_2s.sdf,p38,-11.109999656677246,-11.6899995803833,163,4.4904847,4.4904847
164,p38_molecule_2m,/rds/general/user/cr725/home/aev-plig_research/github_tsBAP_official/data/fep/fep_benchmark_inputs/structure_inputs/jacs_set/p38_protein.pdb,/rds/general/user/cr725/home/aev-plig_research/github_tsBAP_official/data/fep/fep_benchmark_inputs/structure_inputs/jacs_set/p38_ligands_split/p38_molecule_2m.sdf,p38,-10.960000038146973,-12.130000114440918,164,3.2384124,3.2384124
165,p38_molecule_2bb,/rds/general/user/cr725/home/aev-plig_research/github_tsBAP_official/data/fep/fep_benchmark_inputs/structure_inputs/jacs_set/p38_protein.pdb,/rds/general/user/cr725/home/aev-plig_research/github_tsBAP_official/data/fep/fep_benchmark_inputs/structure_inputs/jacs_set/p38_ligands_split/p38_molecule_2bb.sdf,p38,-9.0600004196167,-9.34000015258789,165,7.523156,7.523156
166,p38_molecule_2v,/rds/general/user/cr725/home/aev-plig_research/github_tsBAP_official/data/fep/fep_benchmark_inputs/structure_inputs/jacs_set/p38_protein.pdb,/rds/general/user/cr725/home/aev-plig_research/github_tsBAP_official/data/fep/fep_benchmark_inputs/structure_inputs/jacs_set/p38_ligands_split/p38_molecule_2v.sdf,p38,-8.970000267028809,-9.020000457763672,166,4.5369315,4.5369315
167,p38_molecule_2r,/rds/general/user/cr725/home/aev-plig_research/github_tsBAP_official/data/fep/fep_benchmark_inputs/structure_inputs/jacs_set/p38_protein.pdb,/rds/general/user/cr725/home/aev-plig_research/github_tsBAP_official/data/fep/fep_benchmark_inputs/structure_inputs/jacs_set/p38_ligands_split/p38_molecule_2r.sdf,p38,-10.789999961853027,-10.760000228881836,167,5.965075,5.965075
168,p38_molecule_3flz,/rds/general/user/cr725/home/aev-plig_research/github_tsBAP_official/data/fep/fep_benchmark_inputs/structure_inputs/jacs_set/p38_protein.pdb,/rds/general/user/cr725/home/aev-plig_research/github_tsBAP_official/data/fep/fep_benchmark_inputs/structure_inputs/jacs_set/p38_ligands_split/p38_molecule_3flz.sdf,p38,-9.489999771118164,-10.100000381469728,168,6.910485,6.910485
169,p38_molecule_2z,/rds/general/user/cr725/home/aev-plig_research/github_tsBAP_official/data/fep/fep_benchmark_inputs/structure_inputs/jacs_set/p38_protein.pdb,/rds/general/user/cr725/home/aev-plig_research/github_tsBAP_official/data/fep/fep_benchmark_inputs/structure_inputs/jacs_set/p38_ligands_split/p38_molecule_2z.sdf,p38,-10.359999656677246,-10.210000038146973,169,7.6903496,7.6903496
170,p38_molecule_3fly,/rds/general/user/cr725/home/aev-plig_research/github_tsBAP_official/data/fep/fep_benchmark_inputs/structure_inputs/jacs_set/p38_protein.pdb,/rds/general/user/cr725/home/aev-plig_research/github_tsBAP_official/data/fep/fep_benchmark_inputs/structure_inputs/jacs_set/p38_ligands_split/p38_molecule_3fly.sdf,p38,-11.420000076293944,-10.960000038146973,170,6.136743,6.136743
171,bace_molecule_CAT-13n,/rds/general/user/cr725/home/aev-plig_research/github_tsBAP_official/data/fep/fep_benchmark_inputs/structure_inputs/jacs_set/bace_protein.pdb,/rds/general/user/cr725/home/aev-plig_research/github_tsBAP_official/data/fep/fep_benchmark_inputs/structure_inputs/jacs_set/bace_ligands_split/bace_molecule_CAT-13n.sdf,bace,-8.543000221252441,-7.679999828338623,171,7.1903267,7.1903267
172,bace_molecule_CAT-13e,/rds/general/user/cr725/home/aev-plig_research/github_tsBAP_official/data/fep/fep_benchmark_inputs/structure_inputs/jacs_set/bace_protein.pdb,/rds/general/user/cr725/home/aev-plig_research/github_tsBAP_official/data/fep/fep_benchmark_inputs/structure_inputs/jacs_set/bace_ligands_split/bace_molecule_CAT-13e.sdf,bace,-9.963000297546388,-10.520000457763672,172,8.125724,8.125724
173,bace_molecule_CAT-4a,/rds/general/user/cr725/home/aev-plig_research/github_tsBAP_official/data/fep/fep_benchmark_inputs/structure_inputs/jacs_set/bace_protein.pdb,/rds/general/user/cr725/home/aev-plig_research/github_tsBAP_official/data/fep/fep_benchmark_inputs/structure_inputs/jacs_set/bace_ligands_split/bace_molecule_CAT-4a.sdf,bace,-7.933000087738037,-8.670000076293945,173,8.420027,8.420027
174,bace_molecule_CAT-4m,/rds/general/user/cr725/home/aev-plig_research/github_tsBAP_official/data/fep/fep_benchmark_inputs/structure_inputs/jacs_set/bace_protein.pdb,/rds/general/user/cr725/home/aev-plig_research/github_tsBAP_official/data/fep/fep_benchmark_inputs/structure_inputs/jacs_set/bace_ligands_split/bace_molecule_CAT-4m.sdf,bace,-9.152999877929688,-9.050000190734863,174,7.5871534,7.5871534
175,bace_molecule_CAT-17b,/rds/general/user/cr725/home/aev-plig_research/github_tsBAP_official/data/fep/fep_benchmark_inputs/structure_inputs/jacs_set/bace_protein.pdb,/rds/general/user/cr725/home/aev-plig_research/github_tsBAP_official/data/fep/fep_benchmark_inputs/structure_inputs/jacs_set/bace_ligands_split/bace_molecule_CAT-17b.sdf,bace,-10.02299976348877,-8.819999694824219,175,5.7762575,5.7762575
176,bace_molecule_CAT-13j,/rds/general/user/cr725/home/aev-plig_research/github_tsBAP_official/data/fep/fep_benchmark_inputs/structure_inputs/jacs_set/bace_protein.pdb,/rds/general/user/cr725/home/aev-plig_research/github_tsBAP_official/data/fep/fep_benchmark_inputs/structure_inputs/jacs_set/bace_ligands_split/bace_molecule_CAT-13j.sdf,bace,-8.732999801635742,-9.06999969482422,176,8.1227255,8.1227255
177,bace_molecule_CAT-13d,/rds/general/user/cr725/home/aev-plig_research/github_tsBAP_official/data/fep/fep_benchmark_inputs/structure_inputs/jacs_set/bace_protein.pdb,/rds/general/user/cr725/home/aev-plig_research/github_tsBAP_official/data/fep/fep_benchmark_inputs/structure_inputs/jacs_set/bace_ligands_split/bace_molecule_CAT-13d.sdf,bace,-10.472999572753906,-10.630000114440918,177,8.046954,8.046954
178,bace_molecule_CAT-13b,/rds/general/user/cr725/home/aev-plig_research/github_tsBAP_official/data/fep/fep_benchmark_inputs/structure_inputs/jacs_set/bace_protein.pdb,/rds/general/user/cr725/home/aev-plig_research/github_tsBAP_official/data/fep/fep_benchmark_inputs/structure_inputs/jacs_set/bace_ligands_split/bace_molecule_CAT-13b.sdf,bace,-9.123000144958496,-9.630000114440918,178,4.235566,4.235566
179,bace_molecule_CAT-13a,/rds/general/user/cr725/home/aev-plig_research/github_tsBAP_official/data/fep/fep_benchmark_inputs/structure_inputs/jacs_set/bace_protein.pdb,/rds/general/user/cr725/home/aev-plig_research/github_tsBAP_official/data/fep/fep_benchmark_inputs/structure_inputs/jacs_set/bace_ligands_split/bace_molecule_CAT-13a.sdf,bace,-8.843000411987305,-9.279999732971191,179,7.817284,7.817284
180,bace_molecule_CAT-13h,/rds/general/user/cr725/home/aev-plig_research/github_tsBAP_official/data/fep/fep_benchmark_inputs/structure_inputs/jacs_set/bace_protein.pdb,/rds/general/user/cr725/home/aev-plig_research/github_tsBAP_official/data/fep/fep_benchmark_inputs/structure_inputs/jacs_set/bace_ligands_split/bace_molecule_CAT-13h.sdf,bace,-9.633000373840332,-9.390000343322754,180,7.378817,7.378817
181,bace_molecule_CAT-13o,/rds/general/user/cr725/home/aev-plig_research/github_tsBAP_official/data/fep/fep_benchmark_inputs/structure_inputs/jacs_set/bace_protein.pdb,/rds/general/user/cr725/home/aev-plig_research/github_tsBAP_official/data/fep/fep_benchmark_inputs/structure_inputs/jacs_set/bace_ligands_split/bace_molecule_CAT-13o.sdf,bace,-8.543000221252441,-9.4399995803833,181,6.868373,6.868373
182,bace_molecule_CAT-13g,/rds/general/user/cr725/home/aev-plig_research/github_tsBAP_official/data/fep/fep_benchmark_inputs/structure_inputs/jacs_set/bace_protein.pdb,/rds/general/user/cr725/home/aev-plig_research/github_tsBAP_official/data/fep/fep_benchmark_inputs/structure_inputs/jacs_set/bace_ligands_split/bace_molecule_CAT-13g.sdf,bace,-9.093000411987305,-9.31999969482422,182,8.508136,8.508136
183,bace_molecule_CAT-4k,/rds/general/user/cr725/home/aev-plig_research/github_tsBAP_official/data/fep/fep_benchmark_inputs/structure_inputs/jacs_set/bace_protein.pdb,/rds/general/user/cr725/home/aev-plig_research/github_tsBAP_official/data/fep/fep_benchmark_inputs/structure_inputs/jacs_set/bace_ligands_split/bace_molecule_CAT-4k.sdf,bace,-7.853000164031982,-7.849999904632568,183,8.745953,8.745953
184,bace_molecule_CAT-17g,/rds/general/user/cr725/home/aev-plig_research/github_tsBAP_official/data/fep/fep_benchmark_inputs/structure_inputs/jacs_set/bace_protein.pdb,/rds/general/user/cr725/home/aev-plig_research/github_tsBAP_official/data/fep/fep_benchmark_inputs/structure_inputs/jacs_set/bace_ligands_split/bace_molecule_CAT-17g.sdf,bace,-9.743000030517578,-9.010000228881836,184,8.046388,8.046388
185,bace_molecule_CAT-4l,/rds/general/user/cr725/home/aev-plig_research/github_tsBAP_official/data/fep/fep_benchmark_inputs/structure_inputs/jacs_set/bace_protein.pdb,/rds/general/user/cr725/home/aev-plig_research/github_tsBAP_official/data/fep/fep_benchmark_inputs/structure_inputs/jacs_set/bace_ligands_split/bace_molecule_CAT-4l.sdf,bace,-9.343000411987305,-7.170000076293945,185,8.586891,8.586891
186,bace_molecule_CAT-4j,/rds/general/user/cr725/home/aev-plig_research/github_tsBAP_official/data/fep/fep_benchmark_inputs/structure_inputs/jacs_set/bace_protein.pdb,/rds/general/user/cr725/home/aev-plig_research/github_tsBAP_official/data/fep/fep_benchmark_inputs/structure_inputs/jacs_set/bace_ligands_split/bace_molecule_CAT-4j.sdf,bace,-9.02299976348877,-8.319999694824219,186,8.661739,8.661739
187,bace_molecule_CAT-4n,/rds/general/user/cr725/home/aev-plig_research/github_tsBAP_official/data/fep/fep_benchmark_inputs/structure_inputs/jacs_set/bace_protein.pdb,/rds/general/user/cr725/home/aev-plig_research/github_tsBAP_official/data/fep/fep_benchmark_inputs/structure_inputs/jacs_set/bace_ligands_split/bace_molecule_CAT-4n.sdf,bace,-9.093000411987305,-9.31999969482422,187,2.8077085,2.8077085
188,bace_molecule_CAT-13i,/rds/general/user/cr725/home/aev-plig_research/github_tsBAP_official/data/fep/fep_benchmark_inputs/structure_inputs/jacs_set/bace_protein.pdb,/rds/general/user/cr725/home/aev-plig_research/github_tsBAP_official/data/fep/fep_benchmark_inputs/structure_inputs/jacs_set/bace_ligands_split/bace_molecule_CAT-13i.sdf,bace,-9.27299976348877,-10.760000228881836,188,8.460706,8.460706
189,bace_molecule_CAT-17f,/rds/general/user/cr725/home/aev-plig_research/github_tsBAP_official/data/fep/fep_benchmark_inputs/structure_inputs/jacs_set/bace_protein.pdb,/rds/general/user/cr725/home/aev-plig_research/github_tsBAP_official/data/fep/fep_benchmark_inputs/structure_inputs/jacs_set/bace_ligands_split/bace_molecule_CAT-17f.sdf,bace,-9.42300033569336,-9.739999771118164,189,0.698582,0.698582
190,bace_molecule_CAT-4p,/rds/general/user/cr725/home/aev-plig_research/github_tsBAP_official/data/fep/fep_benchmark_inputs/structure_inputs/jacs_set/bace_protein.pdb,/rds/general/user/cr725/home/aev-plig_research/github_tsBAP_official/data/fep/fep_benchmark_inputs/structure_inputs/jacs_set/bace_ligands_split/bace_molecule_CAT-4p.sdf,bace,-10.083000183105469,-9.609999656677246,190,8.078443,8.078443
191,bace_molecule_CAT-13c,/rds/general/user/cr725/home/aev-plig_research/github_tsBAP_official/data/fep/fep_benchmark_inputs/structure_inputs/jacs_set/bace_protein.pdb,/rds/general/user/cr725/home/aev-plig_research/github_tsBAP_official/data/fep/fep_benchmark_inputs/structure_inputs/jacs_set/bace_ligands_split/bace_molecule_CAT-13c.sdf,bace,-9.322999954223633,-9.630000114440918,191,5.9289274,5.9289274
192,bace_molecule_CAT-24,/rds/general/user/cr725/home/aev-plig_research/github_tsBAP_official/data/fep/fep_benchmark_inputs/structure_inputs/jacs_set/bace_protein.pdb,/rds/general/user/cr725/home/aev-plig_research/github_tsBAP_official/data/fep/fep_benchmark_inputs/structure_inputs/jacs_set/bace_ligands_split/bace_molecule_CAT-24.sdf,bace,-11.350000381469728,-10.789999961853027,192,1.5175833,1.5175833
193,bace_molecule_CAT-4i,/rds/general/user/cr725/home/aev-plig_research/github_tsBAP_official/data/fep/fep_benchmark_inputs/structure_inputs/jacs_set/bace_protein.pdb,/rds/general/user/cr725/home/aev-plig_research/github_tsBAP_official/data/fep/fep_benchmark_inputs/structure_inputs/jacs_set/bace_ligands_split/bace_molecule_CAT-4i.sdf,bace,-8.262999534606934,-8.630000114440918,193,8.640055,8.640055
194,bace_molecule_CAT-4c,/rds/general/user/cr725/home/aev-plig_research/github_tsBAP_official/data/fep/fep_benchmark_inputs/structure_inputs/jacs_set/bace_protein.pdb,/rds/general/user/cr725/home/aev-plig_research/github_tsBAP_official/data/fep/fep_benchmark_inputs/structure_inputs/jacs_set/bace_ligands_split/bace_molecule_CAT-4c.sdf,bace,-7.853000164031982,-7.980000019073486,194,7.8209143,7.8209143
195,bace_molecule_CAT-17i,/rds/general/user/cr725/home/aev-plig_research/github_tsBAP_official/data/fep/fep_benchmark_inputs/structure_inputs/jacs_set/bace_protein.pdb,/rds/general/user/cr725/home/aev-plig_research/github_tsBAP_official/data/fep/fep_benchmark_inputs/structure_inputs/jacs_set/bace_ligands_split/bace_molecule_CAT-17i.sdf,bace,-9.472999572753906,-9.34000015258789,195,7.776272,7.776272
196,bace_molecule_CAT-13k,/rds/general/user/cr725/home/aev-plig_research/github_tsBAP_official/data/fep/fep_benchmark_inputs/structure_inputs/jacs_set/bace_protein.pdb,/rds/general/user/cr725/home/aev-plig_research/github_tsBAP_official/data/fep/fep_benchmark_inputs/structure_inputs/jacs_set/bace_ligands_split/bace_molecule_CAT-13k.sdf,bace,-9.70300006866455,-10.510000228881836,196,7.996667,7.996667
197,bace_molecule_CAT-17a,/rds/general/user/cr725/home/aev-plig_research/github_tsBAP_official/data/fep/fep_benchmark_inputs/structure_inputs/jacs_set/bace_protein.pdb,/rds/general/user/cr725/home/aev-plig_research/github_tsBAP_official/data/fep/fep_benchmark_inputs/structure_inputs/jacs_set/bace_ligands_split/bace_molecule_CAT-17a.sdf,bace,-10.732999801635742,-11.350000381469728,197,8.334798,8.334798
198,bace_molecule_CAT-17c,/rds/general/user/cr725/home/aev-plig_research/github_tsBAP_official/data/fep/fep_benchmark_inputs/structure_inputs/jacs_set/bace_protein.pdb,/rds/general/user/cr725/home/aev-plig_research/github_tsBAP_official/data/fep/fep_benchmark_inputs/structure_inputs/jacs_set/bace_ligands_split/bace_molecule_CAT-17c.sdf,bace,-9.86299991607666,-10.029999732971191,198,0.8744686,0.8744686
199,bace_molecule_CAT-4o,/rds/general/user/cr725/home/aev-plig_research/github_tsBAP_official/data/fep/fep_benchmark_inputs/structure_inputs/jacs_set/bace_protein.pdb,/rds/general/user/cr725/home/aev-plig_research/github_tsBAP_official/data/fep/fep_benchmark_inputs/structure_inputs/jacs_set/bace_ligands_split/bace_molecule_CAT-4o.sdf,bace,-9.383000373840332,-8.6899995803833,199,8.692055,8.692055
200,bace_molecule_CAT-17d,/rds/general/user/cr725/home/aev-plig_research/github_tsBAP_official/data/fep/fep_benchmark_inputs/structure_inputs/jacs_set/bace_protein.pdb,/rds/general/user/cr725/home/aev-plig_research/github_tsBAP_official/data/fep/fep_benchmark_inputs/structure_inputs/jacs_set/bace_ligands_split/bace_molecule_CAT-17d.sdf,bace,-9.42300033569336,-8.359999656677246,200,7.8790236,7.8790236
201,bace_molecule_CAT-4b,/rds/general/user/cr725/home/aev-plig_research/github_tsBAP_official/data/fep/fep_benchmark_inputs/structure_inputs/jacs_set/bace_protein.pdb,/rds/general/user/cr725/home/aev-plig_research/github_tsBAP_official/data/fep/fep_benchmark_inputs/structure_inputs/jacs_set/bace_ligands_split/bace_molecule_CAT-4b.sdf,bace,-9.633000373840332,-9.260000228881836,201,7.2583184,7.2583184
202,bace_molecule_CAT-13f,/rds/general/user/cr725/home/aev-plig_research/github_tsBAP_official/data/fep/fep_benchmark_inputs/structure_inputs/jacs_set/bace_protein.pdb,/rds/general/user/cr725/home/aev-plig_research/github_tsBAP_official/data/fep/fep_benchmark_inputs/structure_inputs/jacs_set/bace_ligands_split/bace_molecule_CAT-13f.sdf,bace,-9.093000411987305,-9.529999732971191,202,8.283116,8.283116
203,bace_molecule_CAT-4d,/rds/general/user/cr725/home/aev-plig_research/github_tsBAP_official/data/fep/fep_benchmark_inputs/structure_inputs/jacs_set/bace_protein.pdb,/rds/general/user/cr725/home/aev-plig_research/github_tsBAP_official/data/fep/fep_benchmark_inputs/structure_inputs/jacs_set/bace_ligands_split/bace_molecule_CAT-4d.sdf,bace,-9.11299991607666,-8.960000038146973,203,4.1879334,4.1879334
204,bace_molecule_CAT-13m,/rds/general/user/cr725/home/aev-plig_research/github_tsBAP_official/data/fep/fep_benchmark_inputs/structure_inputs/jacs_set/bace_protein.pdb,/rds/general/user/cr725/home/aev-plig_research/github_tsBAP_official/data/fep/fep_benchmark_inputs/structure_inputs/jacs_set/bace_ligands_split/bace_molecule_CAT-13m.sdf,bace,-8.762999534606934,-10.5,204,7.4981747,7.4981747
205,bace_molecule_CAT-17h,/rds/general/user/cr725/home/aev-plig_research/github_tsBAP_official/data/fep/fep_benchmark_inputs/structure_inputs/jacs_set/bace_protein.pdb,/rds/general/user/cr725/home/aev-plig_research/github_tsBAP_official/data/fep/fep_benchmark_inputs/structure_inputs/jacs_set/bace_ligands_split/bace_molecule_CAT-17h.sdf,bace,-10.333000183105469,-10.260000228881836,205,7.806525,7.806525
206,bace_molecule_CAT-17e,/rds/general/user/cr725/home/aev-plig_research/github_tsBAP_official/data/fep/fep_benchmark_inputs/structure_inputs/jacs_set/bace_protein.pdb,/rds/general/user/cr725/home/aev-plig_research/github_tsBAP_official/data/fep/fep_benchmark_inputs/structure_inputs/jacs_set/bace_ligands_split/bace_molecule_CAT-17e.sdf,bace,-10.02299976348877,-9.119999885559082,206,6.352712,6.352712
207,jnk1_molecule_6a,/rds/general/user/cr725/home/aev-plig_research/github_tsBAP_official/data/fep/fep_benchmark_inputs/structure_inputs/charge_annhil/jnk1_protein.pdb,/rds/general/user/cr725/home/aev-plig_research/github_tsBAP_official/data/fep/fep_benchmark_inputs/structure_inputs/charge_annhil/jnk1_ligands_split/jnk1_molecule_6a.sdf,jnk1,-8.40999984741211,-8.899999618530273,207,3.213123,3.213123
208,jnk1_molecule_19a_neu,/rds/general/user/cr725/home/aev-plig_research/github_tsBAP_official/data/fep/fep_benchmark_inputs/structure_inputs/charge_annhil/jnk1_protein.pdb,/rds/general/user/cr725/home/aev-plig_research/github_tsBAP_official/data/fep/fep_benchmark_inputs/structure_inputs/charge_annhil/jnk1_ligands_split/jnk1_molecule_19a_neu.sdf,jnk1,-6.860000133514404,-6.03000020980835,208,1.9679402,1.9679402
209,jnk1_molecule_19b_neu,/rds/general/user/cr725/home/aev-plig_research/github_tsBAP_official/data/fep/fep_benchmark_inputs/structure_inputs/charge_annhil/jnk1_protein.pdb,/rds/general/user/cr725/home/aev-plig_research/github_tsBAP_official/data/fep/fep_benchmark_inputs/structure_inputs/charge_annhil/jnk1_ligands_split/jnk1_molecule_19b_neu.sdf,jnk1,-7.300000190734863,-7.889999866485596,209,7.6241713,7.6241713
210,jnk1_molecule_19b_charg,/rds/general/user/cr725/home/aev-plig_research/github_tsBAP_official/data/fep/fep_benchmark_inputs/structure_inputs/charge_annhil/jnk1_protein.pdb,/rds/general/user/cr725/home/aev-plig_research/github_tsBAP_official/data/fep/fep_benchmark_inputs/structure_inputs/charge_annhil/jnk1_ligands_split/jnk1_molecule_19b_charg.sdf,jnk1,-7.300000190734863,-7.889999866485596,210,7.7197905,7.7197905
211,jnk1_molecule_19a_charg,/rds/general/user/cr725/home/aev-plig_research/github_tsBAP_official/data/fep/fep_benchmark_inputs/structure_inputs/charge_annhil/jnk1_protein.pdb,/rds/general/user/cr725/home/aev-plig_research/github_tsBAP_official/data/fep/fep_benchmark_inputs/structure_inputs/charge_annhil/jnk1_ligands_split/jnk1_molecule_19a_charg.sdf,jnk1,-6.860000133514404,-6.03000020980835,211,1.9848746,1.9848746
212,egfr_molecule_21,/rds/general/user/cr725/home/aev-plig_research/github_tsBAP_official/data/fep/fep_benchmark_inputs/structure_inputs/charge_annhil/egfr_protein.pdb,/rds/general/user/cr725/home/aev-plig_research/github_tsBAP_official/data/fep/fep_benchmark_inputs/structure_inputs/charge_annhil/egfr_ligands_split/egfr_molecule_21.sdf,egfr,-9.88,-10.79,212,7.925634,7.925634
213,egfr_molecule_27neu,/rds/general/user/cr725/home/aev-plig_research/github_tsBAP_official/data/fep/fep_benchmark_inputs/structure_inputs/charge_annhil/egfr_protein.pdb,/rds/general/user/cr725/home/aev-plig_research/github_tsBAP_official/data/fep/fep_benchmark_inputs/structure_inputs/charge_annhil/egfr_ligands_split/egfr_molecule_27neu.sdf,egfr,-9.94,-10.67,213,8.763428,8.763428
214,egfr_molecule_27chargR,/rds/general/user/cr725/home/aev-plig_research/github_tsBAP_official/data/fep/fep_benchmark_inputs/structure_inputs/charge_annhil/egfr_protein.pdb,/rds/general/user/cr725/home/aev-plig_research/github_tsBAP_official/data/fep/fep_benchmark_inputs/structure_inputs/charge_annhil/egfr_ligands_split/egfr_molecule_27chargR.sdf,egfr,-9.94,-10.67,214,8.567832,8.567832
215,egfr_molecule_27chargS,/rds/general/user/cr725/home/aev-plig_research/github_tsBAP_official/data/fep/fep_benchmark_inputs/structure_inputs/charge_annhil/egfr_protein.pdb,/rds/general/user/cr725/home/aev-plig_research/github_tsBAP_official/data/fep/fep_benchmark_inputs/structure_inputs/charge_annhil/egfr_ligands_split/egfr_molecule_27chargS.sdf,egfr,-9.94,-10.67,215,8.548944,8.548944
216,egfr_molecule_28neu,/rds/general/user/cr725/home/aev-plig_research/github_tsBAP_official/data/fep/fep_benchmark_inputs/structure_inputs/charge_annhil/egfr_protein.pdb,/rds/general/user/cr725/home/aev-plig_research/github_tsBAP_official/data/fep/fep_benchmark_inputs/structure_inputs/charge_annhil/egfr_ligands_split/egfr_molecule_28neu.sdf,egfr,-10.7,-10.73,216,8.411606,8.411606
217,egfr_molecule_28charg,/rds/general/user/cr725/home/aev-plig_research/github_tsBAP_official/data/fep/fep_benchmark_inputs/structure_inputs/charge_annhil/egfr_protein.pdb,/rds/general/user/cr725/home/aev-plig_research/github_tsBAP_official/data/fep/fep_benchmark_inputs/structure_inputs/charge_annhil/egfr_ligands_split/egfr_molecule_28charg.sdf,egfr,-10.7,-10.73,217,7.9346805,7.9346805
218,egfr_molecule_29neu,/rds/general/user/cr725/home/aev-plig_research/github_tsBAP_official/data/fep/fep_benchmark_inputs/structure_inputs/charge_annhil/egfr_protein.pdb,/rds/general/user/cr725/home/aev-plig_research/github_tsBAP_official/data/fep/fep_benchmark_inputs/structure_inputs/charge_annhil/egfr_ligands_split/egfr_molecule_29neu.sdf,egfr,-10.46,-9.84,218,8.252743,8.252743
219,egfr_molecule_29charg,/rds/general/user/cr725/home/aev-plig_research/github_tsBAP_official/data/fep/fep_benchmark_inputs/structure_inputs/charge_annhil/egfr_protein.pdb,/rds/general/user/cr725/home/aev-plig_research/github_tsBAP_official/data/fep/fep_benchmark_inputs/structure_inputs/charge_annhil/egfr_ligands_split/egfr_molecule_29charg.sdf,egfr,-10.46,-9.84,219,7.927523,7.927523
220,egfr_molecule_30neu,/rds/general/user/cr725/home/aev-plig_research/github_tsBAP_official/data/fep/fep_benchmark_inputs/structure_inputs/charge_annhil/egfr_protein.pdb,/rds/general/user/cr725/home/aev-plig_research/github_tsBAP_official/data/fep/fep_benchmark_inputs/structure_inputs/charge_annhil/egfr_ligands_split/egfr_molecule_30neu.sdf,egfr,-11.25,-10.2,220,8.411163,8.411163
221,egfr_molecule_30charg,/rds/general/user/cr725/home/aev-plig_research/github_tsBAP_official/data/fep/fep_benchmark_inputs/structure_inputs/charge_annhil/egfr_protein.pdb,/rds/general/user/cr725/home/aev-plig_research/github_tsBAP_official/data/fep/fep_benchmark_inputs/structure_inputs/charge_annhil/egfr_ligands_split/egfr_molecule_30charg.sdf,egfr,-11.25,-10.2,221,6.8593946,6.8593946
222,ptp1b_molecule_26charg,/rds/general/user/cr725/home/aev-plig_research/github_tsBAP_official/data/fep/fep_benchmark_inputs/structure_inputs/charge_annhil/ptp1b_protein.pdb,/rds/general/user/cr725/home/aev-plig_research/github_tsBAP_official/data/fep/fep_benchmark_inputs/structure_inputs/charge_annhil/ptp1b_ligands_split/ptp1b_molecule_26charg.sdf,ptp1b,-7.440000057220459,-8.079999923706055,222,5.7548637,5.7548637
223,ptp1b_molecule_26neu,/rds/general/user/cr725/home/aev-plig_research/github_tsBAP_official/data/fep/fep_benchmark_inputs/structure_inputs/charge_annhil/ptp1b_protein.pdb,/rds/general/user/cr725/home/aev-plig_research/github_tsBAP_official/data/fep/fep_benchmark_inputs/structure_inputs/charge_annhil/ptp1b_ligands_split/ptp1b_molecule_26neu.sdf,ptp1b,-7.440000057220459,-8.069999694824219,223,5.911748,5.911748
224,ptp1b_molecule_27,/rds/general/user/cr725/home/aev-plig_research/github_tsBAP_official/data/fep/fep_benchmark_inputs/structure_inputs/charge_annhil/ptp1b_protein.pdb,/rds/general/user/cr725/home/aev-plig_research/github_tsBAP_official/data/fep/fep_benchmark_inputs/structure_inputs/charge_annhil/ptp1b_ligands_split/ptp1b_molecule_27.sdf,ptp1b,-9.229999542236328,-9.5600004196167,224,6.1813626,6.1813626
225,ptp1b_molecule_32,/rds/general/user/cr725/home/aev-plig_research/github_tsBAP_official/data/fep/fep_benchmark_inputs/structure_inputs/charge_annhil/ptp1b_protein.pdb,/rds/general/user/cr725/home/aev-plig_research/github_tsBAP_official/data/fep/fep_benchmark_inputs/structure_inputs/charge_annhil/ptp1b_ligands_split/ptp1b_molecule_32.sdf,ptp1b,-11.529999732971191,-9.93000030517578,225,5.288808,5.288808
226,irak4_s2_molecule_17charg,/rds/general/user/cr725/home/aev-plig_research/github_tsBAP_official/data/fep/fep_benchmark_inputs/structure_inputs/charge_annhil/irak4_s2_protein.pdb,/rds/general/user/cr725/home/aev-plig_research/github_tsBAP_official/data/fep/fep_benchmark_inputs/structure_inputs/charge_annhil/irak4_s2_ligands_split/irak4_s2_molecule_17charg.sdf,irak4_s2,-10.109999656677246,-9.960000038146973,226,8.205083,8.205083
227,irak4_s2_molecule_17neu,/rds/general/user/cr725/home/aev-plig_research/github_tsBAP_official/data/fep/fep_benchmark_inputs/structure_inputs/charge_annhil/irak4_s2_protein.pdb,/rds/general/user/cr725/home/aev-plig_research/github_tsBAP_official/data/fep/fep_benchmark_inputs/structure_inputs/charge_annhil/irak4_s2_ligands_split/irak4_s2_molecule_17neu.sdf,irak4_s2,-10.109999656677246,-9.949999809265137,227,9.102811,9.102811
228,irak4_s2_molecule_5neu,/rds/general/user/cr725/home/aev-plig_research/github_tsBAP_official/data/fep/fep_benchmark_inputs/structure_inputs/charge_annhil/irak4_s2_protein.pdb,/rds/general/user/cr725/home/aev-plig_research/github_tsBAP_official/data/fep/fep_benchmark_inputs/structure_inputs/charge_annhil/irak4_s2_ligands_split/irak4_s2_molecule_5neu.sdf,irak4_s2,-9.609999656677246,-10.31999969482422,228,6.648093,6.648093
229,irak4_s2_molecule_18,/rds/general/user/cr725/home/aev-plig_research/github_tsBAP_official/data/fep/fep_benchmark_inputs/structure_inputs/charge_annhil/irak4_s2_protein.pdb,/rds/general/user/cr725/home/aev-plig_research/github_tsBAP_official/data/fep/fep_benchmark_inputs/structure_inputs/charge_annhil/irak4_s2_ligands_split/irak4_s2_molecule_18.sdf,irak4_s2,-10.920000076293944,-10.489999771118164,229,8.460767,8.460767
230,irak4_s2_molecule_6,/rds/general/user/cr725/home/aev-plig_research/github_tsBAP_official/data/fep/fep_benchmark_inputs/structure_inputs/charge_annhil/irak4_s2_protein.pdb,/rds/general/user/cr725/home/aev-plig_research/github_tsBAP_official/data/fep/fep_benchmark_inputs/structure_inputs/charge_annhil/irak4_s2_ligands_split/irak4_s2_molecule_6.sdf,irak4_s2,-8.510000228881836,-7.099999904632568,230,6.091234,6.091234
231,irak4_s2_molecule_5charg,/rds/general/user/cr725/home/aev-plig_research/github_tsBAP_official/data/fep/fep_benchmark_inputs/structure_inputs/charge_annhil/irak4_s2_protein.pdb,/rds/general/user/cr725/home/aev-plig_research/github_tsBAP_official/data/fep/fep_benchmark_inputs/structure_inputs/charge_annhil/irak4_s2_ligands_split/irak4_s2_molecule_5charg.sdf,irak4_s2,-9.609999656677246,-10.31999969482422,231,6.6731944,6.6731944
232,irak4_s2_molecule_14,/rds/general/user/cr725/home/aev-plig_research/github_tsBAP_official/data/fep/fep_benchmark_inputs/structure_inputs/charge_annhil/irak4_s2_protein.pdb,/rds/general/user/cr725/home/aev-plig_research/github_tsBAP_official/data/fep/fep_benchmark_inputs/structure_inputs/charge_annhil/irak4_s2_ligands_split/irak4_s2_molecule_14.sdf,irak4_s2,-10.109999656677246,-10.84000015258789,232,9.098081,9.098081
233,dlk_molecule_9,/rds/general/user/cr725/home/aev-plig_research/github_tsBAP_official/data/fep/fep_benchmark_inputs/structure_inputs/charge_annhil/dlk_protein.pdb,/rds/general/user/cr725/home/aev-plig_research/github_tsBAP_official/data/fep/fep_benchmark_inputs/structure_inputs/charge_annhil/dlk_ligands_split/dlk_molecule_9.sdf,dlk,-8.729999542236328,-8.539999961853027,233,9.543235,9.543235
234,dlk_molecule_17charg,/rds/general/user/cr725/home/aev-plig_research/github_tsBAP_official/data/fep/fep_benchmark_inputs/structure_inputs/charge_annhil/dlk_protein.pdb,/rds/general/user/cr725/home/aev-plig_research/github_tsBAP_official/data/fep/fep_benchmark_inputs/structure_inputs/charge_annhil/dlk_ligands_split/dlk_molecule_17charg.sdf,dlk,-10.4399995803833,-10.6899995803833,234,8.41651,8.41651
235,dlk_molecule_17neu,/rds/general/user/cr725/home/aev-plig_research/github_tsBAP_official/data/fep/fep_benchmark_inputs/structure_inputs/charge_annhil/dlk_protein.pdb,/rds/general/user/cr725/home/aev-plig_research/github_tsBAP_official/data/fep/fep_benchmark_inputs/structure_inputs/charge_annhil/dlk_ligands_split/dlk_molecule_17neu.sdf,dlk,-10.4399995803833,-10.699999809265137,235,8.471047,8.471047
236,dlk_molecule_4charg,/rds/general/user/cr725/home/aev-plig_research/github_tsBAP_official/data/fep/fep_benchmark_inputs/structure_inputs/charge_annhil/dlk_protein.pdb,/rds/general/user/cr725/home/aev-plig_research/github_tsBAP_official/data/fep/fep_benchmark_inputs/structure_inputs/charge_annhil/dlk_ligands_split/dlk_molecule_4charg.sdf,dlk,-9.329999923706056,-8.9399995803833,236,10.99945,10.99945
237,dlk_molecule_4neu,/rds/general/user/cr725/home/aev-plig_research/github_tsBAP_official/data/fep/fep_benchmark_inputs/structure_inputs/charge_annhil/dlk_protein.pdb,/rds/general/user/cr725/home/aev-plig_research/github_tsBAP_official/data/fep/fep_benchmark_inputs/structure_inputs/charge_annhil/dlk_ligands_split/dlk_molecule_4neu.sdf,dlk,-9.329999923706056,-8.9399995803833,237,8.582899,8.582899
238,dlk_molecule_18,/rds/general/user/cr725/home/aev-plig_research/github_tsBAP_official/data/fep/fep_benchmark_inputs/structure_inputs/charge_annhil/dlk_protein.pdb,/rds/general/user/cr725/home/aev-plig_research/github_tsBAP_official/data/fep/fep_benchmark_inputs/structure_inputs/charge_annhil/dlk_ligands_split/dlk_molecule_18.sdf,dlk,-9.979999542236328,-10.039999961853027,238,8.165516,8.165516
239,dlk_molecule_8,/rds/general/user/cr725/home/aev-plig_research/github_tsBAP_official/data/fep/fep_benchmark_inputs/structure_inputs/charge_annhil/dlk_protein.pdb,/rds/general/user/cr725/home/aev-plig_research/github_tsBAP_official/data/fep/fep_benchmark_inputs/structure_inputs/charge_annhil/dlk_ligands_split/dlk_molecule_8.sdf,dlk,-10.510000228881836,-10.90999984741211,239,8.089028,8.089028
240,irak4_s3_molecule_28neu,/rds/general/user/cr725/home/aev-plig_research/github_tsBAP_official/data/fep/fep_benchmark_inputs/structure_inputs/charge_annhil/irak4_s3_protein.pdb,/rds/general/user/cr725/home/aev-plig_research/github_tsBAP_official/data/fep/fep_benchmark_inputs/structure_inputs/charge_annhil/irak4_s3_ligands_split/irak4_s3_molecule_28neu.sdf,irak4_s3,-9.5,-10.3100004196167,240,12.154096,12.154096
241,irak4_s3_molecule_19charg,/rds/general/user/cr725/home/aev-plig_research/github_tsBAP_official/data/fep/fep_benchmark_inputs/structure_inputs/charge_annhil/irak4_s3_protein.pdb,/rds/general/user/cr725/home/aev-plig_research/github_tsBAP_official/data/fep/fep_benchmark_inputs/structure_inputs/charge_annhil/irak4_s3_ligands_split/irak4_s3_molecule_19charg.sdf,irak4_s3,-10.600000381469728,-9.5,241,7.5189166,7.5189166
242,irak4_s3_molecule_29,/rds/general/user/cr725/home/aev-plig_research/github_tsBAP_official/data/fep/fep_benchmark_inputs/structure_inputs/charge_annhil/irak4_s3_protein.pdb,/rds/general/user/cr725/home/aev-plig_research/github_tsBAP_official/data/fep/fep_benchmark_inputs/structure_inputs/charge_annhil/irak4_s3_ligands_split/irak4_s3_molecule_29.sdf,irak4_s3,-8.710000038146973,-9.359999656677246,242,6.7236676,6.7236676
243,irak4_s3_molecule_19neu,/rds/general/user/cr725/home/aev-plig_research/github_tsBAP_official/data/fep/fep_benchmark_inputs/structure_inputs/charge_annhil/irak4_s3_protein.pdb,/rds/general/user/cr725/home/aev-plig_research/github_tsBAP_official/data/fep/fep_benchmark_inputs/structure_inputs/charge_annhil/irak4_s3_ligands_split/irak4_s3_molecule_19neu.sdf,irak4_s3,-10.600000381469728,-9.5,243,7.0271554,7.0271554
244,irak4_s3_molecule_28charg,/rds/general/user/cr725/home/aev-plig_research/github_tsBAP_official/data/fep/fep_benchmark_inputs/structure_inputs/charge_annhil/irak4_s3_protein.pdb,/rds/general/user/cr725/home/aev-plig_research/github_tsBAP_official/data/fep/fep_benchmark_inputs/structure_inputs/charge_annhil/irak4_s3_ligands_split/irak4_s3_molecule_28charg.sdf,irak4_s3,-9.5,-10.3100004196167,244,8.144228,8.144228
245,irak4_s3_molecule_27,/rds/general/user/cr725/home/aev-plig_research/github_tsBAP_official/data/fep/fep_benchmark_inputs/structure_inputs/charge_annhil/irak4_s3_protein.pdb,/rds/general/user/cr725/home/aev-plig_research/github_tsBAP_official/data/fep/fep_benchmark_inputs/structure_inputs/charge_annhil/irak4_s3_ligands_split/irak4_s3_molecule_27.sdf,irak4_s3,-8.710000038146973,-8.640000343322754,245,10.462309,10.462309
246,ephx2_molecule_47charg,/rds/general/user/cr725/home/aev-plig_research/github_tsBAP_official/data/fep/fep_benchmark_inputs/structure_inputs/charge_annhil/ephx2_protein.pdb,/rds/general/user/cr725/home/aev-plig_research/github_tsBAP_official/data/fep/fep_benchmark_inputs/structure_inputs/charge_annhil/ephx2_ligands_split/ephx2_molecule_47charg.sdf,ephx2,-11.25,-11.15999984741211,246,6.324921,6.324921
247,ephx2_molecule_19charg,/rds/general/user/cr725/home/aev-plig_research/github_tsBAP_official/data/fep/fep_benchmark_inputs/structure_inputs/charge_annhil/ephx2_protein.pdb,/rds/general/user/cr725/home/aev-plig_research/github_tsBAP_official/data/fep/fep_benchmark_inputs/structure_inputs/charge_annhil/ephx2_ligands_split/ephx2_molecule_19charg.sdf,ephx2,-8.239999771118164,-7.420000076293945,247,8.718898,8.718898
248,ephx2_molecule_19neu,/rds/general/user/cr725/home/aev-plig_research/github_tsBAP_official/data/fep/fep_benchmark_inputs/structure_inputs/charge_annhil/ephx2_protein.pdb,/rds/general/user/cr725/home/aev-plig_research/github_tsBAP_official/data/fep/fep_benchmark_inputs/structure_inputs/charge_annhil/ephx2_ligands_split/ephx2_molecule_19neu.sdf,ephx2,-8.239999771118164,-7.420000076293945,248,8.542202,8.542202
249,ephx2_molecule_20,/rds/general/user/cr725/home/aev-plig_research/github_tsBAP_official/data/fep/fep_benchmark_inputs/structure_inputs/charge_annhil/ephx2_protein.pdb,/rds/general/user/cr725/home/aev-plig_research/github_tsBAP_official/data/fep/fep_benchmark_inputs/structure_inputs/charge_annhil/ephx2_ligands_split/ephx2_molecule_20.sdf,ephx2,-9.140000343322754,-9.779999732971191,249,9.249436,9.249436
250,ephx2_molecule_47neu,/rds/general/user/cr725/home/aev-plig_research/github_tsBAP_official/data/fep/fep_benchmark_inputs/structure_inputs/charge_annhil/ephx2_protein.pdb,/rds/general/user/cr725/home/aev-plig_research/github_tsBAP_official/data/fep/fep_benchmark_inputs/structure_inputs/charge_annhil/ephx2_ligands_split/ephx2_molecule_47neu.sdf,ephx2,-11.25,-11.149999618530272,250,6.2275953,6.2275953
251,ephx2_molecule_33,/rds/general/user/cr725/home/aev-plig_research/github_tsBAP_official/data/fep/fep_benchmark_inputs/structure_inputs/charge_annhil/ephx2_protein.pdb,/rds/general/user/cr725/home/aev-plig_research/github_tsBAP_official/data/fep/fep_benchmark_inputs/structure_inputs/charge_annhil/ephx2_ligands_split/ephx2_molecule_33.sdf,ephx2,-10.739999771118164,-11.920000076293944,251,6.0054927,6.0054927
252,jak1_molecule_17,/rds/general/user/cr725/home/aev-plig_research/github_tsBAP_official/data/fep/fep_benchmark_inputs/structure_inputs/charge_annhil/jak1_protein.pdb,/rds/general/user/cr725/home/aev-plig_research/github_tsBAP_official/data/fep/fep_benchmark_inputs/structure_inputs/charge_annhil/jak1_ligands_split/jak1_molecule_17.sdf,jak1,-10.869999885559082,-10.84000015258789,252,-0.5678665,-0.5678665
253,jak1_molecule_18charg,/rds/general/user/cr725/home/aev-plig_research/github_tsBAP_official/data/fep/fep_benchmark_inputs/structure_inputs/charge_annhil/jak1_protein.pdb,/rds/general/user/cr725/home/aev-plig_research/github_tsBAP_official/data/fep/fep_benchmark_inputs/structure_inputs/charge_annhil/jak1_ligands_split/jak1_molecule_18charg.sdf,jak1,-11.300000190734863,-10.529999732971191,253,9.033309,9.033309
254,jak1_molecule_18neu,/rds/general/user/cr725/home/aev-plig_research/github_tsBAP_official/data/fep/fep_benchmark_inputs/structure_inputs/charge_annhil/jak1_protein.pdb,/rds/general/user/cr725/home/aev-plig_research/github_tsBAP_official/data/fep/fep_benchmark_inputs/structure_inputs/charge_annhil/jak1_ligands_split/jak1_molecule_18neu.sdf,jak1,-11.300000190734863,-10.529999732971191,254,11.894282,11.894282
255,jak1_molecule_jmc_25,/rds/general/user/cr725/home/aev-plig_research/github_tsBAP_official/data/fep/fep_benchmark_inputs/structure_inputs/charge_annhil/jak1_protein.pdb,/rds/general/user/cr725/home/aev-plig_research/github_tsBAP_official/data/fep/fep_benchmark_inputs/structure_inputs/charge_annhil/jak1_ligands_split/jak1_molecule_jmc_25.sdf,jak1,-11.40999984741211,-11.510000228881836,255,7.0531425,7.0531425
256,jak1_molecule_jmc_34,/rds/general/user/cr725/home/aev-plig_research/github_tsBAP_official/data/fep/fep_benchmark_inputs/structure_inputs/charge_annhil/jak1_protein.pdb,/rds/general/user/cr725/home/aev-plig_research/github_tsBAP_official/data/fep/fep_benchmark_inputs/structure_inputs/charge_annhil/jak1_ligands_split/jak1_molecule_jmc_34.sdf,jak1,-13.06999969482422,-13.25,256,5.9657574,5.9657574
257,jak1_molecule_16charg,/rds/general/user/cr725/home/aev-plig_research/github_tsBAP_official/data/fep/fep_benchmark_inputs/structure_inputs/charge_annhil/jak1_protein.pdb,/rds/general/user/cr725/home/aev-plig_research/github_tsBAP_official/data/fep/fep_benchmark_inputs/structure_inputs/charge_annhil/jak1_ligands_split/jak1_molecule_16charg.sdf,jak1,-10.539999961853027,-10.800000190734863,257,-0.08252254,-0.08252254
258,jak1_molecule_16neu,/rds/general/user/cr725/home/aev-plig_research/github_tsBAP_official/data/fep/fep_benchmark_inputs/structure_inputs/charge_annhil/jak1_protein.pdb,/rds/general/user/cr725/home/aev-plig_research/github_tsBAP_official/data/fep/fep_benchmark_inputs/structure_inputs/charge_annhil/jak1_ligands_split/jak1_molecule_16neu.sdf,jak1,-10.539999961853027,-10.800000190734863,258,-1.177086,-1.177086
259,jak1_molecule_jmc_22,/rds/general/user/cr725/home/aev-plig_research/github_tsBAP_official/data/fep/fep_benchmark_inputs/structure_inputs/charge_annhil/jak1_protein.pdb,/rds/general/user/cr725/home/aev-plig_research/github_tsBAP_official/data/fep/fep_benchmark_inputs/structure_inputs/charge_annhil/jak1_ligands_split/jak1_molecule_jmc_22.sdf,jak1,-11.350000381469728,-12.119999885559082,259,7.454946,7.454946
260,tyk2_molecule_ejm_47,/rds/general/user/cr725/home/aev-plig_research/github_tsBAP_official/data/fep/fep_benchmark_inputs/structure_inputs/charge_annhil/tyk2_protein.pdb,/rds/general/user/cr725/home/aev-plig_research/github_tsBAP_official/data/fep/fep_benchmark_inputs/structure_inputs/charge_annhil/tyk2_ligands_split/tyk2_molecule_ejm_47.sdf,tyk2,-9.789999961853027,-10.199999809265137,260,6.6038957,6.6038957
261,tyk2_molecule_jmc_32charg,/rds/general/user/cr725/home/aev-plig_research/github_tsBAP_official/data/fep/fep_benchmark_inputs/structure_inputs/charge_annhil/tyk2_protein.pdb,/rds/general/user/cr725/home/aev-plig_research/github_tsBAP_official/data/fep/fep_benchmark_inputs/structure_inputs/charge_annhil/tyk2_ligands_split/tyk2_molecule_jmc_32charg.sdf,tyk2,-11.65999984741211,-10.300000190734863,261,5.4530663,5.4530663
262,tyk2_molecule_jmc_31,/rds/general/user/cr725/home/aev-plig_research/github_tsBAP_official/data/fep/fep_benchmark_inputs/structure_inputs/charge_annhil/tyk2_protein.pdb,/rds/general/user/cr725/home/aev-plig_research/github_tsBAP_official/data/fep/fep_benchmark_inputs/structure_inputs/charge_annhil/tyk2_ligands_split/tyk2_molecule_jmc_31.sdf,tyk2,-10.920000076293944,-11.529999732971191,262,5.588713,5.588713
263,tyk2_molecule_jmc_32neu,/rds/general/user/cr725/home/aev-plig_research/github_tsBAP_official/data/fep/fep_benchmark_inputs/structure_inputs/charge_annhil/tyk2_protein.pdb,/rds/general/user/cr725/home/aev-plig_research/github_tsBAP_official/data/fep/fep_benchmark_inputs/structure_inputs/charge_annhil/tyk2_ligands_split/tyk2_molecule_jmc_32neu.sdf,tyk2,-11.65999984741211,-11.399999618530272,263,5.1749015,5.1749015
264,tyk2_molecule_ejm_52neu,/rds/general/user/cr725/home/aev-plig_research/github_tsBAP_official/data/fep/fep_benchmark_inputs/structure_inputs/charge_annhil/tyk2_protein.pdb,/rds/general/user/cr725/home/aev-plig_research/github_tsBAP_official/data/fep/fep_benchmark_inputs/structure_inputs/charge_annhil/tyk2_ligands_split/tyk2_molecule_ejm_52neu.sdf,tyk2,-7.489999771118164,-7.860000133514404,264,5.9026365,5.9026365
265,tyk2_molecule_ejm_52charg,/rds/general/user/cr725/home/aev-plig_research/github_tsBAP_official/data/fep/fep_benchmark_inputs/structure_inputs/charge_annhil/tyk2_protein.pdb,/rds/general/user/cr725/home/aev-plig_research/github_tsBAP_official/data/fep/fep_benchmark_inputs/structure_inputs/charge_annhil/tyk2_ligands_split/tyk2_molecule_ejm_52charg.sdf,tyk2,-7.489999771118164,-7.860000133514404,265,6.8358235,6.8358235
266,tyk2_molecule_ejm_46,/rds/general/user/cr725/home/aev-plig_research/github_tsBAP_official/data/fep/fep_benchmark_inputs/structure_inputs/charge_annhil/tyk2_protein.pdb,/rds/general/user/cr725/home/aev-plig_research/github_tsBAP_official/data/fep/fep_benchmark_inputs/structure_inputs/charge_annhil/tyk2_ligands_split/tyk2_molecule_ejm_46.sdf,tyk2,-11.420000076293944,-11.279999732971191,266,5.637944,5.637944
267,itk_molecule_17,/rds/general/user/cr725/home/aev-plig_research/github_tsBAP_official/data/fep/fep_benchmark_inputs/structure_inputs/charge_annhil/itk_protein.pdb,/rds/general/user/cr725/home/aev-plig_research/github_tsBAP_official/data/fep/fep_benchmark_inputs/structure_inputs/charge_annhil/itk_ligands_split/itk_molecule_17.sdf,itk,-11.270000457763672,-12.329999923706056,267,6.7774777,6.7774777
268,itk_molecule_1neu,/rds/general/user/cr725/home/aev-plig_research/github_tsBAP_official/data/fep/fep_benchmark_inputs/structure_inputs/charge_annhil/itk_protein.pdb,/rds/general/user/cr725/home/aev-plig_research/github_tsBAP_official/data/fep/fep_benchmark_inputs/structure_inputs/charge_annhil/itk_ligands_split/itk_molecule_1neu.sdf,itk,-12.56999969482422,-12.420000076293944,268,7.3559947,7.3559947
269,itk_molecule_1charg,/rds/general/user/cr725/home/aev-plig_research/github_tsBAP_official/data/fep/fep_benchmark_inputs/structure_inputs/charge_annhil/itk_protein.pdb,/rds/general/user/cr725/home/aev-plig_research/github_tsBAP_official/data/fep/fep_benchmark_inputs/structure_inputs/charge_annhil/itk_ligands_split/itk_molecule_1charg.sdf,itk,-12.56999969482422,-12.420000076293944,269,8.597137,8.597137
270,itk_molecule_18,/rds/general/user/cr725/home/aev-plig_research/github_tsBAP_official/data/fep/fep_benchmark_inputs/structure_inputs/charge_annhil/itk_protein.pdb,/rds/general/user/cr725/home/aev-plig_research/github_tsBAP_official/data/fep/fep_benchmark_inputs/structure_inputs/charge_annhil/itk_ligands_split/itk_molecule_18.sdf,itk,-12.770000457763672,-12.020000457763672,270,7.087486,7.087486
271,itk_molecule_19,/rds/general/user/cr725/home/aev-plig_research/github_tsBAP_official/data/fep/fep_benchmark_inputs/structure_inputs/charge_annhil/itk_protein.pdb,/rds/general/user/cr725/home/aev-plig_research/github_tsBAP_official/data/fep/fep_benchmark_inputs/structure_inputs/charge_annhil/itk_ligands_split/itk_molecule_19.sdf,itk,-13.06999969482422,-13.0600004196167,271,6.783691,6.783691
272,thrombin_whole_map_molecule_11,/rds/general/user/cr725/home/aev-plig_research/github_tsBAP_official/data/fep/fep_benchmark_inputs/structure_inputs/charge_annhil/thrombin_whole_map_protein.pdb,/rds/general/user/cr725/home/aev-plig_research/github_tsBAP_official/data/fep/fep_benchmark_inputs/structure_inputs/charge_annhil/thrombin_whole_map_ligands_split/thrombin_whole_map_molecule_11.sdf,thrombin_whole_map,-5.840000152587891,-5.260000228881836,272,7.86718,7.86718
273,thrombin_whole_map_molecule_1,/rds/general/user/cr725/home/aev-plig_research/github_tsBAP_official/data/fep/fep_benchmark_inputs/structure_inputs/charge_annhil/thrombin_whole_map_protein.pdb,/rds/general/user/cr725/home/aev-plig_research/github_tsBAP_official/data/fep/fep_benchmark_inputs/structure_inputs/charge_annhil/thrombin_whole_map_ligands_split/thrombin_whole_map_molecule_1.sdf,thrombin_whole_map,-6.800000190734863,-6.46999979019165,273,8.594016,8.594016
274,thrombin_whole_map_molecule_3,/rds/general/user/cr725/home/aev-plig_research/github_tsBAP_official/data/fep/fep_benchmark_inputs/structure_inputs/charge_annhil/thrombin_whole_map_protein.pdb,/rds/general/user/cr725/home/aev-plig_research/github_tsBAP_official/data/fep/fep_benchmark_inputs/structure_inputs/charge_annhil/thrombin_whole_map_ligands_split/thrombin_whole_map_molecule_3.sdf,thrombin_whole_map,-5.659999847412109,-5.630000114440918,274,7.709772,7.709772
275,thrombin_whole_map_molecule_jmb2009-4,/rds/general/user/cr725/home/aev-plig_research/github_tsBAP_official/data/fep/fep_benchmark_inputs/structure_inputs/charge_annhil/thrombin_whole_map_protein.pdb,/rds/general/user/cr725/home/aev-plig_research/github_tsBAP_official/data/fep/fep_benchmark_inputs/structure_inputs/charge_annhil/thrombin_whole_map_ligands_split/thrombin_whole_map_molecule_jmb2009-4.sdf,thrombin_whole_map,-11.529999732971191,-13.350000381469728,275,5.88239,5.88239
276,thrombin_whole_map_molecule_10,/rds/general/user/cr725/home/aev-plig_research/github_tsBAP_official/data/fep/fep_benchmark_inputs/structure_inputs/charge_annhil/thrombin_whole_map_protein.pdb,/rds/general/user/cr725/home/aev-plig_research/github_tsBAP_official/data/fep/fep_benchmark_inputs/structure_inputs/charge_annhil/thrombin_whole_map_ligands_split/thrombin_whole_map_molecule_10.sdf,thrombin_whole_map,-7.670000076293945,-6.480000019073486,276,7.893356,7.893356
277,thrombin_whole_map_molecule_2,/rds/general/user/cr725/home/aev-plig_research/github_tsBAP_official/data/fep/fep_benchmark_inputs/structure_inputs/charge_annhil/thrombin_whole_map_protein.pdb,/rds/general/user/cr725/home/aev-plig_research/github_tsBAP_official/data/fep/fep_benchmark_inputs/structure_inputs/charge_annhil/thrombin_whole_map_ligands_split/thrombin_whole_map_molecule_2.sdf,thrombin_whole_map,-6.139999866485596,-6.449999809265137,277,8.954015,8.954015
278,cdk2_molecule_39neu,/rds/general/user/cr725/home/aev-plig_research/github_tsBAP_official/data/fep/fep_benchmark_inputs/structure_inputs/charge_annhil/cdk2_protein.pdb,/rds/general/user/cr725/home/aev-plig_research/github_tsBAP_official/data/fep/fep_benchmark_inputs/structure_inputs/charge_annhil/cdk2_ligands_split/cdk2_molecule_39neu.sdf,cdk2,-8.369999885559082,-8.220000267028809,278,5.9838014,5.9838014
279,cdk2_molecule_39charg,/rds/general/user/cr725/home/aev-plig_research/github_tsBAP_official/data/fep/fep_benchmark_inputs/structure_inputs/charge_annhil/cdk2_protein.pdb,/rds/general/user/cr725/home/aev-plig_research/github_tsBAP_official/data/fep/fep_benchmark_inputs/structure_inputs/charge_annhil/cdk2_ligands_split/cdk2_molecule_39charg.sdf,cdk2,-8.369999885559082,-8.229999542236328,279,6.3781905,6.3781905
280,cdk2_molecule_34,/rds/general/user/cr725/home/aev-plig_research/github_tsBAP_official/data/fep/fep_benchmark_inputs/structure_inputs/charge_annhil/cdk2_protein.pdb,/rds/general/user/cr725/home/aev-plig_research/github_tsBAP_official/data/fep/fep_benchmark_inputs/structure_inputs/charge_annhil/cdk2_ligands_split/cdk2_molecule_34.sdf,cdk2,-9.880000114440918,-10.229999542236328,280,6.028075,6.028075
281,cdk2_molecule_25,/rds/general/user/cr725/home/aev-plig_research/github_tsBAP_official/data/fep/fep_benchmark_inputs/structure_inputs/charge_annhil/cdk2_protein.pdb,/rds/general/user/cr725/home/aev-plig_research/github_tsBAP_official/data/fep/fep_benchmark_inputs/structure_inputs/charge_annhil/cdk2_ligands_split/cdk2_molecule_25.sdf,cdk2,-9.829999923706056,-9.770000457763672,281,5.512741,5.512741
282,hsp90_frag_2rings_molecule_18,/rds/general/user/cr725/home/aev-plig_research/github_tsBAP_official/data/fep/fep_benchmark_inputs/structure_inputs/fragments/hsp90_frag_2rings_protein.pdb,/rds/general/user/cr725/home/aev-plig_research/github_tsBAP_official/data/fep/fep_benchmark_inputs/structure_inputs/fragments/hsp90_frag_2rings_ligands_split/hsp90_frag_2rings_molecule_18.sdf,hsp90_frag_2rings,-8.960000038146973,-10.5,282,6.7001405,6.7001405
283,hsp90_frag_2rings_molecule_17,/rds/general/user/cr725/home/aev-plig_research/github_tsBAP_official/data/fep/fep_benchmark_inputs/structure_inputs/fragments/hsp90_frag_2rings_protein.pdb,/rds/general/user/cr725/home/aev-plig_research/github_tsBAP_official/data/fep/fep_benchmark_inputs/structure_inputs/fragments/hsp90_frag_2rings_ligands_split/hsp90_frag_2rings_molecule_17.sdf,hsp90_frag_2rings,-9.920000076293944,-9.039999961853027,283,6.6519117,6.6519117
284,hsp90_frag_2rings_molecule_19,/rds/general/user/cr725/home/aev-plig_research/github_tsBAP_official/data/fep/fep_benchmark_inputs/structure_inputs/fragments/hsp90_frag_2rings_protein.pdb,/rds/general/user/cr725/home/aev-plig_research/github_tsBAP_official/data/fep/fep_benchmark_inputs/structure_inputs/fragments/hsp90_frag_2rings_ligands_split/hsp90_frag_2rings_molecule_19.sdf,hsp90_frag_2rings,-10.260000228881836,-9.9399995803833,284,6.8174014,6.8174014
285,hsp90_frag_2rings_molecule_15,/rds/general/user/cr725/home/aev-plig_research/github_tsBAP_official/data/fep/fep_benchmark_inputs/structure_inputs/fragments/hsp90_frag_2rings_protein.pdb,/rds/general/user/cr725/home/aev-plig_research/github_tsBAP_official/data/fep/fep_benchmark_inputs/structure_inputs/fragments/hsp90_frag_2rings_ligands_split/hsp90_frag_2rings_molecule_15.sdf,hsp90_frag_2rings,-9.880000114440918,-9.539999961853027,285,6.497611,6.497611
286,hsp90_frag_2rings_molecule_14,/rds/general/user/cr725/home/aev-plig_research/github_tsBAP_official/data/fep/fep_benchmark_inputs/structure_inputs/fragments/hsp90_frag_2rings_protein.pdb,/rds/general/user/cr725/home/aev-plig_research/github_tsBAP_official/data/fep/fep_benchmark_inputs/structure_inputs/fragments/hsp90_frag_2rings_ligands_split/hsp90_frag_2rings_molecule_14.sdf,hsp90_frag_2rings,-8.720000267028809,-9.90999984741211,286,7.0698304,7.0698304
287,hsp90_frag_2rings_molecule_16,/rds/general/user/cr725/home/aev-plig_research/github_tsBAP_official/data/fep/fep_benchmark_inputs/structure_inputs/fragments/hsp90_frag_2rings_protein.pdb,/rds/general/user/cr725/home/aev-plig_research/github_tsBAP_official/data/fep/fep_benchmark_inputs/structure_inputs/fragments/hsp90_frag_2rings_ligands_split/hsp90_frag_2rings_molecule_16.sdf,hsp90_frag_2rings,-8.119999885559082,-6.929999828338623,287,6.628897,6.628897
288,frag_liga_auto_molecule_12,/rds/general/user/cr725/home/aev-plig_research/github_tsBAP_official/data/fep/fep_benchmark_inputs/structure_inputs/fragments/frag_liga_auto_protein.pdb,/rds/general/user/cr725/home/aev-plig_research/github_tsBAP_official/data/fep/fep_benchmark_inputs/structure_inputs/fragments/frag_liga_auto_ligands_split/frag_liga_auto_molecule_12.sdf,frag_liga_auto,-9.050000190734863,-9.56999969482422,288,7.8590536,7.8590536
289,frag_liga_auto_molecule_9,/rds/general/user/cr725/home/aev-plig_research/github_tsBAP_official/data/fep/fep_benchmark_inputs/structure_inputs/fragments/frag_liga_auto_protein.pdb,/rds/general/user/cr725/home/aev-plig_research/github_tsBAP_official/data/fep/fep_benchmark_inputs/structure_inputs/fragments/frag_liga_auto_ligands_split/frag_liga_auto_molecule_9.sdf,frag_liga_auto,-6.380000114440918,-6.179999828338623,289,7.222608,7.222608
290,frag_liga_auto_molecule_5,/rds/general/user/cr725/home/aev-plig_research/github_tsBAP_official/data/fep/fep_benchmark_inputs/structure_inputs/fragments/frag_liga_auto_protein.pdb,/rds/general/user/cr725/home/aev-plig_research/github_tsBAP_official/data/fep/fep_benchmark_inputs/structure_inputs/fragments/frag_liga_auto_ligands_split/frag_liga_auto_molecule_5.sdf,frag_liga_auto,-4.800000190734863,-4.679999828338623,290,5.7532587,5.7532587
291,frag_liga_auto_molecule_6,/rds/general/user/cr725/home/aev-plig_research/github_tsBAP_official/data/fep/fep_benchmark_inputs/structure_inputs/fragments/frag_liga_auto_protein.pdb,/rds/general/user/cr725/home/aev-plig_research/github_tsBAP_official/data/fep/fep_benchmark_inputs/structure_inputs/fragments/frag_liga_auto_ligands_split/frag_liga_auto_molecule_6.sdf,frag_liga_auto,-5.300000190734863,-5.440000057220459,291,4.975119,4.975119
292,frag_liga_auto_molecule_11,/rds/general/user/cr725/home/aev-plig_research/github_tsBAP_official/data/fep/fep_benchmark_inputs/structure_inputs/fragments/frag_liga_auto_protein.pdb,/rds/general/user/cr725/home/aev-plig_research/github_tsBAP_official/data/fep/fep_benchmark_inputs/structure_inputs/fragments/frag_liga_auto_ligands_split/frag_liga_auto_molecule_11.sdf,frag_liga_auto,-9.079999923706056,-8.260000228881836,292,5.1930223,5.1930223
293,frag_liga_auto_molecule_10,/rds/general/user/cr725/home/aev-plig_research/github_tsBAP_official/data/fep/fep_benchmark_inputs/structure_inputs/fragments/frag_liga_auto_protein.pdb,/rds/general/user/cr725/home/aev-plig_research/github_tsBAP_official/data/fep/fep_benchmark_inputs/structure_inputs/fragments/frag_liga_auto_ligands_split/frag_liga_auto_molecule_10.sdf,frag_liga_auto,-6.539999961853027,-6.510000228881836,293,2.7553327,2.7553327
294,frag_liga_auto_molecule_8,/rds/general/user/cr725/home/aev-plig_research/github_tsBAP_official/data/fep/fep_benchmark_inputs/structure_inputs/fragments/frag_liga_auto_protein.pdb,/rds/general/user/cr725/home/aev-plig_research/github_tsBAP_official/data/fep/fep_benchmark_inputs/structure_inputs/fragments/frag_liga_auto_ligands_split/frag_liga_auto_molecule_8.sdf,frag_liga_auto,-5.829999923706055,-5.989999771118164,294,7.603601,7.603601
295,frag_liga_auto_molecule_3,/rds/general/user/cr725/home/aev-plig_research/github_tsBAP_official/data/fep/fep_benchmark_inputs/structure_inputs/fragments/frag_liga_auto_protein.pdb,/rds/general/user/cr725/home/aev-plig_research/github_tsBAP_official/data/fep/fep_benchmark_inputs/structure_inputs/fragments/frag_liga_auto_ligands_split/frag_liga_auto_molecule_3.sdf,frag_liga_auto,-6.03000020980835,-5.130000114440918,295,-8.48105,-8.48105
296,frag_liga_auto_molecule_7,/rds/general/user/cr725/home/aev-plig_research/github_tsBAP_official/data/fep/fep_benchmark_inputs/structure_inputs/fragments/frag_liga_auto_protein.pdb,/rds/general/user/cr725/home/aev-plig_research/github_tsBAP_official/data/fep/fep_benchmark_inputs/structure_inputs/fragments/frag_liga_auto_ligands_split/frag_liga_auto_molecule_7.sdf,frag_liga_auto,-5.25,-5.489999771118164,296,9.134513,9.134513
297,frag_liga_auto_molecule_13,/rds/general/user/cr725/home/aev-plig_research/github_tsBAP_official/data/fep/fep_benchmark_inputs/structure_inputs/fragments/frag_liga_auto_protein.pdb,/rds/general/user/cr725/home/aev-plig_research/github_tsBAP_official/data/fep/fep_benchmark_inputs/structure_inputs/fragments/frag_liga_auto_ligands_split/frag_liga_auto_molecule_13.sdf,frag_liga_auto,-10.670000076293944,-12.130000114440918,297,7.9030433,7.9030433
298,frag_liga_auto_molecule_4,/rds/general/user/cr725/home/aev-plig_research/github_tsBAP_official/data/fep/fep_benchmark_inputs/structure_inputs/fragments/frag_liga_auto_protein.pdb,/rds/general/user/cr725/home/aev-plig_research/github_tsBAP_official/data/fep/fep_benchmark_inputs/structure_inputs/fragments/frag_liga_auto_ligands_split/frag_liga_auto_molecule_4.sdf,frag_liga_auto,-6.5,-6.050000190734863,298,3.9568877,3.9568877
299,hsp90_frag_single_ring_molecule_10,/rds/general/user/cr725/home/aev-plig_research/github_tsBAP_official/data/fep/fep_benchmark_inputs/structure_inputs/fragments/hsp90_frag_single_ring_protein.pdb,/rds/general/user/cr725/home/aev-plig_research/github_tsBAP_official/data/fep/fep_benchmark_inputs/structure_inputs/fragments/hsp90_frag_single_ring_ligands_split/hsp90_frag_single_ring_molecule_10.sdf,hsp90_frag_single_ring,-8.3100004196167,-9.0,299,5.727848,5.727848
300,hsp90_frag_single_ring_molecule_3,/rds/general/user/cr725/home/aev-plig_research/github_tsBAP_official/data/fep/fep_benchmark_inputs/structure_inputs/fragments/hsp90_frag_single_ring_protein.pdb,/rds/general/user/cr725/home/aev-plig_research/github_tsBAP_official/data/fep/fep_benchmark_inputs/structure_inputs/fragments/hsp90_frag_single_ring_ligands_split/hsp90_frag_single_ring_molecule_3.sdf,hsp90_frag_single_ring,-8.3100004196167,-8.020000457763672,300,4.9221473,4.9221473
301,hsp90_frag_single_ring_molecule_9,/rds/general/user/cr725/home/aev-plig_research/github_tsBAP_official/data/fep/fep_benchmark_inputs/structure_inputs/fragments/hsp90_frag_single_ring_protein.pdb,/rds/general/user/cr725/home/aev-plig_research/github_tsBAP_official/data/fep/fep_benchmark_inputs/structure_inputs/fragments/hsp90_frag_single_ring_ligands_split/hsp90_frag_single_ring_molecule_9.sdf,hsp90_frag_single_ring,-7.360000133514404,-7.78000020980835,301,6.252701,6.252701
302,hsp90_frag_single_ring_molecule_8,/rds/general/user/cr725/home/aev-plig_research/github_tsBAP_official/data/fep/fep_benchmark_inputs/structure_inputs/fragments/hsp90_frag_single_ring_protein.pdb,/rds/general/user/cr725/home/aev-plig_research/github_tsBAP_official/data/fep/fep_benchmark_inputs/structure_inputs/fragments/hsp90_frag_single_ring_ligands_split/hsp90_frag_single_ring_molecule_8.sdf,hsp90_frag_single_ring,-8.029999732971191,-7.409999847412109,302,6.5080934,6.5080934
303,hsp90_frag_single_ring_molecule_11,/rds/general/user/cr725/home/aev-plig_research/github_tsBAP_official/data/fep/fep_benchmark_inputs/structure_inputs/fragments/hsp90_frag_single_ring_protein.pdb,/rds/general/user/cr725/home/aev-plig_research/github_tsBAP_official/data/fep/fep_benchmark_inputs/structure_inputs/fragments/hsp90_frag_single_ring_ligands_split/hsp90_frag_single_ring_molecule_11.sdf,hsp90_frag_single_ring,-8.119999885559082,-8.300000190734863,303,7.65283,7.65283
304,hsp90_frag_single_ring_molecule_12,/rds/general/user/cr725/home/aev-plig_research/github_tsBAP_official/data/fep/fep_benchmark_inputs/structure_inputs/fragments/hsp90_frag_single_ring_protein.pdb,/rds/general/user/cr725/home/aev-plig_research/github_tsBAP_official/data/fep/fep_benchmark_inputs/structure_inputs/fragments/hsp90_frag_single_ring_ligands_split/hsp90_frag_single_ring_molecule_12.sdf,hsp90_frag_single_ring,-8.59000015258789,-8.199999809265137,304,6.4143305,6.4143305
305,hsp90_frag_single_ring_molecule_2,/rds/general/user/cr725/home/aev-plig_research/github_tsBAP_official/data/fep/fep_benchmark_inputs/structure_inputs/fragments/hsp90_frag_single_ring_protein.pdb,/rds/general/user/cr725/home/aev-plig_research/github_tsBAP_official/data/fep/fep_benchmark_inputs/structure_inputs/fragments/hsp90_frag_single_ring_ligands_split/hsp90_frag_single_ring_molecule_2.sdf,hsp90_frag_single_ring,-6.929999828338623,-6.940000057220459,305,3.1034229,3.1034229
306,jak2_set1_molecule_2_3E63,/rds/general/user/cr725/home/aev-plig_research/github_tsBAP_official/data/fep/fep_benchmark_inputs/structure_inputs/fragments/jak2_set1_protein.pdb,/rds/general/user/cr725/home/aev-plig_research/github_tsBAP_official/data/fep/fep_benchmark_inputs/structure_inputs/fragments/jak2_set1_ligands_split/jak2_set1_molecule_2_3E63.sdf,jak2_set1,-7.90701150894165,-7.440000057220459,306,6.7982345,6.7982345
307,jak2_set1_molecule_9,/rds/general/user/cr725/home/aev-plig_research/github_tsBAP_official/data/fep/fep_benchmark_inputs/structure_inputs/fragments/jak2_set1_protein.pdb,/rds/general/user/cr725/home/aev-plig_research/github_tsBAP_official/data/fep/fep_benchmark_inputs/structure_inputs/fragments/jak2_set1_ligands_split/jak2_set1_molecule_9.sdf,jak2_set1,-8.363882064819336,-7.800000190734863,307,5.508448,5.508448
308,jak2_set1_molecule_8,/rds/general/user/cr725/home/aev-plig_research/github_tsBAP_official/data/fep/fep_benchmark_inputs/structure_inputs/fragments/jak2_set1_protein.pdb,/rds/general/user/cr725/home/aev-plig_research/github_tsBAP_official/data/fep/fep_benchmark_inputs/structure_inputs/fragments/jak2_set1_ligands_split/jak2_set1_molecule_8.sdf,jak2_set1,-8.774560928344727,-8.510000228881836,308,6.17119,6.17119
309,jak2_set1_molecule_5,/rds/general/user/cr725/home/aev-plig_research/github_tsBAP_official/data/fep/fep_benchmark_inputs/structure_inputs/fragments/jak2_set1_protein.pdb,/rds/general/user/cr725/home/aev-plig_research/github_tsBAP_official/data/fep/fep_benchmark_inputs/structure_inputs/fragments/jak2_set1_ligands_split/jak2_set1_molecule_5.sdf,jak2_set1,-7.789802551269531,-7.099999904632568,309,7.58455,7.58455
310,jak2_set1_molecule_10,/rds/general/user/cr725/home/aev-plig_research/github_tsBAP_official/data/fep/fep_benchmark_inputs/structure_inputs/fragments/jak2_set1_protein.pdb,/rds/general/user/cr725/home/aev-plig_research/github_tsBAP_official/data/fep/fep_benchmark_inputs/structure_inputs/fragments/jak2_set1_ligands_split/jak2_set1_molecule_10.sdf,jak2_set1,-7.143977165222168,-7.559999942779541,310,5.918919,5.918919
311,jak2_set1_molecule_4a,/rds/general/user/cr725/home/aev-plig_research/github_tsBAP_official/data/fep/fep_benchmark_inputs/structure_inputs/fragments/jak2_set1_protein.pdb,/rds/general/user/cr725/home/aev-plig_research/github_tsBAP_official/data/fep/fep_benchmark_inputs/structure_inputs/fragments/jak2_set1_ligands_split/jak2_set1_molecule_4a.sdf,jak2_set1,-6.864231586456299,-6.869999885559082,311,1.6431435,1.6431435
312,jak2_set1_molecule_4b,/rds/general/user/cr725/home/aev-plig_research/github_tsBAP_official/data/fep/fep_benchmark_inputs/structure_inputs/fragments/jak2_set1_protein.pdb,/rds/general/user/cr725/home/aev-plig_research/github_tsBAP_official/data/fep/fep_benchmark_inputs/structure_inputs/fragments/jak2_set1_ligands_split/jak2_set1_molecule_4b.sdf,jak2_set1,-6.864231586456299,-6.769999980926514,312,2.2979934,2.2979934
313,jak2_set1_molecule_6,/rds/general/user/cr725/home/aev-plig_research/github_tsBAP_official/data/fep/fep_benchmark_inputs/structure_inputs/fragments/jak2_set1_protein.pdb,/rds/general/user/cr725/home/aev-plig_research/github_tsBAP_official/data/fep/fep_benchmark_inputs/structure_inputs/fragments/jak2_set1_ligands_split/jak2_set1_molecule_6.sdf,jak2_set1,-6.198638439178467,-7.400000095367432,313,3.3427725,3.3427725
314,jak2_set1_molecule_3,/rds/general/user/cr725/home/aev-plig_research/github_tsBAP_official/data/fep/fep_benchmark_inputs/structure_inputs/fragments/jak2_set1_protein.pdb,/rds/general/user/cr725/home/aev-plig_research/github_tsBAP_official/data/fep/fep_benchmark_inputs/structure_inputs/fragments/jak2_set1_ligands_split/jak2_set1_molecule_3.sdf,jak2_set1,-5.235617160797119,-6.0,314,7.1141696,7.1141696
315,jak2_set1_molecule_1_3E62,/rds/general/user/cr725/home/aev-plig_research/github_tsBAP_official/data/fep/fep_benchmark_inputs/structure_inputs/fragments/jak2_set1_protein.pdb,/rds/general/user/cr725/home/aev-plig_research/github_tsBAP_official/data/fep/fep_benchmark_inputs/structure_inputs/fragments/jak2_set1_ligands_split/jak2_set1_molecule_1_3E62.sdf,jak2_set1,-5.986692905426025,-5.699999809265137,315,0.9272073,0.9272073
316,jak2_set1_molecule_7,/rds/general/user/cr725/home/aev-plig_research/github_tsBAP_official/data/fep/fep_benchmark_inputs/structure_inputs/fragments/jak2_set1_protein.pdb,/rds/general/user/cr725/home/aev-plig_research/github_tsBAP_official/data/fep/fep_benchmark_inputs/structure_inputs/fragments/jak2_set1_ligands_split/jak2_set1_molecule_7.sdf,jak2_set1,-8.860579490661621,-8.819999694824219,316,3.7911737,3.7911737
317,frag_mup1_molecule_IBT,/rds/general/user/cr725/home/aev-plig_research/github_tsBAP_official/data/fep/fep_benchmark_inputs/structure_inputs/fragments/frag_mup1_protein.pdb,/rds/general/user/cr725/home/aev-plig_research/github_tsBAP_official/data/fep/fep_benchmark_inputs/structure_inputs/fragments/frag_mup1_ligands_split/frag_mup1_molecule_IBT.sdf,frag_mup1,-9.09000015258789,-8.890000343322754,317,9.978118,9.978118
318,frag_mup1_molecule_MT,/rds/general/user/cr725/home/aev-plig_research/github_tsBAP_official/data/fep/fep_benchmark_inputs/structure_inputs/fragments/frag_mup1_protein.pdb,/rds/general/user/cr725/home/aev-plig_research/github_tsBAP_official/data/fep/fep_benchmark_inputs/structure_inputs/fragments/frag_mup1_ligands_split/frag_mup1_molecule_MT.sdf,frag_mup1,-5.639999866485596,-5.510000228881836,318,25.148468,25.148468
319,frag_mup1_molecule_PT,/rds/general/user/cr725/home/aev-plig_research/github_tsBAP_official/data/fep/fep_benchmark_inputs/structure_inputs/fragments/frag_mup1_protein.pdb,/rds/general/user/cr725/home/aev-plig_research/github_tsBAP_official/data/fep/fep_benchmark_inputs/structure_inputs/fragments/frag_mup1_ligands_split/frag_mup1_molecule_PT.sdf,frag_mup1,-8.199999809265137,-7.960000038146973,319,9.237126,9.237126
320,frag_mup1_molecule_SBT_R,/rds/general/user/cr725/home/aev-plig_research/github_tsBAP_official/data/fep/fep_benchmark_inputs/structure_inputs/fragments/frag_mup1_protein.pdb,/rds/general/user/cr725/home/aev-plig_research/github_tsBAP_official/data/fep/fep_benchmark_inputs/structure_inputs/fragments/frag_mup1_ligands_split/frag_mup1_molecule_SBT_R.sdf,frag_mup1,-8.420000076293945,-8.770000457763672,320,6.151091,6.151091
321,frag_mup1_molecule_SBT_S,/rds/general/user/cr725/home/aev-plig_research/github_tsBAP_official/data/fep/fep_benchmark_inputs/structure_inputs/fragments/frag_mup1_protein.pdb,/rds/general/user/cr725/home/aev-plig_research/github_tsBAP_official/data/fep/fep_benchmark_inputs/structure_inputs/fragments/frag_mup1_ligands_split/frag_mup1_molecule_SBT_S.sdf,frag_mup1,-8.420000076293945,-9.140000343322754,321,6.482597,6.482597
322,frag_mup1_molecule_IPT,/rds/general/user/cr725/home/aev-plig_research/github_tsBAP_official/data/fep/fep_benchmark_inputs/structure_inputs/fragments/frag_mup1_protein.pdb,/rds/general/user/cr725/home/aev-plig_research/github_tsBAP_official/data/fep/fep_benchmark_inputs/structure_inputs/fragments/frag_mup1_ligands_split/frag_mup1_molecule_IPT.sdf,frag_mup1,-7.849999904632568,-7.579999923706055,322,10.525796,10.525796
323,frag_mup1_molecule_ET,/rds/general/user/cr725/home/aev-plig_research/github_tsBAP_official/data/fep/fep_benchmark_inputs/structure_inputs/fragments/frag_mup1_protein.pdb,/rds/general/user/cr725/home/aev-plig_research/github_tsBAP_official/data/fep/fep_benchmark_inputs/structure_inputs/fragments/frag_mup1_ligands_split/frag_mup1_molecule_ET.sdf,frag_mup1,-6.960000038146973,-6.730000019073486,323,8.79693,8.79693
324,frag_p38_molecule_4,/rds/general/user/cr725/home/aev-plig_research/github_tsBAP_official/data/fep/fep_benchmark_inputs/structure_inputs/fragments/frag_p38_protein.pdb,/rds/general/user/cr725/home/aev-plig_research/github_tsBAP_official/data/fep/fep_benchmark_inputs/structure_inputs/fragments/frag_p38_ligands_split/frag_p38_molecule_4.sdf,frag_p38,-5.400000095367432,-5.78000020980835,324,4.1602783,4.1602783
325,frag_p38_molecule_1_1W7H,/rds/general/user/cr725/home/aev-plig_research/github_tsBAP_official/data/fep/fep_benchmark_inputs/structure_inputs/fragments/frag_p38_protein.pdb,/rds/general/user/cr725/home/aev-plig_research/github_tsBAP_official/data/fep/fep_benchmark_inputs/structure_inputs/fragments/frag_p38_ligands_split/frag_p38_molecule_1_1W7H.sdf,frag_p38,-3.940000057220459,-3.799999952316284,325,3.613508,3.613508
326,frag_p38_molecule_6,/rds/general/user/cr725/home/aev-plig_research/github_tsBAP_official/data/fep/fep_benchmark_inputs/structure_inputs/fragments/frag_p38_protein.pdb,/rds/general/user/cr725/home/aev-plig_research/github_tsBAP_official/data/fep/fep_benchmark_inputs/structure_inputs/fragments/frag_p38_ligands_split/frag_p38_molecule_6.sdf,frag_p38,-5.039999961853027,-5.510000228881836,326,6.2791395,6.2791395
327,frag_p38_molecule_5_1WBW,/rds/general/user/cr725/home/aev-plig_research/github_tsBAP_official/data/fep/fep_benchmark_inputs/structure_inputs/fragments/frag_p38_protein.pdb,/rds/general/user/cr725/home/aev-plig_research/github_tsBAP_official/data/fep/fep_benchmark_inputs/structure_inputs/fragments/frag_p38_ligands_split/frag_p38_molecule_5_1WBW.sdf,frag_p38,-5.940000057220459,-5.989999771118164,327,3.1695163,3.1695163
328,frag_p38_molecule_7,/rds/general/user/cr725/home/aev-plig_research/github_tsBAP_official/data/fep/fep_benchmark_inputs/structure_inputs/fragments/frag_p38_protein.pdb,/rds/general/user/cr725/home/aev-plig_research/github_tsBAP_official/data/fep/fep_benchmark_inputs/structure_inputs/fragments/frag_p38_ligands_split/frag_p38_molecule_7.sdf,frag_p38,-6.300000190734863,-6.150000095367432,328,5.031974,5.031974
329,frag_p38_molecule_3,/rds/general/user/cr725/home/aev-plig_research/github_tsBAP_official/data/fep/fep_benchmark_inputs/structure_inputs/fragments/frag_p38_protein.pdb,/rds/general/user/cr725/home/aev-plig_research/github_tsBAP_official/data/fep/fep_benchmark_inputs/structure_inputs/fragments/frag_p38_ligands_split/frag_p38_molecule_3.sdf,frag_p38,-4.090000152587891,-3.4800000190734863,329,4.2382708,4.2382708
330,t4lysozyme_uvt_molecule_meta_methyl_ethyl_benzene,/rds/general/user/cr725/home/aev-plig_research/github_tsBAP_official/data/fep/fep_benchmark_inputs/structure_inputs/fragments/t4lysozyme_uvt_protein.pdb,/rds/general/user/cr725/home/aev-plig_research/github_tsBAP_official/data/fep/fep_benchmark_inputs/structure_inputs/fragments/t4lysozyme_uvt_ligands_split/t4lysozyme_uvt_molecule_meta_methyl_ethyl_benzene.sdf,t4lysozyme_uvt,-5.079999923706055,-5.119999885559082,330,6.75404,6.75404
331,t4lysozyme_uvt_molecule_methyl_benzene,/rds/general/user/cr725/home/aev-plig_research/github_tsBAP_official/data/fep/fep_benchmark_inputs/structure_inputs/fragments/t4lysozyme_uvt_protein.pdb,/rds/general/user/cr725/home/aev-plig_research/github_tsBAP_official/data/fep/fep_benchmark_inputs/structure_inputs/fragments/t4lysozyme_uvt_ligands_split/t4lysozyme_uvt_molecule_methyl_benzene.sdf,t4lysozyme_uvt,-5.480000019073486,-4.920000076293945,331,3.23009,3.23009
332,t4lysozyme_uvt_molecule_ethyl_benzene,/rds/general/user/cr725/home/aev-plig_research/github_tsBAP_official/data/fep/fep_benchmark_inputs/structure_inputs/fragments/t4lysozyme_uvt_protein.pdb,/rds/general/user/cr725/home/aev-plig_research/github_tsBAP_official/data/fep/fep_benchmark_inputs/structure_inputs/fragments/t4lysozyme_uvt_ligands_split/t4lysozyme_uvt_molecule_ethyl_benzene.sdf,t4lysozyme_uvt,-5.71999979019165,-5.639999866485596,332,4.501541,4.501541
333,t4lysozyme_uvt_molecule_ortho_methyl_ethyl_benzene,/rds/general/user/cr725/home/aev-plig_research/github_tsBAP_official/data/fep/fep_benchmark_inputs/structure_inputs/fragments/t4lysozyme_uvt_protein.pdb,/rds/general/user/cr725/home/aev-plig_research/github_tsBAP_official/data/fep/fep_benchmark_inputs/structure_inputs/fragments/t4lysozyme_uvt_ligands_split/t4lysozyme_uvt_molecule_ortho_methyl_ethyl_benzene.sdf,t4lysozyme_uvt,-4.53000020980835,-5.690000057220459,333,3.180154,3.180154
334,t4lysozyme_uvt_molecule_m-xylene,/rds/general/user/cr725/home/aev-plig_research/github_tsBAP_official/data/fep/fep_benchmark_inputs/structure_inputs/fragments/t4lysozyme_uvt_protein.pdb,/rds/general/user/cr725/home/aev-plig_research/github_tsBAP_official/data/fep/fep_benchmark_inputs/structure_inputs/fragments/t4lysozyme_uvt_ligands_split/t4lysozyme_uvt_molecule_m-xylene.sdf,t4lysozyme_uvt,-4.71999979019165,-4.400000095367432,334,2.2172945,2.2172945
335,t4lysozyme_uvt_molecule_p-xylene,/rds/general/user/cr725/home/aev-plig_research/github_tsBAP_official/data/fep/fep_benchmark_inputs/structure_inputs/fragments/t4lysozyme_uvt_protein.pdb,/rds/general/user/cr725/home/aev-plig_research/github_tsBAP_official/data/fep/fep_benchmark_inputs/structure_inputs/fragments/t4lysozyme_uvt_ligands_split/t4lysozyme_uvt_molecule_p-xylene.sdf,t4lysozyme_uvt,-4.630000114440918,-4.860000133514404,335,8.096497,8.096497
336,t4lysozyme_uvt_molecule_o-xylene,/rds/general/user/cr725/home/aev-plig_research/github_tsBAP_official/data/fep/fep_benchmark_inputs/structure_inputs/fragments/t4lysozyme_uvt_protein.pdb,/rds/general/user/cr725/home/aev-plig_research/github_tsBAP_official/data/fep/fep_benchmark_inputs/structure_inputs/fragments/t4lysozyme_uvt_ligands_split/t4lysozyme_uvt_molecule_o-xylene.sdf,t4lysozyme_uvt,-4.570000171661377,-5.039999961853027,336,3.8604705,3.8604705
337,t4lysozyme_uvt_molecule_butyl_benzene,/rds/general/user/cr725/home/aev-plig_research/github_tsBAP_official/data/fep/fep_benchmark_inputs/structure_inputs/fragments/t4lysozyme_uvt_protein.pdb,/rds/general/user/cr725/home/aev-plig_research/github_tsBAP_official/data/fep/fep_benchmark_inputs/structure_inputs/fragments/t4lysozyme_uvt_ligands_split/t4lysozyme_uvt_molecule_butyl_benzene.sdf,t4lysozyme_uvt,-6.659999847412109,-5.960000038146973,337,5.4748983,5.4748983
338,t4lysozyme_uvt_molecule_propyl_benzene,/rds/general/user/cr725/home/aev-plig_research/github_tsBAP_official/data/fep/fep_benchmark_inputs/structure_inputs/fragments/t4lysozyme_uvt_protein.pdb,/rds/general/user/cr725/home/aev-plig_research/github_tsBAP_official/data/fep/fep_benchmark_inputs/structure_inputs/fragments/t4lysozyme_uvt_ligands_split/t4lysozyme_uvt_molecule_propyl_benzene.sdf,t4lysozyme_uvt,-6.510000228881836,-6.710000038146973,338,4.622623,4.622623
339,t4lysozyme_uvt_molecule_para_methyl_ethyl_benzene,/rds/general/user/cr725/home/aev-plig_research/github_tsBAP_official/data/fep/fep_benchmark_inputs/structure_inputs/fragments/t4lysozyme_uvt_protein.pdb,/rds/general/user/cr725/home/aev-plig_research/github_tsBAP_official/data/fep/fep_benchmark_inputs/structure_inputs/fragments/t4lysozyme_uvt_ligands_split/t4lysozyme_uvt_molecule_para_methyl_ethyl_benzene.sdf,t4lysozyme_uvt,-5.380000114440918,-6.320000171661377,339,2.0280278,2.0280278
340,t4lysozyme_uvt_molecule_benzene,/rds/general/user/cr725/home/aev-plig_research/github_tsBAP_official/data/fep/fep_benchmark_inputs/structure_inputs/fragments/t4lysozyme_uvt_protein.pdb,/rds/general/user/cr725/home/aev-plig_research/github_tsBAP_official/data/fep/fep_benchmark_inputs/structure_inputs/fragments/t4lysozyme_uvt_ligands_split/t4lysozyme_uvt_molecule_benzene.sdf,t4lysozyme_uvt,-5.159999847412109,-4.309999942779541,340,-3.6800435,-3.6800435
341,t4lysozyme_uvt_molecule_isobutyl_benzene,/rds/general/user/cr725/home/aev-plig_research/github_tsBAP_official/data/fep/fep_benchmark_inputs/structure_inputs/fragments/t4lysozyme_uvt_protein.pdb,/rds/general/user/cr725/home/aev-plig_research/github_tsBAP_official/data/fep/fep_benchmark_inputs/structure_inputs/fragments/t4lysozyme_uvt_ligands_split/t4lysozyme_uvt_molecule_isobutyl_benzene.sdf,t4lysozyme_uvt,-6.440000057220459,-5.900000095367432,341,6.9006467,6.9006467
342,frag_mcl1_noweak_molecule_2,/rds/general/user/cr725/home/aev-plig_research/github_tsBAP_official/data/fep/fep_benchmark_inputs/structure_inputs/fragments/frag_mcl1_noweak_protein.pdb,/rds/general/user/cr725/home/aev-plig_research/github_tsBAP_official/data/fep/fep_benchmark_inputs/structure_inputs/fragments/frag_mcl1_noweak_ligands_split/frag_mcl1_noweak_molecule_2.sdf,frag_mcl1_noweak,-5.329999923706055,-5.960000038146973,342,3.9676654,3.9676654
343,frag_mcl1_noweak_molecule_3,/rds/general/user/cr725/home/aev-plig_research/github_tsBAP_official/data/fep/fep_benchmark_inputs/structure_inputs/fragments/frag_mcl1_noweak_protein.pdb,/rds/general/user/cr725/home/aev-plig_research/github_tsBAP_official/data/fep/fep_benchmark_inputs/structure_inputs/fragments/frag_mcl1_noweak_ligands_split/frag_mcl1_noweak_molecule_3.sdf,frag_mcl1_noweak,-6.389999866485596,-7.909999847412109,343,5.315471,5.315471
344,frag_mcl1_noweak_molecule_4,/rds/general/user/cr725/home/aev-plig_research/github_tsBAP_official/data/fep/fep_benchmark_inputs/structure_inputs/fragments/frag_mcl1_noweak_protein.pdb,/rds/general/user/cr725/home/aev-plig_research/github_tsBAP_official/data/fep/fep_benchmark_inputs/structure_inputs/fragments/frag_mcl1_noweak_ligands_split/frag_mcl1_noweak_molecule_4.sdf,frag_mcl1_noweak,-5.809999942779541,-6.170000076293945,344,3.526171,3.526171
345,frag_mcl1_noweak_molecule_5,/rds/general/user/cr725/home/aev-plig_research/github_tsBAP_official/data/fep/fep_benchmark_inputs/structure_inputs/fragments/frag_mcl1_noweak_protein.pdb,/rds/general/user/cr725/home/aev-plig_research/github_tsBAP_official/data/fep/fep_benchmark_inputs/structure_inputs/fragments/frag_mcl1_noweak_ligands_split/frag_mcl1_noweak_molecule_5.sdf,frag_mcl1_noweak,-6.039999961853027,-5.690000057220459,345,4.1950912,4.1950912
346,frag_mcl1_noweak_molecule_7,/rds/general/user/cr725/home/aev-plig_research/github_tsBAP_official/data/fep/fep_benchmark_inputs/structure_inputs/fragments/frag_mcl1_noweak_protein.pdb,/rds/general/user/cr725/home/aev-plig_research/github_tsBAP_official/data/fep/fep_benchmark_inputs/structure_inputs/fragments/frag_mcl1_noweak_ligands_split/frag_mcl1_noweak_molecule_7.sdf,frag_mcl1_noweak,-5.880000114440918,-5.099999904632568,346,3.8308249,3.8308249
347,frag_mcl1_noweak_molecule_8,/rds/general/user/cr725/home/aev-plig_research/github_tsBAP_official/data/fep/fep_benchmark_inputs/structure_inputs/fragments/frag_mcl1_noweak_protein.pdb,/rds/general/user/cr725/home/aev-plig_research/github_tsBAP_official/data/fep/fep_benchmark_inputs/structure_inputs/fragments/frag_mcl1_noweak_ligands_split/frag_mcl1_noweak_molecule_8.sdf,frag_mcl1_noweak,-6.369999885559082,-5.760000228881836,347,4.0259376,4.0259376
348,frag_mcl1_noweak_molecule_9,/rds/general/user/cr725/home/aev-plig_research/github_tsBAP_official/data/fep/fep_benchmark_inputs/structure_inputs/fragments/frag_mcl1_noweak_protein.pdb,/rds/general/user/cr725/home/aev-plig_research/github_tsBAP_official/data/fep/fep_benchmark_inputs/structure_inputs/fragments/frag_mcl1_noweak_ligands_split/frag_mcl1_noweak_molecule_9.sdf,frag_mcl1_noweak,-5.480000019073486,-5.449999809265137,348,4.9365363,4.9365363
349,frag_mcl1_noweak_molecule_10,/rds/general/user/cr725/home/aev-plig_research/github_tsBAP_official/data/fep/fep_benchmark_inputs/structure_inputs/fragments/frag_mcl1_noweak_protein.pdb,/rds/general/user/cr725/home/aev-plig_research/github_tsBAP_official/data/fep/fep_benchmark_inputs/structure_inputs/fragments/frag_mcl1_noweak_ligands_split/frag_mcl1_noweak_molecule_10.sdf,frag_mcl1_noweak,-5.039999961853027,-5.170000076293945,349,4.5218616,4.5218616
350,frag_mcl1_noweak_molecule_11,/rds/general/user/cr725/home/aev-plig_research/github_tsBAP_official/data/fep/fep_benchmark_inputs/structure_inputs/fragments/frag_mcl1_noweak_protein.pdb,/rds/general/user/cr725/home/aev-plig_research/github_tsBAP_official/data/fep/fep_benchmark_inputs/structure_inputs/fragments/frag_mcl1_noweak_ligands_split/frag_mcl1_noweak_molecule_11.sdf,frag_mcl1_noweak,-5.550000190734863,-6.599999904632568,350,4.239095,4.239095
351,frag_mcl1_noweak_molecule_14,/rds/general/user/cr725/home/aev-plig_research/github_tsBAP_official/data/fep/fep_benchmark_inputs/structure_inputs/fragments/frag_mcl1_noweak_protein.pdb,/rds/general/user/cr725/home/aev-plig_research/github_tsBAP_official/data/fep/fep_benchmark_inputs/structure_inputs/fragments/frag_mcl1_noweak_ligands_split/frag_mcl1_noweak_molecule_14.sdf,frag_mcl1_noweak,-5.610000133514404,-5.159999847412109,351,3.906046,3.906046
352,frag_mcl1_noweak_molecule_15,/rds/general/user/cr725/home/aev-plig_research/github_tsBAP_official/data/fep/fep_benchmark_inputs/structure_inputs/fragments/frag_mcl1_noweak_protein.pdb,/rds/general/user/cr725/home/aev-plig_research/github_tsBAP_official/data/fep/fep_benchmark_inputs/structure_inputs/fragments/frag_mcl1_noweak_ligands_split/frag_mcl1_noweak_molecule_15.sdf,frag_mcl1_noweak,-5.309999942779541,-5.730000019073486,352,6.440057,6.440057
353,frag_mcl1_noweak_molecule_13_flipped,/rds/general/user/cr725/home/aev-plig_research/github_tsBAP_official/data/fep/fep_benchmark_inputs/structure_inputs/fragments/frag_mcl1_noweak_protein.pdb,/rds/general/user/cr725/home/aev-plig_research/github_tsBAP_official/data/fep/fep_benchmark_inputs/structure_inputs/fragments/frag_mcl1_noweak_ligands_split/frag_mcl1_noweak_molecule_13_flipped.sdf,frag_mcl1_noweak,-5.210000038146973,-3.319999933242798,353,4.8602853,4.8602853
354,jak2_set2_extra_molecule_13_3E64,/rds/general/user/cr725/home/aev-plig_research/github_tsBAP_official/data/fep/fep_benchmark_inputs/structure_inputs/fragments/jak2_set2_extra_protein.pdb,/rds/general/user/cr725/home/aev-plig_research/github_tsBAP_official/data/fep/fep_benchmark_inputs/structure_inputs/fragments/jak2_set2_extra_ligands_split/jak2_set2_extra_molecule_13_3E64.sdf,jak2_set2_extra,-9.696937561035156,-8.529999732971191,354,7.2936816,7.2936816
355,jak2_set2_extra_molecule_21,/rds/general/user/cr725/home/aev-plig_research/github_tsBAP_official/data/fep/fep_benchmark_inputs/structure_inputs/fragments/jak2_set2_extra_protein.pdb,/rds/general/user/cr725/home/aev-plig_research/github_tsBAP_official/data/fep/fep_benchmark_inputs/structure_inputs/fragments/jak2_set2_extra_ligands_split/jak2_set2_extra_molecule_21.sdf,jak2_set2_extra,-8.340335845947266,-9.25,355,7.763246,7.763246
356,jak2_set2_extra_molecule_20,/rds/general/user/cr725/home/aev-plig_research/github_tsBAP_official/data/fep/fep_benchmark_inputs/structure_inputs/fragments/jak2_set2_extra_protein.pdb,/rds/general/user/cr725/home/aev-plig_research/github_tsBAP_official/data/fep/fep_benchmark_inputs/structure_inputs/fragments/jak2_set2_extra_ligands_split/jak2_set2_extra_molecule_20.sdf,jak2_set2_extra,-8.067665100097656,-9.68000030517578,356,8.413964,8.413964
357,jak2_set2_extra_molecule_18,/rds/general/user/cr725/home/aev-plig_research/github_tsBAP_official/data/fep/fep_benchmark_inputs/structure_inputs/fragments/jak2_set2_extra_protein.pdb,/rds/general/user/cr725/home/aev-plig_research/github_tsBAP_official/data/fep/fep_benchmark_inputs/structure_inputs/fragments/jak2_set2_extra_ligands_split/jak2_set2_extra_molecule_18.sdf,jak2_set2_extra,-8.325143814086914,-8.020000457763672,357,6.9583216,6.9583216
358,jak2_set2_extra_molecule_14,/rds/general/user/cr725/home/aev-plig_research/github_tsBAP_official/data/fep/fep_benchmark_inputs/structure_inputs/fragments/jak2_set2_extra_protein.pdb,/rds/general/user/cr725/home/aev-plig_research/github_tsBAP_official/data/fep/fep_benchmark_inputs/structure_inputs/fragments/jak2_set2_extra_ligands_split/jak2_set2_extra_molecule_14.sdf,jak2_set2_extra,-7.789802551269531,-7.800000190734863,358,8.356511,8.356511
359,jak2_set2_extra_molecule_12,/rds/general/user/cr725/home/aev-plig_research/github_tsBAP_official/data/fep/fep_benchmark_inputs/structure_inputs/fragments/jak2_set2_extra_protein.pdb,/rds/general/user/cr725/home/aev-plig_research/github_tsBAP_official/data/fep/fep_benchmark_inputs/structure_inputs/fragments/jak2_set2_extra_ligands_split/jak2_set2_extra_molecule_12.sdf,jak2_set2_extra,-7.434834003448486,-6.639999866485596,359,7.403448,7.403448
360,jak2_set2_extra_molecule_15,/rds/general/user/cr725/home/aev-plig_research/github_tsBAP_official/data/fep/fep_benchmark_inputs/structure_inputs/fragments/jak2_set2_extra_protein.pdb,/rds/general/user/cr725/home/aev-plig_research/github_tsBAP_official/data/fep/fep_benchmark_inputs/structure_inputs/fragments/jak2_set2_extra_ligands_split/jak2_set2_extra_molecule_15.sdf,jak2_set2_extra,-7.379123210906982,-7.510000228881836,360,8.358747,8.358747
361,jak2_set2_extra_molecule_22_flip,/rds/general/user/cr725/home/aev-plig_research/github_tsBAP_official/data/fep/fep_benchmark_inputs/structure_inputs/fragments/jak2_set2_extra_protein.pdb,/rds/general/user/cr725/home/aev-plig_research/github_tsBAP_official/data/fep/fep_benchmark_inputs/structure_inputs/fragments/jak2_set2_extra_ligands_split/jak2_set2_extra_molecule_22_flip.sdf,jak2_set2_extra,-10.107617378234863,-9.710000038146973,361,8.4044895,8.4044895
362,3RKZ_lig62to70_alpha05_molecule_lignad_63,/rds/general/user/cr725/home/aev-plig_research/github_tsBAP_official/data/fep/fep_benchmark_inputs/structure_inputs/macrocycles/3RKZ_lig62to70_alpha05_protein.pdb,/rds/general/user/cr725/home/aev-plig_research/github_tsBAP_official/data/fep/fep_benchmark_inputs/structure_inputs/macrocycles/3RKZ_lig62to70_alpha05_ligands_split/3RKZ_lig62to70_alpha05_molecule_lignad_63.sdf,3RKZ_lig62to70_alpha05,-9.31999969482422,-9.199999809265137,362,6.7895975,6.7895975
363,3RKZ_lig62to70_alpha05_molecule_ligand_69,/rds/general/user/cr725/home/aev-plig_research/github_tsBAP_official/data/fep/fep_benchmark_inputs/structure_inputs/macrocycles/3RKZ_lig62to70_alpha05_protein.pdb,/rds/general/user/cr725/home/aev-plig_research/github_tsBAP_official/data/fep/fep_benchmark_inputs/structure_inputs/macrocycles/3RKZ_lig62to70_alpha05_ligands_split/3RKZ_lig62to70_alpha05_molecule_ligand_69.sdf,3RKZ_lig62to70_alpha05,-13.140000343322754,-12.789999961853027,363,6.984844,6.984844
364,3RKZ_lig62to70_alpha05_molecule_ligand_62,/rds/general/user/cr725/home/aev-plig_research/github_tsBAP_official/data/fep/fep_benchmark_inputs/structure_inputs/macrocycles/3RKZ_lig62to70_alpha05_protein.pdb,/rds/general/user/cr725/home/aev-plig_research/github_tsBAP_official/data/fep/fep_benchmark_inputs/structure_inputs/macrocycles/3RKZ_lig62to70_alpha05_ligands_split/3RKZ_lig62to70_alpha05_molecule_ligand_62.sdf,3RKZ_lig62to70_alpha05,-6.670000076293945,-5.929999828338623,364,6.302792,6.302792
365,3RKZ_lig62to70_alpha05_molecule_lignad_65,/rds/general/user/cr725/home/aev-plig_research/github_tsBAP_official/data/fep/fep_benchmark_inputs/structure_inputs/macrocycles/3RKZ_lig62to70_alpha05_protein.pdb,/rds/general/user/cr725/home/aev-plig_research/github_tsBAP_official/data/fep/fep_benchmark_inputs/structure_inputs/macrocycles/3RKZ_lig62to70_alpha05_ligands_split/3RKZ_lig62to70_alpha05_molecule_lignad_65.sdf,3RKZ_lig62to70_alpha05,-9.279999732971191,-9.289999961853027,365,6.68907,6.68907
366,3RKZ_lig62to70_alpha05_molecule_lignad_68,/rds/general/user/cr725/home/aev-plig_research/github_tsBAP_official/data/fep/fep_benchmark_inputs/structure_inputs/macrocycles/3RKZ_lig62to70_alpha05_protein.pdb,/rds/general/user/cr725/home/aev-plig_research/github_tsBAP_official/data/fep/fep_benchmark_inputs/structure_inputs/macrocycles/3RKZ_lig62to70_alpha05_ligands_split/3RKZ_lig62to70_alpha05_molecule_lignad_68.sdf,3RKZ_lig62to70_alpha05,-8.449999809265137,-8.949999809265137,366,7.081058,7.081058
367,3RKZ_lig62to70_alpha05_molecule_ligand_64,/rds/general/user/cr725/home/aev-plig_research/github_tsBAP_official/data/fep/fep_benchmark_inputs/structure_inputs/macrocycles/3RKZ_lig62to70_alpha05_protein.pdb,/rds/general/user/cr725/home/aev-plig_research/github_tsBAP_official/data/fep/fep_benchmark_inputs/structure_inputs/macrocycles/3RKZ_lig62to70_alpha05_ligands_split/3RKZ_lig62to70_alpha05_molecule_ligand_64.sdf,3RKZ_lig62to70_alpha05,-8.890000343322754,-8.850000381469727,367,6.6072593,6.6072593
368,3RKZ_lig62to70_alpha05_molecule_ligand_70,/rds/general/user/cr725/home/aev-plig_research/github_tsBAP_official/data/fep/fep_benchmark_inputs/structure_inputs/macrocycles/3RKZ_lig62to70_alpha05_protein.pdb,/rds/general/user/cr725/home/aev-plig_research/github_tsBAP_official/data/fep/fep_benchmark_inputs/structure_inputs/macrocycles/3RKZ_lig62to70_alpha05_ligands_split/3RKZ_lig62to70_alpha05_molecule_ligand_70.sdf,3RKZ_lig62to70_alpha05,-12.739999771118164,-13.479999542236328,368,5.742305,5.742305
369,MHT1_lig3_alpha05_molecule_5AN26_ligand,/rds/general/user/cr725/home/aev-plig_research/github_tsBAP_official/data/fep/fep_benchmark_inputs/structure_inputs/macrocycles/MHT1_lig3_alpha05_protein.pdb,/rds/general/user/cr725/home/aev-plig_research/github_tsBAP_official/data/fep/fep_benchmark_inputs/structure_inputs/macrocycles/MHT1_lig3_alpha05_ligands_split/MHT1_lig3_alpha05_molecule_5AN26_ligand.sdf,MHT1_lig3_alpha05,-7.570000171661377,-7.139999866485596,369,5.832028,5.832028
370,MHT1_lig3_alpha05_molecule_5ANT_A_ligand,/rds/general/user/cr725/home/aev-plig_research/github_tsBAP_official/data/fep/fep_benchmark_inputs/structure_inputs/macrocycles/MHT1_lig3_alpha05_protein.pdb,/rds/general/user/cr725/home/aev-plig_research/github_tsBAP_official/data/fep/fep_benchmark_inputs/structure_inputs/macrocycles/MHT1_lig3_alpha05_ligands_split/MHT1_lig3_alpha05_molecule_5ANT_A_ligand.sdf,MHT1_lig3_alpha05,-8.550000190734863,-8.430000305175781,370,5.49051,5.49051
371,MHT1_lig3_alpha05_molecule_5ANU_ligand,/rds/general/user/cr725/home/aev-plig_research/github_tsBAP_official/data/fep/fep_benchmark_inputs/structure_inputs/macrocycles/MHT1_lig3_alpha05_protein.pdb,/rds/general/user/cr725/home/aev-plig_research/github_tsBAP_official/data/fep/fep_benchmark_inputs/structure_inputs/macrocycles/MHT1_lig3_alpha05_ligands_split/MHT1_lig3_alpha05_molecule_5ANU_ligand.sdf,MHT1_lig3_alpha05,-12.960000038146973,-13.5,371,3.4423718,3.4423718
372,2B8V_lig24and25_alpha05_molecule_ligand25_S,/rds/general/user/cr725/home/aev-plig_research/github_tsBAP_official/data/fep/fep_benchmark_inputs/structure_inputs/macrocycles/2B8V_lig24and25_alpha05_protein.pdb,/rds/general/user/cr725/home/aev-plig_research/github_tsBAP_official/data/fep/fep_benchmark_inputs/structure_inputs/macrocycles/2B8V_lig24and25_alpha05_ligands_split/2B8V_lig24and25_alpha05_molecule_ligand25_S.sdf,2B8V_lig24and25_alpha05,-7.53000020980835,-7.840000152587891,372,5.5251026,5.5251026
373,2B8V_lig24and25_alpha05_molecule_ligand24_S,/rds/general/user/cr725/home/aev-plig_research/github_tsBAP_official/data/fep/fep_benchmark_inputs/structure_inputs/macrocycles/2B8V_lig24and25_alpha05_protein.pdb,/rds/general/user/cr725/home/aev-plig_research/github_tsBAP_official/data/fep/fep_benchmark_inputs/structure_inputs/macrocycles/2B8V_lig24and25_alpha05_ligands_split/2B8V_lig24and25_alpha05_molecule_ligand24_S.sdf,2B8V_lig24and25_alpha05,-5.440000057220459,-5.130000114440918,373,7.1163073,7.1163073
374,ck2_custcore_hotlys_molecule_ligand_15,/rds/general/user/cr725/home/aev-plig_research/github_tsBAP_official/data/fep/fep_benchmark_inputs/structure_inputs/macrocycles/ck2_custcore_hotlys_protein.pdb,/rds/general/user/cr725/home/aev-plig_research/github_tsBAP_official/data/fep/fep_benchmark_inputs/structure_inputs/macrocycles/ck2_custcore_hotlys_ligands_split/ck2_custcore_hotlys_molecule_ligand_15.sdf,ck2_custcore_hotlys,-10.359999656677246,-10.989999771118164,374,5.7961617,5.7961617
375,ck2_custcore_hotlys_molecule_ligand_14,/rds/general/user/cr725/home/aev-plig_research/github_tsBAP_official/data/fep/fep_benchmark_inputs/structure_inputs/macrocycles/ck2_custcore_hotlys_protein.pdb,/rds/general/user/cr725/home/aev-plig_research/github_tsBAP_official/data/fep/fep_benchmark_inputs/structure_inputs/macrocycles/ck2_custcore_hotlys_ligands_split/ck2_custcore_hotlys_molecule_ligand_14.sdf,ck2_custcore_hotlys,-13.039999961853027,-12.40999984741211,375,6.712454,6.712454
376,2E9P_lig4to7_alpha05_molecule_ligand_5,/rds/general/user/cr725/home/aev-plig_research/github_tsBAP_official/data/fep/fep_benchmark_inputs/structure_inputs/macrocycles/2E9P_lig4to7_alpha05_protein.pdb,/rds/general/user/cr725/home/aev-plig_research/github_tsBAP_official/data/fep/fep_benchmark_inputs/structure_inputs/macrocycles/2E9P_lig4to7_alpha05_ligands_split/2E9P_lig4to7_alpha05_molecule_ligand_5.sdf,2E9P_lig4to7_alpha05,-11.18000030517578,-11.34000015258789,376,10.773113,10.773113
377,2E9P_lig4to7_alpha05_molecule_ligand_7,/rds/general/user/cr725/home/aev-plig_research/github_tsBAP_official/data/fep/fep_benchmark_inputs/structure_inputs/macrocycles/2E9P_lig4to7_alpha05_protein.pdb,/rds/general/user/cr725/home/aev-plig_research/github_tsBAP_official/data/fep/fep_benchmark_inputs/structure_inputs/macrocycles/2E9P_lig4to7_alpha05_ligands_split/2E9P_lig4to7_alpha05_molecule_ligand_7.sdf,2E9P_lig4to7_alpha05,-10.270000457763672,-11.199999809265137,377,10.101106,10.101106
378,2E9P_lig4to7_alpha05_molecule_ligand_4,/rds/general/user/cr725/home/aev-plig_research/github_tsBAP_official/data/fep/fep_benchmark_inputs/structure_inputs/macrocycles/2E9P_lig4to7_alpha05_protein.pdb,/rds/general/user/cr725/home/aev-plig_research/github_tsBAP_official/data/fep/fep_benchmark_inputs/structure_inputs/macrocycles/2E9P_lig4to7_alpha05_ligands_split/2E9P_lig4to7_alpha05_molecule_ligand_4.sdf,2E9P_lig4to7_alpha05,-10.880000114440918,-9.729999542236328,378,7.545157,7.545157
379,2E9P_lig4to7_alpha05_molecule_ligand_6,/rds/general/user/cr725/home/aev-plig_research/github_tsBAP_official/data/fep/fep_benchmark_inputs/structure_inputs/macrocycles/2E9P_lig4to7_alpha05_protein.pdb,/rds/general/user/cr725/home/aev-plig_research/github_tsBAP_official/data/fep/fep_benchmark_inputs/structure_inputs/macrocycles/2E9P_lig4to7_alpha05_ligands_split/2E9P_lig4to7_alpha05_molecule_ligand_6.sdf,2E9P_lig4to7_alpha05,-11.09000015258789,-11.149999618530272,379,11.171701,11.171701
380,2Q15_lig17to21_alpha05_molecule_ligand_20_S,/rds/general/user/cr725/home/aev-plig_research/github_tsBAP_official/data/fep/fep_benchmark_inputs/structure_inputs/macrocycles/2Q15_lig17to21_alpha05_protein.pdb,/rds/general/user/cr725/home/aev-plig_research/github_tsBAP_official/data/fep/fep_benchmark_inputs/structure_inputs/macrocycles/2Q15_lig17to21_alpha05_ligands_split/2Q15_lig17to21_alpha05_molecule_ligand_20_S.sdf,2Q15_lig17to21_alpha05,-10.210000038146973,-10.949999809265137,380,8.896068,8.896068
381,2Q15_lig17to21_alpha05_molecule_ligand_21,/rds/general/user/cr725/home/aev-plig_research/github_tsBAP_official/data/fep/fep_benchmark_inputs/structure_inputs/macrocycles/2Q15_lig17to21_alpha05_protein.pdb,/rds/general/user/cr725/home/aev-plig_research/github_tsBAP_official/data/fep/fep_benchmark_inputs/structure_inputs/macrocycles/2Q15_lig17to21_alpha05_ligands_split/2Q15_lig17to21_alpha05_molecule_ligand_21.sdf,2Q15_lig17to21_alpha05,-10.56999969482422,-10.739999771118164,381,8.764029,8.764029
382,2Q15_lig17to21_alpha05_molecule_ligand_18,/rds/general/user/cr725/home/aev-plig_research/github_tsBAP_official/data/fep/fep_benchmark_inputs/structure_inputs/macrocycles/2Q15_lig17to21_alpha05_protein.pdb,/rds/general/user/cr725/home/aev-plig_research/github_tsBAP_official/data/fep/fep_benchmark_inputs/structure_inputs/macrocycles/2Q15_lig17to21_alpha05_ligands_split/2Q15_lig17to21_alpha05_molecule_ligand_18.sdf,2Q15_lig17to21_alpha05,-10.81999969482422,-10.829999923706056,382,8.575142,8.575142
383,2Q15_lig17to21_alpha05_molecule_ligand_17_enu,/rds/general/user/cr725/home/aev-plig_research/github_tsBAP_official/data/fep/fep_benchmark_inputs/structure_inputs/macrocycles/2Q15_lig17to21_alpha05_protein.pdb,/rds/general/user/cr725/home/aev-plig_research/github_tsBAP_official/data/fep/fep_benchmark_inputs/structure_inputs/macrocycles/2Q15_lig17to21_alpha05_ligands_split/2Q15_lig17to21_alpha05_molecule_ligand_17_enu.sdf,2Q15_lig17to21_alpha05,-9.81999969482422,-8.829999923706055,383,8.668976,8.668976
384,2Q15_lig17to21_alpha05_molecule_ligand_19,/rds/general/user/cr725/home/aev-plig_research/github_tsBAP_official/data/fep/fep_benchmark_inputs/structure_inputs/macrocycles/2Q15_lig17to21_alpha05_protein.pdb,/rds/general/user/cr725/home/aev-plig_research/github_tsBAP_official/data/fep/fep_benchmark_inputs/structure_inputs/macrocycles/2Q15_lig17to21_alpha05_ligands_split/2Q15_lig17to21_alpha05_molecule_ligand_19.sdf,2Q15_lig17to21_alpha05,-11.289999961853027,-11.369999885559082,384,8.897768,8.897768
385,hsp90_3hvd_custcore_molecule_lig_3B27,/rds/general/user/cr725/home/aev-plig_research/github_tsBAP_official/data/fep/fep_benchmark_inputs/structure_inputs/macrocycles/hsp90_3hvd_custcore_protein.pdb,/rds/general/user/cr725/home/aev-plig_research/github_tsBAP_official/data/fep/fep_benchmark_inputs/structure_inputs/macrocycles/hsp90_3hvd_custcore_ligands_split/hsp90_3hvd_custcore_molecule_lig_3B27.sdf,hsp90_3hvd_custcore,-7.039999961853027,-7.409999847412109,385,9.374293,9.374293
386,hsp90_3hvd_custcore_molecule_18_minimized,/rds/general/user/cr725/home/aev-plig_research/github_tsBAP_official/data/fep/fep_benchmark_inputs/structure_inputs/macrocycles/hsp90_3hvd_custcore_protein.pdb,/rds/general/user/cr725/home/aev-plig_research/github_tsBAP_official/data/fep/fep_benchmark_inputs/structure_inputs/macrocycles/hsp90_3hvd_custcore_ligands_split/hsp90_3hvd_custcore_molecule_18_minimized.sdf,hsp90_3hvd_custcore,-13.177300453186035,-11.630000114440918,386,6.5213566,6.5213566
387,hsp90_3hvd_custcore_molecule_8__3VHA,/rds/general/user/cr725/home/aev-plig_research/github_tsBAP_official/data/fep/fep_benchmark_inputs/structure_inputs/macrocycles/hsp90_3hvd_custcore_protein.pdb,/rds/general/user/cr725/home/aev-plig_research/github_tsBAP_official/data/fep/fep_benchmark_inputs/structure_inputs/macrocycles/hsp90_3hvd_custcore_ligands_split/hsp90_3hvd_custcore_molecule_8__3VHA.sdf,hsp90_3hvd_custcore,-10.15248966217041,-11.210000038146973,387,6.315941,6.315941
388,hsp90_3hvd_custcore_molecule_13,/rds/general/user/cr725/home/aev-plig_research/github_tsBAP_official/data/fep/fep_benchmark_inputs/structure_inputs/macrocycles/hsp90_3hvd_custcore_protein.pdb,/rds/general/user/cr725/home/aev-plig_research/github_tsBAP_official/data/fep/fep_benchmark_inputs/structure_inputs/macrocycles/hsp90_3hvd_custcore_ligands_split/hsp90_3hvd_custcore_molecule_13.sdf,hsp90_3hvd_custcore,-11.26364040374756,-11.949999809265137,388,6.0322185,6.0322185
389,hsp90_3hvd_custcore_molecule_9,/rds/general/user/cr725/home/aev-plig_research/github_tsBAP_official/data/fep/fep_benchmark_inputs/structure_inputs/macrocycles/hsp90_3hvd_custcore_protein.pdb,/rds/general/user/cr725/home/aev-plig_research/github_tsBAP_official/data/fep/fep_benchmark_inputs/structure_inputs/macrocycles/hsp90_3hvd_custcore_ligands_split/hsp90_3hvd_custcore_molecule_9.sdf,hsp90_3hvd_custcore,-9.71030044555664,-10.850000381469728,389,6.3675036,6.3675036
390,hsp90_3hvd_custcore_molecule_16__3VHD,/rds/general/user/cr725/home/aev-plig_research/github_tsBAP_official/data/fep/fep_benchmark_inputs/structure_inputs/macrocycles/hsp90_3hvd_custcore_protein.pdb,/rds/general/user/cr725/home/aev-plig_research/github_tsBAP_official/data/fep/fep_benchmark_inputs/structure_inputs/macrocycles/hsp90_3hvd_custcore_ligands_split/hsp90_3hvd_custcore_molecule_16__3VHD.sdf,hsp90_3hvd_custcore,-12.74081039428711,-10.850000381469728,390,4.4700704,4.4700704
391,hsp90_3hvd_custcore_molecule_11__3VHC,/rds/general/user/cr725/home/aev-plig_research/github_tsBAP_official/data/fep/fep_benchmark_inputs/structure_inputs/macrocycles/hsp90_3hvd_custcore_protein.pdb,/rds/general/user/cr725/home/aev-plig_research/github_tsBAP_official/data/fep/fep_benchmark_inputs/structure_inputs/macrocycles/hsp90_3hvd_custcore_ligands_split/hsp90_3hvd_custcore_molecule_11__3VHC.sdf,hsp90_3hvd_custcore,-12.194700241088867,-12.390000343322754,391,5.603608,5.603608
392,hsp90_3hvd_custcore_molecule_12,/rds/general/user/cr725/home/aev-plig_research/github_tsBAP_official/data/fep/fep_benchmark_inputs/structure_inputs/macrocycles/hsp90_3hvd_custcore_protein.pdb,/rds/general/user/cr725/home/aev-plig_research/github_tsBAP_official/data/fep/fep_benchmark_inputs/structure_inputs/macrocycles/hsp90_3hvd_custcore_ligands_split/hsp90_3hvd_custcore_molecule_12.sdf,hsp90_3hvd_custcore,-11.158180236816406,-12.3100004196167,392,6.006993,6.006993
393,hsp90_3hvd_custcore_molecule_7,/rds/general/user/cr725/home/aev-plig_research/github_tsBAP_official/data/fep/fep_benchmark_inputs/structure_inputs/macrocycles/hsp90_3hvd_custcore_protein.pdb,/rds/general/user/cr725/home/aev-plig_research/github_tsBAP_official/data/fep/fep_benchmark_inputs/structure_inputs/macrocycles/hsp90_3hvd_custcore_ligands_split/hsp90_3hvd_custcore_molecule_7.sdf,hsp90_3hvd_custcore,-9.497720718383787,-10.779999732971191,393,7.596483,7.596483
394,hsp90_3hvd_custcore_molecule_17__top_conformer,/rds/general/user/cr725/home/aev-plig_research/github_tsBAP_official/data/fep/fep_benchmark_inputs/structure_inputs/macrocycles/hsp90_3hvd_custcore_protein.pdb,/rds/general/user/cr725/home/aev-plig_research/github_tsBAP_official/data/fep/fep_benchmark_inputs/structure_inputs/macrocycles/hsp90_3hvd_custcore_ligands_split/hsp90_3hvd_custcore_molecule_17__top_conformer.sdf,hsp90_3hvd_custcore,-12.927749633789062,-10.479999542236328,394,5.488995,5.488995
395,Fxa_2ei8_molecule_Edoxaban,/rds/general/user/cr725/home/aev-plig_research/github_tsBAP_official/data/fep/fep_benchmark_inputs/structure_inputs/scaffold_hopping/Fxa_2ei8_protein.pdb,/rds/general/user/cr725/home/aev-plig_research/github_tsBAP_official/data/fep/fep_benchmark_inputs/structure_inputs/scaffold_hopping/Fxa_2ei8_ligands_split/Fxa_2ei8_molecule_Edoxaban.sdf,Fxa_2ei8,-12.59000015258789,-11.579999923706056,395,5.8747153,5.8747153
396,Fxa_2ei8_molecule_4d,/rds/general/user/cr725/home/aev-plig_research/github_tsBAP_official/data/fep/fep_benchmark_inputs/structure_inputs/scaffold_hopping/Fxa_2ei8_protein.pdb,/rds/general/user/cr725/home/aev-plig_research/github_tsBAP_official/data/fep/fep_benchmark_inputs/structure_inputs/scaffold_hopping/Fxa_2ei8_ligands_split/Fxa_2ei8_molecule_4d.sdf,Fxa_2ei8,-11.720000267028809,-12.369999885559082,396,7.090187,7.090187
397,Fxa_2ei8_molecule_4c,/rds/general/user/cr725/home/aev-plig_research/github_tsBAP_official/data/fep/fep_benchmark_inputs/structure_inputs/scaffold_hopping/Fxa_2ei8_protein.pdb,/rds/general/user/cr725/home/aev-plig_research/github_tsBAP_official/data/fep/fep_benchmark_inputs/structure_inputs/scaffold_hopping/Fxa_2ei8_ligands_split/Fxa_2ei8_molecule_4c.sdf,Fxa_2ei8,-11.789999961853027,-12.149999618530272,397,7.97133,7.97133
398,TPSB2_3v7t_molecule_1,/rds/general/user/cr725/home/aev-plig_research/github_tsBAP_official/data/fep/fep_benchmark_inputs/structure_inputs/scaffold_hopping/TPSB2_3v7t_protein.pdb,/rds/general/user/cr725/home/aev-plig_research/github_tsBAP_official/data/fep/fep_benchmark_inputs/structure_inputs/scaffold_hopping/TPSB2_3v7t_ligands_split/TPSB2_3v7t_molecule_1.sdf,TPSB2_3v7t,-10.460000038146973,-10.779999732971191,398,6.7322445,6.7322445
399,TPSB2_3v7t_molecule_2,/rds/general/user/cr725/home/aev-plig_research/github_tsBAP_official/data/fep/fep_benchmark_inputs/structure_inputs/scaffold_hopping/TPSB2_3v7t_protein.pdb,/rds/general/user/cr725/home/aev-plig_research/github_tsBAP_official/data/fep/fep_benchmark_inputs/structure_inputs/scaffold_hopping/TPSB2_3v7t_ligands_split/TPSB2_3v7t_molecule_2.sdf,TPSB2_3v7t,-9.84000015258789,-9.520000457763672,399,6.482671,6.482671
400,Bace1_4zsp_molecule_31,/rds/general/user/cr725/home/aev-plig_research/github_tsBAP_official/data/fep/fep_benchmark_inputs/structure_inputs/scaffold_hopping/Bace1_4zsp_protein.pdb,/rds/general/user/cr725/home/aev-plig_research/github_tsBAP_official/data/fep/fep_benchmark_inputs/structure_inputs/scaffold_hopping/Bace1_4zsp_ligands_split/Bace1_4zsp_molecule_31.sdf,Bace1_4zsp,-8.350000381469727,-8.8100004196167,400,7.7700515,7.7700515
401,Bace1_4zsp_molecule_7,/rds/general/user/cr725/home/aev-plig_research/github_tsBAP_official/data/fep/fep_benchmark_inputs/structure_inputs/scaffold_hopping/Bace1_4zsp_protein.pdb,/rds/general/user/cr725/home/aev-plig_research/github_tsBAP_official/data/fep/fep_benchmark_inputs/structure_inputs/scaffold_hopping/Bace1_4zsp_ligands_split/Bace1_4zsp_molecule_7.sdf,Bace1_4zsp,-7.710000038146973,-7.190000057220459,401,6.3177648,6.3177648
402,Bace1_4zsp_molecule_6,/rds/general/user/cr725/home/aev-plig_research/github_tsBAP_official/data/fep/fep_benchmark_inputs/structure_inputs/scaffold_hopping/Bace1_4zsp_protein.pdb,/rds/general/user/cr725/home/aev-plig_research/github_tsBAP_official/data/fep/fep_benchmark_inputs/structure_inputs/scaffold_hopping/Bace1_4zsp_ligands_split/Bace1_4zsp_molecule_6.sdf,Bace1_4zsp,-7.829999923706055,-7.889999866485596,402,7.378909,7.378909
403,EZH2_5ij7_corehop_molecule_22,/rds/general/user/cr725/home/aev-plig_research/github_tsBAP_official/data/fep/fep_benchmark_inputs/structure_inputs/scaffold_hopping/EZH2_5ij7_corehop_protein.pdb,/rds/general/user/cr725/home/aev-plig_research/github_tsBAP_official/data/fep/fep_benchmark_inputs/structure_inputs/scaffold_hopping/EZH2_5ij7_corehop_ligands_split/EZH2_5ij7_corehop_molecule_22.sdf,EZH2_5ij7_corehop,-9.6899995803833,-9.529999732971191,403,4.1475167,4.1475167
404,EZH2_5ij7_corehop_molecule_31,/rds/general/user/cr725/home/aev-plig_research/github_tsBAP_official/data/fep/fep_benchmark_inputs/structure_inputs/scaffold_hopping/EZH2_5ij7_corehop_protein.pdb,/rds/general/user/cr725/home/aev-plig_research/github_tsBAP_official/data/fep/fep_benchmark_inputs/structure_inputs/scaffold_hopping/EZH2_5ij7_corehop_ligands_split/EZH2_5ij7_corehop_molecule_31.sdf,EZH2_5ij7_corehop,-10.270000457763672,-10.43000030517578,404,6.085273,6.085273
405,EZH2_5ij7_corehop_molecule_29,/rds/general/user/cr725/home/aev-plig_research/github_tsBAP_official/data/fep/fep_benchmark_inputs/structure_inputs/scaffold_hopping/EZH2_5ij7_corehop_protein.pdb,/rds/general/user/cr725/home/aev-plig_research/github_tsBAP_official/data/fep/fep_benchmark_inputs/structure_inputs/scaffold_hopping/EZH2_5ij7_corehop_ligands_split/EZH2_5ij7_corehop_molecule_29.sdf,EZH2_5ij7_corehop,-10.270000457763672,-10.229999542236328,405,6.460901,6.460901
406,EZH2_5ij7_corehop_molecule_27,/rds/general/user/cr725/home/aev-plig_research/github_tsBAP_official/data/fep/fep_benchmark_inputs/structure_inputs/scaffold_hopping/EZH2_5ij7_corehop_protein.pdb,/rds/general/user/cr725/home/aev-plig_research/github_tsBAP_official/data/fep/fep_benchmark_inputs/structure_inputs/scaffold_hopping/EZH2_5ij7_corehop_ligands_split/EZH2_5ij7_corehop_molecule_27.sdf,EZH2_5ij7_corehop,-8.369999885559082,-8.40999984741211,406,8.606252,8.606252
407,CHK1_3u9n_corehop_molecule_17,/rds/general/user/cr725/home/aev-plig_research/github_tsBAP_official/data/fep/fep_benchmark_inputs/structure_inputs/scaffold_hopping/CHK1_3u9n_corehop_protein.pdb,/rds/general/user/cr725/home/aev-plig_research/github_tsBAP_official/data/fep/fep_benchmark_inputs/structure_inputs/scaffold_hopping/CHK1_3u9n_corehop_ligands_split/CHK1_3u9n_corehop_molecule_17.sdf,CHK1_3u9n_corehop,-9.715999603271484,-9.010000228881836,407,6.064136,6.064136
408,CHK1_3u9n_corehop_molecule_1,/rds/general/user/cr725/home/aev-plig_research/github_tsBAP_official/data/fep/fep_benchmark_inputs/structure_inputs/scaffold_hopping/CHK1_3u9n_corehop_protein.pdb,/rds/general/user/cr725/home/aev-plig_research/github_tsBAP_official/data/fep/fep_benchmark_inputs/structure_inputs/scaffold_hopping/CHK1_3u9n_corehop_ligands_split/CHK1_3u9n_corehop_molecule_1.sdf,CHK1_3u9n_corehop,-9.699999809265137,-9.920000076293944,408,6.271804,6.271804
409,CHK1_3u9n_corehop_molecule_21,/rds/general/user/cr725/home/aev-plig_research/github_tsBAP_official/data/fep/fep_benchmark_inputs/structure_inputs/scaffold_hopping/CHK1_3u9n_corehop_protein.pdb,/rds/general/user/cr725/home/aev-plig_research/github_tsBAP_official/data/fep/fep_benchmark_inputs/structure_inputs/scaffold_hopping/CHK1_3u9n_corehop_ligands_split/CHK1_3u9n_corehop_molecule_21.sdf,CHK1_3u9n_corehop,-9.142000198364258,-8.720000267028809,409,6.346388,6.346388
410,CHK1_3u9n_corehop_molecule_20,/rds/general/user/cr725/home/aev-plig_research/github_tsBAP_official/data/fep/fep_benchmark_inputs/structure_inputs/scaffold_hopping/CHK1_3u9n_corehop_protein.pdb,/rds/general/user/cr725/home/aev-plig_research/github_tsBAP_official/data/fep/fep_benchmark_inputs/structure_inputs/scaffold_hopping/CHK1_3u9n_corehop_ligands_split/CHK1_3u9n_corehop_molecule_20.sdf,CHK1_3u9n_corehop,-9.208000183105469,-9.699999809265137,410,8.040683,8.040683
411,CHK1_3u9n_corehop_molecule_19,/rds/general/user/cr725/home/aev-plig_research/github_tsBAP_official/data/fep/fep_benchmark_inputs/structure_inputs/scaffold_hopping/CHK1_3u9n_corehop_protein.pdb,/rds/general/user/cr725/home/aev-plig_research/github_tsBAP_official/data/fep/fep_benchmark_inputs/structure_inputs/scaffold_hopping/CHK1_3u9n_corehop_ligands_split/CHK1_3u9n_corehop_molecule_19.sdf,CHK1_3u9n_corehop,-8.54800033569336,-8.970000267028809,411,6.504383,6.504383
412,a2a_hip278_molecule_4g,/rds/general/user/cr725/home/aev-plig_research/github_tsBAP_official/data/fep/fep_benchmark_inputs/structure_inputs/gpcrs/a2a_hip278_protein.pdb,/rds/general/user/cr725/home/aev-plig_research/github_tsBAP_official/data/fep/fep_benchmark_inputs/structure_inputs/gpcrs/a2a_hip278_ligands_split/a2a_hip278_molecule_4g.sdf,a2a_hip278,-11.064042091369627,-11.829999923706056,412,2.6866472,2.6866472
413,a2a_hip278_molecule_4h,/rds/general/user/cr725/home/aev-plig_research/github_tsBAP_official/data/fep/fep_benchmark_inputs/structure_inputs/gpcrs/a2a_hip278_protein.pdb,/rds/general/user/cr725/home/aev-plig_research/github_tsBAP_official/data/fep/fep_benchmark_inputs/structure_inputs/gpcrs/a2a_hip278_ligands_split/a2a_hip278_molecule_4h.sdf,a2a_hip278,-10.654767990112305,-11.130000114440918,413,3.0496423,3.0496423
414,a2a_hip278_molecule_4jS,/rds/general/user/cr725/home/aev-plig_research/github_tsBAP_official/data/fep/fep_benchmark_inputs/structure_inputs/gpcrs/a2a_hip278_protein.pdb,/rds/general/user/cr725/home/aev-plig_research/github_tsBAP_official/data/fep/fep_benchmark_inputs/structure_inputs/gpcrs/a2a_hip278_ligands_split/a2a_hip278_molecule_4jS.sdf,a2a_hip278,-10.886690139770508,-11.539999961853027,414,3.7733176,3.7733176
415,a2a_hip278_molecule_4kU,/rds/general/user/cr725/home/aev-plig_research/github_tsBAP_official/data/fep/fep_benchmark_inputs/structure_inputs/gpcrs/a2a_hip278_protein.pdb,/rds/general/user/cr725/home/aev-plig_research/github_tsBAP_official/data/fep/fep_benchmark_inputs/structure_inputs/gpcrs/a2a_hip278_ligands_split/a2a_hip278_molecule_4kU.sdf,a2a_hip278,-11.541528701782228,-12.0,415,3.4332347,3.4332347
416,a2a_hip278_molecule_4lD,/rds/general/user/cr725/home/aev-plig_research/github_tsBAP_official/data/fep/fep_benchmark_inputs/structure_inputs/gpcrs/a2a_hip278_protein.pdb,/rds/general/user/cr725/home/aev-plig_research/github_tsBAP_official/data/fep/fep_benchmark_inputs/structure_inputs/gpcrs/a2a_hip278_ligands_split/a2a_hip278_molecule_4lD.sdf,a2a_hip278,-11.377819061279297,-11.31999969482422,416,5.485624,5.485624
417,a2a_hip278_molecule_4i,/rds/general/user/cr725/home/aev-plig_research/github_tsBAP_official/data/fep/fep_benchmark_inputs/structure_inputs/gpcrs/a2a_hip278_protein.pdb,/rds/general/user/cr725/home/aev-plig_research/github_tsBAP_official/data/fep/fep_benchmark_inputs/structure_inputs/gpcrs/a2a_hip278_ligands_split/a2a_hip278_molecule_4i.sdf,a2a_hip278,-10.313706398010254,-10.970000267028809,417,4.0571976,4.0571976
418,a2a_hip278_molecule_4a,/rds/general/user/cr725/home/aev-plig_research/github_tsBAP_official/data/fep/fep_benchmark_inputs/structure_inputs/gpcrs/a2a_hip278_protein.pdb,/rds/general/user/cr725/home/aev-plig_research/github_tsBAP_official/data/fep/fep_benchmark_inputs/structure_inputs/gpcrs/a2a_hip278_ligands_split/a2a_hip278_molecule_4a.sdf,a2a_hip278,-9.41330337524414,-7.150000095367432,418,3.5211525,3.5211525
419,a2a_hip278_molecule_4b_D,/rds/general/user/cr725/home/aev-plig_research/github_tsBAP_official/data/fep/fep_benchmark_inputs/structure_inputs/gpcrs/a2a_hip278_protein.pdb,/rds/general/user/cr725/home/aev-plig_research/github_tsBAP_official/data/fep/fep_benchmark_inputs/structure_inputs/gpcrs/a2a_hip278_ligands_split/a2a_hip278_molecule_4b_D.sdf,a2a_hip278,-9.959002494812012,-10.0600004196167,419,4.7964377,4.7964377
420,a2a_hip278_molecule_4c,/rds/general/user/cr725/home/aev-plig_research/github_tsBAP_official/data/fep/fep_benchmark_inputs/structure_inputs/gpcrs/a2a_hip278_protein.pdb,/rds/general/user/cr725/home/aev-plig_research/github_tsBAP_official/data/fep/fep_benchmark_inputs/structure_inputs/gpcrs/a2a_hip278_ligands_split/a2a_hip278_molecule_4c.sdf,a2a_hip278,-11.459673881530762,-12.09000015258789,420,4.8289404,4.8289404
421,a2a_hip278_molecule_4d,/rds/general/user/cr725/home/aev-plig_research/github_tsBAP_official/data/fep/fep_benchmark_inputs/structure_inputs/gpcrs/a2a_hip278_protein.pdb,/rds/general/user/cr725/home/aev-plig_research/github_tsBAP_official/data/fep/fep_benchmark_inputs/structure_inputs/gpcrs/a2a_hip278_ligands_split/a2a_hip278_molecule_4d.sdf,a2a_hip278,-10.504701614379885,-9.979999542236328,421,3.0128305,3.0128305
422,a2a_hip278_molecule_4o,/rds/general/user/cr725/home/aev-plig_research/github_tsBAP_official/data/fep/fep_benchmark_inputs/structure_inputs/gpcrs/a2a_hip278_protein.pdb,/rds/general/user/cr725/home/aev-plig_research/github_tsBAP_official/data/fep/fep_benchmark_inputs/structure_inputs/gpcrs/a2a_hip278_ligands_split/a2a_hip278_molecule_4o.sdf,a2a_hip278,-11.35667324066162,-9.4399995803833,422,2.0546029,2.0546029
423,a2a_hip278_molecule_4f,/rds/general/user/cr725/home/aev-plig_research/github_tsBAP_official/data/fep/fep_benchmark_inputs/structure_inputs/gpcrs/a2a_hip278_protein.pdb,/rds/general/user/cr725/home/aev-plig_research/github_tsBAP_official/data/fep/fep_benchmark_inputs/structure_inputs/gpcrs/a2a_hip278_ligands_split/a2a_hip278_molecule_4f.sdf,a2a_hip278,-11.44603157043457,-11.720000267028809,423,2.8245504,2.8245504
424,a2a_hip278_molecule_4e_D,/rds/general/user/cr725/home/aev-plig_research/github_tsBAP_official/data/fep/fep_benchmark_inputs/structure_inputs/gpcrs/a2a_hip278_protein.pdb,/rds/general/user/cr725/home/aev-plig_research/github_tsBAP_official/data/fep/fep_benchmark_inputs/structure_inputs/gpcrs/a2a_hip278_ligands_split/a2a_hip278_molecule_4e_D.sdf,a2a_hip278,-12.073585510253906,-11.010000228881836,424,3.2918746,3.2918746
425,a2a_hip278_molecule_4m_D,/rds/general/user/cr725/home/aev-plig_research/github_tsBAP_official/data/fep/fep_benchmark_inputs/structure_inputs/gpcrs/a2a_hip278_protein.pdb,/rds/general/user/cr725/home/aev-plig_research/github_tsBAP_official/data/fep/fep_benchmark_inputs/structure_inputs/gpcrs/a2a_hip278_ligands_split/a2a_hip278_molecule_4m_D.sdf,a2a_hip278,-10.550403594970703,-11.710000038146973,425,5.0612698,5.0612698
426,a2a_hip278_molecule_4q,/rds/general/user/cr725/home/aev-plig_research/github_tsBAP_official/data/fep/fep_benchmark_inputs/structure_inputs/gpcrs/a2a_hip278_protein.pdb,/rds/general/user/cr725/home/aev-plig_research/github_tsBAP_official/data/fep/fep_benchmark_inputs/structure_inputs/gpcrs/a2a_hip278_ligands_split/a2a_hip278_molecule_4q.sdf,a2a_hip278,-8.886704444885254,-8.960000038146973,426,3.891146,3.891146
427,a2a_hip278_molecule_4n,/rds/general/user/cr725/home/aev-plig_research/github_tsBAP_official/data/fep/fep_benchmark_inputs/structure_inputs/gpcrs/a2a_hip278_protein.pdb,/rds/general/user/cr725/home/aev-plig_research/github_tsBAP_official/data/fep/fep_benchmark_inputs/structure_inputs/gpcrs/a2a_hip278_ligands_split/a2a_hip278_molecule_4n.sdf,a2a_hip278,-11.550395965576172,-13.93000030517578,427,5.252817,5.252817
428,a2a_hip278_molecule_4r_U,/rds/general/user/cr725/home/aev-plig_research/github_tsBAP_official/data/fep/fep_benchmark_inputs/structure_inputs/gpcrs/a2a_hip278_protein.pdb,/rds/general/user/cr725/home/aev-plig_research/github_tsBAP_official/data/fep/fep_benchmark_inputs/structure_inputs/gpcrs/a2a_hip278_ligands_split/a2a_hip278_molecule_4r_U.sdf,a2a_hip278,-11.461993217468262,-12.3100004196167,428,5.8924603,5.8924603
429,a2a_hip278_molecule_4o_deprotonated,/rds/general/user/cr725/home/aev-plig_research/github_tsBAP_official/data/fep/fep_benchmark_inputs/structure_inputs/gpcrs/a2a_hip278_protein.pdb,/rds/general/user/cr725/home/aev-plig_research/github_tsBAP_official/data/fep/fep_benchmark_inputs/structure_inputs/gpcrs/a2a_hip278_ligands_split/a2a_hip278_molecule_4o_deprotonated.sdf,a2a_hip278,-11.35667324066162,-9.4399995803833,429,3.202367,3.202367
430,a2a_hip278_molecule_4eD_deprotonated,/rds/general/user/cr725/home/aev-plig_research/github_tsBAP_official/data/fep/fep_benchmark_inputs/structure_inputs/gpcrs/a2a_hip278_protein.pdb,/rds/general/user/cr725/home/aev-plig_research/github_tsBAP_official/data/fep/fep_benchmark_inputs/structure_inputs/gpcrs/a2a_hip278_ligands_split/a2a_hip278_molecule_4eD_deprotonated.sdf,a2a_hip278,-12.073585510253906,-11.010000228881836,430,3.8520553,3.8520553
431,a2a_hip278_molecule_4f_deprotonated,/rds/general/user/cr725/home/aev-plig_research/github_tsBAP_official/data/fep/fep_benchmark_inputs/structure_inputs/gpcrs/a2a_hip278_protein.pdb,/rds/general/user/cr725/home/aev-plig_research/github_tsBAP_official/data/fep/fep_benchmark_inputs/structure_inputs/gpcrs/a2a_hip278_ligands_split/a2a_hip278_molecule_4f_deprotonated.sdf,a2a_hip278,-11.44603157043457,-11.720000267028809,431,2.500385,2.500385
432,ox2_hip_custcore_molecule_set_1__1,/rds/general/user/cr725/home/aev-plig_research/github_tsBAP_official/data/fep/fep_benchmark_inputs/structure_inputs/gpcrs/ox2_hip_custcore_protein.pdb,/rds/general/user/cr725/home/aev-plig_research/github_tsBAP_official/data/fep/fep_benchmark_inputs/structure_inputs/gpcrs/ox2_hip_custcore_ligands_split/ox2_hip_custcore_molecule_set_1__1.sdf,ox2_hip_custcore,-10.978231430053713,-10.960000038146973,432,9.088189,9.088189
433,ox2_hip_custcore_molecule_set_1__2,/rds/general/user/cr725/home/aev-plig_research/github_tsBAP_official/data/fep/fep_benchmark_inputs/structure_inputs/gpcrs/ox2_hip_custcore_protein.pdb,/rds/general/user/cr725/home/aev-plig_research/github_tsBAP_official/data/fep/fep_benchmark_inputs/structure_inputs/gpcrs/ox2_hip_custcore_ligands_split/ox2_hip_custcore_molecule_set_1__2.sdf,ox2_hip_custcore,-10.049724578857422,-9.25,433,8.956203,8.956203
434,ox2_hip_custcore_molecule_set_1__3,/rds/general/user/cr725/home/aev-plig_research/github_tsBAP_official/data/fep/fep_benchmark_inputs/structure_inputs/gpcrs/ox2_hip_custcore_protein.pdb,/rds/general/user/cr725/home/aev-plig_research/github_tsBAP_official/data/fep/fep_benchmark_inputs/structure_inputs/gpcrs/ox2_hip_custcore_ligands_split/ox2_hip_custcore_molecule_set_1__3.sdf,ox2_hip_custcore,-8.59611988067627,-10.140000343322754,434,8.672423,8.672423
435,ox2_hip_custcore_molecule_set_1__4,/rds/general/user/cr725/home/aev-plig_research/github_tsBAP_official/data/fep/fep_benchmark_inputs/structure_inputs/gpcrs/ox2_hip_custcore_protein.pdb,/rds/general/user/cr725/home/aev-plig_research/github_tsBAP_official/data/fep/fep_benchmark_inputs/structure_inputs/gpcrs/ox2_hip_custcore_ligands_split/ox2_hip_custcore_molecule_set_1__4.sdf,ox2_hip_custcore,-10.603745460510254,-10.770000457763672,435,10.311813,10.311813
436,ox2_hip_custcore_molecule_set_1__5,/rds/general/user/cr725/home/aev-plig_research/github_tsBAP_official/data/fep/fep_benchmark_inputs/structure_inputs/gpcrs/ox2_hip_custcore_protein.pdb,/rds/general/user/cr725/home/aev-plig_research/github_tsBAP_official/data/fep/fep_benchmark_inputs/structure_inputs/gpcrs/ox2_hip_custcore_ligands_split/ox2_hip_custcore_molecule_set_1__5.sdf,ox2_hip_custcore,-10.885735511779783,-10.6899995803833,436,8.627144,8.627144
437,ox2_hip_custcore_molecule_set_1__6,/rds/general/user/cr725/home/aev-plig_research/github_tsBAP_official/data/fep/fep_benchmark_inputs/structure_inputs/gpcrs/ox2_hip_custcore_protein.pdb,/rds/general/user/cr725/home/aev-plig_research/github_tsBAP_official/data/fep/fep_benchmark_inputs/structure_inputs/gpcrs/ox2_hip_custcore_ligands_split/ox2_hip_custcore_molecule_set_1__6.sdf,ox2_hip_custcore,-10.013026237487791,-9.15999984741211,437,8.666169,8.666169
438,ox2_hip_custcore_molecule_set_1__7,/rds/general/user/cr725/home/aev-plig_research/github_tsBAP_official/data/fep/fep_benchmark_inputs/structure_inputs/gpcrs/ox2_hip_custcore_protein.pdb,/rds/general/user/cr725/home/aev-plig_research/github_tsBAP_official/data/fep/fep_benchmark_inputs/structure_inputs/gpcrs/ox2_hip_custcore_ligands_split/ox2_hip_custcore_molecule_set_1__7.sdf,ox2_hip_custcore,-11.577681541442873,-12.25,438,8.977523,8.977523
439,ox2_hip_custcore_molecule_set_1__8,/rds/general/user/cr725/home/aev-plig_research/github_tsBAP_official/data/fep/fep_benchmark_inputs/structure_inputs/gpcrs/ox2_hip_custcore_protein.pdb,/rds/general/user/cr725/home/aev-plig_research/github_tsBAP_official/data/fep/fep_benchmark_inputs/structure_inputs/gpcrs/ox2_hip_custcore_ligands_split/ox2_hip_custcore_molecule_set_1__8.sdf,ox2_hip_custcore,-10.151361465454102,-11.729999542236328,439,10.20542,10.20542
440,ox2_hip_custcore_molecule_set_1__9,/rds/general/user/cr725/home/aev-plig_research/github_tsBAP_official/data/fep/fep_benchmark_inputs/structure_inputs/gpcrs/ox2_hip_custcore_protein.pdb,/rds/general/user/cr725/home/aev-plig_research/github_tsBAP_official/data/fep/fep_benchmark_inputs/structure_inputs/gpcrs/ox2_hip_custcore_ligands_split/ox2_hip_custcore_molecule_set_1__9.sdf,ox2_hip_custcore,-8.624086380004883,-9.890000343322754,440,10.789781,10.789781
441,ox2_hip_custcore_molecule_set_1__10,/rds/general/user/cr725/home/aev-plig_research/github_tsBAP_official/data/fep/fep_benchmark_inputs/structure_inputs/gpcrs/ox2_hip_custcore_protein.pdb,/rds/general/user/cr725/home/aev-plig_research/github_tsBAP_official/data/fep/fep_benchmark_inputs/structure_inputs/gpcrs/ox2_hip_custcore_ligands_split/ox2_hip_custcore_molecule_set_1__10.sdf,ox2_hip_custcore,-10.316571235656738,-10.079999923706056,441,9.215864,9.215864
442,ox2_hip_custcore_molecule_set_1__11,/rds/general/user/cr725/home/aev-plig_research/github_tsBAP_official/data/fep/fep_benchmark_inputs/structure_inputs/gpcrs/ox2_hip_custcore_protein.pdb,/rds/general/user/cr725/home/aev-plig_research/github_tsBAP_official/data/fep/fep_benchmark_inputs/structure_inputs/gpcrs/ox2_hip_custcore_ligands_split/ox2_hip_custcore_molecule_set_1__11.sdf,ox2_hip_custcore,-11.125433921813965,-11.380000114440918,442,6.362124,6.362124
443,ox2_hip_custcore_molecule_set_1__12,/rds/general/user/cr725/home/aev-plig_research/github_tsBAP_official/data/fep/fep_benchmark_inputs/structure_inputs/gpcrs/ox2_hip_custcore_protein.pdb,/rds/general/user/cr725/home/aev-plig_research/github_tsBAP_official/data/fep/fep_benchmark_inputs/structure_inputs/gpcrs/ox2_hip_custcore_ligands_split/ox2_hip_custcore_molecule_set_1__12.sdf,ox2_hip_custcore,-10.54126262664795,-9.380000114440918,443,9.200421,9.200421
444,ox2_hip_custcore_molecule_set_1__13,/rds/general/user/cr725/home/aev-plig_research/github_tsBAP_official/data/fep/fep_benchmark_inputs/structure_inputs/gpcrs/ox2_hip_custcore_protein.pdb,/rds/general/user/cr725/home/aev-plig_research/github_tsBAP_official/data/fep/fep_benchmark_inputs/structure_inputs/gpcrs/ox2_hip_custcore_ligands_split/ox2_hip_custcore_molecule_set_1__13.sdf,ox2_hip_custcore,-8.972378730773926,-9.890000343322754,444,9.424022,9.424022
445,ox2_hip_custcore_molecule_set_1__14,/rds/general/user/cr725/home/aev-plig_research/github_tsBAP_official/data/fep/fep_benchmark_inputs/structure_inputs/gpcrs/ox2_hip_custcore_protein.pdb,/rds/general/user/cr725/home/aev-plig_research/github_tsBAP_official/data/fep/fep_benchmark_inputs/structure_inputs/gpcrs/ox2_hip_custcore_ligands_split/ox2_hip_custcore_molecule_set_1__14.sdf,ox2_hip_custcore,-11.169498443603516,-10.619999885559082,445,5.8797555,5.8797555
446,ox2_hip_custcore_molecule_set_1__15,/rds/general/user/cr725/home/aev-plig_research/github_tsBAP_official/data/fep/fep_benchmark_inputs/structure_inputs/gpcrs/ox2_hip_custcore_protein.pdb,/rds/general/user/cr725/home/aev-plig_research/github_tsBAP_official/data/fep/fep_benchmark_inputs/structure_inputs/gpcrs/ox2_hip_custcore_ligands_split/ox2_hip_custcore_molecule_set_1__15.sdf,ox2_hip_custcore,-6.821234703063965,-8.800000190734863,446,9.454391,9.454391
447,ox2_hip_custcore_molecule_set_1__16,/rds/general/user/cr725/home/aev-plig_research/github_tsBAP_official/data/fep/fep_benchmark_inputs/structure_inputs/gpcrs/ox2_hip_custcore_protein.pdb,/rds/general/user/cr725/home/aev-plig_research/github_tsBAP_official/data/fep/fep_benchmark_inputs/structure_inputs/gpcrs/ox2_hip_custcore_ligands_split/ox2_hip_custcore_molecule_set_1__16.sdf,ox2_hip_custcore,-10.950536727905272,-9.829999923706056,447,9.229534,9.229534
448,ox2_hip_custcore_molecule_set_1__17,/rds/general/user/cr725/home/aev-plig_research/github_tsBAP_official/data/fep/fep_benchmark_inputs/structure_inputs/gpcrs/ox2_hip_custcore_protein.pdb,/rds/general/user/cr725/home/aev-plig_research/github_tsBAP_official/data/fep/fep_benchmark_inputs/structure_inputs/gpcrs/ox2_hip_custcore_ligands_split/ox2_hip_custcore_molecule_set_1__17.sdf,ox2_hip_custcore,-6.883717060089111,-9.0600004196167,448,9.578775,9.578775
449,ox2_hip_custcore_molecule_set_1__18,/rds/general/user/cr725/home/aev-plig_research/github_tsBAP_official/data/fep/fep_benchmark_inputs/structure_inputs/gpcrs/ox2_hip_custcore_protein.pdb,/rds/general/user/cr725/home/aev-plig_research/github_tsBAP_official/data/fep/fep_benchmark_inputs/structure_inputs/gpcrs/ox2_hip_custcore_ligands_split/ox2_hip_custcore_molecule_set_1__18.sdf,ox2_hip_custcore,-8.276204109191895,-10.529999732971191,449,9.65008,9.65008
450,ox2_hip_custcore_molecule_set_1__19,/rds/general/user/cr725/home/aev-plig_research/github_tsBAP_official/data/fep/fep_benchmark_inputs/structure_inputs/gpcrs/ox2_hip_custcore_protein.pdb,/rds/general/user/cr725/home/aev-plig_research/github_tsBAP_official/data/fep/fep_benchmark_inputs/structure_inputs/gpcrs/ox2_hip_custcore_ligands_split/ox2_hip_custcore_molecule_set_1__19.sdf,ox2_hip_custcore,-7.515090465545654,-10.369999885559082,450,9.636139,9.636139
451,ox2_hip_custcore_molecule_set_1__20,/rds/general/user/cr725/home/aev-plig_research/github_tsBAP_official/data/fep/fep_benchmark_inputs/structure_inputs/gpcrs/ox2_hip_custcore_protein.pdb,/rds/general/user/cr725/home/aev-plig_research/github_tsBAP_official/data/fep/fep_benchmark_inputs/structure_inputs/gpcrs/ox2_hip_custcore_ligands_split/ox2_hip_custcore_molecule_set_1__20.sdf,ox2_hip_custcore,-10.399927139282228,-9.859999656677246,451,9.766073,9.766073
452,ox2_hip_custcore_molecule_set_1__21,/rds/general/user/cr725/home/aev-plig_research/github_tsBAP_official/data/fep/fep_benchmark_inputs/structure_inputs/gpcrs/ox2_hip_custcore_protein.pdb,/rds/general/user/cr725/home/aev-plig_research/github_tsBAP_official/data/fep/fep_benchmark_inputs/structure_inputs/gpcrs/ox2_hip_custcore_ligands_split/ox2_hip_custcore_molecule_set_1__21.sdf,ox2_hip_custcore,-8.688343048095703,-7.71999979019165,452,9.020849,9.020849
453,ox2_hip_custcore_molecule_set_1__22,/rds/general/user/cr725/home/aev-plig_research/github_tsBAP_official/data/fep/fep_benchmark_inputs/structure_inputs/gpcrs/ox2_hip_custcore_protein.pdb,/rds/general/user/cr725/home/aev-plig_research/github_tsBAP_official/data/fep/fep_benchmark_inputs/structure_inputs/gpcrs/ox2_hip_custcore_ligands_split/ox2_hip_custcore_molecule_set_1__22.sdf,ox2_hip_custcore,-10.420527458190918,-10.68000030517578,453,6.713289,6.713289
454,ox2_hip_custcore_molecule_set_1__23,/rds/general/user/cr725/home/aev-plig_research/github_tsBAP_official/data/fep/fep_benchmark_inputs/structure_inputs/gpcrs/ox2_hip_custcore_protein.pdb,/rds/general/user/cr725/home/aev-plig_research/github_tsBAP_official/data/fep/fep_benchmark_inputs/structure_inputs/gpcrs/ox2_hip_custcore_ligands_split/ox2_hip_custcore_molecule_set_1__23.sdf,ox2_hip_custcore,-10.080965995788574,-11.6899995803833,454,9.3541565,9.3541565
455,ox2_hip_custcore_molecule_set_1__24,/rds/general/user/cr725/home/aev-plig_research/github_tsBAP_official/data/fep/fep_benchmark_inputs/structure_inputs/gpcrs/ox2_hip_custcore_protein.pdb,/rds/general/user/cr725/home/aev-plig_research/github_tsBAP_official/data/fep/fep_benchmark_inputs/structure_inputs/gpcrs/ox2_hip_custcore_ligands_split/ox2_hip_custcore_molecule_set_1__24.sdf,ox2_hip_custcore,-10.443309783935549,-10.850000381469728,455,9.197818,9.197818
456,ox2_hip_custcore_molecule_set_1__25,/rds/general/user/cr725/home/aev-plig_research/github_tsBAP_official/data/fep/fep_benchmark_inputs/structure_inputs/gpcrs/ox2_hip_custcore_protein.pdb,/rds/general/user/cr725/home/aev-plig_research/github_tsBAP_official/data/fep/fep_benchmark_inputs/structure_inputs/gpcrs/ox2_hip_custcore_ligands_split/ox2_hip_custcore_molecule_set_1__25.sdf,ox2_hip_custcore,-11.097330093383787,-12.59000015258789,456,8.41232,8.41232
457,ox2_hip_custcore_molecule_set_1__26,/rds/general/user/cr725/home/aev-plig_research/github_tsBAP_official/data/fep/fep_benchmark_inputs/structure_inputs/gpcrs/ox2_hip_custcore_protein.pdb,/rds/general/user/cr725/home/aev-plig_research/github_tsBAP_official/data/fep/fep_benchmark_inputs/structure_inputs/gpcrs/ox2_hip_custcore_ligands_split/ox2_hip_custcore_molecule_set_1__26.sdf,ox2_hip_custcore,-11.387232780456545,-11.34000015258789,457,9.597469,9.597469
458,ox2_hip_custcore_molecule_set_1__27,/rds/general/user/cr725/home/aev-plig_research/github_tsBAP_official/data/fep/fep_benchmark_inputs/structure_inputs/gpcrs/ox2_hip_custcore_protein.pdb,/rds/general/user/cr725/home/aev-plig_research/github_tsBAP_official/data/fep/fep_benchmark_inputs/structure_inputs/gpcrs/ox2_hip_custcore_ligands_split/ox2_hip_custcore_molecule_set_1__27.sdf,ox2_hip_custcore,-10.95654010772705,-9.920000076293944,458,9.974331,9.974331
459,ox2_hip_custcore_molecule_set_2__1,/rds/general/user/cr725/home/aev-plig_research/github_tsBAP_official/data/fep/fep_benchmark_inputs/structure_inputs/gpcrs/ox2_hip_custcore_protein.pdb,/rds/general/user/cr725/home/aev-plig_research/github_tsBAP_official/data/fep/fep_benchmark_inputs/structure_inputs/gpcrs/ox2_hip_custcore_ligands_split/ox2_hip_custcore_molecule_set_2__1.sdf,ox2_hip_custcore,-9.413166999816896,-9.630000114440918,459,10.428143,10.428143
460,ox2_hip_custcore_molecule_set_2__2,/rds/general/user/cr725/home/aev-plig_research/github_tsBAP_official/data/fep/fep_benchmark_inputs/structure_inputs/gpcrs/ox2_hip_custcore_protein.pdb,/rds/general/user/cr725/home/aev-plig_research/github_tsBAP_official/data/fep/fep_benchmark_inputs/structure_inputs/gpcrs/ox2_hip_custcore_ligands_split/ox2_hip_custcore_molecule_set_2__2.sdf,ox2_hip_custcore,-8.611808776855469,-6.840000152587891,460,10.526266,10.526266
461,ox2_hip_custcore_molecule_set_2__3,/rds/general/user/cr725/home/aev-plig_research/github_tsBAP_official/data/fep/fep_benchmark_inputs/structure_inputs/gpcrs/ox2_hip_custcore_protein.pdb,/rds/general/user/cr725/home/aev-plig_research/github_tsBAP_official/data/fep/fep_benchmark_inputs/structure_inputs/gpcrs/ox2_hip_custcore_ligands_split/ox2_hip_custcore_molecule_set_2__3.sdf,ox2_hip_custcore,-9.46992015838623,-8.510000228881836,461,10.615085,10.615085
462,ox2_hip_custcore_molecule_set_2__4,/rds/general/user/cr725/home/aev-plig_research/github_tsBAP_official/data/fep/fep_benchmark_inputs/structure_inputs/gpcrs/ox2_hip_custcore_protein.pdb,/rds/general/user/cr725/home/aev-plig_research/github_tsBAP_official/data/fep/fep_benchmark_inputs/structure_inputs/gpcrs/ox2_hip_custcore_ligands_split/ox2_hip_custcore_molecule_set_2__4.sdf,ox2_hip_custcore,-9.716166496276855,-10.449999809265137,462,10.409685,10.409685
463,ox2_hip_custcore_molecule_set_2__5_adjust,/rds/general/user/cr725/home/aev-plig_research/github_tsBAP_official/data/fep/fep_benchmark_inputs/structure_inputs/gpcrs/ox2_hip_custcore_protein.pdb,/rds/general/user/cr725/home/aev-plig_research/github_tsBAP_official/data/fep/fep_benchmark_inputs/structure_inputs/gpcrs/ox2_hip_custcore_ligands_split/ox2_hip_custcore_molecule_set_2__5_adjust.sdf,ox2_hip_custcore,-10.85299301147461,-8.510000228881836,463,9.524327,9.524327
464,ox2_hip_custcore_molecule_set_2__6,/rds/general/user/cr725/home/aev-plig_research/github_tsBAP_official/data/fep/fep_benchmark_inputs/structure_inputs/gpcrs/ox2_hip_custcore_protein.pdb,/rds/general/user/cr725/home/aev-plig_research/github_tsBAP_official/data/fep/fep_benchmark_inputs/structure_inputs/gpcrs/ox2_hip_custcore_ligands_split/ox2_hip_custcore_molecule_set_2__6.sdf,ox2_hip_custcore,-10.490240097045898,-11.220000267028809,464,10.422071,10.422071
465,ox2_hip_custcore_molecule_set_2__7,/rds/general/user/cr725/home/aev-plig_research/github_tsBAP_official/data/fep/fep_benchmark_inputs/structure_inputs/gpcrs/ox2_hip_custcore_protein.pdb,/rds/general/user/cr725/home/aev-plig_research/github_tsBAP_official/data/fep/fep_benchmark_inputs/structure_inputs/gpcrs/ox2_hip_custcore_ligands_split/ox2_hip_custcore_molecule_set_2__7.sdf,ox2_hip_custcore,-7.945237636566162,-7.21999979019165,465,8.994022,8.994022
466,ox2_hip_custcore_molecule_set_2__8,/rds/general/user/cr725/home/aev-plig_research/github_tsBAP_official/data/fep/fep_benchmark_inputs/structure_inputs/gpcrs/ox2_hip_custcore_protein.pdb,/rds/general/user/cr725/home/aev-plig_research/github_tsBAP_official/data/fep/fep_benchmark_inputs/structure_inputs/gpcrs/ox2_hip_custcore_ligands_split/ox2_hip_custcore_molecule_set_2__8.sdf,ox2_hip_custcore,-10.95654010772705,-10.4399995803833,466,9.880317,9.880317
467,ox2_hip_custcore_molecule_set_2__9,/rds/general/user/cr725/home/aev-plig_research/github_tsBAP_official/data/fep/fep_benchmark_inputs/structure_inputs/gpcrs/ox2_hip_custcore_protein.pdb,/rds/general/user/cr725/home/aev-plig_research/github_tsBAP_official/data/fep/fep_benchmark_inputs/structure_inputs/gpcrs/ox2_hip_custcore_ligands_split/ox2_hip_custcore_molecule_set_2__9.sdf,ox2_hip_custcore,-10.010706901550291,-10.109999656677246,467,9.229677,9.229677
468,ox2_hip_custcore_molecule_set_2__10,/rds/general/user/cr725/home/aev-plig_research/github_tsBAP_official/data/fep/fep_benchmark_inputs/structure_inputs/gpcrs/ox2_hip_custcore_protein.pdb,/rds/general/user/cr725/home/aev-plig_research/github_tsBAP_official/data/fep/fep_benchmark_inputs/structure_inputs/gpcrs/ox2_hip_custcore_ligands_split/ox2_hip_custcore_molecule_set_2__10.sdf,ox2_hip_custcore,-6.852475643157959,-7.75,468,8.844514,8.844514
469,ox2_hip_custcore_molecule_set_2__11,/rds/general/user/cr725/home/aev-plig_research/github_tsBAP_official/data/fep/fep_benchmark_inputs/structure_inputs/gpcrs/ox2_hip_custcore_protein.pdb,/rds/general/user/cr725/home/aev-plig_research/github_tsBAP_official/data/fep/fep_benchmark_inputs/structure_inputs/gpcrs/ox2_hip_custcore_ligands_split/ox2_hip_custcore_molecule_set_2__11.sdf,ox2_hip_custcore,-9.472103118896484,-9.279999732971191,469,10.516144,10.516144
470,ox2_hip_custcore_molecule_set_2__12,/rds/general/user/cr725/home/aev-plig_research/github_tsBAP_official/data/fep/fep_benchmark_inputs/structure_inputs/gpcrs/ox2_hip_custcore_protein.pdb,/rds/general/user/cr725/home/aev-plig_research/github_tsBAP_official/data/fep/fep_benchmark_inputs/structure_inputs/gpcrs/ox2_hip_custcore_ligands_split/ox2_hip_custcore_molecule_set_2__12.sdf,ox2_hip_custcore,-9.990925788879396,-10.260000228881836,470,10.764787,10.764787
471,ox2_hip_custcore_molecule_set_2__13,/rds/general/user/cr725/home/aev-plig_research/github_tsBAP_official/data/fep/fep_benchmark_inputs/structure_inputs/gpcrs/ox2_hip_custcore_protein.pdb,/rds/general/user/cr725/home/aev-plig_research/github_tsBAP_official/data/fep/fep_benchmark_inputs/structure_inputs/gpcrs/ox2_hip_custcore_ligands_split/ox2_hip_custcore_molecule_set_2__13.sdf,ox2_hip_custcore,-10.815340042114258,-10.31999969482422,471,10.676626,10.676626
472,ox2_hip_custcore_molecule_set_2__14,/rds/general/user/cr725/home/aev-plig_research/github_tsBAP_official/data/fep/fep_benchmark_inputs/structure_inputs/gpcrs/ox2_hip_custcore_protein.pdb,/rds/general/user/cr725/home/aev-plig_research/github_tsBAP_official/data/fep/fep_benchmark_inputs/structure_inputs/gpcrs/ox2_hip_custcore_ligands_split/ox2_hip_custcore_molecule_set_2__14.sdf,ox2_hip_custcore,-10.7535400390625,-9.43000030517578,472,10.123027,10.123027
473,ox2_hip_custcore_molecule_set_2__15,/rds/general/user/cr725/home/aev-plig_research/github_tsBAP_official/data/fep/fep_benchmark_inputs/structure_inputs/gpcrs/ox2_hip_custcore_protein.pdb,/rds/general/user/cr725/home/aev-plig_research/github_tsBAP_official/data/fep/fep_benchmark_inputs/structure_inputs/gpcrs/ox2_hip_custcore_ligands_split/ox2_hip_custcore_molecule_set_2__15.sdf,ox2_hip_custcore,-9.641133308410645,-8.279999732971191,473,9.682801,9.682801
474,ox2_hip_custcore_molecule_set_2__16,/rds/general/user/cr725/home/aev-plig_research/github_tsBAP_official/data/fep/fep_benchmark_inputs/structure_inputs/gpcrs/ox2_hip_custcore_protein.pdb,/rds/general/user/cr725/home/aev-plig_research/github_tsBAP_official/data/fep/fep_benchmark_inputs/structure_inputs/gpcrs/ox2_hip_custcore_ligands_split/ox2_hip_custcore_molecule_set_2__16.sdf,ox2_hip_custcore,-9.674556732177734,-7.679999828338623,474,9.726516,9.726516
475,ox2_hip_custcore_molecule_set_2__17,/rds/general/user/cr725/home/aev-plig_research/github_tsBAP_official/data/fep/fep_benchmark_inputs/structure_inputs/gpcrs/ox2_hip_custcore_protein.pdb,/rds/general/user/cr725/home/aev-plig_research/github_tsBAP_official/data/fep/fep_benchmark_inputs/structure_inputs/gpcrs/ox2_hip_custcore_ligands_split/ox2_hip_custcore_molecule_set_2__17.sdf,ox2_hip_custcore,-9.98465061187744,-10.09000015258789,475,9.330478,9.330478
476,ox2_hip_custcore_molecule_set_2__18,/rds/general/user/cr725/home/aev-plig_research/github_tsBAP_official/data/fep/fep_benchmark_inputs/structure_inputs/gpcrs/ox2_hip_custcore_protein.pdb,/rds/general/user/cr725/home/aev-plig_research/github_tsBAP_official/data/fep/fep_benchmark_inputs/structure_inputs/gpcrs/ox2_hip_custcore_ligands_split/ox2_hip_custcore_molecule_set_2__18.sdf,ox2_hip_custcore,-9.408119201660156,-8.489999771118164,476,10.209275,10.209275
477,ox2_hip_custcore_molecule_set_2__19,/rds/general/user/cr725/home/aev-plig_research/github_tsBAP_official/data/fep/fep_benchmark_inputs/structure_inputs/gpcrs/ox2_hip_custcore_protein.pdb,/rds/general/user/cr725/home/aev-plig_research/github_tsBAP_official/data/fep/fep_benchmark_inputs/structure_inputs/gpcrs/ox2_hip_custcore_ligands_split/ox2_hip_custcore_molecule_set_2__19.sdf,ox2_hip_custcore,-9.02353858947754,-8.039999961853027,477,10.471616,10.471616
478,ox2_hip_custcore_molecule_set_2__20,/rds/general/user/cr725/home/aev-plig_research/github_tsBAP_official/data/fep/fep_benchmark_inputs/structure_inputs/gpcrs/ox2_hip_custcore_protein.pdb,/rds/general/user/cr725/home/aev-plig_research/github_tsBAP_official/data/fep/fep_benchmark_inputs/structure_inputs/gpcrs/ox2_hip_custcore_ligands_split/ox2_hip_custcore_molecule_set_2__20.sdf,ox2_hip_custcore,-11.045079231262209,-10.65999984741211,478,10.461753,10.461753
479,ox2_hip_custcore_molecule_set_2__21,/rds/general/user/cr725/home/aev-plig_research/github_tsBAP_official/data/fep/fep_benchmark_inputs/structure_inputs/gpcrs/ox2_hip_custcore_protein.pdb,/rds/general/user/cr725/home/aev-plig_research/github_tsBAP_official/data/fep/fep_benchmark_inputs/structure_inputs/gpcrs/ox2_hip_custcore_ligands_split/ox2_hip_custcore_molecule_set_2__21.sdf,ox2_hip_custcore,-10.565683364868164,-10.210000038146973,479,10.404279,10.404279
480,ox2_hip_custcore_molecule_set_2__22,/rds/general/user/cr725/home/aev-plig_research/github_tsBAP_official/data/fep/fep_benchmark_inputs/structure_inputs/gpcrs/ox2_hip_custcore_protein.pdb,/rds/general/user/cr725/home/aev-plig_research/github_tsBAP_official/data/fep/fep_benchmark_inputs/structure_inputs/gpcrs/ox2_hip_custcore_ligands_split/ox2_hip_custcore_molecule_set_2__22.sdf,ox2_hip_custcore,-8.531181335449219,-9.3100004196167,480,11.320013,11.320013
481,ox2_hip_custcore_molecule_set_2__23,/rds/general/user/cr725/home/aev-plig_research/github_tsBAP_official/data/fep/fep_benchmark_inputs/structure_inputs/gpcrs/ox2_hip_custcore_protein.pdb,/rds/general/user/cr725/home/aev-plig_research/github_tsBAP_official/data/fep/fep_benchmark_inputs/structure_inputs/gpcrs/ox2_hip_custcore_ligands_split/ox2_hip_custcore_molecule_set_2__23.sdf,ox2_hip_custcore,-10.52380084991455,-9.9399995803833,481,10.494019,10.494019
482,ox2_hip_custcore_molecule_set_2__24,/rds/general/user/cr725/home/aev-plig_research/github_tsBAP_official/data/fep/fep_benchmark_inputs/structure_inputs/gpcrs/ox2_hip_custcore_protein.pdb,/rds/general/user/cr725/home/aev-plig_research/github_tsBAP_official/data/fep/fep_benchmark_inputs/structure_inputs/gpcrs/ox2_hip_custcore_ligands_split/ox2_hip_custcore_molecule_set_2__24.sdf,ox2_hip_custcore,-9.534994125366213,-8.729999542236328,482,10.458743,10.458743
483,p2y1_meta_sub_molecule_16,/rds/general/user/cr725/home/aev-plig_research/github_tsBAP_official/data/fep/fep_benchmark_inputs/structure_inputs/gpcrs/p2y1_meta_sub_protein.pdb,/rds/general/user/cr725/home/aev-plig_research/github_tsBAP_official/data/fep/fep_benchmark_inputs/structure_inputs/gpcrs/p2y1_meta_sub_ligands_split/p2y1_meta_sub_molecule_16.sdf,p2y1_meta_sub,-11.216630935668944,-12.25,483,14.928471,14.928471
484,p2y1_meta_sub_molecule_11a,/rds/general/user/cr725/home/aev-plig_research/github_tsBAP_official/data/fep/fep_benchmark_inputs/structure_inputs/gpcrs/p2y1_meta_sub_protein.pdb,/rds/general/user/cr725/home/aev-plig_research/github_tsBAP_official/data/fep/fep_benchmark_inputs/structure_inputs/gpcrs/p2y1_meta_sub_ligands_split/p2y1_meta_sub_molecule_11a.sdf,p2y1_meta_sub,-7.774801731109619,-7.059999942779541,484,5.3055935,5.3055935
485,p2y1_meta_sub_molecule_6e,/rds/general/user/cr725/home/aev-plig_research/github_tsBAP_official/data/fep/fep_benchmark_inputs/structure_inputs/gpcrs/p2y1_meta_sub_protein.pdb,/rds/general/user/cr725/home/aev-plig_research/github_tsBAP_official/data/fep/fep_benchmark_inputs/structure_inputs/gpcrs/p2y1_meta_sub_ligands_split/p2y1_meta_sub_molecule_6e.sdf,p2y1_meta_sub,-9.403467178344728,-10.1899995803833,485,4.516447,4.516447
486,p2y1_meta_sub_molecule_11c,/rds/general/user/cr725/home/aev-plig_research/github_tsBAP_official/data/fep/fep_benchmark_inputs/structure_inputs/gpcrs/p2y1_meta_sub_protein.pdb,/rds/general/user/cr725/home/aev-plig_research/github_tsBAP_official/data/fep/fep_benchmark_inputs/structure_inputs/gpcrs/p2y1_meta_sub_ligands_split/p2y1_meta_sub_molecule_11c.sdf,p2y1_meta_sub,-10.20659351348877,-9.239999771118164,486,6.029394,6.029394
487,p2y1_meta_sub_molecule_6b,/rds/general/user/cr725/home/aev-plig_research/github_tsBAP_official/data/fep/fep_benchmark_inputs/structure_inputs/gpcrs/p2y1_meta_sub_protein.pdb,/rds/general/user/cr725/home/aev-plig_research/github_tsBAP_official/data/fep/fep_benchmark_inputs/structure_inputs/gpcrs/p2y1_meta_sub_ligands_split/p2y1_meta_sub_molecule_6b.sdf,p2y1_meta_sub,-9.99706745147705,-8.210000038146973,487,4.6755238,4.6755238
488,p2y1_meta_sub_molecule_1,/rds/general/user/cr725/home/aev-plig_research/github_tsBAP_official/data/fep/fep_benchmark_inputs/structure_inputs/gpcrs/p2y1_meta_sub_protein.pdb,/rds/general/user/cr725/home/aev-plig_research/github_tsBAP_official/data/fep/fep_benchmark_inputs/structure_inputs/gpcrs/p2y1_meta_sub_ligands_split/p2y1_meta_sub_molecule_1.sdf,p2y1_meta_sub,-9.720174789428713,-8.859999656677246,488,4.4768863,4.4768863
489,p2y1_meta_sub_molecule_6a,/rds/general/user/cr725/home/aev-plig_research/github_tsBAP_official/data/fep/fep_benchmark_inputs/structure_inputs/gpcrs/p2y1_meta_sub_protein.pdb,/rds/general/user/cr725/home/aev-plig_research/github_tsBAP_official/data/fep/fep_benchmark_inputs/structure_inputs/gpcrs/p2y1_meta_sub_ligands_split/p2y1_meta_sub_molecule_6a.sdf,p2y1_meta_sub,-9.231863975524902,-8.25,489,4.9489007,4.9489007
490,p2y1_meta_sub_molecule_6f,/rds/general/user/cr725/home/aev-plig_research/github_tsBAP_official/data/fep/fep_benchmark_inputs/structure_inputs/gpcrs/p2y1_meta_sub_protein.pdb,/rds/general/user/cr725/home/aev-plig_research/github_tsBAP_official/data/fep/fep_benchmark_inputs/structure_inputs/gpcrs/p2y1_meta_sub_ligands_split/p2y1_meta_sub_molecule_6f.sdf,p2y1_meta_sub,-9.329582214355469,-9.0,490,4.5239797,4.5239797
491,p2y1_meta_sub_molecule_6h,/rds/general/user/cr725/home/aev-plig_research/github_tsBAP_official/data/fep/fep_benchmark_inputs/structure_inputs/gpcrs/p2y1_meta_sub_protein.pdb,/rds/general/user/cr725/home/aev-plig_research/github_tsBAP_official/data/fep/fep_benchmark_inputs/structure_inputs/gpcrs/p2y1_meta_sub_ligands_split/p2y1_meta_sub_molecule_6h.sdf,p2y1_meta_sub,-9.984593391418455,-9.1899995803833,491,4.934806,4.934806
492,p2y1_meta_sub_molecule_6d,/rds/general/user/cr725/home/aev-plig_research/github_tsBAP_official/data/fep/fep_benchmark_inputs/structure_inputs/gpcrs/p2y1_meta_sub_protein.pdb,/rds/general/user/cr725/home/aev-plig_research/github_tsBAP_official/data/fep/fep_benchmark_inputs/structure_inputs/gpcrs/p2y1_meta_sub_ligands_split/p2y1_meta_sub_molecule_6d.sdf,p2y1_meta_sub,-8.4812650680542,-9.119999885559082,492,4.657397,4.657397
493,p2y1_meta_sub_molecule_6i,/rds/general/user/cr725/home/aev-plig_research/github_tsBAP_official/data/fep/fep_benchmark_inputs/structure_inputs/gpcrs/p2y1_meta_sub_protein.pdb,/rds/general/user/cr725/home/aev-plig_research/github_tsBAP_official/data/fep/fep_benchmark_inputs/structure_inputs/gpcrs/p2y1_meta_sub_ligands_split/p2y1_meta_sub_molecule_6i.sdf,p2y1_meta_sub,-10.24363613128662,-10.539999961853027,493,5.7030015,5.7030015
494,p2y1_meta_sub_molecule_6g,/rds/general/user/cr725/home/aev-plig_research/github_tsBAP_official/data/fep/fep_benchmark_inputs/structure_inputs/gpcrs/p2y1_meta_sub_protein.pdb,/rds/general/user/cr725/home/aev-plig_research/github_tsBAP_official/data/fep/fep_benchmark_inputs/structure_inputs/gpcrs/p2y1_meta_sub_ligands_split/p2y1_meta_sub_molecule_6g.sdf,p2y1_meta_sub,-9.769577026367188,-9.84000015258789,494,4.539675,4.539675
495,p2y1_meta_sub_molecule_6n,/rds/general/user/cr725/home/aev-plig_research/github_tsBAP_official/data/fep/fep_benchmark_inputs/structure_inputs/gpcrs/p2y1_meta_sub_protein.pdb,/rds/general/user/cr725/home/aev-plig_research/github_tsBAP_official/data/fep/fep_benchmark_inputs/structure_inputs/gpcrs/p2y1_meta_sub_ligands_split/p2y1_meta_sub_molecule_6n.sdf,p2y1_meta_sub,-8.517489433288574,-7.769999980926514,495,3.4074192,3.4074192
496,p2y1_meta_sub_molecule_6m,/rds/general/user/cr725/home/aev-plig_research/github_tsBAP_official/data/fep/fep_benchmark_inputs/structure_inputs/gpcrs/p2y1_meta_sub_protein.pdb,/rds/general/user/cr725/home/aev-plig_research/github_tsBAP_official/data/fep/fep_benchmark_inputs/structure_inputs/gpcrs/p2y1_meta_sub_ligands_split/p2y1_meta_sub_molecule_6m.sdf,p2y1_meta_sub,-8.589093208312988,-8.0600004196167,496,5.821601,5.821601
497,p2y1_meta_sub_molecule_6p,/rds/general/user/cr725/home/aev-plig_research/github_tsBAP_official/data/fep/fep_benchmark_inputs/structure_inputs/gpcrs/p2y1_meta_sub_protein.pdb,/rds/general/user/cr725/home/aev-plig_research/github_tsBAP_official/data/fep/fep_benchmark_inputs/structure_inputs/gpcrs/p2y1_meta_sub_ligands_split/p2y1_meta_sub_molecule_6p.sdf,p2y1_meta_sub,-9.653029441833496,-10.989999771118164,497,4.3717394,4.3717394
498,p2y1_meta_sub_molecule_6k,/rds/general/user/cr725/home/aev-plig_research/github_tsBAP_official/data/fep/fep_benchmark_inputs/structure_inputs/gpcrs/p2y1_meta_sub_protein.pdb,/rds/general/user/cr725/home/aev-plig_research/github_tsBAP_official/data/fep/fep_benchmark_inputs/structure_inputs/gpcrs/p2y1_meta_sub_ligands_split/p2y1_meta_sub_molecule_6k.sdf,p2y1_meta_sub,-10.303940773010254,-10.850000381469728,498,4.9052052,4.9052052
499,p2y1_meta_sub_molecule_6o,/rds/general/user/cr725/home/aev-plig_research/github_tsBAP_official/data/fep/fep_benchmark_inputs/structure_inputs/gpcrs/p2y1_meta_sub_protein.pdb,/rds/general/user/cr725/home/aev-plig_research/github_tsBAP_official/data/fep/fep_benchmark_inputs/structure_inputs/gpcrs/p2y1_meta_sub_ligands_split/p2y1_meta_sub_molecule_6o.sdf,p2y1_meta_sub,-8.446208000183105,-9.399999618530272,499,4.553275,4.553275
500,p2y1_meta_sub_molecule_6q,/rds/general/user/cr725/home/aev-plig_research/github_tsBAP_official/data/fep/fep_benchmark_inputs/structure_inputs/gpcrs/p2y1_meta_sub_protein.pdb,/rds/general/user/cr725/home/aev-plig_research/github_tsBAP_official/data/fep/fep_benchmark_inputs/structure_inputs/gpcrs/p2y1_meta_sub_ligands_split/p2y1_meta_sub_molecule_6q.sdf,p2y1_meta_sub,-9.238834381103516,-10.609999656677246,500,4.379607,4.379607
501,p2y1_meta_sub_molecule_6l,/rds/general/user/cr725/home/aev-plig_research/github_tsBAP_official/data/fep/fep_benchmark_inputs/structure_inputs/gpcrs/p2y1_meta_sub_protein.pdb,/rds/general/user/cr725/home/aev-plig_research/github_tsBAP_official/data/fep/fep_benchmark_inputs/structure_inputs/gpcrs/p2y1_meta_sub_ligands_split/p2y1_meta_sub_molecule_6l.sdf,p2y1_meta_sub,-10.474388122558594,-8.550000190734863,501,4.7512655,4.7512655
502,p2y1_meta_sub_molecule_6j,/rds/general/user/cr725/home/aev-plig_research/github_tsBAP_official/data/fep/fep_benchmark_inputs/structure_inputs/gpcrs/p2y1_meta_sub_protein.pdb,/rds/general/user/cr725/home/aev-plig_research/github_tsBAP_official/data/fep/fep_benchmark_inputs/structure_inputs/gpcrs/p2y1_meta_sub_ligands_split/p2y1_meta_sub_molecule_6j.sdf,p2y1_meta_sub,-8.873682975769043,-10.609999656677246,502,14.626505,14.626505
503,p2y1_ortho_sub_molecule_16,/rds/general/user/cr725/home/aev-plig_research/github_tsBAP_official/data/fep/fep_benchmark_inputs/structure_inputs/gpcrs/p2y1_ortho_sub_protein.pdb,/rds/general/user/cr725/home/aev-plig_research/github_tsBAP_official/data/fep/fep_benchmark_inputs/structure_inputs/gpcrs/p2y1_ortho_sub_ligands_split/p2y1_ortho_sub_molecule_16.sdf,p2y1_ortho_sub,-11.216630935668944,-12.25,503,17.736942,17.736942
504,p2y1_ortho_sub_molecule_11b,/rds/general/user/cr725/home/aev-plig_research/github_tsBAP_official/data/fep/fep_benchmark_inputs/structure_inputs/gpcrs/p2y1_ortho_sub_protein.pdb,/rds/general/user/cr725/home/aev-plig_research/github_tsBAP_official/data/fep/fep_benchmark_inputs/structure_inputs/gpcrs/p2y1_ortho_sub_ligands_split/p2y1_ortho_sub_molecule_11b.sdf,p2y1_ortho_sub,-10.565719604492188,-10.329999923706056,504,6.335427,6.335427
505,p2y1_ortho_sub_molecule_17,/rds/general/user/cr725/home/aev-plig_research/github_tsBAP_official/data/fep/fep_benchmark_inputs/structure_inputs/gpcrs/p2y1_ortho_sub_protein.pdb,/rds/general/user/cr725/home/aev-plig_research/github_tsBAP_official/data/fep/fep_benchmark_inputs/structure_inputs/gpcrs/p2y1_ortho_sub_ligands_split/p2y1_ortho_sub_molecule_17.sdf,p2y1_ortho_sub,-11.046183586120604,-12.199999809265137,505,6.573422,6.573422
506,p2y1_ortho_sub_molecule_14,/rds/general/user/cr725/home/aev-plig_research/github_tsBAP_official/data/fep/fep_benchmark_inputs/structure_inputs/gpcrs/p2y1_ortho_sub_protein.pdb,/rds/general/user/cr725/home/aev-plig_research/github_tsBAP_official/data/fep/fep_benchmark_inputs/structure_inputs/gpcrs/p2y1_ortho_sub_ligands_split/p2y1_ortho_sub_molecule_14.sdf,p2y1_ortho_sub,-9.21816349029541,-9.65999984741211,506,6.4598827,6.4598827
507,p2y1_ortho_sub_molecule_11e,/rds/general/user/cr725/home/aev-plig_research/github_tsBAP_official/data/fep/fep_benchmark_inputs/structure_inputs/gpcrs/p2y1_ortho_sub_protein.pdb,/rds/general/user/cr725/home/aev-plig_research/github_tsBAP_official/data/fep/fep_benchmark_inputs/structure_inputs/gpcrs/p2y1_ortho_sub_ligands_split/p2y1_ortho_sub_molecule_11e.sdf,p2y1_ortho_sub,-9.704582214355469,-8.4399995803833,507,4.5627584,4.5627584
508,p2y1_ortho_sub_molecule_11d,/rds/general/user/cr725/home/aev-plig_research/github_tsBAP_official/data/fep/fep_benchmark_inputs/structure_inputs/gpcrs/p2y1_ortho_sub_protein.pdb,/rds/general/user/cr725/home/aev-plig_research/github_tsBAP_official/data/fep/fep_benchmark_inputs/structure_inputs/gpcrs/p2y1_ortho_sub_ligands_split/p2y1_ortho_sub_molecule_11d.sdf,p2y1_ortho_sub,-10.303940773010254,-9.5600004196167,508,5.8543596,5.8543596
509,p2y1_ortho_sub_molecule_11f,/rds/general/user/cr725/home/aev-plig_research/github_tsBAP_official/data/fep/fep_benchmark_inputs/structure_inputs/gpcrs/p2y1_ortho_sub_protein.pdb,/rds/general/user/cr725/home/aev-plig_research/github_tsBAP_official/data/fep/fep_benchmark_inputs/structure_inputs/gpcrs/p2y1_ortho_sub_ligands_split/p2y1_ortho_sub_molecule_11f.sdf,p2y1_ortho_sub,-9.228408813476562,-8.380000114440918,509,4.188794,4.188794
510,p2y1_ortho_sub_molecule_18,/rds/general/user/cr725/home/aev-plig_research/github_tsBAP_official/data/fep/fep_benchmark_inputs/structure_inputs/gpcrs/p2y1_ortho_sub_protein.pdb,/rds/general/user/cr725/home/aev-plig_research/github_tsBAP_official/data/fep/fep_benchmark_inputs/structure_inputs/gpcrs/p2y1_ortho_sub_ligands_split/p2y1_ortho_sub_molecule_18.sdf,p2y1_ortho_sub,-11.125299453735352,-11.489999771118164,510,6.096985,6.096985
511,p2y1_ortho_sub_molecule_12,/rds/general/user/cr725/home/aev-plig_research/github_tsBAP_official/data/fep/fep_benchmark_inputs/structure_inputs/gpcrs/p2y1_ortho_sub_protein.pdb,/rds/general/user/cr725/home/aev-plig_research/github_tsBAP_official/data/fep/fep_benchmark_inputs/structure_inputs/gpcrs/p2y1_ortho_sub_ligands_split/p2y1_ortho_sub_molecule_12.sdf,p2y1_ortho_sub,-11.125299453735352,-10.90999984741211,511,6.532442,6.532442
512,p2y1_ortho_sub_molecule_11a,/rds/general/user/cr725/home/aev-plig_research/github_tsBAP_official/data/fep/fep_benchmark_inputs/structure_inputs/gpcrs/p2y1_ortho_sub_protein.pdb,/rds/general/user/cr725/home/aev-plig_research/github_tsBAP_official/data/fep/fep_benchmark_inputs/structure_inputs/gpcrs/p2y1_ortho_sub_ligands_split/p2y1_ortho_sub_molecule_11a.sdf,p2y1_ortho_sub,-7.774801731109619,-7.059999942779541,512,4.9914823,4.9914823
513,p2y1_ortho_sub_molecule_19,/rds/general/user/cr725/home/aev-plig_research/github_tsBAP_official/data/fep/fep_benchmark_inputs/structure_inputs/gpcrs/p2y1_ortho_sub_protein.pdb,/rds/general/user/cr725/home/aev-plig_research/github_tsBAP_official/data/fep/fep_benchmark_inputs/structure_inputs/gpcrs/p2y1_ortho_sub_ligands_split/p2y1_ortho_sub_molecule_19.sdf,p2y1_ortho_sub,-10.635504722595217,-11.449999809265137,513,19.572163,19.572163
514,p2y1_ortho_sub_molecule_13,/rds/general/user/cr725/home/aev-plig_research/github_tsBAP_official/data/fep/fep_benchmark_inputs/structure_inputs/gpcrs/p2y1_ortho_sub_protein.pdb,/rds/general/user/cr725/home/aev-plig_research/github_tsBAP_official/data/fep/fep_benchmark_inputs/structure_inputs/gpcrs/p2y1_ortho_sub_ligands_split/p2y1_ortho_sub_molecule_13.sdf,p2y1_ortho_sub,-10.5032958984375,-11.890000343322754,514,6.458007,6.458007
515,bace_keranen_p2_molecule_29,/rds/general/user/cr725/home/aev-plig_research/github_tsBAP_official/data/fep/fep_benchmark_inputs/structure_inputs/janssen_bace/bace_keranen_p2_protein.pdb,/rds/general/user/cr725/home/aev-plig_research/github_tsBAP_official/data/fep/fep_benchmark_inputs/structure_inputs/janssen_bace/bace_keranen_p2_ligands_split/bace_keranen_p2_molecule_29.sdf,bace_keranen_p2,-9.989999771118164,-9.979999542236328,515,8.008791,8.008791
516,bace_keranen_p2_molecule_30,/rds/general/user/cr725/home/aev-plig_research/github_tsBAP_official/data/fep/fep_benchmark_inputs/structure_inputs/janssen_bace/bace_keranen_p2_protein.pdb,/rds/general/user/cr725/home/aev-plig_research/github_tsBAP_official/data/fep/fep_benchmark_inputs/structure_inputs/janssen_bace/bace_keranen_p2_ligands_split/bace_keranen_p2_molecule_30.sdf,bace_keranen_p2,-10.359999656677246,-10.0600004196167,516,4.033791,4.033791
517,bace_keranen_p2_molecule_31,/rds/general/user/cr725/home/aev-plig_research/github_tsBAP_official/data/fep/fep_benchmark_inputs/structure_inputs/janssen_bace/bace_keranen_p2_protein.pdb,/rds/general/user/cr725/home/aev-plig_research/github_tsBAP_official/data/fep/fep_benchmark_inputs/structure_inputs/janssen_bace/bace_keranen_p2_ligands_split/bace_keranen_p2_molecule_31.sdf,bace_keranen_p2,-10.359999656677246,-9.93000030517578,517,4.0874166,4.0874166
518,bace_keranen_p2_molecule_32,/rds/general/user/cr725/home/aev-plig_research/github_tsBAP_official/data/fep/fep_benchmark_inputs/structure_inputs/janssen_bace/bace_keranen_p2_protein.pdb,/rds/general/user/cr725/home/aev-plig_research/github_tsBAP_official/data/fep/fep_benchmark_inputs/structure_inputs/janssen_bace/bace_keranen_p2_ligands_split/bace_keranen_p2_molecule_32.sdf,bace_keranen_p2,-10.359999656677246,-9.8100004196167,518,3.9927986,3.9927986
519,bace_keranen_p2_molecule_33,/rds/general/user/cr725/home/aev-plig_research/github_tsBAP_official/data/fep/fep_benchmark_inputs/structure_inputs/janssen_bace/bace_keranen_p2_protein.pdb,/rds/general/user/cr725/home/aev-plig_research/github_tsBAP_official/data/fep/fep_benchmark_inputs/structure_inputs/janssen_bace/bace_keranen_p2_ligands_split/bace_keranen_p2_molecule_33.sdf,bace_keranen_p2,-10.239999771118164,-10.220000267028809,519,6.052118,6.052118
520,bace_keranen_p2_molecule_34,/rds/general/user/cr725/home/aev-plig_research/github_tsBAP_official/data/fep/fep_benchmark_inputs/structure_inputs/janssen_bace/bace_keranen_p2_protein.pdb,/rds/general/user/cr725/home/aev-plig_research/github_tsBAP_official/data/fep/fep_benchmark_inputs/structure_inputs/janssen_bace/bace_keranen_p2_ligands_split/bace_keranen_p2_molecule_34.sdf,bace_keranen_p2,-10.149999618530272,-10.1899995803833,520,8.758047,8.758047
521,bace_keranen_p2_molecule_35,/rds/general/user/cr725/home/aev-plig_research/github_tsBAP_official/data/fep/fep_benchmark_inputs/structure_inputs/janssen_bace/bace_keranen_p2_protein.pdb,/rds/general/user/cr725/home/aev-plig_research/github_tsBAP_official/data/fep/fep_benchmark_inputs/structure_inputs/janssen_bace/bace_keranen_p2_ligands_split/bace_keranen_p2_molecule_35.sdf,bace_keranen_p2,-9.8100004196167,-9.890000343322754,521,8.742469,8.742469
522,bace_keranen_p2_molecule_36_out,/rds/general/user/cr725/home/aev-plig_research/github_tsBAP_official/data/fep/fep_benchmark_inputs/structure_inputs/janssen_bace/bace_keranen_p2_protein.pdb,/rds/general/user/cr725/home/aev-plig_research/github_tsBAP_official/data/fep/fep_benchmark_inputs/structure_inputs/janssen_bace/bace_keranen_p2_ligands_split/bace_keranen_p2_molecule_36_out.sdf,bace_keranen_p2,-10.359999656677246,-10.010000228881836,522,8.404853,8.404853
523,bace_keranen_p2_molecule_37_out,/rds/general/user/cr725/home/aev-plig_research/github_tsBAP_official/data/fep/fep_benchmark_inputs/structure_inputs/janssen_bace/bace_keranen_p2_protein.pdb,/rds/general/user/cr725/home/aev-plig_research/github_tsBAP_official/data/fep/fep_benchmark_inputs/structure_inputs/janssen_bace/bace_keranen_p2_ligands_split/bace_keranen_p2_molecule_37_out.sdf,bace_keranen_p2,-10.5600004196167,-10.899999618530272,523,8.058995,8.058995
524,bace_keranen_p2_molecule_39_out,/rds/general/user/cr725/home/aev-plig_research/github_tsBAP_official/data/fep/fep_benchmark_inputs/structure_inputs/janssen_bace/bace_keranen_p2_protein.pdb,/rds/general/user/cr725/home/aev-plig_research/github_tsBAP_official/data/fep/fep_benchmark_inputs/structure_inputs/janssen_bace/bace_keranen_p2_ligands_split/bace_keranen_p2_molecule_39_out.sdf,bace_keranen_p2,-9.68000030517578,-10.550000190734863,524,5.212557,5.212557
525,bace_keranen_p2_molecule_38_out,/rds/general/user/cr725/home/aev-plig_research/github_tsBAP_official/data/fep/fep_benchmark_inputs/structure_inputs/janssen_bace/bace_keranen_p2_protein.pdb,/rds/general/user/cr725/home/aev-plig_research/github_tsBAP_official/data/fep/fep_benchmark_inputs/structure_inputs/janssen_bace/bace_keranen_p2_ligands_split/bace_keranen_p2_molecule_38_out.sdf,bace_keranen_p2,-10.489999771118164,-11.010000228881836,525,8.711908,8.711908
526,bace_keranen_p2_molecule_28_out,/rds/general/user/cr725/home/aev-plig_research/github_tsBAP_official/data/fep/fep_benchmark_inputs/structure_inputs/janssen_bace/bace_keranen_p2_protein.pdb,/rds/general/user/cr725/home/aev-plig_research/github_tsBAP_official/data/fep/fep_benchmark_inputs/structure_inputs/janssen_bace/bace_keranen_p2_ligands_split/bace_keranen_p2_molecule_28_out.sdf,bace_keranen_p2,-10.489999771118164,-10.239999771118164,526,8.148097,8.148097
527,bace_ciordia_retro_molecule_1a,/rds/general/user/cr725/home/aev-plig_research/github_tsBAP_official/data/fep/fep_benchmark_inputs/structure_inputs/janssen_bace/bace_ciordia_retro_protein.pdb,/rds/general/user/cr725/home/aev-plig_research/github_tsBAP_official/data/fep/fep_benchmark_inputs/structure_inputs/janssen_bace/bace_ciordia_retro_ligands_split/bace_ciordia_retro_molecule_1a.sdf,bace_ciordia_retro,-6.084681987762451,-6.610000133514404,527,9.450035,9.450035
528,bace_ciordia_retro_molecule_11,/rds/general/user/cr725/home/aev-plig_research/github_tsBAP_official/data/fep/fep_benchmark_inputs/structure_inputs/janssen_bace/bace_ciordia_retro_protein.pdb,/rds/general/user/cr725/home/aev-plig_research/github_tsBAP_official/data/fep/fep_benchmark_inputs/structure_inputs/janssen_bace/bace_ciordia_retro_ligands_split/bace_ciordia_retro_molecule_11.sdf,bace_ciordia_retro,-8.703369140625,-9.130000114440918,528,7.515379,7.515379
529,bace_ciordia_retro_molecule_12,/rds/general/user/cr725/home/aev-plig_research/github_tsBAP_official/data/fep/fep_benchmark_inputs/structure_inputs/janssen_bace/bace_ciordia_retro_protein.pdb,/rds/general/user/cr725/home/aev-plig_research/github_tsBAP_official/data/fep/fep_benchmark_inputs/structure_inputs/janssen_bace/bace_ciordia_retro_ligands_split/bace_ciordia_retro_molecule_12.sdf,bace_ciordia_retro,-10.45694637298584,-9.640000343322754,529,7.689512,7.689512
530,bace_ciordia_retro_molecule_13,/rds/general/user/cr725/home/aev-plig_research/github_tsBAP_official/data/fep/fep_benchmark_inputs/structure_inputs/janssen_bace/bace_ciordia_retro_protein.pdb,/rds/general/user/cr725/home/aev-plig_research/github_tsBAP_official/data/fep/fep_benchmark_inputs/structure_inputs/janssen_bace/bace_ciordia_retro_ligands_split/bace_ciordia_retro_molecule_13.sdf,bace_ciordia_retro,-9.64326286315918,-9.619999885559082,530,4.6533237,4.6533237
531,bace_ciordia_retro_molecule_14,/rds/general/user/cr725/home/aev-plig_research/github_tsBAP_official/data/fep/fep_benchmark_inputs/structure_inputs/janssen_bace/bace_ciordia_retro_protein.pdb,/rds/general/user/cr725/home/aev-plig_research/github_tsBAP_official/data/fep/fep_benchmark_inputs/structure_inputs/janssen_bace/bace_ciordia_retro_ligands_split/bace_ciordia_retro_molecule_14.sdf,bace_ciordia_retro,-9.8362398147583,-9.130000114440918,531,7.2725053,7.2725053
532,bace_ciordia_retro_molecule_15,/rds/general/user/cr725/home/aev-plig_research/github_tsBAP_official/data/fep/fep_benchmark_inputs/structure_inputs/janssen_bace/bace_ciordia_retro_protein.pdb,/rds/general/user/cr725/home/aev-plig_research/github_tsBAP_official/data/fep/fep_benchmark_inputs/structure_inputs/janssen_bace/bace_ciordia_retro_ligands_split/bace_ciordia_retro_molecule_15.sdf,bace_ciordia_retro,-7.917439460754394,-9.109999656677246,532,7.7216,7.7216
533,bace_ciordia_retro_molecule_16,/rds/general/user/cr725/home/aev-plig_research/github_tsBAP_official/data/fep/fep_benchmark_inputs/structure_inputs/janssen_bace/bace_ciordia_retro_protein.pdb,/rds/general/user/cr725/home/aev-plig_research/github_tsBAP_official/data/fep/fep_benchmark_inputs/structure_inputs/janssen_bace/bace_ciordia_retro_ligands_split/bace_ciordia_retro_molecule_16.sdf,bace_ciordia_retro,-7.057740211486816,-9.119999885559082,533,7.746213,7.746213
534,bace_ciordia_retro_molecule_17,/rds/general/user/cr725/home/aev-plig_research/github_tsBAP_official/data/fep/fep_benchmark_inputs/structure_inputs/janssen_bace/bace_ciordia_retro_protein.pdb,/rds/general/user/cr725/home/aev-plig_research/github_tsBAP_official/data/fep/fep_benchmark_inputs/structure_inputs/janssen_bace/bace_ciordia_retro_ligands_split/bace_ciordia_retro_molecule_17.sdf,bace_ciordia_retro,-10.365072250366213,-10.460000038146973,534,10.189075,10.189075
535,bace_ciordia_retro_molecule_18,/rds/general/user/cr725/home/aev-plig_research/github_tsBAP_official/data/fep/fep_benchmark_inputs/structure_inputs/janssen_bace/bace_ciordia_retro_protein.pdb,/rds/general/user/cr725/home/aev-plig_research/github_tsBAP_official/data/fep/fep_benchmark_inputs/structure_inputs/janssen_bace/bace_ciordia_retro_ligands_split/bace_ciordia_retro_molecule_18.sdf,bace_ciordia_retro,-9.900985717773438,-8.970000267028809,535,8.472036,8.472036
536,bace_ciordia_retro_molecule_19,/rds/general/user/cr725/home/aev-plig_research/github_tsBAP_official/data/fep/fep_benchmark_inputs/structure_inputs/janssen_bace/bace_ciordia_retro_protein.pdb,/rds/general/user/cr725/home/aev-plig_research/github_tsBAP_official/data/fep/fep_benchmark_inputs/structure_inputs/janssen_bace/bace_ciordia_retro_ligands_split/bace_ciordia_retro_molecule_19.sdf,bace_ciordia_retro,-9.910837173461914,-9.039999961853027,536,8.286437,8.286437
537,bace_ciordia_retro_molecule_20,/rds/general/user/cr725/home/aev-plig_research/github_tsBAP_official/data/fep/fep_benchmark_inputs/structure_inputs/janssen_bace/bace_ciordia_retro_protein.pdb,/rds/general/user/cr725/home/aev-plig_research/github_tsBAP_official/data/fep/fep_benchmark_inputs/structure_inputs/janssen_bace/bace_ciordia_retro_ligands_split/bace_ciordia_retro_molecule_20.sdf,bace_ciordia_retro,-10.167583465576172,-10.039999961853027,537,11.434235,11.434235
538,bace_ciordia_retro_molecule_21,/rds/general/user/cr725/home/aev-plig_research/github_tsBAP_official/data/fep/fep_benchmark_inputs/structure_inputs/janssen_bace/bace_ciordia_retro_protein.pdb,/rds/general/user/cr725/home/aev-plig_research/github_tsBAP_official/data/fep/fep_benchmark_inputs/structure_inputs/janssen_bace/bace_ciordia_retro_ligands_split/bace_ciordia_retro_molecule_21.sdf,bace_ciordia_retro,-10.215289115905762,-9.649999618530272,538,11.01648,11.01648
539,bace_ciordia_retro_molecule_22,/rds/general/user/cr725/home/aev-plig_research/github_tsBAP_official/data/fep/fep_benchmark_inputs/structure_inputs/janssen_bace/bace_ciordia_retro_protein.pdb,/rds/general/user/cr725/home/aev-plig_research/github_tsBAP_official/data/fep/fep_benchmark_inputs/structure_inputs/janssen_bace/bace_ciordia_retro_ligands_split/bace_ciordia_retro_molecule_22.sdf,bace_ciordia_retro,-7.606921672821045,-8.829999923706055,539,6.704977,6.704977
540,bace_ciordia_retro_molecule_23,/rds/general/user/cr725/home/aev-plig_research/github_tsBAP_official/data/fep/fep_benchmark_inputs/structure_inputs/janssen_bace/bace_ciordia_retro_protein.pdb,/rds/general/user/cr725/home/aev-plig_research/github_tsBAP_official/data/fep/fep_benchmark_inputs/structure_inputs/janssen_bace/bace_ciordia_retro_ligands_split/bace_ciordia_retro_molecule_23.sdf,bace_ciordia_retro,-9.818963050842283,-9.0600004196167,540,5.3235826,5.3235826
541,bace_ciordia_retro_molecule_24,/rds/general/user/cr725/home/aev-plig_research/github_tsBAP_official/data/fep/fep_benchmark_inputs/structure_inputs/janssen_bace/bace_ciordia_retro_protein.pdb,/rds/general/user/cr725/home/aev-plig_research/github_tsBAP_official/data/fep/fep_benchmark_inputs/structure_inputs/janssen_bace/bace_ciordia_retro_ligands_split/bace_ciordia_retro_molecule_24.sdf,bace_ciordia_retro,-9.785843849182127,-8.850000381469727,541,8.559036,8.559036
542,bace_ciordia_retro_molecule_25,/rds/general/user/cr725/home/aev-plig_research/github_tsBAP_official/data/fep/fep_benchmark_inputs/structure_inputs/janssen_bace/bace_ciordia_retro_protein.pdb,/rds/general/user/cr725/home/aev-plig_research/github_tsBAP_official/data/fep/fep_benchmark_inputs/structure_inputs/janssen_bace/bace_ciordia_retro_ligands_split/bace_ciordia_retro_molecule_25.sdf,bace_ciordia_retro,-8.870043754577637,-9.25,542,6.4654016,6.4654016
543,bace_ciordia_retro_molecule_26,/rds/general/user/cr725/home/aev-plig_research/github_tsBAP_official/data/fep/fep_benchmark_inputs/structure_inputs/janssen_bace/bace_ciordia_retro_protein.pdb,/rds/general/user/cr725/home/aev-plig_research/github_tsBAP_official/data/fep/fep_benchmark_inputs/structure_inputs/janssen_bace/bace_ciordia_retro_ligands_split/bace_ciordia_retro_molecule_26.sdf,bace_ciordia_retro,-10.365072250366213,-9.31999969482422,543,8.104933,8.104933
544,bace_ciordia_retro_molecule_27,/rds/general/user/cr725/home/aev-plig_research/github_tsBAP_official/data/fep/fep_benchmark_inputs/structure_inputs/janssen_bace/bace_ciordia_retro_protein.pdb,/rds/general/user/cr725/home/aev-plig_research/github_tsBAP_official/data/fep/fep_benchmark_inputs/structure_inputs/janssen_bace/bace_ciordia_retro_ligands_split/bace_ciordia_retro_molecule_27.sdf,bace_ciordia_retro,-9.612375259399414,-9.460000038146973,544,8.161535,8.161535
545,bace_ciordia_retro_molecule_28,/rds/general/user/cr725/home/aev-plig_research/github_tsBAP_official/data/fep/fep_benchmark_inputs/structure_inputs/janssen_bace/bace_ciordia_retro_protein.pdb,/rds/general/user/cr725/home/aev-plig_research/github_tsBAP_official/data/fep/fep_benchmark_inputs/structure_inputs/janssen_bace/bace_ciordia_retro_ligands_split/bace_ciordia_retro_molecule_28.sdf,bace_ciordia_retro,-8.997004508972168,-9.0600004196167,545,9.128368,9.128368
546,bace_ciordia_retro_molecule_29,/rds/general/user/cr725/home/aev-plig_research/github_tsBAP_official/data/fep/fep_benchmark_inputs/structure_inputs/janssen_bace/bace_ciordia_retro_protein.pdb,/rds/general/user/cr725/home/aev-plig_research/github_tsBAP_official/data/fep/fep_benchmark_inputs/structure_inputs/janssen_bace/bace_ciordia_retro_ligands_split/bace_ciordia_retro_molecule_29.sdf,bace_ciordia_retro,-8.735666275024414,-8.069999694824219,546,4.895129,4.895129
547,bace_ciordia_retro_molecule_30,/rds/general/user/cr725/home/aev-plig_research/github_tsBAP_official/data/fep/fep_benchmark_inputs/structure_inputs/janssen_bace/bace_ciordia_retro_protein.pdb,/rds/general/user/cr725/home/aev-plig_research/github_tsBAP_official/data/fep/fep_benchmark_inputs/structure_inputs/janssen_bace/bace_ciordia_retro_ligands_split/bace_ciordia_retro_molecule_30.sdf,bace_ciordia_retro,-6.947381496429443,-8.100000381469727,547,9.545941,9.545941
548,bace_ciordia_retro_molecule_31,/rds/general/user/cr725/home/aev-plig_research/github_tsBAP_official/data/fep/fep_benchmark_inputs/structure_inputs/janssen_bace/bace_ciordia_retro_protein.pdb,/rds/general/user/cr725/home/aev-plig_research/github_tsBAP_official/data/fep/fep_benchmark_inputs/structure_inputs/janssen_bace/bace_ciordia_retro_ligands_split/bace_ciordia_retro_molecule_31.sdf,bace_ciordia_retro,-9.533543586730955,-9.170000076293944,548,7.6033316,7.6033316
549,bace_ciordia_retro_molecule_32,/rds/general/user/cr725/home/aev-plig_research/github_tsBAP_official/data/fep/fep_benchmark_inputs/structure_inputs/janssen_bace/bace_ciordia_retro_protein.pdb,/rds/general/user/cr725/home/aev-plig_research/github_tsBAP_official/data/fep/fep_benchmark_inputs/structure_inputs/janssen_bace/bace_ciordia_retro_ligands_split/bace_ciordia_retro_molecule_32.sdf,bace_ciordia_retro,-7.721524715423584,-8.40999984741211,549,7.3664994,7.3664994
550,bace_ciordia_retro_molecule_33,/rds/general/user/cr725/home/aev-plig_research/github_tsBAP_official/data/fep/fep_benchmark_inputs/structure_inputs/janssen_bace/bace_ciordia_retro_protein.pdb,/rds/general/user/cr725/home/aev-plig_research/github_tsBAP_official/data/fep/fep_benchmark_inputs/structure_inputs/janssen_bace/bace_ciordia_retro_ligands_split/bace_ciordia_retro_molecule_33.sdf,bace_ciordia_retro,-7.13992166519165,-8.75,550,9.828471,9.828471
551,bace_ciordia_retro_molecule_34,/rds/general/user/cr725/home/aev-plig_research/github_tsBAP_official/data/fep/fep_benchmark_inputs/structure_inputs/janssen_bace/bace_ciordia_retro_protein.pdb,/rds/general/user/cr725/home/aev-plig_research/github_tsBAP_official/data/fep/fep_benchmark_inputs/structure_inputs/janssen_bace/bace_ciordia_retro_ligands_split/bace_ciordia_retro_molecule_34.sdf,bace_ciordia_retro,-10.24935531616211,-9.59000015258789,551,8.807083,8.807083
552,bace_ciordia_retro_molecule_35,/rds/general/user/cr725/home/aev-plig_research/github_tsBAP_official/data/fep/fep_benchmark_inputs/structure_inputs/janssen_bace/bace_ciordia_retro_protein.pdb,/rds/general/user/cr725/home/aev-plig_research/github_tsBAP_official/data/fep/fep_benchmark_inputs/structure_inputs/janssen_bace/bace_ciordia_retro_ligands_split/bace_ciordia_retro_molecule_35.sdf,bace_ciordia_retro,-9.881757736206056,-9.06999969482422,552,10.443793,10.443793
553,bace_ciordia_retro_molecule_36,/rds/general/user/cr725/home/aev-plig_research/github_tsBAP_official/data/fep/fep_benchmark_inputs/structure_inputs/janssen_bace/bace_ciordia_retro_protein.pdb,/rds/general/user/cr725/home/aev-plig_research/github_tsBAP_official/data/fep/fep_benchmark_inputs/structure_inputs/janssen_bace/bace_ciordia_retro_ligands_split/bace_ciordia_retro_molecule_36.sdf,bace_ciordia_retro,-10.97872543334961,-10.949999809265137,553,4.8254466,4.8254466
554,bace_ciordia_retro_molecule_37,/rds/general/user/cr725/home/aev-plig_research/github_tsBAP_official/data/fep/fep_benchmark_inputs/structure_inputs/janssen_bace/bace_ciordia_retro_protein.pdb,/rds/general/user/cr725/home/aev-plig_research/github_tsBAP_official/data/fep/fep_benchmark_inputs/structure_inputs/janssen_bace/bace_ciordia_retro_ligands_split/bace_ciordia_retro_molecule_37.sdf,bace_ciordia_retro,-9.450016021728516,-9.100000381469728,554,8.765103,8.765103
555,bace_ciordia_retro_molecule_38,/rds/general/user/cr725/home/aev-plig_research/github_tsBAP_official/data/fep/fep_benchmark_inputs/structure_inputs/janssen_bace/bace_ciordia_retro_protein.pdb,/rds/general/user/cr725/home/aev-plig_research/github_tsBAP_official/data/fep/fep_benchmark_inputs/structure_inputs/janssen_bace/bace_ciordia_retro_ligands_split/bace_ciordia_retro_molecule_38.sdf,bace_ciordia_retro,-9.384933471679688,-9.220000267028809,555,9.328732,9.328732
556,bace_ciordia_retro_molecule_39,/rds/general/user/cr725/home/aev-plig_research/github_tsBAP_official/data/fep/fep_benchmark_inputs/structure_inputs/janssen_bace/bace_ciordia_retro_protein.pdb,/rds/general/user/cr725/home/aev-plig_research/github_tsBAP_official/data/fep/fep_benchmark_inputs/structure_inputs/janssen_bace/bace_ciordia_retro_ligands_split/bace_ciordia_retro_molecule_39.sdf,bace_ciordia_retro,-9.360767364501951,-8.529999732971191,556,8.93451,8.93451
557,bace_ciordia_retro_molecule_40,/rds/general/user/cr725/home/aev-plig_research/github_tsBAP_official/data/fep/fep_benchmark_inputs/structure_inputs/janssen_bace/bace_ciordia_retro_protein.pdb,/rds/general/user/cr725/home/aev-plig_research/github_tsBAP_official/data/fep/fep_benchmark_inputs/structure_inputs/janssen_bace/bace_ciordia_retro_ligands_split/bace_ciordia_retro_molecule_40.sdf,bace_ciordia_retro,-8.64596939086914,-8.800000190734863,557,8.539226,8.539226
558,bace_ciordia_retro_molecule_41,/rds/general/user/cr725/home/aev-plig_research/github_tsBAP_official/data/fep/fep_benchmark_inputs/structure_inputs/janssen_bace/bace_ciordia_retro_protein.pdb,/rds/general/user/cr725/home/aev-plig_research/github_tsBAP_official/data/fep/fep_benchmark_inputs/structure_inputs/janssen_bace/bace_ciordia_retro_ligands_split/bace_ciordia_retro_molecule_41.sdf,bace_ciordia_retro,-9.109971046447754,-9.1899995803833,558,8.548153,8.548153
559,bace_ciordia_retro_molecule_30_protonated,/rds/general/user/cr725/home/aev-plig_research/github_tsBAP_official/data/fep/fep_benchmark_inputs/structure_inputs/janssen_bace/bace_ciordia_retro_protein.pdb,/rds/general/user/cr725/home/aev-plig_research/github_tsBAP_official/data/fep/fep_benchmark_inputs/structure_inputs/janssen_bace/bace_ciordia_retro_ligands_split/bace_ciordia_retro_molecule_30_protonated.sdf,bace_ciordia_retro,-6.947381496429443,-8.100000381469727,559,9.309233,9.309233
560,bace_p3_arg368_in_molecule_8a,/rds/general/user/cr725/home/aev-plig_research/github_tsBAP_official/data/fep/fep_benchmark_inputs/structure_inputs/janssen_bace/bace_p3_arg368_in_protein.pdb,/rds/general/user/cr725/home/aev-plig_research/github_tsBAP_official/data/fep/fep_benchmark_inputs/structure_inputs/janssen_bace/bace_p3_arg368_in_ligands_split/bace_p3_arg368_in_molecule_8a.sdf,bace_p3_arg368_in,-7.789851188659668,-6.289999961853027,560,10.05506,10.05506
561,bace_p3_arg368_in_molecule_8b,/rds/general/user/cr725/home/aev-plig_research/github_tsBAP_official/data/fep/fep_benchmark_inputs/structure_inputs/janssen_bace/bace_p3_arg368_in_protein.pdb,/rds/general/user/cr725/home/aev-plig_research/github_tsBAP_official/data/fep/fep_benchmark_inputs/structure_inputs/janssen_bace/bace_p3_arg368_in_ligands_split/bace_p3_arg368_in_molecule_8b.sdf,bace_p3_arg368_in,-8.512900352478027,-8.270000457763672,561,11.888656,11.888656
562,bace_p3_arg368_in_molecule_8c,/rds/general/user/cr725/home/aev-plig_research/github_tsBAP_official/data/fep/fep_benchmark_inputs/structure_inputs/janssen_bace/bace_p3_arg368_in_protein.pdb,/rds/general/user/cr725/home/aev-plig_research/github_tsBAP_official/data/fep/fep_benchmark_inputs/structure_inputs/janssen_bace/bace_p3_arg368_in_ligands_split/bace_p3_arg368_in_molecule_8c.sdf,bace_p3_arg368_in,-8.308263778686523,-7.670000076293945,562,6.793224,6.793224
563,bace_p3_arg368_in_molecule_8d,/rds/general/user/cr725/home/aev-plig_research/github_tsBAP_official/data/fep/fep_benchmark_inputs/structure_inputs/janssen_bace/bace_p3_arg368_in_protein.pdb,/rds/general/user/cr725/home/aev-plig_research/github_tsBAP_official/data/fep/fep_benchmark_inputs/structure_inputs/janssen_bace/bace_p3_arg368_in_ligands_split/bace_p3_arg368_in_molecule_8d.sdf,bace_p3_arg368_in,-8.349190711975098,-8.470000267028809,563,11.195869,11.195869
564,bace_p3_arg368_in_molecule_8e,/rds/general/user/cr725/home/aev-plig_research/github_tsBAP_official/data/fep/fep_benchmark_inputs/structure_inputs/janssen_bace/bace_p3_arg368_in_protein.pdb,/rds/general/user/cr725/home/aev-plig_research/github_tsBAP_official/data/fep/fep_benchmark_inputs/structure_inputs/janssen_bace/bace_p3_arg368_in_ligands_split/bace_p3_arg368_in_molecule_8e.sdf,bace_p3_arg368_in,-8.417403221130371,-7.510000228881836,564,12.75272,12.75272
565,bace_p3_arg368_in_molecule_8f,/rds/general/user/cr725/home/aev-plig_research/github_tsBAP_official/data/fep/fep_benchmark_inputs/structure_inputs/janssen_bace/bace_p3_arg368_in_protein.pdb,/rds/general/user/cr725/home/aev-plig_research/github_tsBAP_official/data/fep/fep_benchmark_inputs/structure_inputs/janssen_bace/bace_p3_arg368_in_ligands_split/bace_p3_arg368_in_molecule_8f.sdf,bace_p3_arg368_in,-7.462430953979492,-7.590000152587891,565,9.713569,9.713569
566,bace_p3_arg368_in_molecule_8g,/rds/general/user/cr725/home/aev-plig_research/github_tsBAP_official/data/fep/fep_benchmark_inputs/structure_inputs/janssen_bace/bace_p3_arg368_in_protein.pdb,/rds/general/user/cr725/home/aev-plig_research/github_tsBAP_official/data/fep/fep_benchmark_inputs/structure_inputs/janssen_bace/bace_p3_arg368_in_ligands_split/bace_p3_arg368_in_molecule_8g.sdf,bace_p3_arg368_in,-10.35463523864746,-9.399999618530272,566,4.8218946,4.8218946
567,bace_p3_arg368_in_molecule_17a,/rds/general/user/cr725/home/aev-plig_research/github_tsBAP_official/data/fep/fep_benchmark_inputs/structure_inputs/janssen_bace/bace_p3_arg368_in_protein.pdb,/rds/general/user/cr725/home/aev-plig_research/github_tsBAP_official/data/fep/fep_benchmark_inputs/structure_inputs/janssen_bace/bace_p3_arg368_in_ligands_split/bace_p3_arg368_in_molecule_17a.sdf,bace_p3_arg368_in,-10.94126033782959,-9.09000015258789,567,10.02995,10.02995
568,bace_p3_arg368_in_molecule_17b,/rds/general/user/cr725/home/aev-plig_research/github_tsBAP_official/data/fep/fep_benchmark_inputs/structure_inputs/janssen_bace/bace_p3_arg368_in_protein.pdb,/rds/general/user/cr725/home/aev-plig_research/github_tsBAP_official/data/fep/fep_benchmark_inputs/structure_inputs/janssen_bace/bace_p3_arg368_in_ligands_split/bace_p3_arg368_in_molecule_17b.sdf,bace_p3_arg368_in,-11.5824556350708,-11.460000038146973,568,11.421202,11.421202
569,bace_p3_arg368_in_molecule_17c,/rds/general/user/cr725/home/aev-plig_research/github_tsBAP_official/data/fep/fep_benchmark_inputs/structure_inputs/janssen_bace/bace_p3_arg368_in_protein.pdb,/rds/general/user/cr725/home/aev-plig_research/github_tsBAP_official/data/fep/fep_benchmark_inputs/structure_inputs/janssen_bace/bace_p3_arg368_in_ligands_split/bace_p3_arg368_in_molecule_17c.sdf,bace_p3_arg368_in,-11.74616527557373,-10.800000190734863,569,6.6287336,6.6287336
570,bace_p3_arg368_in_molecule_17d,/rds/general/user/cr725/home/aev-plig_research/github_tsBAP_official/data/fep/fep_benchmark_inputs/structure_inputs/janssen_bace/bace_p3_arg368_in_protein.pdb,/rds/general/user/cr725/home/aev-plig_research/github_tsBAP_official/data/fep/fep_benchmark_inputs/structure_inputs/janssen_bace/bace_p3_arg368_in_ligands_split/bace_p3_arg368_in_molecule_17d.sdf,bace_p3_arg368_in,-11.391462326049805,-11.520000457763672,570,10.494772,10.494772
571,bace_p3_arg368_in_molecule_17e,/rds/general/user/cr725/home/aev-plig_research/github_tsBAP_official/data/fep/fep_benchmark_inputs/structure_inputs/janssen_bace/bace_p3_arg368_in_protein.pdb,/rds/general/user/cr725/home/aev-plig_research/github_tsBAP_official/data/fep/fep_benchmark_inputs/structure_inputs/janssen_bace/bace_p3_arg368_in_ligands_split/bace_p3_arg368_in_molecule_17e.sdf,bace_p3_arg368_in,-11.95080280303955,-10.90999984741211,571,12.112537,12.112537
572,bace_p3_arg368_in_molecule_17f,/rds/general/user/cr725/home/aev-plig_research/github_tsBAP_official/data/fep/fep_benchmark_inputs/structure_inputs/janssen_bace/bace_p3_arg368_in_protein.pdb,/rds/general/user/cr725/home/aev-plig_research/github_tsBAP_official/data/fep/fep_benchmark_inputs/structure_inputs/janssen_bace/bace_p3_arg368_in_ligands_split/bace_p3_arg368_in_molecule_17f.sdf,bace_p3_arg368_in,-11.637025833129885,-11.0600004196167,572,9.595514,9.595514
573,bace_p3_arg368_in_molecule_17g,/rds/general/user/cr725/home/aev-plig_research/github_tsBAP_official/data/fep/fep_benchmark_inputs/structure_inputs/janssen_bace/bace_p3_arg368_in_protein.pdb,/rds/general/user/cr725/home/aev-plig_research/github_tsBAP_official/data/fep/fep_benchmark_inputs/structure_inputs/janssen_bace/bace_p3_arg368_in_ligands_split/bace_p3_arg368_in_molecule_17g.sdf,bace_p3_arg368_in,-11.118612289428713,-12.729999542236328,573,5.067487,5.067487
574,bace_p3_arg368_in_molecule_27a,/rds/general/user/cr725/home/aev-plig_research/github_tsBAP_official/data/fep/fep_benchmark_inputs/structure_inputs/janssen_bace/bace_p3_arg368_in_protein.pdb,/rds/general/user/cr725/home/aev-plig_research/github_tsBAP_official/data/fep/fep_benchmark_inputs/structure_inputs/janssen_bace/bace_p3_arg368_in_ligands_split/bace_p3_arg368_in_molecule_27a.sdf,bace_p3_arg368_in,-9.154098510742188,-9.06999969482422,574,9.921699,9.921699
575,bace_p3_arg368_in_molecule_27b,/rds/general/user/cr725/home/aev-plig_research/github_tsBAP_official/data/fep/fep_benchmark_inputs/structure_inputs/janssen_bace/bace_p3_arg368_in_protein.pdb,/rds/general/user/cr725/home/aev-plig_research/github_tsBAP_official/data/fep/fep_benchmark_inputs/structure_inputs/janssen_bace/bace_p3_arg368_in_ligands_split/bace_p3_arg368_in_molecule_27b.sdf,bace_p3_arg368_in,-9.972644805908203,-11.520000457763672,575,11.274473,11.274473
576,bace_p3_arg368_in_molecule_27c,/rds/general/user/cr725/home/aev-plig_research/github_tsBAP_official/data/fep/fep_benchmark_inputs/structure_inputs/janssen_bace/bace_p3_arg368_in_protein.pdb,/rds/general/user/cr725/home/aev-plig_research/github_tsBAP_official/data/fep/fep_benchmark_inputs/structure_inputs/janssen_bace/bace_p3_arg368_in_ligands_split/bace_p3_arg368_in_molecule_27c.sdf,bace_p3_arg368_in,-10.013572692871094,-11.3100004196167,576,6.8416758,6.8416758
577,bace_p3_arg368_in_molecule_27d,/rds/general/user/cr725/home/aev-plig_research/github_tsBAP_official/data/fep/fep_benchmark_inputs/structure_inputs/janssen_bace/bace_p3_arg368_in_protein.pdb,/rds/general/user/cr725/home/aev-plig_research/github_tsBAP_official/data/fep/fep_benchmark_inputs/structure_inputs/janssen_bace/bace_p3_arg368_in_ligands_split/bace_p3_arg368_in_molecule_27d.sdf,bace_p3_arg368_in,-9.276880264282228,-11.380000114440918,577,10.35963,10.35963
578,bace_p3_arg368_in_molecule_27e,/rds/general/user/cr725/home/aev-plig_research/github_tsBAP_official/data/fep/fep_benchmark_inputs/structure_inputs/janssen_bace/bace_p3_arg368_in_protein.pdb,/rds/general/user/cr725/home/aev-plig_research/github_tsBAP_official/data/fep/fep_benchmark_inputs/structure_inputs/janssen_bace/bace_p3_arg368_in_ligands_split/bace_p3_arg368_in_molecule_27e.sdf,bace_p3_arg368_in,-9.358736038208008,-10.109999656677246,578,10.760467,10.760467
579,bace_p3_arg368_in_molecule_27f,/rds/general/user/cr725/home/aev-plig_research/github_tsBAP_official/data/fep/fep_benchmark_inputs/structure_inputs/janssen_bace/bace_p3_arg368_in_protein.pdb,/rds/general/user/cr725/home/aev-plig_research/github_tsBAP_official/data/fep/fep_benchmark_inputs/structure_inputs/janssen_bace/bace_p3_arg368_in_ligands_split/bace_p3_arg368_in_molecule_27f.sdf,bace_p3_arg368_in,-9.099527359008787,-10.5,579,8.369806,8.369806
580,bace_p3_arg368_in_molecule_27g,/rds/general/user/cr725/home/aev-plig_research/github_tsBAP_official/data/fep/fep_benchmark_inputs/structure_inputs/janssen_bace/bace_p3_arg368_in_protein.pdb,/rds/general/user/cr725/home/aev-plig_research/github_tsBAP_official/data/fep/fep_benchmark_inputs/structure_inputs/janssen_bace/bace_p3_arg368_in_ligands_split/bace_p3_arg368_in_molecule_27g.sdf,bace_p3_arg368_in,-12.250936508178713,-12.039999961853027,580,4.786839,4.786839
581,bace_ciordia_prospective_molecule_spiro16,/rds/general/user/cr725/home/aev-plig_research/github_tsBAP_official/data/fep/fep_benchmark_inputs/structure_inputs/janssen_bace/bace_ciordia_prospective_protein.pdb,/rds/general/user/cr725/home/aev-plig_research/github_tsBAP_official/data/fep/fep_benchmark_inputs/structure_inputs/janssen_bace/bace_ciordia_prospective_ligands_split/bace_ciordia_prospective_molecule_spiro16.sdf,bace_ciordia_prospective,-8.180000305175781,-8.279999732971191,581,3.84851,3.84851
582,bace_ciordia_prospective_molecule_spiro5,/rds/general/user/cr725/home/aev-plig_research/github_tsBAP_official/data/fep/fep_benchmark_inputs/structure_inputs/janssen_bace/bace_ciordia_prospective_protein.pdb,/rds/general/user/cr725/home/aev-plig_research/github_tsBAP_official/data/fep/fep_benchmark_inputs/structure_inputs/janssen_bace/bace_ciordia_prospective_ligands_split/bace_ciordia_prospective_molecule_spiro5.sdf,bace_ciordia_prospective,-7.760000228881836,-7.090000152587891,582,5.9826665,5.9826665
583,bace_ciordia_prospective_molecule_spiro2,/rds/general/user/cr725/home/aev-plig_research/github_tsBAP_official/data/fep/fep_benchmark_inputs/structure_inputs/janssen_bace/bace_ciordia_prospective_protein.pdb,/rds/general/user/cr725/home/aev-plig_research/github_tsBAP_official/data/fep/fep_benchmark_inputs/structure_inputs/janssen_bace/bace_ciordia_prospective_ligands_split/bace_ciordia_prospective_molecule_spiro2.sdf,bace_ciordia_prospective,-7.03000020980835,-6.670000076293945,583,8.913098,8.913098
584,bace_ciordia_prospective_molecule_spiro10,/rds/general/user/cr725/home/aev-plig_research/github_tsBAP_official/data/fep/fep_benchmark_inputs/structure_inputs/janssen_bace/bace_ciordia_prospective_protein.pdb,/rds/general/user/cr725/home/aev-plig_research/github_tsBAP_official/data/fep/fep_benchmark_inputs/structure_inputs/janssen_bace/bace_ciordia_prospective_ligands_split/bace_ciordia_prospective_molecule_spiro10.sdf,bace_ciordia_prospective,-8.5,-10.609999656677246,584,4.4915047,4.4915047
585,bace_ciordia_prospective_molecule_spiro3,/rds/general/user/cr725/home/aev-plig_research/github_tsBAP_official/data/fep/fep_benchmark_inputs/structure_inputs/janssen_bace/bace_ciordia_prospective_protein.pdb,/rds/general/user/cr725/home/aev-plig_research/github_tsBAP_official/data/fep/fep_benchmark_inputs/structure_inputs/janssen_bace/bace_ciordia_prospective_ligands_split/bace_ciordia_prospective_molecule_spiro3.sdf,bace_ciordia_prospective,-8.979999542236328,-8.970000267028809,585,9.969932,9.969932
586,bace_ciordia_prospective_molecule_spiro6,/rds/general/user/cr725/home/aev-plig_research/github_tsBAP_official/data/fep/fep_benchmark_inputs/structure_inputs/janssen_bace/bace_ciordia_prospective_protein.pdb,/rds/general/user/cr725/home/aev-plig_research/github_tsBAP_official/data/fep/fep_benchmark_inputs/structure_inputs/janssen_bace/bace_ciordia_prospective_ligands_split/bace_ciordia_prospective_molecule_spiro6.sdf,bace_ciordia_prospective,-9.529999732971191,-9.5600004196167,586,4.365068,4.365068
587,bace_ciordia_prospective_molecule_spiro4,/rds/general/user/cr725/home/aev-plig_research/github_tsBAP_official/data/fep/fep_benchmark_inputs/structure_inputs/janssen_bace/bace_ciordia_prospective_protein.pdb,/rds/general/user/cr725/home/aev-plig_research/github_tsBAP_official/data/fep/fep_benchmark_inputs/structure_inputs/janssen_bace/bace_ciordia_prospective_ligands_split/bace_ciordia_prospective_molecule_spiro4.sdf,bace_ciordia_prospective,-7.619999885559082,-7.210000038146973,587,6.9430943,6.9430943
588,bace_ciordia_prospective_molecule_spiro1,/rds/general/user/cr725/home/aev-plig_research/github_tsBAP_official/data/fep/fep_benchmark_inputs/structure_inputs/janssen_bace/bace_ciordia_prospective_protein.pdb,/rds/general/user/cr725/home/aev-plig_research/github_tsBAP_official/data/fep/fep_benchmark_inputs/structure_inputs/janssen_bace/bace_ciordia_prospective_ligands_split/bace_ciordia_prospective_molecule_spiro1.sdf,bace_ciordia_prospective,-7.519999980926514,-7.420000076293945,588,3.082733,3.082733
589,bace_ciordia_prospective_molecule_spiro15,/rds/general/user/cr725/home/aev-plig_research/github_tsBAP_official/data/fep/fep_benchmark_inputs/structure_inputs/janssen_bace/bace_ciordia_prospective_protein.pdb,/rds/general/user/cr725/home/aev-plig_research/github_tsBAP_official/data/fep/fep_benchmark_inputs/structure_inputs/janssen_bace/bace_ciordia_prospective_ligands_split/bace_ciordia_prospective_molecule_spiro15.sdf,bace_ciordia_prospective,-9.050000190734863,-8.359999656677246,589,3.6708276,3.6708276
590,renin_customcore_molecule_b1i5k_xray,/rds/general/user/cr725/home/aev-plig_research/github_tsBAP_official/data/fep/fep_benchmark_inputs/structure_inputs/mcs_docking/renin_customcore_protein.pdb,/rds/general/user/cr725/home/aev-plig_research/github_tsBAP_official/data/fep/fep_benchmark_inputs/structure_inputs/mcs_docking/renin_customcore_ligands_split/renin_customcore_molecule_b1i5k_xray.sdf,renin_customcore,-11.867584228515623,-10.420000076293944,590,5.9239907,5.9239907
591,renin_customcore_molecule_b1i5j,/rds/general/user/cr725/home/aev-plig_research/github_tsBAP_official/data/fep/fep_benchmark_inputs/structure_inputs/mcs_docking/renin_customcore_protein.pdb,/rds/general/user/cr725/home/aev-plig_research/github_tsBAP_official/data/fep/fep_benchmark_inputs/structure_inputs/mcs_docking/renin_customcore_ligands_split/renin_customcore_molecule_b1i5j.sdf,renin_customcore,-11.456809043884276,-10.960000038146973,591,5.4371476,5.4371476
592,renin_customcore_molecule_b1i2n,/rds/general/user/cr725/home/aev-plig_research/github_tsBAP_official/data/fep/fep_benchmark_inputs/structure_inputs/mcs_docking/renin_customcore_protein.pdb,/rds/general/user/cr725/home/aev-plig_research/github_tsBAP_official/data/fep/fep_benchmark_inputs/structure_inputs/mcs_docking/renin_customcore_ligands_split/renin_customcore_molecule_b1i2n.sdf,renin_customcore,-10.976457595825195,-10.369999885559082,592,5.278647,5.278647
593,renin_customcore_molecule_b1i5i,/rds/general/user/cr725/home/aev-plig_research/github_tsBAP_official/data/fep/fep_benchmark_inputs/structure_inputs/mcs_docking/renin_customcore_protein.pdb,/rds/general/user/cr725/home/aev-plig_research/github_tsBAP_official/data/fep/fep_benchmark_inputs/structure_inputs/mcs_docking/renin_customcore_ligands_split/renin_customcore_molecule_b1i5i.sdf,renin_customcore,-11.456809043884276,-11.029999732971191,593,5.2964363,5.2964363
594,renin_customcore_molecule_b1i5h,/rds/general/user/cr725/home/aev-plig_research/github_tsBAP_official/data/fep/fep_benchmark_inputs/structure_inputs/mcs_docking/renin_customcore_protein.pdb,/rds/general/user/cr725/home/aev-plig_research/github_tsBAP_official/data/fep/fep_benchmark_inputs/structure_inputs/mcs_docking/renin_customcore_ligands_split/renin_customcore_molecule_b1i5h.sdf,renin_customcore,-10.805927276611328,-10.869999885559082,594,5.4290395,5.4290395
595,renin_customcore_molecule_b1i5l,/rds/general/user/cr725/home/aev-plig_research/github_tsBAP_official/data/fep/fep_benchmark_inputs/structure_inputs/mcs_docking/renin_customcore_protein.pdb,/rds/general/user/cr725/home/aev-plig_research/github_tsBAP_official/data/fep/fep_benchmark_inputs/structure_inputs/mcs_docking/renin_customcore_ligands_split/renin_customcore_molecule_b1i5l.sdf,renin_customcore,-9.65300178527832,-9.489999771118164,595,5.507641,5.507641
596,renin_customcore_molecule_b1i5n,/rds/general/user/cr725/home/aev-plig_research/github_tsBAP_official/data/fep/fep_benchmark_inputs/structure_inputs/mcs_docking/renin_customcore_protein.pdb,/rds/general/user/cr725/home/aev-plig_research/github_tsBAP_official/data/fep/fep_benchmark_inputs/structure_inputs/mcs_docking/renin_customcore_ligands_split/renin_customcore_molecule_b1i5n.sdf,renin_customcore,-10.243584632873535,-9.899999618530272,596,5.401754,5.401754
597,renin_customcore_molecule_b1a2m,/rds/general/user/cr725/home/aev-plig_research/github_tsBAP_official/data/fep/fep_benchmark_inputs/structure_inputs/mcs_docking/renin_customcore_protein.pdb,/rds/general/user/cr725/home/aev-plig_research/github_tsBAP_official/data/fep/fep_benchmark_inputs/structure_inputs/mcs_docking/renin_customcore_ligands_split/renin_customcore_molecule_b1a2m.sdf,renin_customcore,-9.60566234588623,-11.020000457763672,597,5.0387187,5.0387187
598,renin_customcore_molecule_b1i2o,/rds/general/user/cr725/home/aev-plig_research/github_tsBAP_official/data/fep/fep_benchmark_inputs/structure_inputs/mcs_docking/renin_customcore_protein.pdb,/rds/general/user/cr725/home/aev-plig_research/github_tsBAP_official/data/fep/fep_benchmark_inputs/structure_inputs/mcs_docking/renin_customcore_ligands_split/renin_customcore_molecule_b1i2o.sdf,renin_customcore,-10.565683364868164,-11.539999961853027,598,5.4663796,5.4663796
599,renin_customcore_molecule_b1i5o,/rds/general/user/cr725/home/aev-plig_research/github_tsBAP_official/data/fep/fep_benchmark_inputs/structure_inputs/mcs_docking/renin_customcore_protein.pdb,/rds/general/user/cr725/home/aev-plig_research/github_tsBAP_official/data/fep/fep_benchmark_inputs/structure_inputs/mcs_docking/renin_customcore_ligands_split/renin_customcore_molecule_b1i5o.sdf,renin_customcore,-10.03608226776123,-10.489999771118164,599,6.38752,6.38752
600,renin_customcore_molecule_b1i4i,/rds/general/user/cr725/home/aev-plig_research/github_tsBAP_official/data/fep/fep_benchmark_inputs/structure_inputs/mcs_docking/renin_customcore_protein.pdb,/rds/general/user/cr725/home/aev-plig_research/github_tsBAP_official/data/fep/fep_benchmark_inputs/structure_inputs/mcs_docking/renin_customcore_ligands_split/renin_customcore_molecule_b1i4i.sdf,renin_customcore,-8.79079818725586,-8.289999961853027,600,5.5575695,5.5575695
601,renin_customcore_molecule_b1i4e,/rds/general/user/cr725/home/aev-plig_research/github_tsBAP_official/data/fep/fep_benchmark_inputs/structure_inputs/mcs_docking/renin_customcore_protein.pdb,/rds/general/user/cr725/home/aev-plig_research/github_tsBAP_official/data/fep/fep_benchmark_inputs/structure_inputs/mcs_docking/renin_customcore_ligands_split/renin_customcore_molecule_b1i4e.sdf,renin_customcore,-10.188878059387209,-9.1899995803833,601,5.5237536,5.5237536
602,renin_customcore_molecule_b1i4g,/rds/general/user/cr725/home/aev-plig_research/github_tsBAP_official/data/fep/fep_benchmark_inputs/structure_inputs/mcs_docking/renin_customcore_protein.pdb,/rds/general/user/cr725/home/aev-plig_research/github_tsBAP_official/data/fep/fep_benchmark_inputs/structure_inputs/mcs_docking/renin_customcore_ligands_split/renin_customcore_molecule_b1i4g.sdf,renin_customcore,-8.354374885559082,-7.079999923706055,602,5.895222,5.895222
603,renin_customcore_molecule_b1i1,/rds/general/user/cr725/home/aev-plig_research/github_tsBAP_official/data/fep/fep_benchmark_inputs/structure_inputs/mcs_docking/renin_customcore_protein.pdb,/rds/general/user/cr725/home/aev-plig_research/github_tsBAP_official/data/fep/fep_benchmark_inputs/structure_inputs/mcs_docking/renin_customcore_ligands_split/renin_customcore_molecule_b1i1.sdf,renin_customcore,-7.394491195678711,-8.550000190734863,603,4.8454328,4.8454328
604,renin_customcore_molecule_b1i2a,/rds/general/user/cr725/home/aev-plig_research/github_tsBAP_official/data/fep/fep_benchmark_inputs/structure_inputs/mcs_docking/renin_customcore_protein.pdb,/rds/general/user/cr725/home/aev-plig_research/github_tsBAP_official/data/fep/fep_benchmark_inputs/structure_inputs/mcs_docking/renin_customcore_ligands_split/renin_customcore_molecule_b1i2a.sdf,renin_customcore,-8.699529647827148,-9.6899995803833,604,4.230025,4.230025
605,renin_customcore_molecule_b1i2e,/rds/general/user/cr725/home/aev-plig_research/github_tsBAP_official/data/fep/fep_benchmark_inputs/structure_inputs/mcs_docking/renin_customcore_protein.pdb,/rds/general/user/cr725/home/aev-plig_research/github_tsBAP_official/data/fep/fep_benchmark_inputs/structure_inputs/mcs_docking/renin_customcore_ligands_split/renin_customcore_molecule_b1i2e.sdf,renin_customcore,-10.474414825439451,-9.43000030517578,605,4.211073,4.211073
606,renin_customcore_molecule_b1i2i,/rds/general/user/cr725/home/aev-plig_research/github_tsBAP_official/data/fep/fep_benchmark_inputs/structure_inputs/mcs_docking/renin_customcore_protein.pdb,/rds/general/user/cr725/home/aev-plig_research/github_tsBAP_official/data/fep/fep_benchmark_inputs/structure_inputs/mcs_docking/renin_customcore_ligands_split/renin_customcore_molecule_b1i2i.sdf,renin_customcore,-9.814119338989258,-11.039999961853027,606,5.9070926,5.9070926
607,renin_customcore_molecule_b1i2j,/rds/general/user/cr725/home/aev-plig_research/github_tsBAP_official/data/fep/fep_benchmark_inputs/structure_inputs/mcs_docking/renin_customcore_protein.pdb,/rds/general/user/cr725/home/aev-plig_research/github_tsBAP_official/data/fep/fep_benchmark_inputs/structure_inputs/mcs_docking/renin_customcore_ligands_split/renin_customcore_molecule_b1i2j.sdf,renin_customcore,-11.324613571166992,-9.390000343322754,607,5.2469726,5.2469726
608,renin_customcore_molecule_b1i5c,/rds/general/user/cr725/home/aev-plig_research/github_tsBAP_official/data/fep/fep_benchmark_inputs/structure_inputs/mcs_docking/renin_customcore_protein.pdb,/rds/general/user/cr725/home/aev-plig_research/github_tsBAP_official/data/fep/fep_benchmark_inputs/structure_inputs/mcs_docking/renin_customcore_ligands_split/renin_customcore_molecule_b1i5c.sdf,renin_customcore,-11.867584228515623,-9.979999542236328,608,5.1358104,5.1358104
609,renin_customcore_molecule_b1i5b,/rds/general/user/cr725/home/aev-plig_research/github_tsBAP_official/data/fep/fep_benchmark_inputs/structure_inputs/mcs_docking/renin_customcore_protein.pdb,/rds/general/user/cr725/home/aev-plig_research/github_tsBAP_official/data/fep/fep_benchmark_inputs/structure_inputs/mcs_docking/renin_customcore_ligands_split/renin_customcore_molecule_b1i5b.sdf,renin_customcore,-8.007719993591309,-10.079999923706056,609,5.100589,5.100589
610,renin_customcore_molecule_b1i2k,/rds/general/user/cr725/home/aev-plig_research/github_tsBAP_official/data/fep/fep_benchmark_inputs/structure_inputs/mcs_docking/renin_customcore_protein.pdb,/rds/general/user/cr725/home/aev-plig_research/github_tsBAP_official/data/fep/fep_benchmark_inputs/structure_inputs/mcs_docking/renin_customcore_ligands_split/renin_customcore_molecule_b1i2k.sdf,renin_customcore,-10.63553237915039,-10.380000114440918,610,4.7861476,4.7861476
611,renin_customcore_molecule_b1i2h,/rds/general/user/cr725/home/aev-plig_research/github_tsBAP_official/data/fep/fep_benchmark_inputs/structure_inputs/mcs_docking/renin_customcore_protein.pdb,/rds/general/user/cr725/home/aev-plig_research/github_tsBAP_official/data/fep/fep_benchmark_inputs/structure_inputs/mcs_docking/renin_customcore_ligands_split/renin_customcore_molecule_b1i2h.sdf,renin_customcore,-9.823533058166504,-10.020000457763672,611,5.2092524,5.2092524
612,renin_customcore_molecule_b1i2g,/rds/general/user/cr725/home/aev-plig_research/github_tsBAP_official/data/fep/fep_benchmark_inputs/structure_inputs/mcs_docking/renin_customcore_protein.pdb,/rds/general/user/cr725/home/aev-plig_research/github_tsBAP_official/data/fep/fep_benchmark_inputs/structure_inputs/mcs_docking/renin_customcore_ligands_split/renin_customcore_molecule_b1i2g.sdf,renin_customcore,-8.338004112243652,-9.380000114440918,612,4.4965453,4.4965453
613,renin_customcore_molecule_b1i4b,/rds/general/user/cr725/home/aev-plig_research/github_tsBAP_official/data/fep/fep_benchmark_inputs/structure_inputs/mcs_docking/renin_customcore_protein.pdb,/rds/general/user/cr725/home/aev-plig_research/github_tsBAP_official/data/fep/fep_benchmark_inputs/structure_inputs/mcs_docking/renin_customcore_ligands_split/renin_customcore_molecule_b1i4b.sdf,renin_customcore,-8.390936851501465,-9.239999771118164,613,4.790128,4.790128
614,renin_customcore_molecule_b1i5a,/rds/general/user/cr725/home/aev-plig_research/github_tsBAP_official/data/fep/fep_benchmark_inputs/structure_inputs/mcs_docking/renin_customcore_protein.pdb,/rds/general/user/cr725/home/aev-plig_research/github_tsBAP_official/data/fep/fep_benchmark_inputs/structure_inputs/mcs_docking/renin_customcore_ligands_split/renin_customcore_molecule_b1i5a.sdf,renin_customcore,-10.395288467407228,-9.720000267028809,614,5.264931,5.264931
615,renin_customcore_molecule_b1i2d,/rds/general/user/cr725/home/aev-plig_research/github_tsBAP_official/data/fep/fep_benchmark_inputs/structure_inputs/mcs_docking/renin_customcore_protein.pdb,/rds/general/user/cr725/home/aev-plig_research/github_tsBAP_official/data/fep/fep_benchmark_inputs/structure_inputs/mcs_docking/renin_customcore_ligands_split/renin_customcore_molecule_b1i2d.sdf,renin_customcore,-8.413992881774902,-8.550000190734863,615,4.5080056,4.5080056
616,renin_customcore_molecule_b1i4a,/rds/general/user/cr725/home/aev-plig_research/github_tsBAP_official/data/fep/fep_benchmark_inputs/structure_inputs/mcs_docking/renin_customcore_protein.pdb,/rds/general/user/cr725/home/aev-plig_research/github_tsBAP_official/data/fep/fep_benchmark_inputs/structure_inputs/mcs_docking/renin_customcore_ligands_split/renin_customcore_molecule_b1i4a.sdf,renin_customcore,-7.235419750213623,-8.890000343322754,616,4.29157,4.29157
617,renin_customcore_molecule_b1i5d,/rds/general/user/cr725/home/aev-plig_research/github_tsBAP_official/data/fep/fep_benchmark_inputs/structure_inputs/mcs_docking/renin_customcore_protein.pdb,/rds/general/user/cr725/home/aev-plig_research/github_tsBAP_official/data/fep/fep_benchmark_inputs/structure_inputs/mcs_docking/renin_customcore_ligands_split/renin_customcore_molecule_b1i5d.sdf,renin_customcore,-11.216565132141112,-10.4399995803833,617,5.25177,5.25177
618,renin_customcore_molecule_b1i2c,/rds/general/user/cr725/home/aev-plig_research/github_tsBAP_official/data/fep/fep_benchmark_inputs/structure_inputs/mcs_docking/renin_customcore_protein.pdb,/rds/general/user/cr725/home/aev-plig_research/github_tsBAP_official/data/fep/fep_benchmark_inputs/structure_inputs/mcs_docking/renin_customcore_ligands_split/renin_customcore_molecule_b1i2c.sdf,renin_customcore,-6.883717060089111,-7.480000019073486,618,5.242772,5.242772
619,hne_molecule_6,/rds/general/user/cr725/home/aev-plig_research/github_tsBAP_official/data/fep/fep_benchmark_inputs/structure_inputs/mcs_docking/hne_protein.pdb,/rds/general/user/cr725/home/aev-plig_research/github_tsBAP_official/data/fep/fep_benchmark_inputs/structure_inputs/mcs_docking/hne_ligands_split/hne_molecule_6.sdf,hne,-7.032558917999268,-5.179999828338623,619,2.7034776,2.7034776
620,hne_molecule_14,/rds/general/user/cr725/home/aev-plig_research/github_tsBAP_official/data/fep/fep_benchmark_inputs/structure_inputs/mcs_docking/hne_protein.pdb,/rds/general/user/cr725/home/aev-plig_research/github_tsBAP_official/data/fep/fep_benchmark_inputs/structure_inputs/mcs_docking/hne_ligands_split/hne_molecule_14.sdf,hne,-10.325488090515137,-11.4399995803833,620,-1.0925361,-1.0925361
621,hne_molecule_15,/rds/general/user/cr725/home/aev-plig_research/github_tsBAP_official/data/fep/fep_benchmark_inputs/structure_inputs/mcs_docking/hne_protein.pdb,/rds/general/user/cr725/home/aev-plig_research/github_tsBAP_official/data/fep/fep_benchmark_inputs/structure_inputs/mcs_docking/hne_ligands_split/hne_molecule_15.sdf,hne,-12.27822208404541,-11.899999618530272,621,-0.7947332,-0.7947332
622,hne_molecule_16,/rds/general/user/cr725/home/aev-plig_research/github_tsBAP_official/data/fep/fep_benchmark_inputs/structure_inputs/mcs_docking/hne_protein.pdb,/rds/general/user/cr725/home/aev-plig_research/github_tsBAP_official/data/fep/fep_benchmark_inputs/structure_inputs/mcs_docking/hne_ligands_split/hne_molecule_16.sdf,hne,-11.838635444641112,-11.170000076293944,622,-1.3132526,-1.3132526
623,hne_molecule_17,/rds/general/user/cr725/home/aev-plig_research/github_tsBAP_official/data/fep/fep_benchmark_inputs/structure_inputs/mcs_docking/hne_protein.pdb,/rds/general/user/cr725/home/aev-plig_research/github_tsBAP_official/data/fep/fep_benchmark_inputs/structure_inputs/mcs_docking/hne_ligands_split/hne_molecule_17.sdf,hne,-11.41401481628418,-11.1899995803833,623,1.806692,1.806692
624,hne_molecule_18,/rds/general/user/cr725/home/aev-plig_research/github_tsBAP_official/data/fep/fep_benchmark_inputs/structure_inputs/mcs_docking/hne_protein.pdb,/rds/general/user/cr725/home/aev-plig_research/github_tsBAP_official/data/fep/fep_benchmark_inputs/structure_inputs/mcs_docking/hne_ligands_split/hne_molecule_18.sdf,hne,-10.75852870941162,-11.229999542236328,624,1.8495134,1.8495134
625,hne_molecule_19,/rds/general/user/cr725/home/aev-plig_research/github_tsBAP_official/data/fep/fep_benchmark_inputs/structure_inputs/mcs_docking/hne_protein.pdb,/rds/general/user/cr725/home/aev-plig_research/github_tsBAP_official/data/fep/fep_benchmark_inputs/structure_inputs/mcs_docking/hne_ligands_split/hne_molecule_19.sdf,hne,-11.53597927093506,-10.140000343322754,625,4.9825187,4.9825187
626,hne_molecule_20,/rds/general/user/cr725/home/aev-plig_research/github_tsBAP_official/data/fep/fep_benchmark_inputs/structure_inputs/mcs_docking/hne_protein.pdb,/rds/general/user/cr725/home/aev-plig_research/github_tsBAP_official/data/fep/fep_benchmark_inputs/structure_inputs/mcs_docking/hne_ligands_split/hne_molecule_20.sdf,hne,-10.5032958984375,-12.369999885559082,626,1.6906465,1.6906465
627,hne_molecule_21,/rds/general/user/cr725/home/aev-plig_research/github_tsBAP_official/data/fep/fep_benchmark_inputs/structure_inputs/mcs_docking/hne_protein.pdb,/rds/general/user/cr725/home/aev-plig_research/github_tsBAP_official/data/fep/fep_benchmark_inputs/structure_inputs/mcs_docking/hne_ligands_split/hne_molecule_21.sdf,hne,-12.27822208404541,-11.850000381469728,627,-1.2585822,-1.2585822
628,hne_molecule_22,/rds/general/user/cr725/home/aev-plig_research/github_tsBAP_official/data/fep/fep_benchmark_inputs/structure_inputs/mcs_docking/hne_protein.pdb,/rds/general/user/cr725/home/aev-plig_research/github_tsBAP_official/data/fep/fep_benchmark_inputs/structure_inputs/mcs_docking/hne_ligands_split/hne_molecule_22.sdf,hne,-11.36131477355957,-11.270000457763672,628,0.12373862,0.12373862
629,hne_molecule_23,/rds/general/user/cr725/home/aev-plig_research/github_tsBAP_official/data/fep/fep_benchmark_inputs/structure_inputs/mcs_docking/hne_protein.pdb,/rds/general/user/cr725/home/aev-plig_research/github_tsBAP_official/data/fep/fep_benchmark_inputs/structure_inputs/mcs_docking/hne_ligands_split/hne_molecule_23.sdf,hne,-10.371087074279783,-12.109999656677246,629,6.9065247,6.9065247
630,hne_molecule_25,/rds/general/user/cr725/home/aev-plig_research/github_tsBAP_official/data/fep/fep_benchmark_inputs/structure_inputs/mcs_docking/hne_protein.pdb,/rds/general/user/cr725/home/aev-plig_research/github_tsBAP_official/data/fep/fep_benchmark_inputs/structure_inputs/mcs_docking/hne_ligands_split/hne_molecule_25.sdf,hne,-11.999752044677734,-12.390000343322754,630,2.8211052,2.8211052
631,hne_molecule_26,/rds/general/user/cr725/home/aev-plig_research/github_tsBAP_official/data/fep/fep_benchmark_inputs/structure_inputs/mcs_docking/hne_protein.pdb,/rds/general/user/cr725/home/aev-plig_research/github_tsBAP_official/data/fep/fep_benchmark_inputs/structure_inputs/mcs_docking/hne_ligands_split/hne_molecule_26.sdf,hne,-12.580878257751465,-12.260000228881836,631,0.0034044678,0.0034044678
632,hne_molecule_27,/rds/general/user/cr725/home/aev-plig_research/github_tsBAP_official/data/fep/fep_benchmark_inputs/structure_inputs/mcs_docking/hne_protein.pdb,/rds/general/user/cr725/home/aev-plig_research/github_tsBAP_official/data/fep/fep_benchmark_inputs/structure_inputs/mcs_docking/hne_ligands_split/hne_molecule_27.sdf,hne,-14.488014221191406,-14.010000228881836,632,2.9664705,2.9664705
633,hne_molecule_28,/rds/general/user/cr725/home/aev-plig_research/github_tsBAP_official/data/fep/fep_benchmark_inputs/structure_inputs/mcs_docking/hne_protein.pdb,/rds/general/user/cr725/home/aev-plig_research/github_tsBAP_official/data/fep/fep_benchmark_inputs/structure_inputs/mcs_docking/hne_ligands_split/hne_molecule_28.sdf,hne,-12.643302917480469,-11.93000030517578,633,9.758885,9.758885
634,hne_molecule_29,/rds/general/user/cr725/home/aev-plig_research/github_tsBAP_official/data/fep/fep_benchmark_inputs/structure_inputs/mcs_docking/hne_protein.pdb,/rds/general/user/cr725/home/aev-plig_research/github_tsBAP_official/data/fep/fep_benchmark_inputs/structure_inputs/mcs_docking/hne_ligands_split/hne_molecule_29.sdf,hne,-13.897701263427734,-14.869999885559082,634,11.869332,11.869332
635,hne_molecule_30,/rds/general/user/cr725/home/aev-plig_research/github_tsBAP_official/data/fep/fep_benchmark_inputs/structure_inputs/mcs_docking/hne_protein.pdb,/rds/general/user/cr725/home/aev-plig_research/github_tsBAP_official/data/fep/fep_benchmark_inputs/structure_inputs/mcs_docking/hne_ligands_split/hne_molecule_30.sdf,hne,-13.099580764770508,-14.199999809265137,635,10.211535,10.211535
636,hne_molecule_21_neutral,/rds/general/user/cr725/home/aev-plig_research/github_tsBAP_official/data/fep/fep_benchmark_inputs/structure_inputs/mcs_docking/hne_protein.pdb,/rds/general/user/cr725/home/aev-plig_research/github_tsBAP_official/data/fep/fep_benchmark_inputs/structure_inputs/mcs_docking/hne_ligands_split/hne_molecule_21_neutral.sdf,hne,-12.27822208404541,-11.300000190734863,636,-1.3965818,-1.3965818
637,hne_molecule_19_neutral,/rds/general/user/cr725/home/aev-plig_research/github_tsBAP_official/data/fep/fep_benchmark_inputs/structure_inputs/mcs_docking/hne_protein.pdb,/rds/general/user/cr725/home/aev-plig_research/github_tsBAP_official/data/fep/fep_benchmark_inputs/structure_inputs/mcs_docking/hne_ligands_split/hne_molecule_19_neutral.sdf,hne,-11.53597927093506,-11.3100004196167,637,5.2232494,5.2232494
638,hne_molecule_16_neutral,/rds/general/user/cr725/home/aev-plig_research/github_tsBAP_official/data/fep/fep_benchmark_inputs/structure_inputs/mcs_docking/hne_protein.pdb,/rds/general/user/cr725/home/aev-plig_research/github_tsBAP_official/data/fep/fep_benchmark_inputs/structure_inputs/mcs_docking/hne_ligands_split/hne_molecule_16_neutral.sdf,hne,-11.838635444641112,-11.93000030517578,638,-1.1579314,-1.1579314
639,hfaah_molecule_6MRG_ligand,/rds/general/user/cr725/home/aev-plig_research/github_tsBAP_official/data/fep/fep_benchmark_inputs/structure_inputs/misc/hfaah_protein.pdb,/rds/general/user/cr725/home/aev-plig_research/github_tsBAP_official/data/fep/fep_benchmark_inputs/structure_inputs/misc/hfaah_ligands_split/hfaah_molecule_6MRG_ligand.sdf,hfaah,-10.287250518798828,-8.899999618530273,639,7.2400303,7.2400303
640,hfaah_molecule_fig_3,/rds/general/user/cr725/home/aev-plig_research/github_tsBAP_official/data/fep/fep_benchmark_inputs/structure_inputs/misc/hfaah_protein.pdb,/rds/general/user/cr725/home/aev-plig_research/github_tsBAP_official/data/fep/fep_benchmark_inputs/structure_inputs/misc/hfaah_ligands_split/hfaah_molecule_fig_3.sdf,hfaah,-10.59958553314209,-11.020000457763672,640,24.623484,24.623484
641,hfaah_molecule_2,/rds/general/user/cr725/home/aev-plig_research/github_tsBAP_official/data/fep/fep_benchmark_inputs/structure_inputs/misc/hfaah_protein.pdb,/rds/general/user/cr725/home/aev-plig_research/github_tsBAP_official/data/fep/fep_benchmark_inputs/structure_inputs/misc/hfaah_ligands_split/hfaah_molecule_2.sdf,hfaah,-8.665205001831055,-8.619999885559082,641,7.9197626,7.9197626
642,hfaah_molecule_4,/rds/general/user/cr725/home/aev-plig_research/github_tsBAP_official/data/fep/fep_benchmark_inputs/structure_inputs/misc/hfaah_protein.pdb,/rds/general/user/cr725/home/aev-plig_research/github_tsBAP_official/data/fep/fep_benchmark_inputs/structure_inputs/misc/hfaah_ligands_split/hfaah_molecule_4.sdf,hfaah,-11.324654579162598,-10.829999923706056,642,6.9218745,6.9218745
643,hfaah_molecule_6,/rds/general/user/cr725/home/aev-plig_research/github_tsBAP_official/data/fep/fep_benchmark_inputs/structure_inputs/misc/hfaah_protein.pdb,/rds/general/user/cr725/home/aev-plig_research/github_tsBAP_official/data/fep/fep_benchmark_inputs/structure_inputs/misc/hfaah_ligands_split/hfaah_molecule_6.sdf,hfaah,-10.420489311218262,-9.989999771118164,643,5.762892,5.762892
644,hfaah_molecule_9,/rds/general/user/cr725/home/aev-plig_research/github_tsBAP_official/data/fep/fep_benchmark_inputs/structure_inputs/misc/hfaah_protein.pdb,/rds/general/user/cr725/home/aev-plig_research/github_tsBAP_official/data/fep/fep_benchmark_inputs/structure_inputs/misc/hfaah_ligands_split/hfaah_molecule_9.sdf,hfaah,-10.565720558166504,-10.720000267028809,644,5.6391854,5.6391854
645,hfaah_molecule_11,/rds/general/user/cr725/home/aev-plig_research/github_tsBAP_official/data/fep/fep_benchmark_inputs/structure_inputs/misc/hfaah_protein.pdb,/rds/general/user/cr725/home/aev-plig_research/github_tsBAP_official/data/fep/fep_benchmark_inputs/structure_inputs/misc/hfaah_ligands_split/hfaah_molecule_11.sdf,hfaah,-12.122775077819824,-10.5600004196167,645,5.9249444,5.9249444
646,hfaah_molecule_12,/rds/general/user/cr725/home/aev-plig_research/github_tsBAP_official/data/fep/fep_benchmark_inputs/structure_inputs/misc/hfaah_protein.pdb,/rds/general/user/cr725/home/aev-plig_research/github_tsBAP_official/data/fep/fep_benchmark_inputs/structure_inputs/misc/hfaah_ligands_split/hfaah_molecule_12.sdf,hfaah,-11.046184539794922,-11.970000267028809,646,-16.528593,-16.528593
647,hfaah_molecule_15,/rds/general/user/cr725/home/aev-plig_research/github_tsBAP_official/data/fep/fep_benchmark_inputs/structure_inputs/misc/hfaah_protein.pdb,/rds/general/user/cr725/home/aev-plig_research/github_tsBAP_official/data/fep/fep_benchmark_inputs/structure_inputs/misc/hfaah_ligands_split/hfaah_molecule_15.sdf,hfaah,-8.590265274047852,-8.350000381469727,647,4.9156976,4.9156976
648,hfaah_molecule_14,/rds/general/user/cr725/home/aev-plig_research/github_tsBAP_official/data/fep/fep_benchmark_inputs/structure_inputs/misc/hfaah_protein.pdb,/rds/general/user/cr725/home/aev-plig_research/github_tsBAP_official/data/fep/fep_benchmark_inputs/structure_inputs/misc/hfaah_ligands_split/hfaah_molecule_14.sdf,hfaah,-7.842516899108887,-8.539999961853027,648,6.0799284,6.0799284
649,hfaah_molecule_19,/rds/general/user/cr725/home/aev-plig_research/github_tsBAP_official/data/fep/fep_benchmark_inputs/structure_inputs/misc/hfaah_protein.pdb,/rds/general/user/cr725/home/aev-plig_research/github_tsBAP_official/data/fep/fep_benchmark_inputs/structure_inputs/misc/hfaah_ligands_split/hfaah_molecule_19.sdf,hfaah,-7.972322940826416,-7.46999979019165,649,6.714456,6.714456
650,hfaah_molecule_20,/rds/general/user/cr725/home/aev-plig_research/github_tsBAP_official/data/fep/fep_benchmark_inputs/structure_inputs/misc/hfaah_protein.pdb,/rds/general/user/cr725/home/aev-plig_research/github_tsBAP_official/data/fep/fep_benchmark_inputs/structure_inputs/misc/hfaah_ligands_split/hfaah_molecule_20.sdf,hfaah,-6.821234703063965,-7.139999866485596,650,8.012684,8.012684
651,hfaah_molecule_22,/rds/general/user/cr725/home/aev-plig_research/github_tsBAP_official/data/fep/fep_benchmark_inputs/structure_inputs/misc/hfaah_protein.pdb,/rds/general/user/cr725/home/aev-plig_research/github_tsBAP_official/data/fep/fep_benchmark_inputs/structure_inputs/misc/hfaah_ligands_split/hfaah_molecule_22.sdf,hfaah,-9.97237777709961,-9.25,651,6.946837,6.946837
652,hfaah_molecule_23,/rds/general/user/cr725/home/aev-plig_research/github_tsBAP_official/data/fep/fep_benchmark_inputs/structure_inputs/misc/hfaah_protein.pdb,/rds/general/user/cr725/home/aev-plig_research/github_tsBAP_official/data/fep/fep_benchmark_inputs/structure_inputs/misc/hfaah_ligands_split/hfaah_molecule_23.sdf,hfaah,-10.67374324798584,-11.609999656677246,652,25.14091,25.14091
653,hfaah_molecule_24,/rds/general/user/cr725/home/aev-plig_research/github_tsBAP_official/data/fep/fep_benchmark_inputs/structure_inputs/misc/hfaah_protein.pdb,/rds/general/user/cr725/home/aev-plig_research/github_tsBAP_official/data/fep/fep_benchmark_inputs/structure_inputs/misc/hfaah_ligands_split/hfaah_molecule_24.sdf,hfaah,-11.627310752868652,-11.539999961853027,653,4.538308,4.538308
654,hfaah_molecule_25,/rds/general/user/cr725/home/aev-plig_research/github_tsBAP_official/data/fep/fep_benchmark_inputs/structure_inputs/misc/hfaah_protein.pdb,/rds/general/user/cr725/home/aev-plig_research/github_tsBAP_official/data/fep/fep_benchmark_inputs/structure_inputs/misc/hfaah_ligands_split/hfaah_molecule_25.sdf,hfaah,-12.03799057006836,-11.68000030517578,654,5.3399725,5.3399725
655,hfaah_molecule_26,/rds/general/user/cr725/home/aev-plig_research/github_tsBAP_official/data/fep/fep_benchmark_inputs/structure_inputs/misc/hfaah_protein.pdb,/rds/general/user/cr725/home/aev-plig_research/github_tsBAP_official/data/fep/fep_benchmark_inputs/structure_inputs/misc/hfaah_ligands_split/hfaah_molecule_26.sdf,hfaah,-10.67374324798584,-11.0600004196167,655,5.2957177,5.2957177
656,hfaah_molecule_27,/rds/general/user/cr725/home/aev-plig_research/github_tsBAP_official/data/fep/fep_benchmark_inputs/structure_inputs/misc/hfaah_protein.pdb,/rds/general/user/cr725/home/aev-plig_research/github_tsBAP_official/data/fep/fep_benchmark_inputs/structure_inputs/misc/hfaah_ligands_split/hfaah_molecule_27.sdf,hfaah,-11.187724113464355,-11.06999969482422,656,5.193099,5.193099
657,hfaah_molecule_28,/rds/general/user/cr725/home/aev-plig_research/github_tsBAP_official/data/fep/fep_benchmark_inputs/structure_inputs/misc/hfaah_protein.pdb,/rds/general/user/cr725/home/aev-plig_research/github_tsBAP_official/data/fep/fep_benchmark_inputs/structure_inputs/misc/hfaah_ligands_split/hfaah_molecule_28.sdf,hfaah,-11.589073181152344,-10.699999809265137,657,6.1101065,6.1101065
658,hfaah_molecule_29,/rds/general/user/cr725/home/aev-plig_research/github_tsBAP_official/data/fep/fep_benchmark_inputs/structure_inputs/misc/hfaah_protein.pdb,/rds/general/user/cr725/home/aev-plig_research/github_tsBAP_official/data/fep/fep_benchmark_inputs/structure_inputs/misc/hfaah_ligands_split/hfaah_molecule_29.sdf,hfaah,-10.805952072143556,-10.670000076293944,658,5.2160754,5.2160754
659,hfaah_molecule_30,/rds/general/user/cr725/home/aev-plig_research/github_tsBAP_official/data/fep/fep_benchmark_inputs/structure_inputs/misc/hfaah_protein.pdb,/rds/general/user/cr725/home/aev-plig_research/github_tsBAP_official/data/fep/fep_benchmark_inputs/structure_inputs/misc/hfaah_ligands_split/hfaah_molecule_30.sdf,hfaah,-9.903937339782717,-10.6899995803833,659,5.813281,5.813281
660,hfaah_molecule_31,/rds/general/user/cr725/home/aev-plig_research/github_tsBAP_official/data/fep/fep_benchmark_inputs/structure_inputs/misc/hfaah_protein.pdb,/rds/general/user/cr725/home/aev-plig_research/github_tsBAP_official/data/fep/fep_benchmark_inputs/structure_inputs/misc/hfaah_ligands_split/hfaah_molecule_31.sdf,hfaah,-11.290130615234377,-11.039999961853027,660,5.751322,5.751322
661,hfaah_molecule_33__Saha_2018_,/rds/general/user/cr725/home/aev-plig_research/github_tsBAP_official/data/fep/fep_benchmark_inputs/structure_inputs/misc/hfaah_protein.pdb,/rds/general/user/cr725/home/aev-plig_research/github_tsBAP_official/data/fep/fep_benchmark_inputs/structure_inputs/misc/hfaah_ligands_split/hfaah_molecule_33__Saha_2018_.sdf,hfaah,-9.73618984222412,-11.260000228881836,661,5.55123,5.55123
662,hfaah_molecule_39,/rds/general/user/cr725/home/aev-plig_research/github_tsBAP_official/data/fep/fep_benchmark_inputs/structure_inputs/misc/hfaah_protein.pdb,/rds/general/user/cr725/home/aev-plig_research/github_tsBAP_official/data/fep/fep_benchmark_inputs/structure_inputs/misc/hfaah_ligands_split/hfaah_molecule_39.sdf,hfaah,-10.71462059020996,-11.800000190734863,662,6.4830384,6.4830384
663,hiv_prot_ekegren_molecule_1,/rds/general/user/cr725/home/aev-plig_research/github_tsBAP_official/data/fep/fep_benchmark_inputs/structure_inputs/misc/hiv_prot_ekegren_protein.pdb,/rds/general/user/cr725/home/aev-plig_research/github_tsBAP_official/data/fep/fep_benchmark_inputs/structure_inputs/misc/hiv_prot_ekegren_ligands_split/hiv_prot_ekegren_molecule_1.sdf,hiv_prot_ekegren,-11.759520530700684,-10.449999809265137,663,6.0139112,6.0139112
664,hiv_prot_ekegren_molecule_9,/rds/general/user/cr725/home/aev-plig_research/github_tsBAP_official/data/fep/fep_benchmark_inputs/structure_inputs/misc/hiv_prot_ekegren_protein.pdb,/rds/general/user/cr725/home/aev-plig_research/github_tsBAP_official/data/fep/fep_benchmark_inputs/structure_inputs/misc/hiv_prot_ekegren_ligands_split/hiv_prot_ekegren_molecule_9.sdf,hiv_prot_ekegren,-10.5032958984375,-10.100000381469728,664,6.0025635,6.0025635
665,hiv_prot_ekegren_molecule_10,/rds/general/user/cr725/home/aev-plig_research/github_tsBAP_official/data/fep/fep_benchmark_inputs/structure_inputs/misc/hiv_prot_ekegren_protein.pdb,/rds/general/user/cr725/home/aev-plig_research/github_tsBAP_official/data/fep/fep_benchmark_inputs/structure_inputs/misc/hiv_prot_ekegren_ligands_split/hiv_prot_ekegren_molecule_10.sdf,hiv_prot_ekegren,-10.805952072143556,-10.59000015258789,665,6.5699477,6.5699477
666,hiv_prot_ekegren_molecule_11__2cen_,/rds/general/user/cr725/home/aev-plig_research/github_tsBAP_official/data/fep/fep_benchmark_inputs/structure_inputs/misc/hiv_prot_ekegren_protein.pdb,/rds/general/user/cr725/home/aev-plig_research/github_tsBAP_official/data/fep/fep_benchmark_inputs/structure_inputs/misc/hiv_prot_ekegren_ligands_split/hiv_prot_ekegren_molecule_11__2cen_.sdf,hiv_prot_ekegren,-11.324654579162598,-10.949999809265137,666,6.432428,6.432428
667,hiv_prot_ekegren_molecule_12,/rds/general/user/cr725/home/aev-plig_research/github_tsBAP_official/data/fep/fep_benchmark_inputs/structure_inputs/misc/hiv_prot_ekegren_protein.pdb,/rds/general/user/cr725/home/aev-plig_research/github_tsBAP_official/data/fep/fep_benchmark_inputs/structure_inputs/misc/hiv_prot_ekegren_ligands_split/hiv_prot_ekegren_molecule_12.sdf,hiv_prot_ekegren,-11.268184661865234,-10.979999542236328,667,6.0174494,6.0174494
668,hiv_prot_ekegren_molecule_13,/rds/general/user/cr725/home/aev-plig_research/github_tsBAP_official/data/fep/fep_benchmark_inputs/structure_inputs/misc/hiv_prot_ekegren_protein.pdb,/rds/general/user/cr725/home/aev-plig_research/github_tsBAP_official/data/fep/fep_benchmark_inputs/structure_inputs/misc/hiv_prot_ekegren_ligands_split/hiv_prot_ekegren_molecule_13.sdf,hiv_prot_ekegren,-10.857505798339844,-11.1899995803833,668,6.1374974,6.1374974
669,hiv_prot_ekegren_molecule_14,/rds/general/user/cr725/home/aev-plig_research/github_tsBAP_official/data/fep/fep_benchmark_inputs/structure_inputs/misc/hiv_prot_ekegren_protein.pdb,/rds/general/user/cr725/home/aev-plig_research/github_tsBAP_official/data/fep/fep_benchmark_inputs/structure_inputs/misc/hiv_prot_ekegren_ligands_split/hiv_prot_ekegren_molecule_14.sdf,hiv_prot_ekegren,-10.67374324798584,-11.90999984741211,669,6.2460556,6.2460556
670,hiv_prot_ekegren_molecule_15,/rds/general/user/cr725/home/aev-plig_research/github_tsBAP_official/data/fep/fep_benchmark_inputs/structure_inputs/misc/hiv_prot_ekegren_protein.pdb,/rds/general/user/cr725/home/aev-plig_research/github_tsBAP_official/data/fep/fep_benchmark_inputs/structure_inputs/misc/hiv_prot_ekegren_ligands_split/hiv_prot_ekegren_molecule_15.sdf,hiv_prot_ekegren,-10.976399421691896,-11.779999732971191,670,6.6304708,6.6304708
671,hiv_prot_ekegren_molecule_16,/rds/general/user/cr725/home/aev-plig_research/github_tsBAP_official/data/fep/fep_benchmark_inputs/structure_inputs/misc/hiv_prot_ekegren_protein.pdb,/rds/general/user/cr725/home/aev-plig_research/github_tsBAP_official/data/fep/fep_benchmark_inputs/structure_inputs/misc/hiv_prot_ekegren_ligands_split/hiv_prot_ekegren_molecule_16.sdf,hiv_prot_ekegren,-11.061184883117676,-11.979999542236328,671,6.6364193,6.6364193
672,hiv_prot_ekegren_molecule_17,/rds/general/user/cr725/home/aev-plig_research/github_tsBAP_official/data/fep/fep_benchmark_inputs/structure_inputs/misc/hiv_prot_ekegren_protein.pdb,/rds/general/user/cr725/home/aev-plig_research/github_tsBAP_official/data/fep/fep_benchmark_inputs/structure_inputs/misc/hiv_prot_ekegren_ligands_split/hiv_prot_ekegren_molecule_17.sdf,hiv_prot_ekegren,-11.48725414276123,-10.279999732971191,672,6.9682293,6.9682293
673,hiv_prot_ekegren_molecule_18,/rds/general/user/cr725/home/aev-plig_research/github_tsBAP_official/data/fep/fep_benchmark_inputs/structure_inputs/misc/hiv_prot_ekegren_protein.pdb,/rds/general/user/cr725/home/aev-plig_research/github_tsBAP_official/data/fep/fep_benchmark_inputs/structure_inputs/misc/hiv_prot_ekegren_ligands_split/hiv_prot_ekegren_molecule_18.sdf,hiv_prot_ekegren,-11.838635444641112,-11.300000190734863,673,6.5997267,6.5997267
674,hiv_prot_ekegren_molecule_19,/rds/general/user/cr725/home/aev-plig_research/github_tsBAP_official/data/fep/fep_benchmark_inputs/structure_inputs/misc/hiv_prot_ekegren_protein.pdb,/rds/general/user/cr725/home/aev-plig_research/github_tsBAP_official/data/fep/fep_benchmark_inputs/structure_inputs/misc/hiv_prot_ekegren_ligands_split/hiv_prot_ekegren_molecule_19.sdf,hiv_prot_ekegren,-10.857505798339844,-11.3100004196167,674,6.746099,6.746099
675,hiv_prot_ekegren_molecule_20,/rds/general/user/cr725/home/aev-plig_research/github_tsBAP_official/data/fep/fep_benchmark_inputs/structure_inputs/misc/hiv_prot_ekegren_protein.pdb,/rds/general/user/cr725/home/aev-plig_research/github_tsBAP_official/data/fep/fep_benchmark_inputs/structure_inputs/misc/hiv_prot_ekegren_ligands_split/hiv_prot_ekegren_molecule_20.sdf,hiv_prot_ekegren,-11.53597927093506,-12.140000343322754,675,6.343568,6.343568
676,cdk8_koehler_molecule_12,/rds/general/user/cr725/home/aev-plig_research/github_tsBAP_official/data/fep/fep_benchmark_inputs/structure_inputs/misc/cdk8_koehler_protein.pdb,/rds/general/user/cr725/home/aev-plig_research/github_tsBAP_official/data/fep/fep_benchmark_inputs/structure_inputs/misc/cdk8_koehler_ligands_split/cdk8_koehler_molecule_12.sdf,cdk8_koehler,-9.83295726776123,-9.300000190734863,676,4.461429,4.461429
677,cdk8_koehler_molecule_13,/rds/general/user/cr725/home/aev-plig_research/github_tsBAP_official/data/fep/fep_benchmark_inputs/structure_inputs/misc/cdk8_koehler_protein.pdb,/rds/general/user/cr725/home/aev-plig_research/github_tsBAP_official/data/fep/fep_benchmark_inputs/structure_inputs/misc/cdk8_koehler_ligands_split/cdk8_koehler_molecule_13.sdf,cdk8_koehler,-11.19720458984375,-11.390000343322754,677,4.805922,4.805922
678,cdk8_koehler_molecule_14,/rds/general/user/cr725/home/aev-plig_research/github_tsBAP_official/data/fep/fep_benchmark_inputs/structure_inputs/misc/cdk8_koehler_protein.pdb,/rds/general/user/cr725/home/aev-plig_research/github_tsBAP_official/data/fep/fep_benchmark_inputs/structure_inputs/misc/cdk8_koehler_ligands_split/cdk8_koehler_molecule_14.sdf,cdk8_koehler,-11.031554222106934,-10.8100004196167,678,5.4613304,5.4613304
679,cdk8_koehler_molecule_15,/rds/general/user/cr725/home/aev-plig_research/github_tsBAP_official/data/fep/fep_benchmark_inputs/structure_inputs/misc/cdk8_koehler_protein.pdb,/rds/general/user/cr725/home/aev-plig_research/github_tsBAP_official/data/fep/fep_benchmark_inputs/structure_inputs/misc/cdk8_koehler_ligands_split/cdk8_koehler_molecule_15.sdf,cdk8_koehler,-9.720175743103027,-10.170000076293944,679,5.442733,5.442733
680,cdk8_koehler_molecule_16,/rds/general/user/cr725/home/aev-plig_research/github_tsBAP_official/data/fep/fep_benchmark_inputs/structure_inputs/misc/cdk8_koehler_protein.pdb,/rds/general/user/cr725/home/aev-plig_research/github_tsBAP_official/data/fep/fep_benchmark_inputs/structure_inputs/misc/cdk8_koehler_ligands_split/cdk8_koehler_molecule_16.sdf,cdk8_koehler,-10.635504722595217,-11.640000343322754,680,4.592799,4.592799
681,cdk8_koehler_molecule_17,/rds/general/user/cr725/home/aev-plig_research/github_tsBAP_official/data/fep/fep_benchmark_inputs/structure_inputs/misc/cdk8_koehler_protein.pdb,/rds/general/user/cr725/home/aev-plig_research/github_tsBAP_official/data/fep/fep_benchmark_inputs/structure_inputs/misc/cdk8_koehler_ligands_split/cdk8_koehler_molecule_17.sdf,cdk8_koehler,-10.395273208618164,-12.149999618530272,681,5.2001357,5.2001357
682,cdk8_koehler_molecule_19,/rds/general/user/cr725/home/aev-plig_research/github_tsBAP_official/data/fep/fep_benchmark_inputs/structure_inputs/misc/cdk8_koehler_protein.pdb,/rds/general/user/cr725/home/aev-plig_research/github_tsBAP_official/data/fep/fep_benchmark_inputs/structure_inputs/misc/cdk8_koehler_ligands_split/cdk8_koehler_molecule_19.sdf,cdk8_koehler,-10.224825859069824,-10.100000381469728,682,5.2807755,5.2807755
683,cdk8_koehler_molecule_20,/rds/general/user/cr725/home/aev-plig_research/github_tsBAP_official/data/fep/fep_benchmark_inputs/structure_inputs/misc/cdk8_koehler_protein.pdb,/rds/general/user/cr725/home/aev-plig_research/github_tsBAP_official/data/fep/fep_benchmark_inputs/structure_inputs/misc/cdk8_koehler_ligands_split/cdk8_koehler_molecule_20.sdf,cdk8_koehler,-10.28314971923828,-9.43000030517578,683,4.6390967,4.6390967
684,cdk8_koehler_molecule_21,/rds/general/user/cr725/home/aev-plig_research/github_tsBAP_official/data/fep/fep_benchmark_inputs/structure_inputs/misc/cdk8_koehler_protein.pdb,/rds/general/user/cr725/home/aev-plig_research/github_tsBAP_official/data/fep/fep_benchmark_inputs/structure_inputs/misc/cdk8_koehler_ligands_split/cdk8_koehler_molecule_21.sdf,cdk8_koehler,-9.862342834472656,-8.210000038146973,684,5.581264,5.581264
685,cdk8_koehler_molecule_22,/rds/general/user/cr725/home/aev-plig_research/github_tsBAP_official/data/fep/fep_benchmark_inputs/structure_inputs/misc/cdk8_koehler_protein.pdb,/rds/general/user/cr725/home/aev-plig_research/github_tsBAP_official/data/fep/fep_benchmark_inputs/structure_inputs/misc/cdk8_koehler_ligands_split/cdk8_koehler_molecule_22.sdf,cdk8_koehler,-11.290130615234377,-11.279999732971191,685,5.5422297,5.5422297
686,galectin3_extra_molecule_18a,/rds/general/user/cr725/home/aev-plig_research/github_tsBAP_official/data/fep/fep_benchmark_inputs/structure_inputs/misc/galectin3_extra_protein.pdb,/rds/general/user/cr725/home/aev-plig_research/github_tsBAP_official/data/fep/fep_benchmark_inputs/structure_inputs/misc/galectin3_extra_ligands_split/galectin3_extra_molecule_18a.sdf,galectin3_extra,-6.327748299,-6.460000038,686,21.396826,21.396826
687,galectin3_extra_molecule_18b,/rds/general/user/cr725/home/aev-plig_research/github_tsBAP_official/data/fep/fep_benchmark_inputs/structure_inputs/misc/galectin3_extra_protein.pdb,/rds/general/user/cr725/home/aev-plig_research/github_tsBAP_official/data/fep/fep_benchmark_inputs/structure_inputs/misc/galectin3_extra_ligands_split/galectin3_extra_molecule_18b.sdf,galectin3_extra,-7.460412979,-6.590000153,687,20.771503,20.771503
688,galectin3_extra_molecule_18d,/rds/general/user/cr725/home/aev-plig_research/github_tsBAP_official/data/fep/fep_benchmark_inputs/structure_inputs/misc/galectin3_extra_protein.pdb,/rds/general/user/cr725/home/aev-plig_research/github_tsBAP_official/data/fep/fep_benchmark_inputs/structure_inputs/misc/galectin3_extra_ligands_split/galectin3_extra_molecule_18d.sdf,galectin3_extra,-6.764764786,-6.039999962,688,21.24548,21.24548
689,galectin3_extra_molecule_18e,/rds/general/user/cr725/home/aev-plig_research/github_tsBAP_official/data/fep/fep_benchmark_inputs/structure_inputs/misc/galectin3_extra_protein.pdb,/rds/general/user/cr725/home/aev-plig_research/github_tsBAP_official/data/fep/fep_benchmark_inputs/structure_inputs/misc/galectin3_extra_ligands_split/galectin3_extra_molecule_18e.sdf,galectin3_extra,-6.472980022,-6.389999866,689,21.231644,21.231644
690,galectin3_extra_molecule_18f,/rds/general/user/cr725/home/aev-plig_research/github_tsBAP_official/data/fep/fep_benchmark_inputs/structure_inputs/misc/galectin3_extra_protein.pdb,/rds/general/user/cr725/home/aev-plig_research/github_tsBAP_official/data/fep/fep_benchmark_inputs/structure_inputs/misc/galectin3_extra_ligands_split/galectin3_extra_molecule_18f.sdf,galectin3_extra,-5.532726765,-5.900000095,690,10.37991,10.37991
691,galectin3_extra_molecule_18g,/rds/general/user/cr725/home/aev-plig_research/github_tsBAP_official/data/fep/fep_benchmark_inputs/structure_inputs/misc/galectin3_extra_protein.pdb,/rds/general/user/cr725/home/aev-plig_research/github_tsBAP_official/data/fep/fep_benchmark_inputs/structure_inputs/misc/galectin3_extra_ligands_split/galectin3_extra_molecule_18g.sdf,galectin3_extra,-6.472980022,-5.940000057,691,20.027939,20.027939
692,galectin3_extra_molecule_18h,/rds/general/user/cr725/home/aev-plig_research/github_tsBAP_official/data/fep/fep_benchmark_inputs/structure_inputs/misc/galectin3_extra_protein.pdb,/rds/general/user/cr725/home/aev-plig_research/github_tsBAP_official/data/fep/fep_benchmark_inputs/structure_inputs/misc/galectin3_extra_ligands_split/galectin3_extra_molecule_18h.sdf,galectin3_extra,-5.999876022,-5.710000038,692,21.958673,21.958673
693,galectin3_extra_molecule_18i,/rds/general/user/cr725/home/aev-plig_research/github_tsBAP_official/data/fep/fep_benchmark_inputs/structure_inputs/misc/galectin3_extra_protein.pdb,/rds/general/user/cr725/home/aev-plig_research/github_tsBAP_official/data/fep/fep_benchmark_inputs/structure_inputs/misc/galectin3_extra_ligands_split/galectin3_extra_molecule_18i.sdf,galectin3_extra,-4.806076527,-5.519999981,693,12.900002,12.900002
694,galectin3_extra_molecule_17m,/rds/general/user/cr725/home/aev-plig_research/github_tsBAP_official/data/fep/fep_benchmark_inputs/structure_inputs/misc/galectin3_extra_protein.pdb,/rds/general/user/cr725/home/aev-plig_research/github_tsBAP_official/data/fep/fep_benchmark_inputs/structure_inputs/misc/galectin3_extra_ligands_split/galectin3_extra_molecule_17m.sdf,galectin3_extra,-4.104710579,-4.349999905,694,11.856101,11.856101
695,galectin3_extra_molecule_17q,/rds/general/user/cr725/home/aev-plig_research/github_tsBAP_official/data/fep/fep_benchmark_inputs/structure_inputs/misc/galectin3_extra_protein.pdb,/rds/general/user/cr725/home/aev-plig_research/github_tsBAP_official/data/fep/fep_benchmark_inputs/structure_inputs/misc/galectin3_extra_ligands_split/galectin3_extra_molecule_17q.sdf,galectin3_extra,-4.9898386,-5.449999809,695,19.9226,19.9226
696,galectin3_extra_molecule_17r,/rds/general/user/cr725/home/aev-plig_research/github_tsBAP_official/data/fep/fep_benchmark_inputs/structure_inputs/misc/galectin3_extra_protein.pdb,/rds/general/user/cr725/home/aev-plig_research/github_tsBAP_official/data/fep/fep_benchmark_inputs/structure_inputs/misc/galectin3_extra_ligands_split/galectin3_extra_molecule_17r.sdf,galectin3_extra,-4.749606609,-5.090000153,696,19.82164,19.82164
697,galectin3_extra_molecule_17n,/rds/general/user/cr725/home/aev-plig_research/github_tsBAP_official/data/fep/fep_benchmark_inputs/structure_inputs/misc/galectin3_extra_protein.pdb,/rds/general/user/cr725/home/aev-plig_research/github_tsBAP_official/data/fep/fep_benchmark_inputs/structure_inputs/misc/galectin3_extra_ligands_split/galectin3_extra_molecule_17n.sdf,galectin3_extra,-4.914099216,-5.46999979,697,22.260893,22.260893
698,galectin3_extra_molecule_17p,/rds/general/user/cr725/home/aev-plig_research/github_tsBAP_official/data/fep/fep_benchmark_inputs/structure_inputs/misc/galectin3_extra_protein.pdb,/rds/general/user/cr725/home/aev-plig_research/github_tsBAP_official/data/fep/fep_benchmark_inputs/structure_inputs/misc/galectin3_extra_ligands_split/galectin3_extra_molecule_17p.sdf,galectin3_extra,-5.046308517,-5.71999979,698,22.627844,22.627844
699,galectin3_extra_molecule_17o,/rds/general/user/cr725/home/aev-plig_research/github_tsBAP_official/data/fep/fep_benchmark_inputs/structure_inputs/misc/galectin3_extra_protein.pdb,/rds/general/user/cr725/home/aev-plig_research/github_tsBAP_official/data/fep/fep_benchmark_inputs/structure_inputs/misc/galectin3_extra_ligands_split/galectin3_extra_molecule_17o.sdf,galectin3_extra,-5.1087327,-5.269999981,699,20.316591,20.316591
700,galectin3_extra_molecule_17f,/rds/general/user/cr725/home/aev-plig_research/github_tsBAP_official/data/fep/fep_benchmark_inputs/structure_inputs/misc/galectin3_extra_protein.pdb,/rds/general/user/cr725/home/aev-plig_research/github_tsBAP_official/data/fep/fep_benchmark_inputs/structure_inputs/misc/galectin3_extra_ligands_split/galectin3_extra_molecule_17f.sdf,galectin3_extra,-6.581002712,-6.460000038,700,22.190466,22.190466
701,galectin3_extra_molecule_17e,/rds/general/user/cr725/home/aev-plig_research/github_tsBAP_official/data/fep/fep_benchmark_inputs/structure_inputs/misc/galectin3_extra_protein.pdb,/rds/general/user/cr725/home/aev-plig_research/github_tsBAP_official/data/fep/fep_benchmark_inputs/structure_inputs/misc/galectin3_extra_ligands_split/galectin3_extra_molecule_17e.sdf,galectin3_extra,-6.896974087,-6.570000172,701,22.642246,22.642246
702,galectin3_extra_molecule_17g,/rds/general/user/cr725/home/aev-plig_research/github_tsBAP_official/data/fep/fep_benchmark_inputs/structure_inputs/misc/galectin3_extra_protein.pdb,/rds/general/user/cr725/home/aev-plig_research/github_tsBAP_official/data/fep/fep_benchmark_inputs/structure_inputs/misc/galectin3_extra_ligands_split/galectin3_extra_molecule_17g.sdf,galectin3_extra,-7.208675861,-6.829999924,702,22.214273,22.214273
703,galectin3_extra_molecule_17a,/rds/general/user/cr725/home/aev-plig_research/github_tsBAP_official/data/fep/fep_benchmark_inputs/structure_inputs/misc/galectin3_extra_protein.pdb,/rds/general/user/cr725/home/aev-plig_research/github_tsBAP_official/data/fep/fep_benchmark_inputs/structure_inputs/misc/galectin3_extra_ligands_split/galectin3_extra_molecule_17a.sdf,galectin3_extra,-5.532726765,-5.159999847,703,19.326004,19.326004
704,galectin3_extra_molecule_17j,/rds/general/user/cr725/home/aev-plig_research/github_tsBAP_official/data/fep/fep_benchmark_inputs/structure_inputs/misc/galectin3_extra_protein.pdb,/rds/general/user/cr725/home/aev-plig_research/github_tsBAP_official/data/fep/fep_benchmark_inputs/structure_inputs/misc/galectin3_extra_ligands_split/galectin3_extra_molecule_17j.sdf,galectin3_extra,-6.440945625,-6.349999905,704,21.50802,21.50802
705,galectin3_extra_molecule_17l,/rds/general/user/cr725/home/aev-plig_research/github_tsBAP_official/data/fep/fep_benchmark_inputs/structure_inputs/misc/galectin3_extra_protein.pdb,/rds/general/user/cr725/home/aev-plig_research/github_tsBAP_official/data/fep/fep_benchmark_inputs/structure_inputs/misc/galectin3_extra_ligands_split/galectin3_extra_molecule_17l.sdf,galectin3_extra,-5.943406105,-6.409999847,705,22.409338,22.409338
706,galectin3_extra_molecule_17c,/rds/general/user/cr725/home/aev-plig_research/github_tsBAP_official/data/fep/fep_benchmark_inputs/structure_inputs/misc/galectin3_extra_protein.pdb,/rds/general/user/cr725/home/aev-plig_research/github_tsBAP_official/data/fep/fep_benchmark_inputs/structure_inputs/misc/galectin3_extra_ligands_split/galectin3_extra_molecule_17c.sdf,galectin3_extra,-6.354085445,-6.150000095,706,20.105944,20.105944
707,galectin3_extra_molecule_17k,/rds/general/user/cr725/home/aev-plig_research/github_tsBAP_official/data/fep/fep_benchmark_inputs/structure_inputs/misc/galectin3_extra_protein.pdb,/rds/general/user/cr725/home/aev-plig_research/github_tsBAP_official/data/fep/fep_benchmark_inputs/structure_inputs/misc/galectin3_extra_ligands_split/galectin3_extra_molecule_17k.sdf,galectin3_extra,-6.621879578,-6.75,707,21.389812,21.389812
708,galectin3_extra_molecule_17b,/rds/general/user/cr725/home/aev-plig_research/github_tsBAP_official/data/fep/fep_benchmark_inputs/structure_inputs/misc/galectin3_extra_protein.pdb,/rds/general/user/cr725/home/aev-plig_research/github_tsBAP_official/data/fep/fep_benchmark_inputs/structure_inputs/misc/galectin3_extra_ligands_split/galectin3_extra_molecule_17b.sdf,galectin3_extra,-5.506390095,-5.150000095,708,19.4984,19.4984
709,galectin3_extra_molecule_17h_flip,/rds/general/user/cr725/home/aev-plig_research/github_tsBAP_official/data/fep/fep_benchmark_inputs/structure_inputs/misc/galectin3_extra_protein.pdb,/rds/general/user/cr725/home/aev-plig_research/github_tsBAP_official/data/fep/fep_benchmark_inputs/structure_inputs/misc/galectin3_extra_ligands_split/galectin3_extra_molecule_17h_flip.sdf,galectin3_extra,-6.327748299,-6.170000076,709,22.521112,22.521112
710,galectin3_extra_molecule_17i,/rds/general/user/cr725/home/aev-plig_research/github_tsBAP_official/data/fep/fep_benchmark_inputs/structure_inputs/misc/galectin3_extra_protein.pdb,/rds/general/user/cr725/home/aev-plig_research/github_tsBAP_official/data/fep/fep_benchmark_inputs/structure_inputs/misc/galectin3_extra_ligands_split/galectin3_extra_molecule_17i.sdf,galectin3_extra,-5.943406105,-6.389999866,710,19.553658,19.553658
711,galectin3_extra_molecule_17d,/rds/general/user/cr725/home/aev-plig_research/github_tsBAP_official/data/fep/fep_benchmark_inputs/structure_inputs/misc/galectin3_extra_protein.pdb,/rds/general/user/cr725/home/aev-plig_research/github_tsBAP_official/data/fep/fep_benchmark_inputs/structure_inputs/misc/galectin3_extra_ligands_split/galectin3_extra_molecule_17d.sdf,galectin3_extra,-6.150896072,-5.960000038,711,23.155178,23.155178
712,btk_extra_flip_molecule_2,/rds/general/user/cr725/home/aev-plig_research/github_tsBAP_official/data/fep/fep_benchmark_inputs/structure_inputs/misc/btk_extra_flip_protein.pdb,/rds/general/user/cr725/home/aev-plig_research/github_tsBAP_official/data/fep/fep_benchmark_inputs/structure_inputs/misc/btk_extra_flip_ligands_split/btk_extra_flip_molecule_2.sdf,btk_extra_flip,-7.687934875488281,-8.069999694824219,712,6.298376,6.298376
713,btk_extra_flip_molecule_7,/rds/general/user/cr725/home/aev-plig_research/github_tsBAP_official/data/fep/fep_benchmark_inputs/structure_inputs/misc/btk_extra_flip_protein.pdb,/rds/general/user/cr725/home/aev-plig_research/github_tsBAP_official/data/fep/fep_benchmark_inputs/structure_inputs/misc/btk_extra_flip_ligands_split/btk_extra_flip_molecule_7.sdf,btk_extra_flip,-9.084606170654297,-8.229999542236328,713,6.2443767,6.2443767
714,btk_extra_flip_molecule_8,/rds/general/user/cr725/home/aev-plig_research/github_tsBAP_official/data/fep/fep_benchmark_inputs/structure_inputs/misc/btk_extra_flip_protein.pdb,/rds/general/user/cr725/home/aev-plig_research/github_tsBAP_official/data/fep/fep_benchmark_inputs/structure_inputs/misc/btk_extra_flip_ligands_split/btk_extra_flip_molecule_8.sdf,btk_extra_flip,-9.606385231018066,-8.289999961853027,714,7.6155586,7.6155586
715,btk_extra_flip_molecule_9_flip,/rds/general/user/cr725/home/aev-plig_research/github_tsBAP_official/data/fep/fep_benchmark_inputs/structure_inputs/misc/btk_extra_flip_protein.pdb,/rds/general/user/cr725/home/aev-plig_research/github_tsBAP_official/data/fep/fep_benchmark_inputs/structure_inputs/misc/btk_extra_flip_ligands_split/btk_extra_flip_molecule_9_flip.sdf,btk_extra_flip,-8.33090591430664,-8.9399995803833,715,6.9777036,6.9777036
716,btk_extra_flip_molecule_10,/rds/general/user/cr725/home/aev-plig_research/github_tsBAP_official/data/fep/fep_benchmark_inputs/structure_inputs/misc/btk_extra_flip_protein.pdb,/rds/general/user/cr725/home/aev-plig_research/github_tsBAP_official/data/fep/fep_benchmark_inputs/structure_inputs/misc/btk_extra_flip_ligands_split/btk_extra_flip_molecule_10.sdf,btk_extra_flip,-10.870059967041016,-11.350000381469728,716,7.1732078,7.1732078
717,btk_extra_flip_molecule_11,/rds/general/user/cr725/home/aev-plig_research/github_tsBAP_official/data/fep/fep_benchmark_inputs/structure_inputs/misc/btk_extra_flip_protein.pdb,/rds/general/user/cr725/home/aev-plig_research/github_tsBAP_official/data/fep/fep_benchmark_inputs/structure_inputs/misc/btk_extra_flip_ligands_split/btk_extra_flip_molecule_11.sdf,btk_extra_flip,-11.524829864501951,-12.210000038146973,717,7.0874534,7.0874534
718,cr_bace1_molecule_4,/rds/general/user/cr725/home/aev-plig_research/github_tsBAP_official/data/fep/fep_benchmark_inputs/structure_inputs/opls_stress/cr_bace1_protein.pdb,/rds/general/user/cr725/home/aev-plig_research/github_tsBAP_official/data/fep/fep_benchmark_inputs/structure_inputs/opls_stress/cr_bace1_ligands_split/cr_bace1_molecule_4.sdf,cr_bace1,0.4099999964237213,-0.2199999988079071,718,6.945796,6.945796
719,cr_bace1_molecule_1,/rds/general/user/cr725/home/aev-plig_research/github_tsBAP_official/data/fep/fep_benchmark_inputs/structure_inputs/opls_stress/cr_bace1_protein.pdb,/rds/general/user/cr725/home/aev-plig_research/github_tsBAP_official/data/fep/fep_benchmark_inputs/structure_inputs/opls_stress/cr_bace1_ligands_split/cr_bace1_molecule_1.sdf,cr_bace1,-0.9900000095367432,-0.4799999892711639,719,8.765022,8.765022
720,cr_bace1_molecule_3,/rds/general/user/cr725/home/aev-plig_research/github_tsBAP_official/data/fep/fep_benchmark_inputs/structure_inputs/opls_stress/cr_bace1_protein.pdb,/rds/general/user/cr725/home/aev-plig_research/github_tsBAP_official/data/fep/fep_benchmark_inputs/structure_inputs/opls_stress/cr_bace1_ligands_split/cr_bace1_molecule_3.sdf,cr_bace1,-0.8899999856948853,-0.2000000029802322,720,1.5139364,1.5139364
721,cr_bace1_molecule_7,/rds/general/user/cr725/home/aev-plig_research/github_tsBAP_official/data/fep/fep_benchmark_inputs/structure_inputs/opls_stress/cr_bace1_protein.pdb,/rds/general/user/cr725/home/aev-plig_research/github_tsBAP_official/data/fep/fep_benchmark_inputs/structure_inputs/opls_stress/cr_bace1_ligands_split/cr_bace1_molecule_7.sdf,cr_bace1,0.9100000262260436,0.1899999976158142,721,7.925222,7.925222
722,cr_bace1_molecule_9R,/rds/general/user/cr725/home/aev-plig_research/github_tsBAP_official/data/fep/fep_benchmark_inputs/structure_inputs/opls_stress/cr_bace1_protein.pdb,/rds/general/user/cr725/home/aev-plig_research/github_tsBAP_official/data/fep/fep_benchmark_inputs/structure_inputs/opls_stress/cr_bace1_ligands_split/cr_bace1_molecule_9R.sdf,cr_bace1,0.7099999785423279,-0.0900000035762786,722,7.393735,7.393735
723,cr_bace1_molecule_5,/rds/general/user/cr725/home/aev-plig_research/github_tsBAP_official/data/fep/fep_benchmark_inputs/structure_inputs/opls_stress/cr_bace1_protein.pdb,/rds/general/user/cr725/home/aev-plig_research/github_tsBAP_official/data/fep/fep_benchmark_inputs/structure_inputs/opls_stress/cr_bace1_ligands_split/cr_bace1_molecule_5.sdf,cr_bace1,0.9100000262260436,0.0199999995529651,723,8.576819,8.576819
724,cr_bace1_molecule_10,/rds/general/user/cr725/home/aev-plig_research/github_tsBAP_official/data/fep/fep_benchmark_inputs/structure_inputs/opls_stress/cr_bace1_protein.pdb,/rds/general/user/cr725/home/aev-plig_research/github_tsBAP_official/data/fep/fep_benchmark_inputs/structure_inputs/opls_stress/cr_bace1_ligands_split/cr_bace1_molecule_10.sdf,cr_bace1,-0.2899999916553497,1.809999942779541,724,7.342531,7.342531
725,cr_bace1_molecule_6,/rds/general/user/cr725/home/aev-plig_research/github_tsBAP_official/data/fep/fep_benchmark_inputs/structure_inputs/opls_stress/cr_bace1_protein.pdb,/rds/general/user/cr725/home/aev-plig_research/github_tsBAP_official/data/fep/fep_benchmark_inputs/structure_inputs/opls_stress/cr_bace1_ligands_split/cr_bace1_molecule_6.sdf,cr_bace1,-1.7899999618530271,-0.949999988079071,725,11.328449,11.328449
726,cr_bace1_molecule_2,/rds/general/user/cr725/home/aev-plig_research/github_tsBAP_official/data/fep/fep_benchmark_inputs/structure_inputs/opls_stress/cr_bace1_protein.pdb,/rds/general/user/cr725/home/aev-plig_research/github_tsBAP_official/data/fep/fep_benchmark_inputs/structure_inputs/opls_stress/cr_bace1_ligands_split/cr_bace1_molecule_2.sdf,cr_bace1,-0.1899999976158142,0.6100000143051147,726,7.357204,7.357204
727,cr_bace1_molecule_9S,/rds/general/user/cr725/home/aev-plig_research/github_tsBAP_official/data/fep/fep_benchmark_inputs/structure_inputs/opls_stress/cr_bace1_protein.pdb,/rds/general/user/cr725/home/aev-plig_research/github_tsBAP_official/data/fep/fep_benchmark_inputs/structure_inputs/opls_stress/cr_bace1_ligands_split/cr_bace1_molecule_9S.sdf,cr_bace1,1.809999942779541,-0.5699999928474426,727,7.6423707,7.6423707
728,cr_bace1_molecule_8,/rds/general/user/cr725/home/aev-plig_research/github_tsBAP_official/data/fep/fep_benchmark_inputs/structure_inputs/opls_stress/cr_bace1_protein.pdb,/rds/general/user/cr725/home/aev-plig_research/github_tsBAP_official/data/fep/fep_benchmark_inputs/structure_inputs/opls_stress/cr_bace1_ligands_split/cr_bace1_molecule_8.sdf,cr_bace1,-0.5899999737739563,-0.1000000014901161,728,7.808305,7.808305
729,hc_bace1_molecule_22256_26_0_ligand,/rds/general/user/cr725/home/aev-plig_research/github_tsBAP_official/data/fep/fep_benchmark_inputs/structure_inputs/opls_stress/hc_bace1_protein.pdb,/rds/general/user/cr725/home/aev-plig_research/github_tsBAP_official/data/fep/fep_benchmark_inputs/structure_inputs/opls_stress/hc_bace1_ligands_split/hc_bace1_molecule_22256_26_0_ligand.sdf,hc_bace1,-6.960000038146973,-6.769999980926514,729,8.970998,8.970998
730,hc_bace1_molecule_22250_20_0_ligand,/rds/general/user/cr725/home/aev-plig_research/github_tsBAP_official/data/fep/fep_benchmark_inputs/structure_inputs/opls_stress/hc_bace1_protein.pdb,/rds/general/user/cr725/home/aev-plig_research/github_tsBAP_official/data/fep/fep_benchmark_inputs/structure_inputs/opls_stress/hc_bace1_ligands_split/hc_bace1_molecule_22250_20_0_ligand.sdf,hc_bace1,-8.109999656677246,-8.359999656677246,730,8.733783,8.733783
731,hc_bace1_molecule_22251_21_0_ligand,/rds/general/user/cr725/home/aev-plig_research/github_tsBAP_official/data/fep/fep_benchmark_inputs/structure_inputs/opls_stress/hc_bace1_protein.pdb,/rds/general/user/cr725/home/aev-plig_research/github_tsBAP_official/data/fep/fep_benchmark_inputs/structure_inputs/opls_stress/hc_bace1_ligands_split/hc_bace1_molecule_22251_21_0_ligand.sdf,hc_bace1,-9.40999984741211,-9.75,731,8.731272,8.731272
732,hc_bace1_molecule_19677_19_0_ligand,/rds/general/user/cr725/home/aev-plig_research/github_tsBAP_official/data/fep/fep_benchmark_inputs/structure_inputs/opls_stress/hc_bace1_protein.pdb,/rds/general/user/cr725/home/aev-plig_research/github_tsBAP_official/data/fep/fep_benchmark_inputs/structure_inputs/opls_stress/hc_bace1_ligands_split/hc_bace1_molecule_19677_19_0_ligand.sdf,hc_bace1,-9.829999923706056,-8.5,732,7.066484,7.066484
733,hc_bace1_molecule_22254_24_0_ligand,/rds/general/user/cr725/home/aev-plig_research/github_tsBAP_official/data/fep/fep_benchmark_inputs/structure_inputs/opls_stress/hc_bace1_protein.pdb,/rds/general/user/cr725/home/aev-plig_research/github_tsBAP_official/data/fep/fep_benchmark_inputs/structure_inputs/opls_stress/hc_bace1_ligands_split/hc_bace1_molecule_22254_24_0_ligand.sdf,hc_bace1,-9.470000267028809,-9.140000343322754,733,7.1574435,7.1574435
734,hc_bace1_molecule_22252_22_0_ligand,/rds/general/user/cr725/home/aev-plig_research/github_tsBAP_official/data/fep/fep_benchmark_inputs/structure_inputs/opls_stress/hc_bace1_protein.pdb,/rds/general/user/cr725/home/aev-plig_research/github_tsBAP_official/data/fep/fep_benchmark_inputs/structure_inputs/opls_stress/hc_bace1_ligands_split/hc_bace1_molecule_22252_22_0_ligand.sdf,hc_bace1,-10.010000228881836,-10.550000190734863,734,8.608115,8.608115
735,hc_bace1_molecule_22253_23_0_ligand,/rds/general/user/cr725/home/aev-plig_research/github_tsBAP_official/data/fep/fep_benchmark_inputs/structure_inputs/opls_stress/hc_bace1_protein.pdb,/rds/general/user/cr725/home/aev-plig_research/github_tsBAP_official/data/fep/fep_benchmark_inputs/structure_inputs/opls_stress/hc_bace1_ligands_split/hc_bace1_molecule_22253_23_0_ligand.sdf,hc_bace1,-8.75,-9.479999542236328,735,8.414954,8.414954
736,fxa_yoshikawa_set_molecule_5f,/rds/general/user/cr725/home/aev-plig_research/github_tsBAP_official/data/fep/fep_benchmark_inputs/structure_inputs/opls_stress/fxa_yoshikawa_set_protein.pdb,/rds/general/user/cr725/home/aev-plig_research/github_tsBAP_official/data/fep/fep_benchmark_inputs/structure_inputs/opls_stress/fxa_yoshikawa_set_ligands_split/fxa_yoshikawa_set_molecule_5f.sdf,fxa_yoshikawa_set,-11.570840835571287,-12.739999771118164,736,5.6823897,5.6823897
737,fxa_yoshikawa_set_molecule_5g,/rds/general/user/cr725/home/aev-plig_research/github_tsBAP_official/data/fep/fep_benchmark_inputs/structure_inputs/opls_stress/fxa_yoshikawa_set_protein.pdb,/rds/general/user/cr725/home/aev-plig_research/github_tsBAP_official/data/fep/fep_benchmark_inputs/structure_inputs/opls_stress/fxa_yoshikawa_set_ligands_split/fxa_yoshikawa_set_molecule_5g.sdf,fxa_yoshikawa_set,-10.17173194885254,-8.420000076293945,737,4.9819756,4.9819756
738,fxa_yoshikawa_set_molecule_5e,/rds/general/user/cr725/home/aev-plig_research/github_tsBAP_official/data/fep/fep_benchmark_inputs/structure_inputs/opls_stress/fxa_yoshikawa_set_protein.pdb,/rds/general/user/cr725/home/aev-plig_research/github_tsBAP_official/data/fep/fep_benchmark_inputs/structure_inputs/opls_stress/fxa_yoshikawa_set_ligands_split/fxa_yoshikawa_set_molecule_5e.sdf,fxa_yoshikawa_set,-8.26799201965332,-8.149999618530273,738,6.237297,6.237297
739,fxa_yoshikawa_set_molecule_5i,/rds/general/user/cr725/home/aev-plig_research/github_tsBAP_official/data/fep/fep_benchmark_inputs/structure_inputs/opls_stress/fxa_yoshikawa_set_protein.pdb,/rds/general/user/cr725/home/aev-plig_research/github_tsBAP_official/data/fep/fep_benchmark_inputs/structure_inputs/opls_stress/fxa_yoshikawa_set_ligands_split/fxa_yoshikawa_set_molecule_5i.sdf,fxa_yoshikawa_set,-10.805952072143556,-11.18000030517578,739,6.3356338,6.3356338
740,fxa_yoshikawa_set_molecule_5b,/rds/general/user/cr725/home/aev-plig_research/github_tsBAP_official/data/fep/fep_benchmark_inputs/structure_inputs/opls_stress/fxa_yoshikawa_set_protein.pdb,/rds/general/user/cr725/home/aev-plig_research/github_tsBAP_official/data/fep/fep_benchmark_inputs/structure_inputs/opls_stress/fxa_yoshikawa_set_ligands_split/fxa_yoshikawa_set_molecule_5b.sdf,fxa_yoshikawa_set,-7.364122867584228,-6.710000038146973,740,5.837461,5.837461
741,fxa_yoshikawa_set_molecule_5h,/rds/general/user/cr725/home/aev-plig_research/github_tsBAP_official/data/fep/fep_benchmark_inputs/structure_inputs/opls_stress/fxa_yoshikawa_set_protein.pdb,/rds/general/user/cr725/home/aev-plig_research/github_tsBAP_official/data/fep/fep_benchmark_inputs/structure_inputs/opls_stress/fxa_yoshikawa_set_ligands_split/fxa_yoshikawa_set_molecule_5h.sdf,fxa_yoshikawa_set,-12.7782621383667,-14.81999969482422,741,6.403813,6.403813
742,fxa_yoshikawa_set_molecule_5a,/rds/general/user/cr725/home/aev-plig_research/github_tsBAP_official/data/fep/fep_benchmark_inputs/structure_inputs/opls_stress/fxa_yoshikawa_set_protein.pdb,/rds/general/user/cr725/home/aev-plig_research/github_tsBAP_official/data/fep/fep_benchmark_inputs/structure_inputs/opls_stress/fxa_yoshikawa_set_ligands_split/fxa_yoshikawa_set_molecule_5a.sdf,fxa_yoshikawa_set,-11.24702262878418,-10.15999984741211,742,5.8583145,5.8583145
743,fxa_yoshikawa_set_molecule_5k,/rds/general/user/cr725/home/aev-plig_research/github_tsBAP_official/data/fep/fep_benchmark_inputs/structure_inputs/opls_stress/fxa_yoshikawa_set_protein.pdb,/rds/general/user/cr725/home/aev-plig_research/github_tsBAP_official/data/fep/fep_benchmark_inputs/structure_inputs/opls_stress/fxa_yoshikawa_set_ligands_split/fxa_yoshikawa_set_molecule_5k.sdf,fxa_yoshikawa_set,-11.336624145507812,-13.029999732971191,743,10.008528,10.008528
744,fxa_yoshikawa_set_molecule_5d,/rds/general/user/cr725/home/aev-plig_research/github_tsBAP_official/data/fep/fep_benchmark_inputs/structure_inputs/opls_stress/fxa_yoshikawa_set_protein.pdb,/rds/general/user/cr725/home/aev-plig_research/github_tsBAP_official/data/fep/fep_benchmark_inputs/structure_inputs/opls_stress/fxa_yoshikawa_set_ligands_split/fxa_yoshikawa_set_molecule_5d.sdf,fxa_yoshikawa_set,-11.44223403930664,-12.130000114440918,744,6.2644496,6.2644496
745,fxa_yoshikawa_set_molecule_5c,/rds/general/user/cr725/home/aev-plig_research/github_tsBAP_official/data/fep/fep_benchmark_inputs/structure_inputs/opls_stress/fxa_yoshikawa_set_protein.pdb,/rds/general/user/cr725/home/aev-plig_research/github_tsBAP_official/data/fep/fep_benchmark_inputs/structure_inputs/opls_stress/fxa_yoshikawa_set_ligands_split/fxa_yoshikawa_set_molecule_5c.sdf,fxa_yoshikawa_set,-11.627310752868652,-11.390000343322754,745,6.337427,6.337427
746,fxa_yoshikawa_set_molecule_8e,/rds/general/user/cr725/home/aev-plig_research/github_tsBAP_official/data/fep/fep_benchmark_inputs/structure_inputs/opls_stress/fxa_yoshikawa_set_protein.pdb,/rds/general/user/cr725/home/aev-plig_research/github_tsBAP_official/data/fep/fep_benchmark_inputs/structure_inputs/opls_stress/fxa_yoshikawa_set_ligands_split/fxa_yoshikawa_set_molecule_8e.sdf,fxa_yoshikawa_set,-11.169207572937012,-11.760000228881836,746,5.1991158,5.1991158
747,fxa_yoshikawa_set_molecule_8b,/rds/general/user/cr725/home/aev-plig_research/github_tsBAP_official/data/fep/fep_benchmark_inputs/structure_inputs/opls_stress/fxa_yoshikawa_set_protein.pdb,/rds/general/user/cr725/home/aev-plig_research/github_tsBAP_official/data/fep/fep_benchmark_inputs/structure_inputs/opls_stress/fxa_yoshikawa_set_ligands_split/fxa_yoshikawa_set_molecule_8b.sdf,fxa_yoshikawa_set,-8.129011154174805,-8.59000015258789,747,6.456648,6.456648
748,fxa_yoshikawa_set_molecule_8d,/rds/general/user/cr725/home/aev-plig_research/github_tsBAP_official/data/fep/fep_benchmark_inputs/structure_inputs/opls_stress/fxa_yoshikawa_set_protein.pdb,/rds/general/user/cr725/home/aev-plig_research/github_tsBAP_official/data/fep/fep_benchmark_inputs/structure_inputs/opls_stress/fxa_yoshikawa_set_ligands_split/fxa_yoshikawa_set_molecule_8d.sdf,fxa_yoshikawa_set,-7.691995143890381,-9.220000267028809,748,5.185807,5.185807
749,fxa_yoshikawa_set_molecule_8c,/rds/general/user/cr725/home/aev-plig_research/github_tsBAP_official/data/fep/fep_benchmark_inputs/structure_inputs/opls_stress/fxa_yoshikawa_set_protein.pdb,/rds/general/user/cr725/home/aev-plig_research/github_tsBAP_official/data/fep/fep_benchmark_inputs/structure_inputs/opls_stress/fxa_yoshikawa_set_ligands_split/fxa_yoshikawa_set_molecule_8c.sdf,fxa_yoshikawa_set,-7.805192470550537,-8.229999542236328,749,6.456159,6.456159
750,fxa_yoshikawa_set_molecule_8g,/rds/general/user/cr725/home/aev-plig_research/github_tsBAP_official/data/fep/fep_benchmark_inputs/structure_inputs/opls_stress/fxa_yoshikawa_set_protein.pdb,/rds/general/user/cr725/home/aev-plig_research/github_tsBAP_official/data/fep/fep_benchmark_inputs/structure_inputs/opls_stress/fxa_yoshikawa_set_ligands_split/fxa_yoshikawa_set_molecule_8g.sdf,fxa_yoshikawa_set,-9.903937339782717,-11.15999984741211,750,5.2016172,5.2016172
751,fxa_yoshikawa_set_molecule_A_cor,/rds/general/user/cr725/home/aev-plig_research/github_tsBAP_official/data/fep/fep_benchmark_inputs/structure_inputs/opls_stress/fxa_yoshikawa_set_protein.pdb,/rds/general/user/cr725/home/aev-plig_research/github_tsBAP_official/data/fep/fep_benchmark_inputs/structure_inputs/opls_stress/fxa_yoshikawa_set_ligands_split/fxa_yoshikawa_set_molecule_A_cor.sdf,fxa_yoshikawa_set,-11.784735679626465,-10.270000457763672,751,5.2124915,5.2124915
752,fxa_yoshikawa_set_molecule_8f,/rds/general/user/cr725/home/aev-plig_research/github_tsBAP_official/data/fep/fep_benchmark_inputs/structure_inputs/opls_stress/fxa_yoshikawa_set_protein.pdb,/rds/general/user/cr725/home/aev-plig_research/github_tsBAP_official/data/fep/fep_benchmark_inputs/structure_inputs/opls_stress/fxa_yoshikawa_set_ligands_split/fxa_yoshikawa_set_molecule_8f.sdf,fxa_yoshikawa_set,-9.769577980041504,-9.239999771118164,752,6.1877375,6.1877375
753,fxa_yoshikawa_set_molecule_8a,/rds/general/user/cr725/home/aev-plig_research/github_tsBAP_official/data/fep/fep_benchmark_inputs/structure_inputs/opls_stress/fxa_yoshikawa_set_protein.pdb,/rds/general/user/cr725/home/aev-plig_research/github_tsBAP_official/data/fep/fep_benchmark_inputs/structure_inputs/opls_stress/fxa_yoshikawa_set_ligands_split/fxa_yoshikawa_set_molecule_8a.sdf,fxa_yoshikawa_set,-9.441705703735352,-11.989999771118164,753,5.7652526,5.7652526
754,fxa_yoshikawa_set_molecule_8h,/rds/general/user/cr725/home/aev-plig_research/github_tsBAP_official/data/fep/fep_benchmark_inputs/structure_inputs/opls_stress/fxa_yoshikawa_set_protein.pdb,/rds/general/user/cr725/home/aev-plig_research/github_tsBAP_official/data/fep/fep_benchmark_inputs/structure_inputs/opls_stress/fxa_yoshikawa_set_ligands_split/fxa_yoshikawa_set_molecule_8h.sdf,fxa_yoshikawa_set,-12.078866958618164,-11.5600004196167,754,5.6536083,5.6536083
755,fxa_yoshikawa_set_molecule_8i,/rds/general/user/cr725/home/aev-plig_research/github_tsBAP_official/data/fep/fep_benchmark_inputs/structure_inputs/opls_stress/fxa_yoshikawa_set_protein.pdb,/rds/general/user/cr725/home/aev-plig_research/github_tsBAP_official/data/fep/fep_benchmark_inputs/structure_inputs/opls_stress/fxa_yoshikawa_set_ligands_split/fxa_yoshikawa_set_molecule_8i.sdf,fxa_yoshikawa_set,-9.97237777709961,-7.440000057220459,755,5.9259076,5.9259076
756,fxa_yoshikawa_set_molecule_8j,/rds/general/user/cr725/home/aev-plig_research/github_tsBAP_official/data/fep/fep_benchmark_inputs/structure_inputs/opls_stress/fxa_yoshikawa_set_protein.pdb,/rds/general/user/cr725/home/aev-plig_research/github_tsBAP_official/data/fep/fep_benchmark_inputs/structure_inputs/opls_stress/fxa_yoshikawa_set_ligands_split/fxa_yoshikawa_set_molecule_8j.sdf,fxa_yoshikawa_set,-11.53597927093506,-9.890000343322754,756,5.6102023,5.6102023
757,fxa_yoshikawa_set_molecule_8k,/rds/general/user/cr725/home/aev-plig_research/github_tsBAP_official/data/fep/fep_benchmark_inputs/structure_inputs/opls_stress/fxa_yoshikawa_set_protein.pdb,/rds/general/user/cr725/home/aev-plig_research/github_tsBAP_official/data/fep/fep_benchmark_inputs/structure_inputs/opls_stress/fxa_yoshikawa_set_ligands_split/fxa_yoshikawa_set_molecule_8k.sdf,fxa_yoshikawa_set,-11.348840713500977,-11.640000343322754,757,5.5960827,5.5960827
758,fxa_yoshikawa_set_molecule_8l,/rds/general/user/cr725/home/aev-plig_research/github_tsBAP_official/data/fep/fep_benchmark_inputs/structure_inputs/opls_stress/fxa_yoshikawa_set_protein.pdb,/rds/general/user/cr725/home/aev-plig_research/github_tsBAP_official/data/fep/fep_benchmark_inputs/structure_inputs/opls_stress/fxa_yoshikawa_set_ligands_split/fxa_yoshikawa_set_molecule_8l.sdf,fxa_yoshikawa_set,-11.24702262878418,-11.729999542236328,758,5.3602285,5.3602285
759,fxa_yoshikawa_set_molecule_8m,/rds/general/user/cr725/home/aev-plig_research/github_tsBAP_official/data/fep/fep_benchmark_inputs/structure_inputs/opls_stress/fxa_yoshikawa_set_protein.pdb,/rds/general/user/cr725/home/aev-plig_research/github_tsBAP_official/data/fep/fep_benchmark_inputs/structure_inputs/opls_stress/fxa_yoshikawa_set_ligands_split/fxa_yoshikawa_set_molecule_8m.sdf,fxa_yoshikawa_set,-11.838635444641112,-12.640000343322754,759,4.753922,4.753922
760,fxa_yoshikawa_set_molecule_8n,/rds/general/user/cr725/home/aev-plig_research/github_tsBAP_official/data/fep/fep_benchmark_inputs/structure_inputs/opls_stress/fxa_yoshikawa_set_protein.pdb,/rds/general/user/cr725/home/aev-plig_research/github_tsBAP_official/data/fep/fep_benchmark_inputs/structure_inputs/opls_stress/fxa_yoshikawa_set_ligands_split/fxa_yoshikawa_set_molecule_8n.sdf,fxa_yoshikawa_set,-10.138808250427246,-8.270000457763672,760,5.392475,5.392475
761,fxa_yoshikawa_set_molecule_8o,/rds/general/user/cr725/home/aev-plig_research/github_tsBAP_official/data/fep/fep_benchmark_inputs/structure_inputs/opls_stress/fxa_yoshikawa_set_protein.pdb,/rds/general/user/cr725/home/aev-plig_research/github_tsBAP_official/data/fep/fep_benchmark_inputs/structure_inputs/opls_stress/fxa_yoshikawa_set_ligands_split/fxa_yoshikawa_set_molecule_8o.sdf,fxa_yoshikawa_set,-10.67374324798584,-9.289999961853027,761,5.488156,5.488156
762,fxa_yoshikawa_set_molecule_8p,/rds/general/user/cr725/home/aev-plig_research/github_tsBAP_official/data/fep/fep_benchmark_inputs/structure_inputs/opls_stress/fxa_yoshikawa_set_protein.pdb,/rds/general/user/cr725/home/aev-plig_research/github_tsBAP_official/data/fep/fep_benchmark_inputs/structure_inputs/opls_stress/fxa_yoshikawa_set_ligands_split/fxa_yoshikawa_set_molecule_8p.sdf,fxa_yoshikawa_set,-11.589073181152344,-11.06999969482422,762,5.4163094,5.4163094
763,cr_bace2_molecule_22,/rds/general/user/cr725/home/aev-plig_research/github_tsBAP_official/data/fep/fep_benchmark_inputs/structure_inputs/opls_stress/cr_bace2_protein.pdb,/rds/general/user/cr725/home/aev-plig_research/github_tsBAP_official/data/fep/fep_benchmark_inputs/structure_inputs/opls_stress/cr_bace2_ligands_split/cr_bace2_molecule_22.sdf,cr_bace2,1.2599999904632568,0.6899999976158142,763,7.5081058,7.5081058
764,cr_bace2_molecule_16,/rds/general/user/cr725/home/aev-plig_research/github_tsBAP_official/data/fep/fep_benchmark_inputs/structure_inputs/opls_stress/cr_bace2_protein.pdb,/rds/general/user/cr725/home/aev-plig_research/github_tsBAP_official/data/fep/fep_benchmark_inputs/structure_inputs/opls_stress/cr_bace2_ligands_split/cr_bace2_molecule_16.sdf,cr_bace2,-0.3400000035762787,-0.8199999928474426,764,8.411376,8.411376
765,cr_bace2_molecule_11,/rds/general/user/cr725/home/aev-plig_research/github_tsBAP_official/data/fep/fep_benchmark_inputs/structure_inputs/opls_stress/cr_bace2_protein.pdb,/rds/general/user/cr725/home/aev-plig_research/github_tsBAP_official/data/fep/fep_benchmark_inputs/structure_inputs/opls_stress/cr_bace2_ligands_split/cr_bace2_molecule_11.sdf,cr_bace2,-1.2400000095367432,-1.4700000286102295,765,7.525228,7.525228
766,cr_bace2_molecule_21,/rds/general/user/cr725/home/aev-plig_research/github_tsBAP_official/data/fep/fep_benchmark_inputs/structure_inputs/opls_stress/cr_bace2_protein.pdb,/rds/general/user/cr725/home/aev-plig_research/github_tsBAP_official/data/fep/fep_benchmark_inputs/structure_inputs/opls_stress/cr_bace2_ligands_split/cr_bace2_molecule_21.sdf,cr_bace2,1.4600000381469729,0.270000010728836,766,7.0208483,7.0208483
767,cr_bace2_molecule_24,/rds/general/user/cr725/home/aev-plig_research/github_tsBAP_official/data/fep/fep_benchmark_inputs/structure_inputs/opls_stress/cr_bace2_protein.pdb,/rds/general/user/cr725/home/aev-plig_research/github_tsBAP_official/data/fep/fep_benchmark_inputs/structure_inputs/opls_stress/cr_bace2_ligands_split/cr_bace2_molecule_24.sdf,cr_bace2,3.1600000858306885,1.4700000286102295,767,6.775548,6.775548
768,cr_bace2_molecule_12,/rds/general/user/cr725/home/aev-plig_research/github_tsBAP_official/data/fep/fep_benchmark_inputs/structure_inputs/opls_stress/cr_bace2_protein.pdb,/rds/general/user/cr725/home/aev-plig_research/github_tsBAP_official/data/fep/fep_benchmark_inputs/structure_inputs/opls_stress/cr_bace2_ligands_split/cr_bace2_molecule_12.sdf,cr_bace2,-0.5400000214576721,0.5899999737739563,768,7.2567277,7.2567277
769,cr_bace2_molecule_20,/rds/general/user/cr725/home/aev-plig_research/github_tsBAP_official/data/fep/fep_benchmark_inputs/structure_inputs/opls_stress/cr_bace2_protein.pdb,/rds/general/user/cr725/home/aev-plig_research/github_tsBAP_official/data/fep/fep_benchmark_inputs/structure_inputs/opls_stress/cr_bace2_ligands_split/cr_bace2_molecule_20.sdf,cr_bace2,-0.9399999976158142,-0.9700000286102296,769,7.2901206,7.2901206
770,cr_bace2_molecule_19,/rds/general/user/cr725/home/aev-plig_research/github_tsBAP_official/data/fep/fep_benchmark_inputs/structure_inputs/opls_stress/cr_bace2_protein.pdb,/rds/general/user/cr725/home/aev-plig_research/github_tsBAP_official/data/fep/fep_benchmark_inputs/structure_inputs/opls_stress/cr_bace2_ligands_split/cr_bace2_molecule_19.sdf,cr_bace2,-1.1399999856948853,-0.270000010728836,770,8.081056,8.081056
771,cr_bace2_molecule_13,/rds/general/user/cr725/home/aev-plig_research/github_tsBAP_official/data/fep/fep_benchmark_inputs/structure_inputs/opls_stress/cr_bace2_protein.pdb,/rds/general/user/cr725/home/aev-plig_research/github_tsBAP_official/data/fep/fep_benchmark_inputs/structure_inputs/opls_stress/cr_bace2_ligands_split/cr_bace2_molecule_13.sdf,cr_bace2,-1.2400000095367432,-0.6299999952316284,771,8.81358,8.81358
772,cr_bace2_molecule_23,/rds/general/user/cr725/home/aev-plig_research/github_tsBAP_official/data/fep/fep_benchmark_inputs/structure_inputs/opls_stress/cr_bace2_protein.pdb,/rds/general/user/cr725/home/aev-plig_research/github_tsBAP_official/data/fep/fep_benchmark_inputs/structure_inputs/opls_stress/cr_bace2_ligands_split/cr_bace2_molecule_23.sdf,cr_bace2,1.3600000143051147,2.3399999141693115,772,6.9174685,6.9174685
773,cr_bace2_molecule_15,/rds/general/user/cr725/home/aev-plig_research/github_tsBAP_official/data/fep/fep_benchmark_inputs/structure_inputs/opls_stress/cr_bace2_protein.pdb,/rds/general/user/cr725/home/aev-plig_research/github_tsBAP_official/data/fep/fep_benchmark_inputs/structure_inputs/opls_stress/cr_bace2_ligands_split/cr_bace2_molecule_15.sdf,cr_bace2,-0.7400000095367432,0.050000000745058,773,8.387969,8.387969
774,cr_bace2_molecule_14,/rds/general/user/cr725/home/aev-plig_research/github_tsBAP_official/data/fep/fep_benchmark_inputs/structure_inputs/opls_stress/cr_bace2_protein.pdb,/rds/general/user/cr725/home/aev-plig_research/github_tsBAP_official/data/fep/fep_benchmark_inputs/structure_inputs/opls_stress/cr_bace2_ligands_split/cr_bace2_molecule_14.sdf,cr_bace2,-1.0399999618530271,-1.2300000190734863,774,7.4498744,7.4498744
775,fxa_set3_molecule_20814_6,/rds/general/user/cr725/home/aev-plig_research/github_tsBAP_official/data/fep/fep_benchmark_inputs/structure_inputs/opls_stress/fxa_set3_protein.pdb,/rds/general/user/cr725/home/aev-plig_research/github_tsBAP_official/data/fep/fep_benchmark_inputs/structure_inputs/opls_stress/fxa_set3_ligands_split/fxa_set3_molecule_20814_6.sdf,fxa_set3,-10.529999732971191,-10.890000343322754,775,6.937772,6.937772
776,fxa_set3_molecule_20539_10,/rds/general/user/cr725/home/aev-plig_research/github_tsBAP_official/data/fep/fep_benchmark_inputs/structure_inputs/opls_stress/fxa_set3_protein.pdb,/rds/general/user/cr725/home/aev-plig_research/github_tsBAP_official/data/fep/fep_benchmark_inputs/structure_inputs/opls_stress/fxa_set3_ligands_split/fxa_set3_molecule_20539_10.sdf,fxa_set3,-11.18000030517578,-10.699999809265137,776,6.896904,6.896904
777,fxa_set3_molecule_20820_11,/rds/general/user/cr725/home/aev-plig_research/github_tsBAP_official/data/fep/fep_benchmark_inputs/structure_inputs/opls_stress/fxa_set3_protein.pdb,/rds/general/user/cr725/home/aev-plig_research/github_tsBAP_official/data/fep/fep_benchmark_inputs/structure_inputs/opls_stress/fxa_set3_ligands_split/fxa_set3_molecule_20820_11.sdf,fxa_set3,-10.829999923706056,-11.289999961853027,777,14.040598,14.040598
778,fxa_set3_molecule_20819_8,/rds/general/user/cr725/home/aev-plig_research/github_tsBAP_official/data/fep/fep_benchmark_inputs/structure_inputs/opls_stress/fxa_set3_protein.pdb,/rds/general/user/cr725/home/aev-plig_research/github_tsBAP_official/data/fep/fep_benchmark_inputs/structure_inputs/opls_stress/fxa_set3_ligands_split/fxa_set3_molecule_20819_8.sdf,fxa_set3,-11.18000030517578,-10.829999923706056,778,7.036806,7.036806
779,fxa_set6_molecule_21083,/rds/general/user/cr725/home/aev-plig_research/github_tsBAP_official/data/fep/fep_benchmark_inputs/structure_inputs/opls_stress/fxa_set6_protein.pdb,/rds/general/user/cr725/home/aev-plig_research/github_tsBAP_official/data/fep/fep_benchmark_inputs/structure_inputs/opls_stress/fxa_set6_ligands_split/fxa_set6_molecule_21083.sdf,fxa_set6,-6.530872344970703,-7.340000152587891,779,6.79591,6.79591
780,fxa_set6_molecule_21084,/rds/general/user/cr725/home/aev-plig_research/github_tsBAP_official/data/fep/fep_benchmark_inputs/structure_inputs/opls_stress/fxa_set6_protein.pdb,/rds/general/user/cr725/home/aev-plig_research/github_tsBAP_official/data/fep/fep_benchmark_inputs/structure_inputs/opls_stress/fxa_set6_ligands_split/fxa_set6_molecule_21084.sdf,fxa_set6,-7.469595909118652,-8.770000457763672,780,4.9993167,4.9993167
781,fxa_set6_molecule_21085,/rds/general/user/cr725/home/aev-plig_research/github_tsBAP_official/data/fep/fep_benchmark_inputs/structure_inputs/opls_stress/fxa_set6_protein.pdb,/rds/general/user/cr725/home/aev-plig_research/github_tsBAP_official/data/fep/fep_benchmark_inputs/structure_inputs/opls_stress/fxa_set6_ligands_split/fxa_set6_molecule_21085.sdf,fxa_set6,-8.053603172302246,-6.789999961853027,781,4.802218,4.802218
782,fxa_set6_molecule_21086,/rds/general/user/cr725/home/aev-plig_research/github_tsBAP_official/data/fep/fep_benchmark_inputs/structure_inputs/opls_stress/fxa_set6_protein.pdb,/rds/general/user/cr725/home/aev-plig_research/github_tsBAP_official/data/fep/fep_benchmark_inputs/structure_inputs/opls_stress/fxa_set6_ligands_split/fxa_set6_molecule_21086.sdf,fxa_set6,-11.29120922088623,-11.56999969482422,782,4.7982593,4.7982593
783,fxa_set6_molecule_20524_2j95_cys,/rds/general/user/cr725/home/aev-plig_research/github_tsBAP_official/data/fep/fep_benchmark_inputs/structure_inputs/opls_stress/fxa_set6_protein.pdb,/rds/general/user/cr725/home/aev-plig_research/github_tsBAP_official/data/fep/fep_benchmark_inputs/structure_inputs/opls_stress/fxa_set6_ligands_split/fxa_set6_molecule_20524_2j95_cys.sdf,fxa_set6,-11.423027992248535,-11.3100004196167,783,4.8079457,4.8079457
784,fxa_set6_molecule_21087,/rds/general/user/cr725/home/aev-plig_research/github_tsBAP_official/data/fep/fep_benchmark_inputs/structure_inputs/opls_stress/fxa_set6_protein.pdb,/rds/general/user/cr725/home/aev-plig_research/github_tsBAP_official/data/fep/fep_benchmark_inputs/structure_inputs/opls_stress/fxa_set6_ligands_split/fxa_set6_molecule_21087.sdf,fxa_set6,-11.832493782043455,-10.81999969482422,784,5.0356097,5.0356097
785,fxa_set5_molecule_20705_cys,/rds/general/user/cr725/home/aev-plig_research/github_tsBAP_official/data/fep/fep_benchmark_inputs/structure_inputs/opls_stress/fxa_set5_protein.pdb,/rds/general/user/cr725/home/aev-plig_research/github_tsBAP_official/data/fep/fep_benchmark_inputs/structure_inputs/opls_stress/fxa_set5_ligands_split/fxa_set5_molecule_20705_cys.sdf,fxa_set5,-10.90999984741211,-11.25,785,7.539374,7.539374
786,fxa_set5_molecule_21331,/rds/general/user/cr725/home/aev-plig_research/github_tsBAP_official/data/fep/fep_benchmark_inputs/structure_inputs/opls_stress/fxa_set5_protein.pdb,/rds/general/user/cr725/home/aev-plig_research/github_tsBAP_official/data/fep/fep_benchmark_inputs/structure_inputs/opls_stress/fxa_set5_ligands_split/fxa_set5_molecule_21331.sdf,fxa_set5,-10.770000457763672,-10.43000030517578,786,7.175092,7.175092
787,hc_bace2_molecule_37_0_ligand,/rds/general/user/cr725/home/aev-plig_research/github_tsBAP_official/data/fep/fep_benchmark_inputs/structure_inputs/opls_stress/hc_bace2_protein.pdb,/rds/general/user/cr725/home/aev-plig_research/github_tsBAP_official/data/fep/fep_benchmark_inputs/structure_inputs/opls_stress/hc_bace2_ligands_split/hc_bace2_molecule_37_0_ligand.sdf,hc_bace2,-6.789999961853027,-9.0,787,7.034613,7.034613
788,hc_bace2_molecule_35_0_ligand,/rds/general/user/cr725/home/aev-plig_research/github_tsBAP_official/data/fep/fep_benchmark_inputs/structure_inputs/opls_stress/hc_bace2_protein.pdb,/rds/general/user/cr725/home/aev-plig_research/github_tsBAP_official/data/fep/fep_benchmark_inputs/structure_inputs/opls_stress/hc_bace2_ligands_split/hc_bace2_molecule_35_0_ligand.sdf,hc_bace2,-7.960000038146973,-6.71999979019165,788,10.119093,10.119093
789,hc_bace2_molecule_39_0_ligand,/rds/general/user/cr725/home/aev-plig_research/github_tsBAP_official/data/fep/fep_benchmark_inputs/structure_inputs/opls_stress/hc_bace2_protein.pdb,/rds/general/user/cr725/home/aev-plig_research/github_tsBAP_official/data/fep/fep_benchmark_inputs/structure_inputs/opls_stress/hc_bace2_ligands_split/hc_bace2_molecule_39_0_ligand.sdf,hc_bace2,-8.970000267028809,-8.789999961853027,789,7.969802,7.969802
790,hc_bace2_molecule_34_0_ligand,/rds/general/user/cr725/home/aev-plig_research/github_tsBAP_official/data/fep/fep_benchmark_inputs/structure_inputs/opls_stress/hc_bace2_protein.pdb,/rds/general/user/cr725/home/aev-plig_research/github_tsBAP_official/data/fep/fep_benchmark_inputs/structure_inputs/opls_stress/hc_bace2_ligands_split/hc_bace2_molecule_34_0_ligand.sdf,hc_bace2,-8.0,-6.900000095367432,790,9.122356,9.122356
791,hc_bace2_molecule_40_0_ligand,/rds/general/user/cr725/home/aev-plig_research/github_tsBAP_official/data/fep/fep_benchmark_inputs/structure_inputs/opls_stress/hc_bace2_protein.pdb,/rds/general/user/cr725/home/aev-plig_research/github_tsBAP_official/data/fep/fep_benchmark_inputs/structure_inputs/opls_stress/hc_bace2_ligands_split/hc_bace2_molecule_40_0_ligand.sdf,hc_bace2,-8.0,-8.899999618530273,791,8.361107,8.361107
792,hc_bace2_molecule_30_0_ligand,/rds/general/user/cr725/home/aev-plig_research/github_tsBAP_official/data/fep/fep_benchmark_inputs/structure_inputs/opls_stress/hc_bace2_protein.pdb,/rds/general/user/cr725/home/aev-plig_research/github_tsBAP_official/data/fep/fep_benchmark_inputs/structure_inputs/opls_stress/hc_bace2_ligands_split/hc_bace2_molecule_30_0_ligand.sdf,hc_bace2,-8.1899995803833,-8.859999656677246,792,7.5310206,7.5310206
793,hc_bace2_molecule_33_0_ligand,/rds/general/user/cr725/home/aev-plig_research/github_tsBAP_official/data/fep/fep_benchmark_inputs/structure_inputs/opls_stress/hc_bace2_protein.pdb,/rds/general/user/cr725/home/aev-plig_research/github_tsBAP_official/data/fep/fep_benchmark_inputs/structure_inputs/opls_stress/hc_bace2_ligands_split/hc_bace2_molecule_33_0_ligand.sdf,hc_bace2,-8.270000457763672,-7.46999979019165,793,8.087355,8.087355
794,hc_bace2_molecule_41_0_ligand,/rds/general/user/cr725/home/aev-plig_research/github_tsBAP_official/data/fep/fep_benchmark_inputs/structure_inputs/opls_stress/hc_bace2_protein.pdb,/rds/general/user/cr725/home/aev-plig_research/github_tsBAP_official/data/fep/fep_benchmark_inputs/structure_inputs/opls_stress/hc_bace2_ligands_split/hc_bace2_molecule_41_0_ligand.sdf,hc_bace2,-8.149999618530273,-8.489999771118164,794,10.036367,10.036367
795,hc_bace2_molecule_42_0_ligand,/rds/general/user/cr725/home/aev-plig_research/github_tsBAP_official/data/fep/fep_benchmark_inputs/structure_inputs/opls_stress/hc_bace2_protein.pdb,/rds/general/user/cr725/home/aev-plig_research/github_tsBAP_official/data/fep/fep_benchmark_inputs/structure_inputs/opls_stress/hc_bace2_ligands_split/hc_bace2_molecule_42_0_ligand.sdf,hc_bace2,-8.319999694824219,-7.28000020980835,795,8.896529,8.896529
796,hc_bace2_molecule_44_0_ligand,/rds/general/user/cr725/home/aev-plig_research/github_tsBAP_official/data/fep/fep_benchmark_inputs/structure_inputs/opls_stress/hc_bace2_protein.pdb,/rds/general/user/cr725/home/aev-plig_research/github_tsBAP_official/data/fep/fep_benchmark_inputs/structure_inputs/opls_stress/hc_bace2_ligands_split/hc_bace2_molecule_44_0_ligand.sdf,hc_bace2,-8.359999656677246,-8.619999885559082,796,7.936467,7.936467
797,fxa_set4_molecule_1s,/rds/general/user/cr725/home/aev-plig_research/github_tsBAP_official/data/fep/fep_benchmark_inputs/structure_inputs/opls_stress/fxa_set4_protein.pdb,/rds/general/user/cr725/home/aev-plig_research/github_tsBAP_official/data/fep/fep_benchmark_inputs/structure_inputs/opls_stress/fxa_set4_ligands_split/fxa_set4_molecule_1s.sdf,fxa_set4,-9.579999923706056,-7.949999809265137,797,5.6203804,5.6203804
798,fxa_set4_molecule_21080_1j,/rds/general/user/cr725/home/aev-plig_research/github_tsBAP_official/data/fep/fep_benchmark_inputs/structure_inputs/opls_stress/fxa_set4_protein.pdb,/rds/general/user/cr725/home/aev-plig_research/github_tsBAP_official/data/fep/fep_benchmark_inputs/structure_inputs/opls_stress/fxa_set4_ligands_split/fxa_set4_molecule_21080_1j.sdf,fxa_set4,-9.229999542236328,-10.369999885559082,798,5.713714,5.713714
799,fxa_set4_molecule_21030_1o,/rds/general/user/cr725/home/aev-plig_research/github_tsBAP_official/data/fep/fep_benchmark_inputs/structure_inputs/opls_stress/fxa_set4_protein.pdb,/rds/general/user/cr725/home/aev-plig_research/github_tsBAP_official/data/fep/fep_benchmark_inputs/structure_inputs/opls_stress/fxa_set4_ligands_split/fxa_set4_molecule_21030_1o.sdf,fxa_set4,-8.899999618530273,-8.460000038146973,799,5.395305,5.395305
800,fxa_set4_molecule_21028_1r,/rds/general/user/cr725/home/aev-plig_research/github_tsBAP_official/data/fep/fep_benchmark_inputs/structure_inputs/opls_stress/fxa_set4_protein.pdb,/rds/general/user/cr725/home/aev-plig_research/github_tsBAP_official/data/fep/fep_benchmark_inputs/structure_inputs/opls_stress/fxa_set4_ligands_split/fxa_set4_molecule_21028_1r.sdf,fxa_set4,-9.449999809265137,-10.229999542236328,800,6.111887,6.111887
801,fxa_set4_molecule_21027_1q,/rds/general/user/cr725/home/aev-plig_research/github_tsBAP_official/data/fep/fep_benchmark_inputs/structure_inputs/opls_stress/fxa_set4_protein.pdb,/rds/general/user/cr725/home/aev-plig_research/github_tsBAP_official/data/fep/fep_benchmark_inputs/structure_inputs/opls_stress/fxa_set4_ligands_split/fxa_set4_molecule_21027_1q.sdf,fxa_set4,-7.309999942779541,-8.319999694824219,801,6.1714997,6.1714997
802,fxa_set4_molecule_1t,/rds/general/user/cr725/home/aev-plig_research/github_tsBAP_official/data/fep/fep_benchmark_inputs/structure_inputs/opls_stress/fxa_set4_protein.pdb,/rds/general/user/cr725/home/aev-plig_research/github_tsBAP_official/data/fep/fep_benchmark_inputs/structure_inputs/opls_stress/fxa_set4_ligands_split/fxa_set4_molecule_1t.sdf,fxa_set4,-9.199999809265137,-8.479999542236328,802,5.593755,5.593755
803,fxa_set4_molecule_16352_1e,/rds/general/user/cr725/home/aev-plig_research/github_tsBAP_official/data/fep/fep_benchmark_inputs/structure_inputs/opls_stress/fxa_set4_protein.pdb,/rds/general/user/cr725/home/aev-plig_research/github_tsBAP_official/data/fep/fep_benchmark_inputs/structure_inputs/opls_stress/fxa_set4_ligands_split/fxa_set4_molecule_16352_1e.sdf,fxa_set4,-10.630000114440918,-10.800000190734863,803,5.449857,5.449857
804,fxa_set4_molecule_21081_1k,/rds/general/user/cr725/home/aev-plig_research/github_tsBAP_official/data/fep/fep_benchmark_inputs/structure_inputs/opls_stress/fxa_set4_protein.pdb,/rds/general/user/cr725/home/aev-plig_research/github_tsBAP_official/data/fep/fep_benchmark_inputs/structure_inputs/opls_stress/fxa_set4_ligands_split/fxa_set4_molecule_21081_1k.sdf,fxa_set4,-7.53000020980835,-8.260000228881836,804,5.5376587,5.5376587
805,fxa_set4_molecule_21031_1p,/rds/general/user/cr725/home/aev-plig_research/github_tsBAP_official/data/fep/fep_benchmark_inputs/structure_inputs/opls_stress/fxa_set4_protein.pdb,/rds/general/user/cr725/home/aev-plig_research/github_tsBAP_official/data/fep/fep_benchmark_inputs/structure_inputs/opls_stress/fxa_set4_ligands_split/fxa_set4_molecule_21031_1p.sdf,fxa_set4,-8.300000190734863,-6.659999847412109,805,5.369294,5.369294
806,fxa_set4_molecule_16353_1d,/rds/general/user/cr725/home/aev-plig_research/github_tsBAP_official/data/fep/fep_benchmark_inputs/structure_inputs/opls_stress/fxa_set4_protein.pdb,/rds/general/user/cr725/home/aev-plig_research/github_tsBAP_official/data/fep/fep_benchmark_inputs/structure_inputs/opls_stress/fxa_set4_ligands_split/fxa_set4_molecule_16353_1d.sdf,fxa_set4,-9.960000038146973,-9.81999969482422,806,5.5004654,5.5004654
807,fxa_set4_molecule_21082_1l,/rds/general/user/cr725/home/aev-plig_research/github_tsBAP_official/data/fep/fep_benchmark_inputs/structure_inputs/opls_stress/fxa_set4_protein.pdb,/rds/general/user/cr725/home/aev-plig_research/github_tsBAP_official/data/fep/fep_benchmark_inputs/structure_inputs/opls_stress/fxa_set4_ligands_split/fxa_set4_molecule_21082_1l.sdf,fxa_set4,-7.389999866485596,-8.130000114440918,807,5.526877,5.526877
808,chk1_set2_molecule_17374_cys,/rds/general/user/cr725/home/aev-plig_research/github_tsBAP_official/data/fep/fep_benchmark_inputs/structure_inputs/opls_stress/chk1_set2_protein.pdb,/rds/general/user/cr725/home/aev-plig_research/github_tsBAP_official/data/fep/fep_benchmark_inputs/structure_inputs/opls_stress/chk1_set2_ligands_split/chk1_set2_molecule_17374_cys.sdf,chk1_set2,-12.49643898010254,-12.4399995803833,808,7.7799225,7.7799225
809,chk1_set2_molecule_17509,/rds/general/user/cr725/home/aev-plig_research/github_tsBAP_official/data/fep/fep_benchmark_inputs/structure_inputs/opls_stress/chk1_set2_protein.pdb,/rds/general/user/cr725/home/aev-plig_research/github_tsBAP_official/data/fep/fep_benchmark_inputs/structure_inputs/opls_stress/chk1_set2_ligands_split/chk1_set2_molecule_17509.sdf,chk1_set2,-11.380305290222168,-11.43000030517578,809,6.2789683,6.2789683
810,chk1_set3_molecule_23882,/rds/general/user/cr725/home/aev-plig_research/github_tsBAP_official/data/fep/fep_benchmark_inputs/structure_inputs/opls_stress/chk1_set3_protein.pdb,/rds/general/user/cr725/home/aev-plig_research/github_tsBAP_official/data/fep/fep_benchmark_inputs/structure_inputs/opls_stress/chk1_set3_ligands_split/chk1_set3_molecule_23882.sdf,chk1_set3,-10.881742477416992,-10.3100004196167,810,6.3459496,6.3459496
811,chk1_set3_molecule_23703_cys,/rds/general/user/cr725/home/aev-plig_research/github_tsBAP_official/data/fep/fep_benchmark_inputs/structure_inputs/opls_stress/chk1_set3_protein.pdb,/rds/general/user/cr725/home/aev-plig_research/github_tsBAP_official/data/fep/fep_benchmark_inputs/structure_inputs/opls_stress/chk1_set3_ligands_split/chk1_set3_molecule_23703_cys.sdf,chk1_set3,-11.092443466186523,-11.130000114440918,811,5.7048655,5.7048655
812,chk1_set3_molecule_23864,/rds/general/user/cr725/home/aev-plig_research/github_tsBAP_official/data/fep/fep_benchmark_inputs/structure_inputs/opls_stress/chk1_set3_protein.pdb,/rds/general/user/cr725/home/aev-plig_research/github_tsBAP_official/data/fep/fep_benchmark_inputs/structure_inputs/opls_stress/chk1_set3_ligands_split/chk1_set3_molecule_23864.sdf,chk1_set3,-11.423027992248535,-11.739999771118164,812,6.344844,6.344844
813,chk1_set3_molecule_23863,/rds/general/user/cr725/home/aev-plig_research/github_tsBAP_official/data/fep/fep_benchmark_inputs/structure_inputs/opls_stress/chk1_set3_protein.pdb,/rds/general/user/cr725/home/aev-plig_research/github_tsBAP_official/data/fep/fep_benchmark_inputs/structure_inputs/opls_stress/chk1_set3_ligands_split/chk1_set3_molecule_23863.sdf,chk1_set3,-11.183505058288574,-11.40999984741211,813,6.560453,6.560453
814,chk1_set7_molecule_19997,/rds/general/user/cr725/home/aev-plig_research/github_tsBAP_official/data/fep/fep_benchmark_inputs/structure_inputs/opls_stress/chk1_set7_protein.pdb,/rds/general/user/cr725/home/aev-plig_research/github_tsBAP_official/data/fep/fep_benchmark_inputs/structure_inputs/opls_stress/chk1_set7_ligands_split/chk1_set7_molecule_19997.sdf,chk1_set7,-10.774039268493652,-10.140000343322754,814,7.6111503,7.6111503
815,chk1_set7_molecule_19998,/rds/general/user/cr725/home/aev-plig_research/github_tsBAP_official/data/fep/fep_benchmark_inputs/structure_inputs/opls_stress/chk1_set7_protein.pdb,/rds/general/user/cr725/home/aev-plig_research/github_tsBAP_official/data/fep/fep_benchmark_inputs/structure_inputs/opls_stress/chk1_set7_ligands_split/chk1_set7_molecule_19998.sdf,chk1_set7,-8.94359302520752,-10.010000228881836,815,7.8803096,7.8803096
816,chk1_set7_molecule_19934_cys,/rds/general/user/cr725/home/aev-plig_research/github_tsBAP_official/data/fep/fep_benchmark_inputs/structure_inputs/opls_stress/chk1_set7_protein.pdb,/rds/general/user/cr725/home/aev-plig_research/github_tsBAP_official/data/fep/fep_benchmark_inputs/structure_inputs/opls_stress/chk1_set7_ligands_split/chk1_set7_molecule_19934_cys.sdf,chk1_set7,-10.726755142211914,-10.300000190734863,816,8.02561,8.02561
817,chk1_set6_molecule_23708_cys,/rds/general/user/cr725/home/aev-plig_research/github_tsBAP_official/data/fep/fep_benchmark_inputs/structure_inputs/opls_stress/chk1_set6_protein.pdb,/rds/general/user/cr725/home/aev-plig_research/github_tsBAP_official/data/fep/fep_benchmark_inputs/structure_inputs/opls_stress/chk1_set6_ligands_split/chk1_set6_molecule_23708_cys.sdf,chk1_set6,-9.6899995803833,-10.5600004196167,817,6.24106,6.24106
818,chk1_set6_molecule_13,/rds/general/user/cr725/home/aev-plig_research/github_tsBAP_official/data/fep/fep_benchmark_inputs/structure_inputs/opls_stress/chk1_set6_protein.pdb,/rds/general/user/cr725/home/aev-plig_research/github_tsBAP_official/data/fep/fep_benchmark_inputs/structure_inputs/opls_stress/chk1_set6_ligands_split/chk1_set6_molecule_13.sdf,chk1_set6,-6.420000076293945,-6.460000038146973,818,6.196976,6.196976
819,chk1_set6_molecule_15,/rds/general/user/cr725/home/aev-plig_research/github_tsBAP_official/data/fep/fep_benchmark_inputs/structure_inputs/opls_stress/chk1_set6_protein.pdb,/rds/general/user/cr725/home/aev-plig_research/github_tsBAP_official/data/fep/fep_benchmark_inputs/structure_inputs/opls_stress/chk1_set6_ligands_split/chk1_set6_molecule_15.sdf,chk1_set6,-7.510000228881836,-6.599999904632568,819,7.936678,7.936678
820,chk1_set4_molecule_23704_cys,/rds/general/user/cr725/home/aev-plig_research/github_tsBAP_official/data/fep/fep_benchmark_inputs/structure_inputs/opls_stress/chk1_set4_protein.pdb,/rds/general/user/cr725/home/aev-plig_research/github_tsBAP_official/data/fep/fep_benchmark_inputs/structure_inputs/opls_stress/chk1_set4_ligands_split/chk1_set4_molecule_23704_cys.sdf,chk1_set4,-11.29120922088623,-10.960000038146973,820,6.9443216,6.9443216
821,chk1_set4_molecule_23873,/rds/general/user/cr725/home/aev-plig_research/github_tsBAP_official/data/fep/fep_benchmark_inputs/structure_inputs/opls_stress/chk1_set4_protein.pdb,/rds/general/user/cr725/home/aev-plig_research/github_tsBAP_official/data/fep/fep_benchmark_inputs/structure_inputs/opls_stress/chk1_set4_ligands_split/chk1_set4_molecule_23873.sdf,chk1_set4,-10.825439453125,-11.15999984741211,821,6.4603815,6.4603815
822,chk1_set5_molecule_20315,/rds/general/user/cr725/home/aev-plig_research/github_tsBAP_official/data/fep/fep_benchmark_inputs/structure_inputs/opls_stress/chk1_set5_protein.pdb,/rds/general/user/cr725/home/aev-plig_research/github_tsBAP_official/data/fep/fep_benchmark_inputs/structure_inputs/opls_stress/chk1_set5_ligands_split/chk1_set5_molecule_20315.sdf,chk1_set5,-10.94398307800293,-10.119999885559082,822,7.3594027,7.3594027
823,chk1_set5_molecule_19939_cys,/rds/general/user/cr725/home/aev-plig_research/github_tsBAP_official/data/fep/fep_benchmark_inputs/structure_inputs/opls_stress/chk1_set5_protein.pdb,/rds/general/user/cr725/home/aev-plig_research/github_tsBAP_official/data/fep/fep_benchmark_inputs/structure_inputs/opls_stress/chk1_set5_ligands_split/chk1_set5_molecule_19939_cys.sdf,chk1_set5,-11.592971801757812,-11.979999542236328,823,6.976063,6.976063
824,chk1_set5_molecule_19940,/rds/general/user/cr725/home/aev-plig_research/github_tsBAP_official/data/fep/fep_benchmark_inputs/structure_inputs/opls_stress/chk1_set5_protein.pdb,/rds/general/user/cr725/home/aev-plig_research/github_tsBAP_official/data/fep/fep_benchmark_inputs/structure_inputs/opls_stress/chk1_set5_ligands_split/chk1_set5_molecule_19940.sdf,chk1_set5,-12.241960525512695,-12.68000030517578,824,6.839438,6.839438
825,pb_bace3_molecule_22316,/rds/general/user/cr725/home/aev-plig_research/github_tsBAP_official/data/fep/fep_benchmark_inputs/structure_inputs/opls_stress/pb_bace3_protein.pdb,/rds/general/user/cr725/home/aev-plig_research/github_tsBAP_official/data/fep/fep_benchmark_inputs/structure_inputs/opls_stress/pb_bace3_ligands_split/pb_bace3_molecule_22316.sdf,pb_bace3,-7.876320838928223,-8.029999732971191,825,6.322606,6.322606
826,pb_bace3_molecule_22320,/rds/general/user/cr725/home/aev-plig_research/github_tsBAP_official/data/fep/fep_benchmark_inputs/structure_inputs/opls_stress/pb_bace3_protein.pdb,/rds/general/user/cr725/home/aev-plig_research/github_tsBAP_official/data/fep/fep_benchmark_inputs/structure_inputs/opls_stress/pb_bace3_ligands_split/pb_bace3_molecule_22320.sdf,pb_bace3,-7.502553939819336,-6.860000133514404,826,6.470141,6.470141
827,pb_bace3_molecule_22319,/rds/general/user/cr725/home/aev-plig_research/github_tsBAP_official/data/fep/fep_benchmark_inputs/structure_inputs/opls_stress/pb_bace3_protein.pdb,/rds/general/user/cr725/home/aev-plig_research/github_tsBAP_official/data/fep/fep_benchmark_inputs/structure_inputs/opls_stress/pb_bace3_ligands_split/pb_bace3_molecule_22319.sdf,pb_bace3,-6.840160369873047,-7.050000190734863,827,7.05293,7.05293
828,pb_bace3_molecule_19678_cys,/rds/general/user/cr725/home/aev-plig_research/github_tsBAP_official/data/fep/fep_benchmark_inputs/structure_inputs/opls_stress/pb_bace3_protein.pdb,/rds/general/user/cr725/home/aev-plig_research/github_tsBAP_official/data/fep/fep_benchmark_inputs/structure_inputs/opls_stress/pb_bace3_ligands_split/pb_bace3_molecule_19678_cys.sdf,pb_bace3,-8.607325553894043,-8.890000343322754,828,6.3568196,6.3568196
829,chk1_set1_molecule_19967,/rds/general/user/cr725/home/aev-plig_research/github_tsBAP_official/data/fep/fep_benchmark_inputs/structure_inputs/opls_stress/chk1_set1_protein.pdb,/rds/general/user/cr725/home/aev-plig_research/github_tsBAP_official/data/fep/fep_benchmark_inputs/structure_inputs/opls_stress/chk1_set1_ligands_split/chk1_set1_molecule_19967.sdf,chk1_set1,-10.534516334533691,-11.640000343322754,829,5.0026383,5.0026383
830,chk1_set1_molecule_17353_cys,/rds/general/user/cr725/home/aev-plig_research/github_tsBAP_official/data/fep/fep_benchmark_inputs/structure_inputs/opls_stress/chk1_set1_protein.pdb,/rds/general/user/cr725/home/aev-plig_research/github_tsBAP_official/data/fep/fep_benchmark_inputs/structure_inputs/opls_stress/chk1_set1_ligands_split/chk1_set1_molecule_17353_cys.sdf,chk1_set1,-11.092443466186523,-11.390000343322754,830,5.2300916,5.2300916
831,chk1_set1_molecule_19971,/rds/general/user/cr725/home/aev-plig_research/github_tsBAP_official/data/fep/fep_benchmark_inputs/structure_inputs/opls_stress/chk1_set1_protein.pdb,/rds/general/user/cr725/home/aev-plig_research/github_tsBAP_official/data/fep/fep_benchmark_inputs/structure_inputs/opls_stress/chk1_set1_ligands_split/chk1_set1_molecule_19971.sdf,chk1_set1,-10.340457916259766,-8.9399995803833,831,4.716905,4.716905
832,pfkfb3_automap_molecule_43,/rds/general/user/cr725/home/aev-plig_research/github_tsBAP_official/data/fep/fep_benchmark_inputs/structure_inputs/merck/pfkfb3_automap_protein.pdb,/rds/general/user/cr725/home/aev-plig_research/github_tsBAP_official/data/fep/fep_benchmark_inputs/structure_inputs/merck/pfkfb3_automap_ligands_split/pfkfb3_automap_molecule_43.sdf,pfkfb3_automap,-7.997664928436279,-9.75,832,6.960309,6.960309
833,pfkfb3_automap_molecule_30_flip_b,/rds/general/user/cr725/home/aev-plig_research/github_tsBAP_official/data/fep/fep_benchmark_inputs/structure_inputs/merck/pfkfb3_automap_protein.pdb,/rds/general/user/cr725/home/aev-plig_research/github_tsBAP_official/data/fep/fep_benchmark_inputs/structure_inputs/merck/pfkfb3_automap_ligands_split/pfkfb3_automap_molecule_30_flip_b.sdf,pfkfb3_automap,-9.198190689086914,-8.979999542236328,833,6.9147506,6.9147506
834,pfkfb3_automap_molecule_65,/rds/general/user/cr725/home/aev-plig_research/github_tsBAP_official/data/fep/fep_benchmark_inputs/structure_inputs/merck/pfkfb3_automap_protein.pdb,/rds/general/user/cr725/home/aev-plig_research/github_tsBAP_official/data/fep/fep_benchmark_inputs/structure_inputs/merck/pfkfb3_automap_ligands_split/pfkfb3_automap_molecule_65.sdf,pfkfb3_automap,-9.487896919250488,-10.510000228881836,834,7.124995,7.124995
835,pfkfb3_automap_molecule_49,/rds/general/user/cr725/home/aev-plig_research/github_tsBAP_official/data/fep/fep_benchmark_inputs/structure_inputs/merck/pfkfb3_automap_protein.pdb,/rds/general/user/cr725/home/aev-plig_research/github_tsBAP_official/data/fep/fep_benchmark_inputs/structure_inputs/merck/pfkfb3_automap_ligands_split/pfkfb3_automap_molecule_49.sdf,pfkfb3_automap,-7.934291839599609,-7.320000171661377,835,7.388645,7.388645
836,pfkfb3_automap_molecule_24,/rds/general/user/cr725/home/aev-plig_research/github_tsBAP_official/data/fep/fep_benchmark_inputs/structure_inputs/merck/pfkfb3_automap_protein.pdb,/rds/general/user/cr725/home/aev-plig_research/github_tsBAP_official/data/fep/fep_benchmark_inputs/structure_inputs/merck/pfkfb3_automap_ligands_split/pfkfb3_automap_molecule_24.sdf,pfkfb3_automap,-8.869909286499023,-9.0600004196167,836,5.4369664,5.4369664
837,pfkfb3_automap_molecule_67,/rds/general/user/cr725/home/aev-plig_research/github_tsBAP_official/data/fep/fep_benchmark_inputs/structure_inputs/merck/pfkfb3_automap_protein.pdb,/rds/general/user/cr725/home/aev-plig_research/github_tsBAP_official/data/fep/fep_benchmark_inputs/structure_inputs/merck/pfkfb3_automap_ligands_split/pfkfb3_automap_molecule_67.sdf,pfkfb3_automap,-10.24363613128662,-11.890000343322754,837,6.6956034,6.6956034
838,pfkfb3_automap_molecule_62_flip,/rds/general/user/cr725/home/aev-plig_research/github_tsBAP_official/data/fep/fep_benchmark_inputs/structure_inputs/merck/pfkfb3_automap_protein.pdb,/rds/general/user/cr725/home/aev-plig_research/github_tsBAP_official/data/fep/fep_benchmark_inputs/structure_inputs/merck/pfkfb3_automap_ligands_split/pfkfb3_automap_molecule_62_flip.sdf,pfkfb3_automap,-7.691737651824951,-7.920000076293945,838,9.47976,9.47976
839,pfkfb3_automap_molecule_56,/rds/general/user/cr725/home/aev-plig_research/github_tsBAP_official/data/fep/fep_benchmark_inputs/structure_inputs/merck/pfkfb3_automap_protein.pdb,/rds/general/user/cr725/home/aev-plig_research/github_tsBAP_official/data/fep/fep_benchmark_inputs/structure_inputs/merck/pfkfb3_automap_ligands_split/pfkfb3_automap_molecule_56.sdf,pfkfb3_automap,-10.565720558166504,-10.890000343322754,839,6.890502,6.890502
840,pfkfb3_automap_molecule_59,/rds/general/user/cr725/home/aev-plig_research/github_tsBAP_official/data/fep/fep_benchmark_inputs/structure_inputs/merck/pfkfb3_automap_protein.pdb,/rds/general/user/cr725/home/aev-plig_research/github_tsBAP_official/data/fep/fep_benchmark_inputs/structure_inputs/merck/pfkfb3_automap_ligands_split/pfkfb3_automap_molecule_59.sdf,pfkfb3_automap,-8.1151704788208,-7.690000057220459,840,8.107091,8.107091
841,pfkfb3_automap_molecule_38,/rds/general/user/cr725/home/aev-plig_research/github_tsBAP_official/data/fep/fep_benchmark_inputs/structure_inputs/merck/pfkfb3_automap_protein.pdb,/rds/general/user/cr725/home/aev-plig_research/github_tsBAP_official/data/fep/fep_benchmark_inputs/structure_inputs/merck/pfkfb3_automap_ligands_split/pfkfb3_automap_molecule_38.sdf,pfkfb3_automap,-8.758760452270508,-7.199999809265137,841,6.375498,6.375498
842,pfkfb3_automap_molecule_31,/rds/general/user/cr725/home/aev-plig_research/github_tsBAP_official/data/fep/fep_benchmark_inputs/structure_inputs/merck/pfkfb3_automap_protein.pdb,/rds/general/user/cr725/home/aev-plig_research/github_tsBAP_official/data/fep/fep_benchmark_inputs/structure_inputs/merck/pfkfb3_automap_ligands_split/pfkfb3_automap_molecule_31.sdf,pfkfb3_automap,-9.282472610473633,-9.449999809265137,842,8.760335,8.760335
843,pfkfb3_automap_molecule_48,/rds/general/user/cr725/home/aev-plig_research/github_tsBAP_official/data/fep/fep_benchmark_inputs/structure_inputs/merck/pfkfb3_automap_protein.pdb,/rds/general/user/cr725/home/aev-plig_research/github_tsBAP_official/data/fep/fep_benchmark_inputs/structure_inputs/merck/pfkfb3_automap_ligands_split/pfkfb3_automap_molecule_48.sdf,pfkfb3_automap,-8.006359100341797,-6.650000095367432,843,7.1049995,7.1049995
844,pfkfb3_automap_molecule_58,/rds/general/user/cr725/home/aev-plig_research/github_tsBAP_official/data/fep/fep_benchmark_inputs/structure_inputs/merck/pfkfb3_automap_protein.pdb,/rds/general/user/cr725/home/aev-plig_research/github_tsBAP_official/data/fep/fep_benchmark_inputs/structure_inputs/merck/pfkfb3_automap_ligands_split/pfkfb3_automap_molecule_58.sdf,pfkfb3_automap,-9.133153915405272,-8.350000381469727,844,8.346271,8.346271
845,pfkfb3_automap_molecule_41,/rds/general/user/cr725/home/aev-plig_research/github_tsBAP_official/data/fep/fep_benchmark_inputs/structure_inputs/merck/pfkfb3_automap_protein.pdb,/rds/general/user/cr725/home/aev-plig_research/github_tsBAP_official/data/fep/fep_benchmark_inputs/structure_inputs/merck/pfkfb3_automap_ligands_split/pfkfb3_automap_molecule_41.sdf,pfkfb3_automap,-7.387692451477051,-9.239999771118164,845,11.519925,11.519925
846,pfkfb3_automap_molecule_29,/rds/general/user/cr725/home/aev-plig_research/github_tsBAP_official/data/fep/fep_benchmark_inputs/structure_inputs/merck/pfkfb3_automap_protein.pdb,/rds/general/user/cr725/home/aev-plig_research/github_tsBAP_official/data/fep/fep_benchmark_inputs/structure_inputs/merck/pfkfb3_automap_ligands_split/pfkfb3_automap_molecule_29.sdf,pfkfb3_automap,-9.646018028259276,-9.119999885559082,846,6.890597,6.890597
847,pfkfb3_automap_molecule_54,/rds/general/user/cr725/home/aev-plig_research/github_tsBAP_official/data/fep/fep_benchmark_inputs/structure_inputs/merck/pfkfb3_automap_protein.pdb,/rds/general/user/cr725/home/aev-plig_research/github_tsBAP_official/data/fep/fep_benchmark_inputs/structure_inputs/merck/pfkfb3_automap_ligands_split/pfkfb3_automap_molecule_54.sdf,pfkfb3_automap,-8.179586410522461,-6.860000133514404,847,6.4070005,6.4070005
848,pfkfb3_automap_molecule_47,/rds/general/user/cr725/home/aev-plig_research/github_tsBAP_official/data/fep/fep_benchmark_inputs/structure_inputs/merck/pfkfb3_automap_protein.pdb,/rds/general/user/cr725/home/aev-plig_research/github_tsBAP_official/data/fep/fep_benchmark_inputs/structure_inputs/merck/pfkfb3_automap_ligands_split/pfkfb3_automap_molecule_47.sdf,pfkfb3_automap,-8.333451271057129,-6.630000114440918,848,6.0297003,6.0297003
849,pfkfb3_automap_molecule_26,/rds/general/user/cr725/home/aev-plig_research/github_tsBAP_official/data/fep/fep_benchmark_inputs/structure_inputs/merck/pfkfb3_automap_protein.pdb,/rds/general/user/cr725/home/aev-plig_research/github_tsBAP_official/data/fep/fep_benchmark_inputs/structure_inputs/merck/pfkfb3_automap_ligands_split/pfkfb3_automap_molecule_26.sdf,pfkfb3_automap,-9.169439315795898,-9.31999969482422,849,5.9489856,5.9489856
850,pfkfb3_automap_molecule_55,/rds/general/user/cr725/home/aev-plig_research/github_tsBAP_official/data/fep/fep_benchmark_inputs/structure_inputs/merck/pfkfb3_automap_protein.pdb,/rds/general/user/cr725/home/aev-plig_research/github_tsBAP_official/data/fep/fep_benchmark_inputs/structure_inputs/merck/pfkfb3_automap_ligands_split/pfkfb3_automap_molecule_55.sdf,pfkfb3_automap,-10.635504722595217,-11.5,850,6.844349,6.844349
851,pfkfb3_automap_molecule_20,/rds/general/user/cr725/home/aev-plig_research/github_tsBAP_official/data/fep/fep_benchmark_inputs/structure_inputs/merck/pfkfb3_automap_protein.pdb,/rds/general/user/cr725/home/aev-plig_research/github_tsBAP_official/data/fep/fep_benchmark_inputs/structure_inputs/merck/pfkfb3_automap_ligands_split/pfkfb3_automap_molecule_20.sdf,pfkfb3_automap,-8.51645278930664,-8.069999694824219,851,6.9688253,6.9688253
852,pfkfb3_automap_molecule_57,/rds/general/user/cr725/home/aev-plig_research/github_tsBAP_official/data/fep/fep_benchmark_inputs/structure_inputs/merck/pfkfb3_automap_protein.pdb,/rds/general/user/cr725/home/aev-plig_research/github_tsBAP_official/data/fep/fep_benchmark_inputs/structure_inputs/merck/pfkfb3_automap_ligands_split/pfkfb3_automap_molecule_57.sdf,pfkfb3_automap,-10.474388122558594,-10.199999809265137,852,6.5913153,6.5913153
853,pfkfb3_automap_molecule_42,/rds/general/user/cr725/home/aev-plig_research/github_tsBAP_official/data/fep/fep_benchmark_inputs/structure_inputs/merck/pfkfb3_automap_protein.pdb,/rds/general/user/cr725/home/aev-plig_research/github_tsBAP_official/data/fep/fep_benchmark_inputs/structure_inputs/merck/pfkfb3_automap_ligands_split/pfkfb3_automap_molecule_42.sdf,pfkfb3_automap,-8.466802597045898,-8.90999984741211,853,23.212364,23.212364
854,pfkfb3_automap_molecule_35,/rds/general/user/cr725/home/aev-plig_research/github_tsBAP_official/data/fep/fep_benchmark_inputs/structure_inputs/merck/pfkfb3_automap_protein.pdb,/rds/general/user/cr725/home/aev-plig_research/github_tsBAP_official/data/fep/fep_benchmark_inputs/structure_inputs/merck/pfkfb3_automap_ligands_split/pfkfb3_automap_molecule_35.sdf,pfkfb3_automap,-10.138808250427246,-9.9399995803833,854,6.886066,6.886066
855,pfkfb3_automap_molecule_44,/rds/general/user/cr725/home/aev-plig_research/github_tsBAP_official/data/fep/fep_benchmark_inputs/structure_inputs/merck/pfkfb3_automap_protein.pdb,/rds/general/user/cr725/home/aev-plig_research/github_tsBAP_official/data/fep/fep_benchmark_inputs/structure_inputs/merck/pfkfb3_automap_ligands_split/pfkfb3_automap_molecule_44.sdf,pfkfb3_automap,-9.948675155639648,-8.960000038146973,855,7.4502015,7.4502015
856,pfkfb3_automap_molecule_63,/rds/general/user/cr725/home/aev-plig_research/github_tsBAP_official/data/fep/fep_benchmark_inputs/structure_inputs/merck/pfkfb3_automap_protein.pdb,/rds/general/user/cr725/home/aev-plig_research/github_tsBAP_official/data/fep/fep_benchmark_inputs/structure_inputs/merck/pfkfb3_automap_ligands_split/pfkfb3_automap_molecule_63.sdf,pfkfb3_automap,-8.561636924743652,-9.729999542236328,856,9.192206,9.192206
857,pfkfb3_automap_molecule_69,/rds/general/user/cr725/home/aev-plig_research/github_tsBAP_official/data/fep/fep_benchmark_inputs/structure_inputs/merck/pfkfb3_automap_protein.pdb,/rds/general/user/cr725/home/aev-plig_research/github_tsBAP_official/data/fep/fep_benchmark_inputs/structure_inputs/merck/pfkfb3_automap_ligands_split/pfkfb3_automap_molecule_69.sdf,pfkfb3_automap,-10.71462059020996,-11.210000038146973,857,6.7495265,6.7495265
858,pfkfb3_automap_molecule_52,/rds/general/user/cr725/home/aev-plig_research/github_tsBAP_official/data/fep/fep_benchmark_inputs/structure_inputs/merck/pfkfb3_automap_protein.pdb,/rds/general/user/cr725/home/aev-plig_research/github_tsBAP_official/data/fep/fep_benchmark_inputs/structure_inputs/merck/pfkfb3_automap_ligands_split/pfkfb3_automap_molecule_52.sdf,pfkfb3_automap,-10.395273208618164,-8.350000381469727,858,6.1716213,6.1716213
859,pfkfb3_automap_molecule_19,/rds/general/user/cr725/home/aev-plig_research/github_tsBAP_official/data/fep/fep_benchmark_inputs/structure_inputs/merck/pfkfb3_automap_protein.pdb,/rds/general/user/cr725/home/aev-plig_research/github_tsBAP_official/data/fep/fep_benchmark_inputs/structure_inputs/merck/pfkfb3_automap_ligands_split/pfkfb3_automap_molecule_19.sdf,pfkfb3_automap,-7.550787448883057,-7.510000228881836,859,5.641509,5.641509
860,pfkfb3_automap_molecule_68,/rds/general/user/cr725/home/aev-plig_research/github_tsBAP_official/data/fep/fep_benchmark_inputs/structure_inputs/merck/pfkfb3_automap_protein.pdb,/rds/general/user/cr725/home/aev-plig_research/github_tsBAP_official/data/fep/fep_benchmark_inputs/structure_inputs/merck/pfkfb3_automap_ligands_split/pfkfb3_automap_molecule_68.sdf,pfkfb3_automap,-9.778227806091309,-12.279999732971191,860,7.141253,7.141253
861,pfkfb3_automap_molecule_33,/rds/general/user/cr725/home/aev-plig_research/github_tsBAP_official/data/fep/fep_benchmark_inputs/structure_inputs/merck/pfkfb3_automap_protein.pdb,/rds/general/user/cr725/home/aev-plig_research/github_tsBAP_official/data/fep/fep_benchmark_inputs/structure_inputs/merck/pfkfb3_automap_ligands_split/pfkfb3_automap_molecule_33.sdf,pfkfb3_automap,-8.606922149658203,-9.510000228881836,861,5.353486,5.353486
862,pfkfb3_automap_molecule_70,/rds/general/user/cr725/home/aev-plig_research/github_tsBAP_official/data/fep/fep_benchmark_inputs/structure_inputs/merck/pfkfb3_automap_protein.pdb,/rds/general/user/cr725/home/aev-plig_research/github_tsBAP_official/data/fep/fep_benchmark_inputs/structure_inputs/merck/pfkfb3_automap_ligands_split/pfkfb3_automap_molecule_70.sdf,pfkfb3_automap,-10.30394172668457,-10.1899995803833,862,6.924872,6.924872
863,pfkfb3_automap_molecule_53,/rds/general/user/cr725/home/aev-plig_research/github_tsBAP_official/data/fep/fep_benchmark_inputs/structure_inputs/merck/pfkfb3_automap_protein.pdb,/rds/general/user/cr725/home/aev-plig_research/github_tsBAP_official/data/fep/fep_benchmark_inputs/structure_inputs/merck/pfkfb3_automap_ligands_split/pfkfb3_automap_molecule_53.sdf,pfkfb3_automap,-6.997636318206787,-7.210000038146973,863,6.1798925,6.1798925
864,pfkfb3_automap_molecule_64,/rds/general/user/cr725/home/aev-plig_research/github_tsBAP_official/data/fep/fep_benchmark_inputs/structure_inputs/merck/pfkfb3_automap_protein.pdb,/rds/general/user/cr725/home/aev-plig_research/github_tsBAP_official/data/fep/fep_benchmark_inputs/structure_inputs/merck/pfkfb3_automap_ligands_split/pfkfb3_automap_molecule_64.sdf,pfkfb3_automap,-9.42227840423584,-9.4399995803833,864,7.09289,7.09289
865,pfkfb3_automap_molecule_39,/rds/general/user/cr725/home/aev-plig_research/github_tsBAP_official/data/fep/fep_benchmark_inputs/structure_inputs/merck/pfkfb3_automap_protein.pdb,/rds/general/user/cr725/home/aev-plig_research/github_tsBAP_official/data/fep/fep_benchmark_inputs/structure_inputs/merck/pfkfb3_automap_ligands_split/pfkfb3_automap_molecule_39.sdf,pfkfb3_automap,-7.197502136230469,-6.480000019073486,865,7.4702096,7.4702096
866,pfkfb3_automap_molecule_37,/rds/general/user/cr725/home/aev-plig_research/github_tsBAP_official/data/fep/fep_benchmark_inputs/structure_inputs/merck/pfkfb3_automap_protein.pdb,/rds/general/user/cr725/home/aev-plig_research/github_tsBAP_official/data/fep/fep_benchmark_inputs/structure_inputs/merck/pfkfb3_automap_ligands_split/pfkfb3_automap_molecule_37.sdf,pfkfb3_automap,-9.99706745147705,-10.920000076293944,866,7.004934,7.004934
867,pfkfb3_automap_molecule_23,/rds/general/user/cr725/home/aev-plig_research/github_tsBAP_official/data/fep/fep_benchmark_inputs/structure_inputs/merck/pfkfb3_automap_protein.pdb,/rds/general/user/cr725/home/aev-plig_research/github_tsBAP_official/data/fep/fep_benchmark_inputs/structure_inputs/merck/pfkfb3_automap_ligands_split/pfkfb3_automap_molecule_23.sdf,pfkfb3_automap,-7.914463996887207,-8.199999809265137,867,5.8693476,5.8693476
868,pfkfb3_automap_molecule_60_adjust,/rds/general/user/cr725/home/aev-plig_research/github_tsBAP_official/data/fep/fep_benchmark_inputs/structure_inputs/merck/pfkfb3_automap_protein.pdb,/rds/general/user/cr725/home/aev-plig_research/github_tsBAP_official/data/fep/fep_benchmark_inputs/structure_inputs/merck/pfkfb3_automap_ligands_split/pfkfb3_automap_molecule_60_adjust.sdf,pfkfb3_automap,-8.143735885620117,-7.110000133514404,868,9.026347,9.026347
869,pfkfb3_automap_molecule_34,/rds/general/user/cr725/home/aev-plig_research/github_tsBAP_official/data/fep/fep_benchmark_inputs/structure_inputs/merck/pfkfb3_automap_protein.pdb,/rds/general/user/cr725/home/aev-plig_research/github_tsBAP_official/data/fep/fep_benchmark_inputs/structure_inputs/merck/pfkfb3_automap_ligands_split/pfkfb3_automap_molecule_34.sdf,pfkfb3_automap,-9.97237777709961,-9.760000228881836,869,7.6936216,7.6936216
870,pfkfb3_automap_molecule_36,/rds/general/user/cr725/home/aev-plig_research/github_tsBAP_official/data/fep/fep_benchmark_inputs/structure_inputs/merck/pfkfb3_automap_protein.pdb,/rds/general/user/cr725/home/aev-plig_research/github_tsBAP_official/data/fep/fep_benchmark_inputs/structure_inputs/merck/pfkfb3_automap_ligands_split/pfkfb3_automap_molecule_36.sdf,pfkfb3_automap,-7.440536022186279,-7.75,870,6.388956,6.388956
871,pfkfb3_automap_molecule_46,/rds/general/user/cr725/home/aev-plig_research/github_tsBAP_official/data/fep/fep_benchmark_inputs/structure_inputs/merck/pfkfb3_automap_protein.pdb,/rds/general/user/cr725/home/aev-plig_research/github_tsBAP_official/data/fep/fep_benchmark_inputs/structure_inputs/merck/pfkfb3_automap_ligands_split/pfkfb3_automap_molecule_46.sdf,pfkfb3_automap,-7.859359264373779,-7.139999866485596,871,7.8054953,7.8054953
872,shp2_molecule_SHP099-1_Example_7,/rds/general/user/cr725/home/aev-plig_research/github_tsBAP_official/data/fep/fep_benchmark_inputs/structure_inputs/merck/shp2_protein.pdb,/rds/general/user/cr725/home/aev-plig_research/github_tsBAP_official/data/fep/fep_benchmark_inputs/structure_inputs/merck/shp2_ligands_split/shp2_molecule_SHP099-1_Example_7.sdf,shp2,-9.75264835357666,-9.970000267028809,872,6.106727,6.106727
873,shp2_molecule_Example_22,/rds/general/user/cr725/home/aev-plig_research/github_tsBAP_official/data/fep/fep_benchmark_inputs/structure_inputs/merck/shp2_protein.pdb,/rds/general/user/cr725/home/aev-plig_research/github_tsBAP_official/data/fep/fep_benchmark_inputs/structure_inputs/merck/shp2_ligands_split/shp2_molecule_Example_22.sdf,shp2,-9.238834381103516,-8.770000457763672,873,8.716201,8.716201
874,shp2_molecule_Example_29,/rds/general/user/cr725/home/aev-plig_research/github_tsBAP_official/data/fep/fep_benchmark_inputs/structure_inputs/merck/shp2_protein.pdb,/rds/general/user/cr725/home/aev-plig_research/github_tsBAP_official/data/fep/fep_benchmark_inputs/structure_inputs/merck/shp2_ligands_split/shp2_molecule_Example_29.sdf,shp2,-7.622783184051514,-5.619999885559082,874,7.5987644,7.5987644
875,shp2_molecule_11,/rds/general/user/cr725/home/aev-plig_research/github_tsBAP_official/data/fep/fep_benchmark_inputs/structure_inputs/merck/shp2_protein.pdb,/rds/general/user/cr725/home/aev-plig_research/github_tsBAP_official/data/fep/fep_benchmark_inputs/structure_inputs/merck/shp2_ligands_split/shp2_molecule_11.sdf,shp2,-6.354085445404053,-7.550000190734863,875,8.620766,8.620766
876,shp2_molecule_4,/rds/general/user/cr725/home/aev-plig_research/github_tsBAP_official/data/fep/fep_benchmark_inputs/structure_inputs/merck/shp2_protein.pdb,/rds/general/user/cr725/home/aev-plig_research/github_tsBAP_official/data/fep/fep_benchmark_inputs/structure_inputs/merck/shp2_ligands_split/shp2_molecule_4.sdf,shp2,-5.822068691253662,-6.400000095367432,876,5.9930882,5.9930882
877,shp2_molecule_Example_2,/rds/general/user/cr725/home/aev-plig_research/github_tsBAP_official/data/fep/fep_benchmark_inputs/structure_inputs/merck/shp2_protein.pdb,/rds/general/user/cr725/home/aev-plig_research/github_tsBAP_official/data/fep/fep_benchmark_inputs/structure_inputs/merck/shp2_ligands_split/shp2_molecule_Example_2.sdf,shp2,-8.27622127532959,-7.510000228881836,877,9.121507,9.121507
878,shp2_molecule_Example_14,/rds/general/user/cr725/home/aev-plig_research/github_tsBAP_official/data/fep/fep_benchmark_inputs/structure_inputs/merck/shp2_protein.pdb,/rds/general/user/cr725/home/aev-plig_research/github_tsBAP_official/data/fep/fep_benchmark_inputs/structure_inputs/merck/shp2_ligands_split/shp2_molecule_Example_14.sdf,shp2,-9.778227806091309,-11.289999961853027,878,5.0863485,5.0863485
879,shp2_molecule_Example_26,/rds/general/user/cr725/home/aev-plig_research/github_tsBAP_official/data/fep/fep_benchmark_inputs/structure_inputs/merck/shp2_protein.pdb,/rds/general/user/cr725/home/aev-plig_research/github_tsBAP_official/data/fep/fep_benchmark_inputs/structure_inputs/merck/shp2_ligands_split/shp2_molecule_Example_26.sdf,shp2,-8.959051132202148,-8.550000190734863,879,7.8563204,7.8563204
880,shp2_molecule_SHP836-2,/rds/general/user/cr725/home/aev-plig_research/github_tsBAP_official/data/fep/fep_benchmark_inputs/structure_inputs/merck/shp2_protein.pdb,/rds/general/user/cr725/home/aev-plig_research/github_tsBAP_official/data/fep/fep_benchmark_inputs/structure_inputs/merck/shp2_ligands_split/shp2_molecule_SHP836-2.sdf,shp2,-6.713211536407471,-7.690000057220459,880,8.435744,8.435744
881,shp2_molecule_Example_6,/rds/general/user/cr725/home/aev-plig_research/github_tsBAP_official/data/fep/fep_benchmark_inputs/structure_inputs/merck/shp2_protein.pdb,/rds/general/user/cr725/home/aev-plig_research/github_tsBAP_official/data/fep/fep_benchmark_inputs/structure_inputs/merck/shp2_ligands_split/shp2_molecule_Example_6.sdf,shp2,-9.06926441192627,-10.5600004196167,881,8.29706,8.29706
882,shp2_molecule_Example_1,/rds/general/user/cr725/home/aev-plig_research/github_tsBAP_official/data/fep/fep_benchmark_inputs/structure_inputs/merck/shp2_protein.pdb,/rds/general/user/cr725/home/aev-plig_research/github_tsBAP_official/data/fep/fep_benchmark_inputs/structure_inputs/merck/shp2_ligands_split/shp2_molecule_Example_1.sdf,shp2,-8.988177299499512,-8.819999694824219,882,10.684845,10.684845
883,shp2_molecule_3,/rds/general/user/cr725/home/aev-plig_research/github_tsBAP_official/data/fep/fep_benchmark_inputs/structure_inputs/merck/shp2_protein.pdb,/rds/general/user/cr725/home/aev-plig_research/github_tsBAP_official/data/fep/fep_benchmark_inputs/structure_inputs/merck/shp2_ligands_split/shp2_molecule_3.sdf,shp2,-5.462942123413086,-5.809999942779541,883,8.518357,8.518357
884,shp2_molecule_Example_9,/rds/general/user/cr725/home/aev-plig_research/github_tsBAP_official/data/fep/fep_benchmark_inputs/structure_inputs/merck/shp2_protein.pdb,/rds/general/user/cr725/home/aev-plig_research/github_tsBAP_official/data/fep/fep_benchmark_inputs/structure_inputs/merck/shp2_ligands_split/shp2_molecule_Example_9.sdf,shp2,-8.794095039367676,-10.06999969482422,884,6.6541376,6.6541376
885,shp2_molecule_Example_8,/rds/general/user/cr725/home/aev-plig_research/github_tsBAP_official/data/fep/fep_benchmark_inputs/structure_inputs/merck/shp2_protein.pdb,/rds/general/user/cr725/home/aev-plig_research/github_tsBAP_official/data/fep/fep_benchmark_inputs/structure_inputs/merck/shp2_ligands_split/shp2_molecule_Example_8.sdf,shp2,-9.71232795715332,-10.489999771118164,885,6.696825,6.696825
886,shp2_molecule_7,/rds/general/user/cr725/home/aev-plig_research/github_tsBAP_official/data/fep/fep_benchmark_inputs/structure_inputs/merck/shp2_protein.pdb,/rds/general/user/cr725/home/aev-plig_research/github_tsBAP_official/data/fep/fep_benchmark_inputs/structure_inputs/merck/shp2_ligands_split/shp2_molecule_7.sdf,shp2,-7.076467037200928,-8.289999961853027,886,7.1535025,7.1535025
887,shp2_molecule_Example_24,/rds/general/user/cr725/home/aev-plig_research/github_tsBAP_official/data/fep/fep_benchmark_inputs/structure_inputs/merck/shp2_protein.pdb,/rds/general/user/cr725/home/aev-plig_research/github_tsBAP_official/data/fep/fep_benchmark_inputs/structure_inputs/merck/shp2_ligands_split/shp2_molecule_Example_24.sdf,shp2,-9.07721710205078,-9.140000343322754,887,8.307187,8.307187
888,shp2_molecule_Example_28,/rds/general/user/cr725/home/aev-plig_research/github_tsBAP_official/data/fep/fep_benchmark_inputs/structure_inputs/merck/shp2_protein.pdb,/rds/general/user/cr725/home/aev-plig_research/github_tsBAP_official/data/fep/fep_benchmark_inputs/structure_inputs/merck/shp2_ligands_split/shp2_molecule_Example_28.sdf,shp2,-8.457352638244629,-7.349999904632568,888,6.5736265,6.5736265
889,shp2_molecule_10,/rds/general/user/cr725/home/aev-plig_research/github_tsBAP_official/data/fep/fep_benchmark_inputs/structure_inputs/merck/shp2_protein.pdb,/rds/general/user/cr725/home/aev-plig_research/github_tsBAP_official/data/fep/fep_benchmark_inputs/structure_inputs/merck/shp2_ligands_split/shp2_molecule_10.sdf,shp2,-7.1542816162109375,-7.670000076293945,889,6.504975,6.504975
890,shp2_molecule_Example_25,/rds/general/user/cr725/home/aev-plig_research/github_tsBAP_official/data/fep/fep_benchmark_inputs/structure_inputs/merck/shp2_protein.pdb,/rds/general/user/cr725/home/aev-plig_research/github_tsBAP_official/data/fep/fep_benchmark_inputs/structure_inputs/merck/shp2_ligands_split/shp2_molecule_Example_25.sdf,shp2,-8.869909286499023,-7.119999885559082,890,5.4401827,5.4401827
891,shp2_molecule_Example_27,/rds/general/user/cr725/home/aev-plig_research/github_tsBAP_official/data/fep/fep_benchmark_inputs/structure_inputs/merck/shp2_protein.pdb,/rds/general/user/cr725/home/aev-plig_research/github_tsBAP_official/data/fep/fep_benchmark_inputs/structure_inputs/merck/shp2_ligands_split/shp2_molecule_Example_27.sdf,shp2,-8.51852798461914,-9.520000457763672,891,7.368555,7.368555
892,shp2_molecule_6,/rds/general/user/cr725/home/aev-plig_research/github_tsBAP_official/data/fep/fep_benchmark_inputs/structure_inputs/merck/shp2_protein.pdb,/rds/general/user/cr725/home/aev-plig_research/github_tsBAP_official/data/fep/fep_benchmark_inputs/structure_inputs/merck/shp2_ligands_split/shp2_molecule_6.sdf,shp2,-8.030035018920898,-8.84000015258789,892,8.883926,8.883926
893,shp2_molecule_Example_30,/rds/general/user/cr725/home/aev-plig_research/github_tsBAP_official/data/fep/fep_benchmark_inputs/structure_inputs/merck/shp2_protein.pdb,/rds/general/user/cr725/home/aev-plig_research/github_tsBAP_official/data/fep/fep_benchmark_inputs/structure_inputs/merck/shp2_ligands_split/shp2_molecule_Example_30.sdf,shp2,-9.157095909118652,-9.0600004196167,893,10.429975,10.429975
894,shp2_molecule_Example_5,/rds/general/user/cr725/home/aev-plig_research/github_tsBAP_official/data/fep/fep_benchmark_inputs/structure_inputs/merck/shp2_protein.pdb,/rds/general/user/cr725/home/aev-plig_research/github_tsBAP_official/data/fep/fep_benchmark_inputs/structure_inputs/merck/shp2_ligands_split/shp2_molecule_Example_5.sdf,shp2,-7.5630927085876465,-5.090000152587891,894,7.9285736,7.9285736
895,shp2_molecule_Example_4,/rds/general/user/cr725/home/aev-plig_research/github_tsBAP_official/data/fep/fep_benchmark_inputs/structure_inputs/merck/shp2_protein.pdb,/rds/general/user/cr725/home/aev-plig_research/github_tsBAP_official/data/fep/fep_benchmark_inputs/structure_inputs/merck/shp2_ligands_split/shp2_molecule_Example_4.sdf,shp2,-8.201089859008789,-6.670000076293945,895,9.860399,9.860399
896,shp2_molecule_Example_23,/rds/general/user/cr725/home/aev-plig_research/github_tsBAP_official/data/fep/fep_benchmark_inputs/structure_inputs/merck/shp2_protein.pdb,/rds/general/user/cr725/home/aev-plig_research/github_tsBAP_official/data/fep/fep_benchmark_inputs/structure_inputs/merck/shp2_ligands_split/shp2_molecule_Example_23.sdf,shp2,-8.740339279174805,-8.6899995803833,896,8.63511,8.63511
897,shp2_molecule_Example_3,/rds/general/user/cr725/home/aev-plig_research/github_tsBAP_official/data/fep/fep_benchmark_inputs/structure_inputs/merck/shp2_protein.pdb,/rds/general/user/cr725/home/aev-plig_research/github_tsBAP_official/data/fep/fep_benchmark_inputs/structure_inputs/merck/shp2_ligands_split/shp2_molecule_Example_3.sdf,shp2,-8.215871810913086,-7.079999923706055,897,6.21752,6.21752
898,cmet_molecule_CHEMBL3402753_200,/rds/general/user/cr725/home/aev-plig_research/github_tsBAP_official/data/fep/fep_benchmark_inputs/structure_inputs/merck/cmet_protein.pdb,/rds/general/user/cr725/home/aev-plig_research/github_tsBAP_official/data/fep/fep_benchmark_inputs/structure_inputs/merck/cmet_ligands_split/cmet_molecule_CHEMBL3402753_200.sdf,cmet,-9.139049530029297,-10.130000114440918,898,5.548999,5.548999
899,cmet_molecule_CHEMBL3402747_3400,/rds/general/user/cr725/home/aev-plig_research/github_tsBAP_official/data/fep/fep_benchmark_inputs/structure_inputs/merck/cmet_protein.pdb,/rds/general/user/cr725/home/aev-plig_research/github_tsBAP_official/data/fep/fep_benchmark_inputs/structure_inputs/merck/cmet_ligands_split/cmet_molecule_CHEMBL3402747_3400.sdf,cmet,-7.460412979125977,-6.21999979019165,899,6.7233577,6.7233577
900,cmet_molecule_CHEMBL3402744_300,/rds/general/user/cr725/home/aev-plig_research/github_tsBAP_official/data/fep/fep_benchmark_inputs/structure_inputs/merck/cmet_protein.pdb,/rds/general/user/cr725/home/aev-plig_research/github_tsBAP_official/data/fep/fep_benchmark_inputs/structure_inputs/merck/cmet_ligands_split/cmet_molecule_CHEMBL3402744_300.sdf,cmet,-8.89881706237793,-7.909999847412109,900,7.761142,7.761142
901,cmet_molecule_CHEMBL3402745_200,/rds/general/user/cr725/home/aev-plig_research/github_tsBAP_official/data/fep/fep_benchmark_inputs/structure_inputs/merck/cmet_protein.pdb,/rds/general/user/cr725/home/aev-plig_research/github_tsBAP_official/data/fep/fep_benchmark_inputs/structure_inputs/merck/cmet_ligands_split/cmet_molecule_CHEMBL3402745_200.sdf,cmet,-9.139049530029297,-8.520000457763672,901,7.7226143,7.7226143
902,cmet_molecule_CHEMBL3402750_400,/rds/general/user/cr725/home/aev-plig_research/github_tsBAP_official/data/fep/fep_benchmark_inputs/structure_inputs/merck/cmet_protein.pdb,/rds/general/user/cr725/home/aev-plig_research/github_tsBAP_official/data/fep/fep_benchmark_inputs/structure_inputs/merck/cmet_ligands_split/cmet_molecule_CHEMBL3402750_400.sdf,cmet,-8.72836971282959,-10.039999961853027,902,5.5084667,5.5084667
903,cmet_molecule_CHEMBL3402743_42,/rds/general/user/cr725/home/aev-plig_research/github_tsBAP_official/data/fep/fep_benchmark_inputs/structure_inputs/merck/cmet_protein.pdb,/rds/general/user/cr725/home/aev-plig_research/github_tsBAP_official/data/fep/fep_benchmark_inputs/structure_inputs/merck/cmet_ligands_split/cmet_molecule_CHEMBL3402743_42.sdf,cmet,-10.063709259033203,-9.43000030517578,903,9.129636,9.129636
904,cmet_molecule_CHEMBL3402752_30000,/rds/general/user/cr725/home/aev-plig_research/github_tsBAP_official/data/fep/fep_benchmark_inputs/structure_inputs/merck/cmet_protein.pdb,/rds/general/user/cr725/home/aev-plig_research/github_tsBAP_official/data/fep/fep_benchmark_inputs/structure_inputs/merck/cmet_ligands_split/cmet_molecule_CHEMBL3402752_30000.sdf,cmet,-6.170323371887207,-6.699999809265137,904,5.1548204,5.1548204
905,cmet_molecule_CHEMBL3402755_4200,/rds/general/user/cr725/home/aev-plig_research/github_tsBAP_official/data/fep/fep_benchmark_inputs/structure_inputs/merck/cmet_protein.pdb,/rds/general/user/cr725/home/aev-plig_research/github_tsBAP_official/data/fep/fep_benchmark_inputs/structure_inputs/merck/cmet_ligands_split/cmet_molecule_CHEMBL3402755_4200.sdf,cmet,-7.33521556854248,-8.5,905,5.9208856,5.9208856
906,cmet_molecule_CHEMBL3402749_500,/rds/general/user/cr725/home/aev-plig_research/github_tsBAP_official/data/fep/fep_benchmark_inputs/structure_inputs/merck/cmet_protein.pdb,/rds/general/user/cr725/home/aev-plig_research/github_tsBAP_official/data/fep/fep_benchmark_inputs/structure_inputs/merck/cmet_ligands_split/cmet_molecule_CHEMBL3402749_500.sdf,cmet,-8.596160888671875,-7.889999866485596,906,5.085167,5.085167
907,cmet_molecule_CHEMBL3402765_11-charged-pKa-8.1,/rds/general/user/cr725/home/aev-plig_research/github_tsBAP_official/data/fep/fep_benchmark_inputs/structure_inputs/merck/cmet_protein.pdb,/rds/general/user/cr725/home/aev-plig_research/github_tsBAP_official/data/fep/fep_benchmark_inputs/structure_inputs/merck/cmet_ligands_split/cmet_molecule_CHEMBL3402765_11-charged-pKa-8.1.sdf,cmet,-10.857505798339844,-9.65999984741211,907,8.636976,8.636976
908,cmet_molecule_CHEMBL3402742_23,/rds/general/user/cr725/home/aev-plig_research/github_tsBAP_official/data/fep/fep_benchmark_inputs/structure_inputs/merck/cmet_protein.pdb,/rds/general/user/cr725/home/aev-plig_research/github_tsBAP_official/data/fep/fep_benchmark_inputs/structure_inputs/merck/cmet_ligands_split/cmet_molecule_CHEMBL3402742_23.sdf,cmet,-10.420489311218262,-10.170000076293944,908,11.956915,11.956915
909,cmet_molecule_CHEMBL3402754_40,/rds/general/user/cr725/home/aev-plig_research/github_tsBAP_official/data/fep/fep_benchmark_inputs/structure_inputs/merck/cmet_protein.pdb,/rds/general/user/cr725/home/aev-plig_research/github_tsBAP_official/data/fep/fep_benchmark_inputs/structure_inputs/merck/cmet_ligands_split/cmet_molecule_CHEMBL3402754_40.sdf,cmet,-10.09261703491211,-10.460000038146973,909,6.8152647,6.8152647
910,cmet_molecule_CHEMBL3402748_5300,/rds/general/user/cr725/home/aev-plig_research/github_tsBAP_official/data/fep/fep_benchmark_inputs/structure_inputs/merck/cmet_protein.pdb,/rds/general/user/cr725/home/aev-plig_research/github_tsBAP_official/data/fep/fep_benchmark_inputs/structure_inputs/merck/cmet_ligands_split/cmet_molecule_CHEMBL3402748_5300.sdf,cmet,-7.197390079498291,-7.880000114440918,910,6.454703,6.454703
911,cmet_molecule_CHEMBL3402741_400,/rds/general/user/cr725/home/aev-plig_research/github_tsBAP_official/data/fep/fep_benchmark_inputs/structure_inputs/merck/cmet_protein.pdb,/rds/general/user/cr725/home/aev-plig_research/github_tsBAP_official/data/fep/fep_benchmark_inputs/structure_inputs/merck/cmet_ligands_split/cmet_molecule_CHEMBL3402741_400.sdf,cmet,-8.72836971282959,-9.130000114440918,911,2.2036698,2.2036698
912,cmet_molecule_CHEMBL3402763_90,/rds/general/user/cr725/home/aev-plig_research/github_tsBAP_official/data/fep/fep_benchmark_inputs/structure_inputs/merck/cmet_protein.pdb,/rds/general/user/cr725/home/aev-plig_research/github_tsBAP_official/data/fep/fep_benchmark_inputs/structure_inputs/merck/cmet_ligands_split/cmet_molecule_CHEMBL3402763_90.sdf,cmet,-9.612153053283691,-9.979999542236328,912,1.6637906,1.6637906
913,cmet_molecule_CHEMBL3402764_90,/rds/general/user/cr725/home/aev-plig_research/github_tsBAP_official/data/fep/fep_benchmark_inputs/structure_inputs/merck/cmet_protein.pdb,/rds/general/user/cr725/home/aev-plig_research/github_tsBAP_official/data/fep/fep_benchmark_inputs/structure_inputs/merck/cmet_ligands_split/cmet_molecule_CHEMBL3402764_90.sdf,cmet,-9.612153053283691,-8.579999923706055,913,9.403847,9.403847
914,cmet_molecule_CHEMBL3402751_2100,/rds/general/user/cr725/home/aev-plig_research/github_tsBAP_official/data/fep/fep_benchmark_inputs/structure_inputs/merck/cmet_protein.pdb,/rds/general/user/cr725/home/aev-plig_research/github_tsBAP_official/data/fep/fep_benchmark_inputs/structure_inputs/merck/cmet_ligands_split/cmet_molecule_CHEMBL3402751_2100.sdf,cmet,-7.745894908905029,-7.829999923706055,914,4.611107,4.611107
915,cmet_molecule_CHEMBL3402756_2.7_redocked,/rds/general/user/cr725/home/aev-plig_research/github_tsBAP_official/data/fep/fep_benchmark_inputs/structure_inputs/merck/cmet_protein.pdb,/rds/general/user/cr725/home/aev-plig_research/github_tsBAP_official/data/fep/fep_benchmark_inputs/structure_inputs/merck/cmet_ligands_split/cmet_molecule_CHEMBL3402756_2.7_redocked.sdf,cmet,-11.689735412597656,-11.75,915,6.841833,6.841833
916,cmet_molecule_CHEMBL3402762_1_redocked,/rds/general/user/cr725/home/aev-plig_research/github_tsBAP_official/data/fep/fep_benchmark_inputs/structure_inputs/merck/cmet_protein.pdb,/rds/general/user/cr725/home/aev-plig_research/github_tsBAP_official/data/fep/fep_benchmark_inputs/structure_inputs/merck/cmet_ligands_split/cmet_molecule_CHEMBL3402762_1_redocked.sdf,cmet,-12.27822208404541,-13.229999542236328,916,5.9257154,5.9257154
917,cmet_molecule_CHEMBL3402760_1_redocked,/rds/general/user/cr725/home/aev-plig_research/github_tsBAP_official/data/fep/fep_benchmark_inputs/structure_inputs/merck/cmet_protein.pdb,/rds/general/user/cr725/home/aev-plig_research/github_tsBAP_official/data/fep/fep_benchmark_inputs/structure_inputs/merck/cmet_ligands_split/cmet_molecule_CHEMBL3402760_1_redocked.sdf,cmet,-12.27822208404541,-11.800000190734863,917,5.9653616,5.9653616
918,cmet_molecule_CHEMBL3402757_6.5_redocked,/rds/general/user/cr725/home/aev-plig_research/github_tsBAP_official/data/fep/fep_benchmark_inputs/structure_inputs/merck/cmet_protein.pdb,/rds/general/user/cr725/home/aev-plig_research/github_tsBAP_official/data/fep/fep_benchmark_inputs/structure_inputs/merck/cmet_ligands_split/cmet_molecule_CHEMBL3402757_6.5_redocked.sdf,cmet,-11.169207572937012,-11.170000076293944,918,6.8471513,6.8471513
919,cmet_molecule_CHEMBL3402761_1_redocked,/rds/general/user/cr725/home/aev-plig_research/github_tsBAP_official/data/fep/fep_benchmark_inputs/structure_inputs/merck/cmet_protein.pdb,/rds/general/user/cr725/home/aev-plig_research/github_tsBAP_official/data/fep/fep_benchmark_inputs/structure_inputs/merck/cmet_ligands_split/cmet_molecule_CHEMBL3402761_1_redocked.sdf,cmet,-12.27822208404541,-11.920000076293944,919,4.142982,4.142982
920,cmet_molecule_CHEMBL3402758_10_redocked,/rds/general/user/cr725/home/aev-plig_research/github_tsBAP_official/data/fep/fep_benchmark_inputs/structure_inputs/merck/cmet_protein.pdb,/rds/general/user/cr725/home/aev-plig_research/github_tsBAP_official/data/fep/fep_benchmark_inputs/structure_inputs/merck/cmet_ligands_split/cmet_molecule_CHEMBL3402758_10_redocked.sdf,cmet,-10.91397476196289,-11.489999771118164,920,7.0051785,7.0051785
921,cmet_molecule_CHEMBL3402759_5.7_redocked,/rds/general/user/cr725/home/aev-plig_research/github_tsBAP_official/data/fep/fep_benchmark_inputs/structure_inputs/merck/cmet_protein.pdb,/rds/general/user/cr725/home/aev-plig_research/github_tsBAP_official/data/fep/fep_benchmark_inputs/structure_inputs/merck/cmet_ligands_split/cmet_molecule_CHEMBL3402759_5.7_redocked.sdf,cmet,-11.24702262878418,-11.260000228881836,921,7.1255646,7.1255646
922,eg5_extraprotomers_molecule_CHEMBL1078774,/rds/general/user/cr725/home/aev-plig_research/github_tsBAP_official/data/fep/fep_benchmark_inputs/structure_inputs/merck/eg5_extraprotomers_protein.pdb,/rds/general/user/cr725/home/aev-plig_research/github_tsBAP_official/data/fep/fep_benchmark_inputs/structure_inputs/merck/eg5_extraprotomers_ligands_split/eg5_extraprotomers_molecule_CHEMBL1078774.sdf,eg5_extraprotomers,-10.662470817565918,-10.0,922,8.843158,8.843158
923,eg5_extraprotomers_molecule_CHEMBL1093087,/rds/general/user/cr725/home/aev-plig_research/github_tsBAP_official/data/fep/fep_benchmark_inputs/structure_inputs/merck/eg5_extraprotomers_protein.pdb,/rds/general/user/cr725/home/aev-plig_research/github_tsBAP_official/data/fep/fep_benchmark_inputs/structure_inputs/merck/eg5_extraprotomers_ligands_split/eg5_extraprotomers_molecule_CHEMBL1093087.sdf,eg5_extraprotomers,-10.59618091583252,-11.140000343322754,923,5.502635,5.502635
924,eg5_extraprotomers_molecule_CHEMBL1082249,/rds/general/user/cr725/home/aev-plig_research/github_tsBAP_official/data/fep/fep_benchmark_inputs/structure_inputs/merck/eg5_extraprotomers_protein.pdb,/rds/general/user/cr725/home/aev-plig_research/github_tsBAP_official/data/fep/fep_benchmark_inputs/structure_inputs/merck/eg5_extraprotomers_ligands_split/eg5_extraprotomers_molecule_CHEMBL1082249.sdf,eg5_extraprotomers,-11.283177375793455,-11.3100004196167,924,5.300882,5.300882
925,eg5_extraprotomers_molecule_CHEMBL1089393,/rds/general/user/cr725/home/aev-plig_research/github_tsBAP_official/data/fep/fep_benchmark_inputs/structure_inputs/merck/eg5_extraprotomers_protein.pdb,/rds/general/user/cr725/home/aev-plig_research/github_tsBAP_official/data/fep/fep_benchmark_inputs/structure_inputs/merck/eg5_extraprotomers_ligands_split/eg5_extraprotomers_molecule_CHEMBL1089393.sdf,eg5_extraprotomers,-8.429832458496094,-9.600000381469728,925,5.7102056,5.7102056
926,eg5_extraprotomers_molecule_CHEMBL1078691,/rds/general/user/cr725/home/aev-plig_research/github_tsBAP_official/data/fep/fep_benchmark_inputs/structure_inputs/merck/eg5_extraprotomers_protein.pdb,/rds/general/user/cr725/home/aev-plig_research/github_tsBAP_official/data/fep/fep_benchmark_inputs/structure_inputs/merck/eg5_extraprotomers_ligands_split/eg5_extraprotomers_molecule_CHEMBL1078691.sdf,eg5_extraprotomers,-10.24935531616211,-10.970000267028809,926,9.50018,9.50018
927,eg5_extraprotomers_molecule_CHEMBL1086409,/rds/general/user/cr725/home/aev-plig_research/github_tsBAP_official/data/fep/fep_benchmark_inputs/structure_inputs/merck/eg5_extraprotomers_protein.pdb,/rds/general/user/cr725/home/aev-plig_research/github_tsBAP_official/data/fep/fep_benchmark_inputs/structure_inputs/merck/eg5_extraprotomers_ligands_split/eg5_extraprotomers_molecule_CHEMBL1086409.sdf,eg5_extraprotomers,-9.931042671203612,-10.279999732971191,927,4.3166323,4.3166323
928,eg5_extraprotomers_molecule_CHEMBL1082248,/rds/general/user/cr725/home/aev-plig_research/github_tsBAP_official/data/fep/fep_benchmark_inputs/structure_inputs/merck/eg5_extraprotomers_protein.pdb,/rds/general/user/cr725/home/aev-plig_research/github_tsBAP_official/data/fep/fep_benchmark_inputs/structure_inputs/merck/eg5_extraprotomers_ligands_split/eg5_extraprotomers_molecule_CHEMBL1082248.sdf,eg5_extraprotomers,-11.696293830871582,-11.020000457763672,928,5.966674,5.966674
929,eg5_extraprotomers_molecule_CHEMBL1084678,/rds/general/user/cr725/home/aev-plig_research/github_tsBAP_official/data/fep/fep_benchmark_inputs/structure_inputs/merck/eg5_extraprotomers_protein.pdb,/rds/general/user/cr725/home/aev-plig_research/github_tsBAP_official/data/fep/fep_benchmark_inputs/structure_inputs/merck/eg5_extraprotomers_ligands_split/eg5_extraprotomers_molecule_CHEMBL1084678.sdf,eg5_extraprotomers,-11.191304206848145,-13.619999885559082,929,6.045097,6.045097
930,eg5_extraprotomers_molecule_CHEMBL1084115,/rds/general/user/cr725/home/aev-plig_research/github_tsBAP_official/data/fep/fep_benchmark_inputs/structure_inputs/merck/eg5_extraprotomers_protein.pdb,/rds/general/user/cr725/home/aev-plig_research/github_tsBAP_official/data/fep/fep_benchmark_inputs/structure_inputs/merck/eg5_extraprotomers_ligands_split/eg5_extraprotomers_molecule_CHEMBL1084115.sdf,eg5_extraprotomers,-9.497721672058104,-10.210000038146973,930,7.2721457,7.2721457
931,eg5_extraprotomers_molecule_CHEMBL1084431,/rds/general/user/cr725/home/aev-plig_research/github_tsBAP_official/data/fep/fep_benchmark_inputs/structure_inputs/merck/eg5_extraprotomers_protein.pdb,/rds/general/user/cr725/home/aev-plig_research/github_tsBAP_official/data/fep/fep_benchmark_inputs/structure_inputs/merck/eg5_extraprotomers_ligands_split/eg5_extraprotomers_molecule_CHEMBL1084431.sdf,eg5_extraprotomers,-9.863131523132324,-10.18000030517578,931,5.429986,5.429986
932,eg5_extraprotomers_molecule_CHEMBL1085895,/rds/general/user/cr725/home/aev-plig_research/github_tsBAP_official/data/fep/fep_benchmark_inputs/structure_inputs/merck/eg5_extraprotomers_protein.pdb,/rds/general/user/cr725/home/aev-plig_research/github_tsBAP_official/data/fep/fep_benchmark_inputs/structure_inputs/merck/eg5_extraprotomers_ligands_split/eg5_extraprotomers_molecule_CHEMBL1085895.sdf,eg5_extraprotomers,-10.921920776367188,-11.289999961853027,932,6.3140106,6.3140106
933,eg5_extraprotomers_molecule_CHEMBL1084677,/rds/general/user/cr725/home/aev-plig_research/github_tsBAP_official/data/fep/fep_benchmark_inputs/structure_inputs/merck/eg5_extraprotomers_protein.pdb,/rds/general/user/cr725/home/aev-plig_research/github_tsBAP_official/data/fep/fep_benchmark_inputs/structure_inputs/merck/eg5_extraprotomers_ligands_split/eg5_extraprotomers_molecule_CHEMBL1084677.sdf,eg5_extraprotomers,-11.524834632873535,-11.970000267028809,933,5.8044896,5.8044896
934,eg5_extraprotomers_molecule_CHEMBL1077227,/rds/general/user/cr725/home/aev-plig_research/github_tsBAP_official/data/fep/fep_benchmark_inputs/structure_inputs/merck/eg5_extraprotomers_protein.pdb,/rds/general/user/cr725/home/aev-plig_research/github_tsBAP_official/data/fep/fep_benchmark_inputs/structure_inputs/merck/eg5_extraprotomers_ligands_split/eg5_extraprotomers_molecule_CHEMBL1077227.sdf,eg5_extraprotomers,-11.391841888427734,-10.68000030517578,934,4.321126,4.321126
935,eg5_extraprotomers_molecule_CHEMBL1086410,/rds/general/user/cr725/home/aev-plig_research/github_tsBAP_official/data/fep/fep_benchmark_inputs/structure_inputs/merck/eg5_extraprotomers_protein.pdb,/rds/general/user/cr725/home/aev-plig_research/github_tsBAP_official/data/fep/fep_benchmark_inputs/structure_inputs/merck/eg5_extraprotomers_ligands_split/eg5_extraprotomers_molecule_CHEMBL1086410.sdf,eg5_extraprotomers,-11.524834632873535,-10.109999656677246,935,4.2677503,4.2677503
936,eg5_extraprotomers_molecule_CHEMBL1083517,/rds/general/user/cr725/home/aev-plig_research/github_tsBAP_official/data/fep/fep_benchmark_inputs/structure_inputs/merck/eg5_extraprotomers_protein.pdb,/rds/general/user/cr725/home/aev-plig_research/github_tsBAP_official/data/fep/fep_benchmark_inputs/structure_inputs/merck/eg5_extraprotomers_ligands_split/eg5_extraprotomers_molecule_CHEMBL1083517.sdf,eg5_extraprotomers,-11.524834632873535,-11.770000457763672,936,3.899035,3.899035
937,eg5_extraprotomers_molecule_CHEMBL1096003,/rds/general/user/cr725/home/aev-plig_research/github_tsBAP_official/data/fep/fep_benchmark_inputs/structure_inputs/merck/eg5_extraprotomers_protein.pdb,/rds/general/user/cr725/home/aev-plig_research/github_tsBAP_official/data/fep/fep_benchmark_inputs/structure_inputs/merck/eg5_extraprotomers_ligands_split/eg5_extraprotomers_molecule_CHEMBL1096003.sdf,eg5_extraprotomers,-11.93795108795166,-11.739999771118164,937,6.202257,6.202257
938,eg5_extraprotomers_molecule_CHEMBL1077204,/rds/general/user/cr725/home/aev-plig_research/github_tsBAP_official/data/fep/fep_benchmark_inputs/structure_inputs/merck/eg5_extraprotomers_protein.pdb,/rds/general/user/cr725/home/aev-plig_research/github_tsBAP_official/data/fep/fep_benchmark_inputs/structure_inputs/merck/eg5_extraprotomers_ligands_split/eg5_extraprotomers_molecule_CHEMBL1077204.sdf,eg5_extraprotomers,-11.111719131469728,-11.93000030517578,938,5.4527745,5.4527745
939,eg5_extraprotomers_molecule_CHEMBL1083836,/rds/general/user/cr725/home/aev-plig_research/github_tsBAP_official/data/fep/fep_benchmark_inputs/structure_inputs/merck/eg5_extraprotomers_protein.pdb,/rds/general/user/cr725/home/aev-plig_research/github_tsBAP_official/data/fep/fep_benchmark_inputs/structure_inputs/merck/eg5_extraprotomers_ligands_split/eg5_extraprotomers_molecule_CHEMBL1083836.sdf,eg5_extraprotomers,-10.921920776367188,-10.140000343322754,939,5.1136627,5.1136627
940,eg5_extraprotomers_molecule_CHEMBL1085666,/rds/general/user/cr725/home/aev-plig_research/github_tsBAP_official/data/fep/fep_benchmark_inputs/structure_inputs/merck/eg5_extraprotomers_protein.pdb,/rds/general/user/cr725/home/aev-plig_research/github_tsBAP_official/data/fep/fep_benchmark_inputs/structure_inputs/merck/eg5_extraprotomers_ligands_split/eg5_extraprotomers_molecule_CHEMBL1085666.sdf,eg5_extraprotomers,-10.5656099319458,-10.75,940,5.0067663,5.0067663
941,eg5_extraprotomers_molecule_CHEMBL1085692,/rds/general/user/cr725/home/aev-plig_research/github_tsBAP_official/data/fep/fep_benchmark_inputs/structure_inputs/merck/eg5_extraprotomers_protein.pdb,/rds/general/user/cr725/home/aev-plig_research/github_tsBAP_official/data/fep/fep_benchmark_inputs/structure_inputs/merck/eg5_extraprotomers_ligands_split/eg5_extraprotomers_molecule_CHEMBL1085692.sdf,eg5_extraprotomers,-11.391841888427734,-12.34000015258789,941,6.088105,6.088105
942,eg5_extraprotomers_molecule_CHEMBL1084143,/rds/general/user/cr725/home/aev-plig_research/github_tsBAP_official/data/fep/fep_benchmark_inputs/structure_inputs/merck/eg5_extraprotomers_protein.pdb,/rds/general/user/cr725/home/aev-plig_research/github_tsBAP_official/data/fep/fep_benchmark_inputs/structure_inputs/merck/eg5_extraprotomers_ligands_split/eg5_extraprotomers_molecule_CHEMBL1084143.sdf,eg5_extraprotomers,-11.93795108795166,-11.869999885559082,942,7.792808,7.792808
943,eg5_extraprotomers_molecule_CHEMBL1096002,/rds/general/user/cr725/home/aev-plig_research/github_tsBAP_official/data/fep/fep_benchmark_inputs/structure_inputs/merck/eg5_extraprotomers_protein.pdb,/rds/general/user/cr725/home/aev-plig_research/github_tsBAP_official/data/fep/fep_benchmark_inputs/structure_inputs/merck/eg5_extraprotomers_ligands_split/eg5_extraprotomers_molecule_CHEMBL1096002.sdf,eg5_extraprotomers,-11.191304206848145,-10.670000076293944,943,6.0633144,6.0633144
944,eg5_extraprotomers_molecule_CHEMBL1089056,/rds/general/user/cr725/home/aev-plig_research/github_tsBAP_official/data/fep/fep_benchmark_inputs/structure_inputs/merck/eg5_extraprotomers_protein.pdb,/rds/general/user/cr725/home/aev-plig_research/github_tsBAP_official/data/fep/fep_benchmark_inputs/structure_inputs/merck/eg5_extraprotomers_ligands_split/eg5_extraprotomers_molecule_CHEMBL1089056.sdf,eg5_extraprotomers,-9.497721672058104,-10.0,944,6.935494,6.935494
945,eg5_extraprotomers_molecule_CHEMBL1093088,/rds/general/user/cr725/home/aev-plig_research/github_tsBAP_official/data/fep/fep_benchmark_inputs/structure_inputs/merck/eg5_extraprotomers_protein.pdb,/rds/general/user/cr725/home/aev-plig_research/github_tsBAP_official/data/fep/fep_benchmark_inputs/structure_inputs/merck/eg5_extraprotomers_ligands_split/eg5_extraprotomers_molecule_CHEMBL1093088.sdf,eg5_extraprotomers,-11.283177375793455,-10.479999542236328,945,2.9486024,2.9486024
946,eg5_extraprotomers_molecule_CHEMBL1084676,/rds/general/user/cr725/home/aev-plig_research/github_tsBAP_official/data/fep/fep_benchmark_inputs/structure_inputs/merck/eg5_extraprotomers_protein.pdb,/rds/general/user/cr725/home/aev-plig_research/github_tsBAP_official/data/fep/fep_benchmark_inputs/structure_inputs/merck/eg5_extraprotomers_ligands_split/eg5_extraprotomers_molecule_CHEMBL1084676.sdf,eg5_extraprotomers,-10.778188705444336,-10.869999885559082,946,5.813673,5.813673
947,eg5_extraprotomers_molecule_CHEMBL1084935,/rds/general/user/cr725/home/aev-plig_research/github_tsBAP_official/data/fep/fep_benchmark_inputs/structure_inputs/merck/eg5_extraprotomers_protein.pdb,/rds/general/user/cr725/home/aev-plig_research/github_tsBAP_official/data/fep/fep_benchmark_inputs/structure_inputs/merck/eg5_extraprotomers_ligands_split/eg5_extraprotomers_molecule_CHEMBL1084935.sdf,eg5_extraprotomers,-10.59618091583252,-8.4399995803833,947,5.144979,5.144979
948,eg5_extraprotomers_molecule_CHEMBL1078998,/rds/general/user/cr725/home/aev-plig_research/github_tsBAP_official/data/fep/fep_benchmark_inputs/structure_inputs/merck/eg5_extraprotomers_protein.pdb,/rds/general/user/cr725/home/aev-plig_research/github_tsBAP_official/data/fep/fep_benchmark_inputs/structure_inputs/merck/eg5_extraprotomers_ligands_split/eg5_extraprotomers_molecule_CHEMBL1078998.sdf,eg5_extraprotomers,-10.432616233825684,-10.25,948,7.522098,7.522098
949,eg5_extraprotomers_molecule_CHEMBL1088740,/rds/general/user/cr725/home/aev-plig_research/github_tsBAP_official/data/fep/fep_benchmark_inputs/structure_inputs/merck/eg5_extraprotomers_protein.pdb,/rds/general/user/cr725/home/aev-plig_research/github_tsBAP_official/data/fep/fep_benchmark_inputs/structure_inputs/merck/eg5_extraprotomers_ligands_split/eg5_extraprotomers_molecule_CHEMBL1088740.sdf,eg5_extraprotomers,-8.75107479095459,-9.4399995803833,949,8.631097,8.631097
950,eg5_extraprotomers_molecule_CHEMBL1084143_1,/rds/general/user/cr725/home/aev-plig_research/github_tsBAP_official/data/fep/fep_benchmark_inputs/structure_inputs/merck/eg5_extraprotomers_protein.pdb,/rds/general/user/cr725/home/aev-plig_research/github_tsBAP_official/data/fep/fep_benchmark_inputs/structure_inputs/merck/eg5_extraprotomers_ligands_split/eg5_extraprotomers_molecule_CHEMBL1084143_1.sdf,eg5_extraprotomers,-11.93795108795166,-11.869999885559082,950,6.9452195,6.9452195
951,eg5_extraprotomers_molecule_CHEMBL1096003_1,/rds/general/user/cr725/home/aev-plig_research/github_tsBAP_official/data/fep/fep_benchmark_inputs/structure_inputs/merck/eg5_extraprotomers_protein.pdb,/rds/general/user/cr725/home/aev-plig_research/github_tsBAP_official/data/fep/fep_benchmark_inputs/structure_inputs/merck/eg5_extraprotomers_ligands_split/eg5_extraprotomers_molecule_CHEMBL1096003_1.sdf,eg5_extraprotomers,-11.93795108795166,-11.739999771118164,951,6.0959997,6.0959997
952,eg5_extraprotomers_molecule_CHEMBL1096002_1,/rds/general/user/cr725/home/aev-plig_research/github_tsBAP_official/data/fep/fep_benchmark_inputs/structure_inputs/merck/eg5_extraprotomers_protein.pdb,/rds/general/user/cr725/home/aev-plig_research/github_tsBAP_official/data/fep/fep_benchmark_inputs/structure_inputs/merck/eg5_extraprotomers_ligands_split/eg5_extraprotomers_molecule_CHEMBL1096002_1.sdf,eg5_extraprotomers,-11.191304206848145,-10.670000076293944,952,6.1115613,6.1115613
953,eg5_extraprotomers_molecule_CHEMBL1084676_1,/rds/general/user/cr725/home/aev-plig_research/github_tsBAP_official/data/fep/fep_benchmark_inputs/structure_inputs/merck/eg5_extraprotomers_protein.pdb,/rds/general/user/cr725/home/aev-plig_research/github_tsBAP_official/data/fep/fep_benchmark_inputs/structure_inputs/merck/eg5_extraprotomers_ligands_split/eg5_extraprotomers_molecule_CHEMBL1084676_1.sdf,eg5_extraprotomers,-10.778188705444336,-10.869999885559082,953,6.1042247,6.1042247
954,eg5_extraprotomers_molecule_CHEMBL1084677_1,/rds/general/user/cr725/home/aev-plig_research/github_tsBAP_official/data/fep/fep_benchmark_inputs/structure_inputs/merck/eg5_extraprotomers_protein.pdb,/rds/general/user/cr725/home/aev-plig_research/github_tsBAP_official/data/fep/fep_benchmark_inputs/structure_inputs/merck/eg5_extraprotomers_ligands_split/eg5_extraprotomers_molecule_CHEMBL1084677_1.sdf,eg5_extraprotomers,-11.524834632873535,-11.970000267028809,954,5.820457,5.820457
955,eg5_extraprotomers_molecule_CHEMBL1084935_1,/rds/general/user/cr725/home/aev-plig_research/github_tsBAP_official/data/fep/fep_benchmark_inputs/structure_inputs/merck/eg5_extraprotomers_protein.pdb,/rds/general/user/cr725/home/aev-plig_research/github_tsBAP_official/data/fep/fep_benchmark_inputs/structure_inputs/merck/eg5_extraprotomers_ligands_split/eg5_extraprotomers_molecule_CHEMBL1084935_1.sdf,eg5_extraprotomers,-10.59618091583252,-8.449999809265137,955,5.226704,5.226704
956,syk_4puz_fullmap_molecule_CHEMBL3265014,/rds/general/user/cr725/home/aev-plig_research/github_tsBAP_official/data/fep/fep_benchmark_inputs/structure_inputs/merck/syk_4puz_fullmap_protein.pdb,/rds/general/user/cr725/home/aev-plig_research/github_tsBAP_official/data/fep/fep_benchmark_inputs/structure_inputs/merck/syk_4puz_fullmap_ligands_split/syk_4puz_fullmap_molecule_CHEMBL3265014.sdf,syk_4puz_fullmap,-10.40023136138916,-10.43000030517578,956,6.201119,6.201119
957,syk_4puz_fullmap_molecule_CHEMBL3265036,/rds/general/user/cr725/home/aev-plig_research/github_tsBAP_official/data/fep/fep_benchmark_inputs/structure_inputs/merck/syk_4puz_fullmap_protein.pdb,/rds/general/user/cr725/home/aev-plig_research/github_tsBAP_official/data/fep/fep_benchmark_inputs/structure_inputs/merck/syk_4puz_fullmap_ligands_split/syk_4puz_fullmap_molecule_CHEMBL3265036.sdf,syk_4puz_fullmap,-10.417919158935549,-11.800000190734863,957,6.7496977,6.7496977
958,syk_4puz_fullmap_molecule_CHEMBL3265020,/rds/general/user/cr725/home/aev-plig_research/github_tsBAP_official/data/fep/fep_benchmark_inputs/structure_inputs/merck/syk_4puz_fullmap_protein.pdb,/rds/general/user/cr725/home/aev-plig_research/github_tsBAP_official/data/fep/fep_benchmark_inputs/structure_inputs/merck/syk_4puz_fullmap_ligands_split/syk_4puz_fullmap_molecule_CHEMBL3265020.sdf,syk_4puz_fullmap,-11.003335952758787,-10.06999969482422,958,7.157224,7.157224
959,syk_4puz_fullmap_molecule_CHEMBL3265023,/rds/general/user/cr725/home/aev-plig_research/github_tsBAP_official/data/fep/fep_benchmark_inputs/structure_inputs/merck/syk_4puz_fullmap_protein.pdb,/rds/general/user/cr725/home/aev-plig_research/github_tsBAP_official/data/fep/fep_benchmark_inputs/structure_inputs/merck/syk_4puz_fullmap_ligands_split/syk_4puz_fullmap_molecule_CHEMBL3265023.sdf,syk_4puz_fullmap,-10.477216720581056,-9.720000267028809,959,3.913853,3.913853
960,syk_4puz_fullmap_molecule_CHEMBL3265033,/rds/general/user/cr725/home/aev-plig_research/github_tsBAP_official/data/fep/fep_benchmark_inputs/structure_inputs/merck/syk_4puz_fullmap_protein.pdb,/rds/general/user/cr725/home/aev-plig_research/github_tsBAP_official/data/fep/fep_benchmark_inputs/structure_inputs/merck/syk_4puz_fullmap_ligands_split/syk_4puz_fullmap_molecule_CHEMBL3265033.sdf,syk_4puz_fullmap,-11.838635444641112,-11.5600004196167,960,6.9739304,6.9739304
961,syk_4puz_fullmap_molecule_CHEMBL3265027,/rds/general/user/cr725/home/aev-plig_research/github_tsBAP_official/data/fep/fep_benchmark_inputs/structure_inputs/merck/syk_4puz_fullmap_protein.pdb,/rds/general/user/cr725/home/aev-plig_research/github_tsBAP_official/data/fep/fep_benchmark_inputs/structure_inputs/merck/syk_4puz_fullmap_ligands_split/syk_4puz_fullmap_molecule_CHEMBL3265027.sdf,syk_4puz_fullmap,-10.329894065856934,-10.390000343322754,961,4.4874706,4.4874706
962,syk_4puz_fullmap_molecule_CHEMBL3265028,/rds/general/user/cr725/home/aev-plig_research/github_tsBAP_official/data/fep/fep_benchmark_inputs/structure_inputs/merck/syk_4puz_fullmap_protein.pdb,/rds/general/user/cr725/home/aev-plig_research/github_tsBAP_official/data/fep/fep_benchmark_inputs/structure_inputs/merck/syk_4puz_fullmap_ligands_split/syk_4puz_fullmap_molecule_CHEMBL3265028.sdf,syk_4puz_fullmap,-11.010265350341797,-10.699999809265137,962,3.6987736,3.6987736
963,syk_4puz_fullmap_molecule_CHEMBL3265032,/rds/general/user/cr725/home/aev-plig_research/github_tsBAP_official/data/fep/fep_benchmark_inputs/structure_inputs/merck/syk_4puz_fullmap_protein.pdb,/rds/general/user/cr725/home/aev-plig_research/github_tsBAP_official/data/fep/fep_benchmark_inputs/structure_inputs/merck/syk_4puz_fullmap_ligands_split/syk_4puz_fullmap_molecule_CHEMBL3265032.sdf,syk_4puz_fullmap,-11.068829536437988,-11.199999809265137,963,4.989179,4.989179
964,syk_4puz_fullmap_molecule_CHEMBL3265031,/rds/general/user/cr725/home/aev-plig_research/github_tsBAP_official/data/fep/fep_benchmark_inputs/structure_inputs/merck/syk_4puz_fullmap_protein.pdb,/rds/general/user/cr725/home/aev-plig_research/github_tsBAP_official/data/fep/fep_benchmark_inputs/structure_inputs/merck/syk_4puz_fullmap_ligands_split/syk_4puz_fullmap_molecule_CHEMBL3265031.sdf,syk_4puz_fullmap,-12.078866958618164,-11.520000457763672,964,4.194376,4.194376
965,syk_4puz_fullmap_molecule_CHEMBL3265037,/rds/general/user/cr725/home/aev-plig_research/github_tsBAP_official/data/fep/fep_benchmark_inputs/structure_inputs/merck/syk_4puz_fullmap_protein.pdb,/rds/general/user/cr725/home/aev-plig_research/github_tsBAP_official/data/fep/fep_benchmark_inputs/structure_inputs/merck/syk_4puz_fullmap_ligands_split/syk_4puz_fullmap_molecule_CHEMBL3265037.sdf,syk_4puz_fullmap,-12.764640808105469,-11.609999656677246,965,4.4745,4.4745
966,syk_4puz_fullmap_molecule_CHEMBL3265026,/rds/general/user/cr725/home/aev-plig_research/github_tsBAP_official/data/fep/fep_benchmark_inputs/structure_inputs/merck/syk_4puz_fullmap_protein.pdb,/rds/general/user/cr725/home/aev-plig_research/github_tsBAP_official/data/fep/fep_benchmark_inputs/structure_inputs/merck/syk_4puz_fullmap_ligands_split/syk_4puz_fullmap_molecule_CHEMBL3265026.sdf,syk_4puz_fullmap,-11.36131477355957,-10.210000038146973,966,7.60983,7.60983
967,syk_4puz_fullmap_molecule_CHEMBL3265012,/rds/general/user/cr725/home/aev-plig_research/github_tsBAP_official/data/fep/fep_benchmark_inputs/structure_inputs/merck/syk_4puz_fullmap_protein.pdb,/rds/general/user/cr725/home/aev-plig_research/github_tsBAP_official/data/fep/fep_benchmark_inputs/structure_inputs/merck/syk_4puz_fullmap_ligands_split/syk_4puz_fullmap_molecule_CHEMBL3265012.sdf,syk_4puz_fullmap,-10.546293258666992,-9.670000076293944,967,7.3321533,7.3321533
968,syk_4puz_fullmap_molecule_CHEMBL3265029,/rds/general/user/cr725/home/aev-plig_research/github_tsBAP_official/data/fep/fep_benchmark_inputs/structure_inputs/merck/syk_4puz_fullmap_protein.pdb,/rds/general/user/cr725/home/aev-plig_research/github_tsBAP_official/data/fep/fep_benchmark_inputs/structure_inputs/merck/syk_4puz_fullmap_ligands_split/syk_4puz_fullmap_molecule_CHEMBL3265029.sdf,syk_4puz_fullmap,-11.125299453735352,-11.0600004196167,968,1.7698768,1.7698768
969,syk_4puz_fullmap_molecule_CHEMBL3265035,/rds/general/user/cr725/home/aev-plig_research/github_tsBAP_official/data/fep/fep_benchmark_inputs/structure_inputs/merck/syk_4puz_fullmap_protein.pdb,/rds/general/user/cr725/home/aev-plig_research/github_tsBAP_official/data/fep/fep_benchmark_inputs/structure_inputs/merck/syk_4puz_fullmap_ligands_split/syk_4puz_fullmap_molecule_CHEMBL3265035.sdf,syk_4puz_fullmap,-11.07657527923584,-11.609999656677246,969,6.3600874,6.3600874
970,syk_4puz_fullmap_molecule_CHEMBL3265024,/rds/general/user/cr725/home/aev-plig_research/github_tsBAP_official/data/fep/fep_benchmark_inputs/structure_inputs/merck/syk_4puz_fullmap_protein.pdb,/rds/general/user/cr725/home/aev-plig_research/github_tsBAP_official/data/fep/fep_benchmark_inputs/structure_inputs/merck/syk_4puz_fullmap_ligands_split/syk_4puz_fullmap_molecule_CHEMBL3265024.sdf,syk_4puz_fullmap,-11.784735679626465,-11.06999969482422,970,8.799048,8.799048
971,syk_4puz_fullmap_molecule_CHEMBL3265018,/rds/general/user/cr725/home/aev-plig_research/github_tsBAP_official/data/fep/fep_benchmark_inputs/structure_inputs/merck/syk_4puz_fullmap_protein.pdb,/rds/general/user/cr725/home/aev-plig_research/github_tsBAP_official/data/fep/fep_benchmark_inputs/structure_inputs/merck/syk_4puz_fullmap_ligands_split/syk_4puz_fullmap_molecule_CHEMBL3265018.sdf,syk_4puz_fullmap,-11.187724113464355,-11.050000190734863,971,8.220617,8.220617
972,syk_4puz_fullmap_molecule_CHEMBL3265008,/rds/general/user/cr725/home/aev-plig_research/github_tsBAP_official/data/fep/fep_benchmark_inputs/structure_inputs/merck/syk_4puz_fullmap_protein.pdb,/rds/general/user/cr725/home/aev-plig_research/github_tsBAP_official/data/fep/fep_benchmark_inputs/structure_inputs/merck/syk_4puz_fullmap_ligands_split/syk_4puz_fullmap_molecule_CHEMBL3265008.sdf,syk_4puz_fullmap,-9.784358024597168,-9.789999961853027,972,7.532305,7.532305
973,syk_4puz_fullmap_molecule_CHEMBL3265016,/rds/general/user/cr725/home/aev-plig_research/github_tsBAP_official/data/fep/fep_benchmark_inputs/structure_inputs/merck/syk_4puz_fullmap_protein.pdb,/rds/general/user/cr725/home/aev-plig_research/github_tsBAP_official/data/fep/fep_benchmark_inputs/structure_inputs/merck/syk_4puz_fullmap_ligands_split/syk_4puz_fullmap_molecule_CHEMBL3265016.sdf,syk_4puz_fullmap,-11.689735412597656,-11.100000381469728,973,7.2487473,7.2487473
974,syk_4puz_fullmap_molecule_CHEMBL3265025_flip,/rds/general/user/cr725/home/aev-plig_research/github_tsBAP_official/data/fep/fep_benchmark_inputs/structure_inputs/merck/syk_4puz_fullmap_protein.pdb,/rds/general/user/cr725/home/aev-plig_research/github_tsBAP_official/data/fep/fep_benchmark_inputs/structure_inputs/merck/syk_4puz_fullmap_ligands_split/syk_4puz_fullmap_molecule_CHEMBL3265025_flip.sdf,syk_4puz_fullmap,-10.199455261230469,-10.619999885559082,974,5.370621,5.370621
975,syk_4puz_fullmap_molecule_CHEMBL3265013,/rds/general/user/cr725/home/aev-plig_research/github_tsBAP_official/data/fep/fep_benchmark_inputs/structure_inputs/merck/syk_4puz_fullmap_protein.pdb,/rds/general/user/cr725/home/aev-plig_research/github_tsBAP_official/data/fep/fep_benchmark_inputs/structure_inputs/merck/syk_4puz_fullmap_ligands_split/syk_4puz_fullmap_molecule_CHEMBL3265013.sdf,syk_4puz_fullmap,-9.81322193145752,-10.579999923706056,975,7.7649207,7.7649207
976,syk_4puz_fullmap_molecule_CHEMBL3259820,/rds/general/user/cr725/home/aev-plig_research/github_tsBAP_official/data/fep/fep_benchmark_inputs/structure_inputs/merck/syk_4puz_fullmap_protein.pdb,/rds/general/user/cr725/home/aev-plig_research/github_tsBAP_official/data/fep/fep_benchmark_inputs/structure_inputs/merck/syk_4puz_fullmap_ligands_split/syk_4puz_fullmap_molecule_CHEMBL3259820.sdf,syk_4puz_fullmap,-10.575678825378418,-10.0,976,7.225568,7.225568
977,syk_4puz_fullmap_molecule_CHEMBL3265006,/rds/general/user/cr725/home/aev-plig_research/github_tsBAP_official/data/fep/fep_benchmark_inputs/structure_inputs/merck/syk_4puz_fullmap_protein.pdb,/rds/general/user/cr725/home/aev-plig_research/github_tsBAP_official/data/fep/fep_benchmark_inputs/structure_inputs/merck/syk_4puz_fullmap_ligands_split/syk_4puz_fullmap_molecule_CHEMBL3265006.sdf,syk_4puz_fullmap,-9.95804214477539,-9.029999732971191,977,6.469097,6.469097
978,syk_4puz_fullmap_molecule_CHEMBL3265030_n,/rds/general/user/cr725/home/aev-plig_research/github_tsBAP_official/data/fep/fep_benchmark_inputs/structure_inputs/merck/syk_4puz_fullmap_protein.pdb,/rds/general/user/cr725/home/aev-plig_research/github_tsBAP_official/data/fep/fep_benchmark_inputs/structure_inputs/merck/syk_4puz_fullmap_ligands_split/syk_4puz_fullmap_molecule_CHEMBL3265030_n.sdf,syk_4puz_fullmap,-11.471863746643066,-11.329999923706056,978,5.4343705,5.4343705
979,syk_4puz_fullmap_molecule_CHEMBL3265022,/rds/general/user/cr725/home/aev-plig_research/github_tsBAP_official/data/fep/fep_benchmark_inputs/structure_inputs/merck/syk_4puz_fullmap_protein.pdb,/rds/general/user/cr725/home/aev-plig_research/github_tsBAP_official/data/fep/fep_benchmark_inputs/structure_inputs/merck/syk_4puz_fullmap_ligands_split/syk_4puz_fullmap_molecule_CHEMBL3265022.sdf,syk_4puz_fullmap,-10.791322708129885,-9.81999969482422,979,3.8937273,3.8937273
980,syk_4puz_fullmap_molecule_CHEMBL3265019,/rds/general/user/cr725/home/aev-plig_research/github_tsBAP_official/data/fep/fep_benchmark_inputs/structure_inputs/merck/syk_4puz_fullmap_protein.pdb,/rds/general/user/cr725/home/aev-plig_research/github_tsBAP_official/data/fep/fep_benchmark_inputs/structure_inputs/merck/syk_4puz_fullmap_ligands_split/syk_4puz_fullmap_molecule_CHEMBL3265019.sdf,syk_4puz_fullmap,-10.777045249938965,-11.670000076293944,980,7.387847,7.387847
981,syk_4puz_fullmap_molecule_CHEMBL3265009,/rds/general/user/cr725/home/aev-plig_research/github_tsBAP_official/data/fep/fep_benchmark_inputs/structure_inputs/merck/syk_4puz_fullmap_protein.pdb,/rds/general/user/cr725/home/aev-plig_research/github_tsBAP_official/data/fep/fep_benchmark_inputs/structure_inputs/merck/syk_4puz_fullmap_ligands_split/syk_4puz_fullmap_molecule_CHEMBL3265009.sdf,syk_4puz_fullmap,-10.297627449035645,-10.239999771118164,981,7.931943,7.931943
982,syk_4puz_fullmap_molecule_CHEMBL3265021,/rds/general/user/cr725/home/aev-plig_research/github_tsBAP_official/data/fep/fep_benchmark_inputs/structure_inputs/merck/syk_4puz_fullmap_protein.pdb,/rds/general/user/cr725/home/aev-plig_research/github_tsBAP_official/data/fep/fep_benchmark_inputs/structure_inputs/merck/syk_4puz_fullmap_ligands_split/syk_4puz_fullmap_molecule_CHEMBL3265021.sdf,syk_4puz_fullmap,-10.890737533569336,-10.260000228881836,982,2.907359,2.907359
983,syk_4puz_fullmap_molecule_CHEMBL3265005,/rds/general/user/cr725/home/aev-plig_research/github_tsBAP_official/data/fep/fep_benchmark_inputs/structure_inputs/merck/syk_4puz_fullmap_protein.pdb,/rds/general/user/cr725/home/aev-plig_research/github_tsBAP_official/data/fep/fep_benchmark_inputs/structure_inputs/merck/syk_4puz_fullmap_ligands_split/syk_4puz_fullmap_molecule_CHEMBL3265005.sdf,syk_4puz_fullmap,-10.323298454284668,-10.1899995803833,983,7.018244,7.018244
984,syk_4puz_fullmap_molecule_CHEMBL3265017,/rds/general/user/cr725/home/aev-plig_research/github_tsBAP_official/data/fep/fep_benchmark_inputs/structure_inputs/merck/syk_4puz_fullmap_protein.pdb,/rds/general/user/cr725/home/aev-plig_research/github_tsBAP_official/data/fep/fep_benchmark_inputs/structure_inputs/merck/syk_4puz_fullmap_ligands_split/syk_4puz_fullmap_molecule_CHEMBL3265017.sdf,syk_4puz_fullmap,-11.48725414276123,-11.40999984741211,984,2.8147976,2.8147976
985,syk_4puz_fullmap_molecule_CHEMBL3265010,/rds/general/user/cr725/home/aev-plig_research/github_tsBAP_official/data/fep/fep_benchmark_inputs/structure_inputs/merck/syk_4puz_fullmap_protein.pdb,/rds/general/user/cr725/home/aev-plig_research/github_tsBAP_official/data/fep/fep_benchmark_inputs/structure_inputs/merck/syk_4puz_fullmap_ligands_split/syk_4puz_fullmap_molecule_CHEMBL3265010.sdf,syk_4puz_fullmap,-10.132436752319336,-9.5600004196167,985,6.1189833,6.1189833
986,syk_4puz_fullmap_molecule_CHEMBL3265034,/rds/general/user/cr725/home/aev-plig_research/github_tsBAP_official/data/fep/fep_benchmark_inputs/structure_inputs/merck/syk_4puz_fullmap_protein.pdb,/rds/general/user/cr725/home/aev-plig_research/github_tsBAP_official/data/fep/fep_benchmark_inputs/structure_inputs/merck/syk_4puz_fullmap_ligands_split/syk_4puz_fullmap_molecule_CHEMBL3265034.sdf,syk_4puz_fullmap,-11.48725414276123,-11.59000015258789,986,10.377423,10.377423
987,syk_4puz_fullmap_molecule_CHEMBL3265011_flip,/rds/general/user/cr725/home/aev-plig_research/github_tsBAP_official/data/fep/fep_benchmark_inputs/structure_inputs/merck/syk_4puz_fullmap_protein.pdb,/rds/general/user/cr725/home/aev-plig_research/github_tsBAP_official/data/fep/fep_benchmark_inputs/structure_inputs/merck/syk_4puz_fullmap_ligands_split/syk_4puz_fullmap_molecule_CHEMBL3265011_flip.sdf,syk_4puz_fullmap,-8.637885093688965,-8.359999656677246,987,7.048937,7.048937
988,syk_4puz_fullmap_molecule_CHEMBL3265015_flip,/rds/general/user/cr725/home/aev-plig_research/github_tsBAP_official/data/fep/fep_benchmark_inputs/structure_inputs/merck/syk_4puz_fullmap_protein.pdb,/rds/general/user/cr725/home/aev-plig_research/github_tsBAP_official/data/fep/fep_benchmark_inputs/structure_inputs/merck/syk_4puz_fullmap_ligands_split/syk_4puz_fullmap_molecule_CHEMBL3265015_flip.sdf,syk_4puz_fullmap,-9.47731590270996,-7.869999885559082,988,7.3956676,7.3956676
989,syk_4puz_fullmap_molecule_CHEMBL3265002,/rds/general/user/cr725/home/aev-plig_research/github_tsBAP_official/data/fep/fep_benchmark_inputs/structure_inputs/merck/syk_4puz_fullmap_protein.pdb,/rds/general/user/cr725/home/aev-plig_research/github_tsBAP_official/data/fep/fep_benchmark_inputs/structure_inputs/merck/syk_4puz_fullmap_ligands_split/syk_4puz_fullmap_molecule_CHEMBL3265002.sdf,syk_4puz_fullmap,-10.617273330688477,-12.270000457763672,989,6.5095754,6.5095754
990,syk_4puz_fullmap_molecule_docked_CHEMBL3264998,/rds/general/user/cr725/home/aev-plig_research/github_tsBAP_official/data/fep/fep_benchmark_inputs/structure_inputs/merck/syk_4puz_fullmap_protein.pdb,/rds/general/user/cr725/home/aev-plig_research/github_tsBAP_official/data/fep/fep_benchmark_inputs/structure_inputs/merck/syk_4puz_fullmap_ligands_split/syk_4puz_fullmap_molecule_docked_CHEMBL3264998.sdf,syk_4puz_fullmap,-11.712096214294434,-12.279999732971191,990,5.596953,5.596953
991,syk_4puz_fullmap_molecule_CHEMBL3264997,/rds/general/user/cr725/home/aev-plig_research/github_tsBAP_official/data/fep/fep_benchmark_inputs/structure_inputs/merck/syk_4puz_fullmap_protein.pdb,/rds/general/user/cr725/home/aev-plig_research/github_tsBAP_official/data/fep/fep_benchmark_inputs/structure_inputs/merck/syk_4puz_fullmap_ligands_split/syk_4puz_fullmap_molecule_CHEMBL3264997.sdf,syk_4puz_fullmap,-10.983019828796388,-11.5600004196167,991,5.53613,5.53613
992,syk_4puz_fullmap_molecule_docked_CHEMBL3264994,/rds/general/user/cr725/home/aev-plig_research/github_tsBAP_official/data/fep/fep_benchmark_inputs/structure_inputs/merck/syk_4puz_fullmap_protein.pdb,/rds/general/user/cr725/home/aev-plig_research/github_tsBAP_official/data/fep/fep_benchmark_inputs/structure_inputs/merck/syk_4puz_fullmap_ligands_split/syk_4puz_fullmap_molecule_docked_CHEMBL3264994.sdf,syk_4puz_fullmap,-9.804960250854492,-10.670000076293944,992,6.5376897,6.5376897
993,syk_4puz_fullmap_molecule_CHEMBL3264995,/rds/general/user/cr725/home/aev-plig_research/github_tsBAP_official/data/fep/fep_benchmark_inputs/structure_inputs/merck/syk_4puz_fullmap_protein.pdb,/rds/general/user/cr725/home/aev-plig_research/github_tsBAP_official/data/fep/fep_benchmark_inputs/structure_inputs/merck/syk_4puz_fullmap_ligands_split/syk_4puz_fullmap_molecule_CHEMBL3264995.sdf,syk_4puz_fullmap,-12.381524085998535,-12.020000457763672,993,5.5447497,5.5447497
994,syk_4puz_fullmap_molecule_docked_CHEMBL3265004,/rds/general/user/cr725/home/aev-plig_research/github_tsBAP_official/data/fep/fep_benchmark_inputs/structure_inputs/merck/syk_4puz_fullmap_protein.pdb,/rds/general/user/cr725/home/aev-plig_research/github_tsBAP_official/data/fep/fep_benchmark_inputs/structure_inputs/merck/syk_4puz_fullmap_ligands_split/syk_4puz_fullmap_molecule_docked_CHEMBL3265004.sdf,syk_4puz_fullmap,-10.857505798339844,-11.93000030517578,994,7.1500235,7.1500235
995,syk_4puz_fullmap_molecule_CHEMBL3265001,/rds/general/user/cr725/home/aev-plig_research/github_tsBAP_official/data/fep/fep_benchmark_inputs/structure_inputs/merck/syk_4puz_fullmap_protein.pdb,/rds/general/user/cr725/home/aev-plig_research/github_tsBAP_official/data/fep/fep_benchmark_inputs/structure_inputs/merck/syk_4puz_fullmap_ligands_split/syk_4puz_fullmap_molecule_CHEMBL3265001.sdf,syk_4puz_fullmap,-12.03799057006836,-12.15999984741211,995,10.980946,10.980946
996,syk_4puz_fullmap_molecule_CHEMBL3264996,/rds/general/user/cr725/home/aev-plig_research/github_tsBAP_official/data/fep/fep_benchmark_inputs/structure_inputs/merck/syk_4puz_fullmap_protein.pdb,/rds/general/user/cr725/home/aev-plig_research/github_tsBAP_official/data/fep/fep_benchmark_inputs/structure_inputs/merck/syk_4puz_fullmap_ligands_split/syk_4puz_fullmap_molecule_CHEMBL3264996.sdf,syk_4puz_fullmap,-10.665895462036133,-11.529999732971191,996,5.240577,5.240577
997,syk_4puz_fullmap_molecule_docked_CHEMBL3264999_adjust,/rds/general/user/cr725/home/aev-plig_research/github_tsBAP_official/data/fep/fep_benchmark_inputs/structure_inputs/merck/syk_4puz_fullmap_protein.pdb,/rds/general/user/cr725/home/aev-plig_research/github_tsBAP_official/data/fep/fep_benchmark_inputs/structure_inputs/merck/syk_4puz_fullmap_ligands_split/syk_4puz_fullmap_molecule_docked_CHEMBL3264999_adjust.sdf,syk_4puz_fullmap,-11.41401481628418,-11.489999771118164,997,5.862031,5.862031
998,syk_4puz_fullmap_molecule_redocked_CHEMBL3265000_ground_state,/rds/general/user/cr725/home/aev-plig_research/github_tsBAP_official/data/fep/fep_benchmark_inputs/structure_inputs/merck/syk_4puz_fullmap_protein.pdb,/rds/general/user/cr725/home/aev-plig_research/github_tsBAP_official/data/fep/fep_benchmark_inputs/structure_inputs/merck/syk_4puz_fullmap_ligands_split/syk_4puz_fullmap_molecule_redocked_CHEMBL3265000_ground_state.sdf,syk_4puz_fullmap,-11.811073303222656,-12.470000267028809,998,7.3035717,7.3035717
999,syk_4puz_fullmap_molecule_redocked_CHEMBL3265000,/rds/general/user/cr725/home/aev-plig_research/github_tsBAP_official/data/fep/fep_benchmark_inputs/structure_inputs/merck/syk_4puz_fullmap_protein.pdb,/rds/general/user/cr725/home/aev-plig_research/github_tsBAP_official/data/fep/fep_benchmark_inputs/structure_inputs/merck/syk_4puz_fullmap_ligands_split/syk_4puz_fullmap_molecule_redocked_CHEMBL3265000.sdf,syk_4puz_fullmap,-11.811073303222656,-12.470000267028809,999,7.01597,7.01597
1000,syk_4puz_fullmap_molecule_CHEMBL3265003_tautomer_1,/rds/general/user/cr725/home/aev-plig_research/github_tsBAP_official/data/fep/fep_benchmark_inputs/structure_inputs/merck/syk_4puz_fullmap_protein.pdb,/rds/general/user/cr725/home/aev-plig_research/github_tsBAP_official/data/fep/fep_benchmark_inputs/structure_inputs/merck/syk_4puz_fullmap_ligands_split/syk_4puz_fullmap_molecule_CHEMBL3265003_tautomer_1.sdf,syk_4puz_fullmap,-10.820952415466309,-12.039999961853027,1000,6.6511664,6.6511664
1001,syk_4puz_fullmap_molecule_CHEMBL3265003_tautomer_2,/rds/general/user/cr725/home/aev-plig_research/github_tsBAP_official/data/fep/fep_benchmark_inputs/structure_inputs/merck/syk_4puz_fullmap_protein.pdb,/rds/general/user/cr725/home/aev-plig_research/github_tsBAP_official/data/fep/fep_benchmark_inputs/structure_inputs/merck/syk_4puz_fullmap_ligands_split/syk_4puz_fullmap_molecule_CHEMBL3265003_tautomer_2.sdf,syk_4puz_fullmap,-10.820952415466309,-12.029999732971191,1001,6.6659455,6.6659455
1002,hif2a_automap_molecule_338,/rds/general/user/cr725/home/aev-plig_research/github_tsBAP_official/data/fep/fep_benchmark_inputs/structure_inputs/merck/hif2a_automap_protein.pdb,/rds/general/user/cr725/home/aev-plig_research/github_tsBAP_official/data/fep/fep_benchmark_inputs/structure_inputs/merck/hif2a_automap_ligands_split/hif2a_automap_molecule_338.sdf,hif2a_automap,-10.75852870941162,-11.210000038146973,1002,4.3659205,4.3659205
1003,hif2a_automap_molecule_43,/rds/general/user/cr725/home/aev-plig_research/github_tsBAP_official/data/fep/fep_benchmark_inputs/structure_inputs/merck/hif2a_automap_protein.pdb,/rds/general/user/cr725/home/aev-plig_research/github_tsBAP_official/data/fep/fep_benchmark_inputs/structure_inputs/merck/hif2a_automap_ligands_split/hif2a_automap_molecule_43.sdf,hif2a_automap,-8.699462890625,-9.210000038146973,1003,5.2251306,5.2251306
1004,hif2a_automap_molecule_235,/rds/general/user/cr725/home/aev-plig_research/github_tsBAP_official/data/fep/fep_benchmark_inputs/structure_inputs/merck/hif2a_automap_protein.pdb,/rds/general/user/cr725/home/aev-plig_research/github_tsBAP_official/data/fep/fep_benchmark_inputs/structure_inputs/merck/hif2a_automap_ligands_split/hif2a_automap_molecule_235.sdf,hif2a_automap,-10.123006820678713,-9.9399995803833,1004,4.1785645,4.1785645
1005,hif2a_automap_molecule_234,/rds/general/user/cr725/home/aev-plig_research/github_tsBAP_official/data/fep/fep_benchmark_inputs/structure_inputs/merck/hif2a_automap_protein.pdb,/rds/general/user/cr725/home/aev-plig_research/github_tsBAP_official/data/fep/fep_benchmark_inputs/structure_inputs/merck/hif2a_automap_ligands_split/hif2a_automap_molecule_234.sdf,hif2a_automap,-10.347848892211914,-9.850000381469728,1005,5.4195833,5.4195833
1006,hif2a_automap_molecule_30,/rds/general/user/cr725/home/aev-plig_research/github_tsBAP_official/data/fep/fep_benchmark_inputs/structure_inputs/merck/hif2a_automap_protein.pdb,/rds/general/user/cr725/home/aev-plig_research/github_tsBAP_official/data/fep/fep_benchmark_inputs/structure_inputs/merck/hif2a_automap_ligands_split/hif2a_automap_molecule_30.sdf,hif2a_automap,-10.565720558166504,-11.039999961853027,1006,3.3277779,3.3277779
1007,hif2a_automap_molecule_1,/rds/general/user/cr725/home/aev-plig_research/github_tsBAP_official/data/fep/fep_benchmark_inputs/structure_inputs/merck/hif2a_automap_protein.pdb,/rds/general/user/cr725/home/aev-plig_research/github_tsBAP_official/data/fep/fep_benchmark_inputs/structure_inputs/merck/hif2a_automap_ligands_split/hif2a_automap_molecule_1.sdf,hif2a_automap,-11.324654579162598,-10.149999618530272,1007,6.426754,6.426754
1008,hif2a_automap_molecule_237,/rds/general/user/cr725/home/aev-plig_research/github_tsBAP_official/data/fep/fep_benchmark_inputs/structure_inputs/merck/hif2a_automap_protein.pdb,/rds/general/user/cr725/home/aev-plig_research/github_tsBAP_official/data/fep/fep_benchmark_inputs/structure_inputs/merck/hif2a_automap_ligands_split/hif2a_automap_molecule_237.sdf,hif2a_automap,-9.549728393554688,-10.520000457763672,1008,4.5106235,4.5106235
1009,hif2a_automap_molecule_227,/rds/general/user/cr725/home/aev-plig_research/github_tsBAP_official/data/fep/fep_benchmark_inputs/structure_inputs/merck/hif2a_automap_protein.pdb,/rds/general/user/cr725/home/aev-plig_research/github_tsBAP_official/data/fep/fep_benchmark_inputs/structure_inputs/merck/hif2a_automap_ligands_split/hif2a_automap_molecule_227.sdf,hif2a_automap,-10.75852870941162,-11.15999984741211,1009,5.390935,5.390935
1010,hif2a_automap_molecule_266,/rds/general/user/cr725/home/aev-plig_research/github_tsBAP_official/data/fep/fep_benchmark_inputs/structure_inputs/merck/hif2a_automap_protein.pdb,/rds/general/user/cr725/home/aev-plig_research/github_tsBAP_official/data/fep/fep_benchmark_inputs/structure_inputs/merck/hif2a_automap_ligands_split/hif2a_automap_molecule_266.sdf,hif2a_automap,-10.533686637878418,-11.039999961853027,1010,4.9492455,4.9492455
1011,hif2a_automap_molecule_206,/rds/general/user/cr725/home/aev-plig_research/github_tsBAP_official/data/fep/fep_benchmark_inputs/structure_inputs/merck/hif2a_automap_protein.pdb,/rds/general/user/cr725/home/aev-plig_research/github_tsBAP_official/data/fep/fep_benchmark_inputs/structure_inputs/merck/hif2a_automap_ligands_split/hif2a_automap_molecule_206.sdf,hif2a_automap,-10.123006820678713,-9.050000190734863,1011,5.7906637,5.7906637
1012,hif2a_automap_molecule_67,/rds/general/user/cr725/home/aev-plig_research/github_tsBAP_official/data/fep/fep_benchmark_inputs/structure_inputs/merck/hif2a_automap_protein.pdb,/rds/general/user/cr725/home/aev-plig_research/github_tsBAP_official/data/fep/fep_benchmark_inputs/structure_inputs/merck/hif2a_automap_ligands_split/hif2a_automap_molecule_67.sdf,hif2a_automap,-10.17173194885254,-11.850000381469728,1012,8.663509,8.663509
1013,hif2a_automap_molecule_156,/rds/general/user/cr725/home/aev-plig_research/github_tsBAP_official/data/fep/fep_benchmark_inputs/structure_inputs/merck/hif2a_automap_protein.pdb,/rds/general/user/cr725/home/aev-plig_research/github_tsBAP_official/data/fep/fep_benchmark_inputs/structure_inputs/merck/hif2a_automap_ligands_split/hif2a_automap_molecule_156.sdf,hif2a_automap,-9.73618984222412,-8.829999923706055,1013,4.5815287,4.5815287
1014,hif2a_automap_molecule_31,/rds/general/user/cr725/home/aev-plig_research/github_tsBAP_official/data/fep/fep_benchmark_inputs/structure_inputs/merck/hif2a_automap_protein.pdb,/rds/general/user/cr725/home/aev-plig_research/github_tsBAP_official/data/fep/fep_benchmark_inputs/structure_inputs/merck/hif2a_automap_ligands_split/hif2a_automap_molecule_31.sdf,hif2a_automap,-8.842347145080566,-9.220000267028809,1014,3.7093604,3.7093604
1015,hif2a_automap_molecule_289,/rds/general/user/cr725/home/aev-plig_research/github_tsBAP_official/data/fep/fep_benchmark_inputs/structure_inputs/merck/hif2a_automap_protein.pdb,/rds/general/user/cr725/home/aev-plig_research/github_tsBAP_official/data/fep/fep_benchmark_inputs/structure_inputs/merck/hif2a_automap_ligands_split/hif2a_automap_molecule_289.sdf,hif2a_automap,-10.91397476196289,-11.140000343322754,1015,4.097621,4.097621
1016,hif2a_automap_molecule_61,/rds/general/user/cr725/home/aev-plig_research/github_tsBAP_official/data/fep/fep_benchmark_inputs/structure_inputs/merck/hif2a_automap_protein.pdb,/rds/general/user/cr725/home/aev-plig_research/github_tsBAP_official/data/fep/fep_benchmark_inputs/structure_inputs/merck/hif2a_automap_ligands_split/hif2a_automap_molecule_61.sdf,hif2a_automap,-10.107617378234863,-9.279999732971191,1016,6.033241,6.033241
1017,hif2a_automap_molecule_167,/rds/general/user/cr725/home/aev-plig_research/github_tsBAP_official/data/fep/fep_benchmark_inputs/structure_inputs/merck/hif2a_automap_protein.pdb,/rds/general/user/cr725/home/aev-plig_research/github_tsBAP_official/data/fep/fep_benchmark_inputs/structure_inputs/merck/hif2a_automap_ligands_split/hif2a_automap_molecule_167.sdf,hif2a_automap,-10.67374324798584,-10.380000114440918,1017,5.181225,5.181225
1018,hif2a_automap_molecule_165,/rds/general/user/cr725/home/aev-plig_research/github_tsBAP_official/data/fep/fep_benchmark_inputs/structure_inputs/merck/hif2a_automap_protein.pdb,/rds/general/user/cr725/home/aev-plig_research/github_tsBAP_official/data/fep/fep_benchmark_inputs/structure_inputs/merck/hif2a_automap_ligands_split/hif2a_automap_molecule_165.sdf,hif2a_automap,-9.235339164733888,-8.539999961853027,1018,5.244227,5.244227
1019,hif2a_automap_molecule_41,/rds/general/user/cr725/home/aev-plig_research/github_tsBAP_official/data/fep/fep_benchmark_inputs/structure_inputs/merck/hif2a_automap_protein.pdb,/rds/general/user/cr725/home/aev-plig_research/github_tsBAP_official/data/fep/fep_benchmark_inputs/structure_inputs/merck/hif2a_automap_ligands_split/hif2a_automap_molecule_41.sdf,hif2a_automap,-9.787005424499512,-10.350000381469728,1019,4.5861783,4.5861783
1020,hif2a_automap_molecule_7b,/rds/general/user/cr725/home/aev-plig_research/github_tsBAP_official/data/fep/fep_benchmark_inputs/structure_inputs/merck/hif2a_automap_protein.pdb,/rds/general/user/cr725/home/aev-plig_research/github_tsBAP_official/data/fep/fep_benchmark_inputs/structure_inputs/merck/hif2a_automap_ligands_split/hif2a_automap_molecule_7b.sdf,hif2a_automap,-7.394513607025146,-6.340000152587891,1020,6.76308,6.76308
1021,hif2a_automap_molecule_54,/rds/general/user/cr725/home/aev-plig_research/github_tsBAP_official/data/fep/fep_benchmark_inputs/structure_inputs/merck/hif2a_automap_protein.pdb,/rds/general/user/cr725/home/aev-plig_research/github_tsBAP_official/data/fep/fep_benchmark_inputs/structure_inputs/merck/hif2a_automap_ligands_split/hif2a_automap_molecule_54.sdf,hif2a_automap,-9.30949592590332,-9.619999885559082,1021,6.212721,6.212721
1022,hif2a_automap_molecule_215,/rds/general/user/cr725/home/aev-plig_research/github_tsBAP_official/data/fep/fep_benchmark_inputs/structure_inputs/merck/hif2a_automap_protein.pdb,/rds/general/user/cr725/home/aev-plig_research/github_tsBAP_official/data/fep/fep_benchmark_inputs/structure_inputs/merck/hif2a_automap_ligands_split/hif2a_automap_molecule_215.sdf,hif2a_automap,-10.59958553314209,-10.31999969482422,1022,5.1119685,5.1119685
1023,hif2a_automap_molecule_57,/rds/general/user/cr725/home/aev-plig_research/github_tsBAP_official/data/fep/fep_benchmark_inputs/structure_inputs/merck/hif2a_automap_protein.pdb,/rds/general/user/cr725/home/aev-plig_research/github_tsBAP_official/data/fep/fep_benchmark_inputs/structure_inputs/merck/hif2a_automap_ligands_split/hif2a_automap_molecule_57.sdf,hif2a_automap,-10.67374324798584,-10.31999969482422,1023,5.6974263,5.6974263
1024,hif2a_automap_molecule_42,/rds/general/user/cr725/home/aev-plig_research/github_tsBAP_official/data/fep/fep_benchmark_inputs/structure_inputs/merck/hif2a_automap_protein.pdb,/rds/general/user/cr725/home/aev-plig_research/github_tsBAP_official/data/fep/fep_benchmark_inputs/structure_inputs/merck/hif2a_automap_ligands_split/hif2a_automap_molecule_42.sdf,hif2a_automap,-8.93969440460205,-9.960000038146973,1024,5.355105,5.355105
1025,hif2a_automap_molecule_252,/rds/general/user/cr725/home/aev-plig_research/github_tsBAP_official/data/fep/fep_benchmark_inputs/structure_inputs/merck/hif2a_automap_protein.pdb,/rds/general/user/cr725/home/aev-plig_research/github_tsBAP_official/data/fep/fep_benchmark_inputs/structure_inputs/merck/hif2a_automap_ligands_split/hif2a_automap_molecule_252.sdf,hif2a_automap,-9.71232795715332,-10.479999542236328,1025,4.263253,4.263253
1026,hif2a_automap_molecule_336,/rds/general/user/cr725/home/aev-plig_research/github_tsBAP_official/data/fep/fep_benchmark_inputs/structure_inputs/merck/hif2a_automap_protein.pdb,/rds/general/user/cr725/home/aev-plig_research/github_tsBAP_official/data/fep/fep_benchmark_inputs/structure_inputs/merck/hif2a_automap_ligands_split/hif2a_automap_molecule_336.sdf,hif2a_automap,-9.823477745056152,-10.390000343322754,1026,2.9290826,2.9290826
1027,hif2a_automap_molecule_290,/rds/general/user/cr725/home/aev-plig_research/github_tsBAP_official/data/fep/fep_benchmark_inputs/structure_inputs/merck/hif2a_automap_protein.pdb,/rds/general/user/cr725/home/aev-plig_research/github_tsBAP_official/data/fep/fep_benchmark_inputs/structure_inputs/merck/hif2a_automap_ligands_split/hif2a_automap_molecule_290.sdf,hif2a_automap,-10.565720558166504,-11.380000114440918,1027,8.121258,8.121258
1028,hif2a_automap_molecule_155,/rds/general/user/cr725/home/aev-plig_research/github_tsBAP_official/data/fep/fep_benchmark_inputs/structure_inputs/merck/hif2a_automap_protein.pdb,/rds/general/user/cr725/home/aev-plig_research/github_tsBAP_official/data/fep/fep_benchmark_inputs/structure_inputs/merck/hif2a_automap_ligands_split/hif2a_automap_molecule_155.sdf,hif2a_automap,-10.5032958984375,-9.6899995803833,1028,4.4386277,4.4386277
1029,hif2a_automap_molecule_164,/rds/general/user/cr725/home/aev-plig_research/github_tsBAP_official/data/fep/fep_benchmark_inputs/structure_inputs/merck/hif2a_automap_protein.pdb,/rds/general/user/cr725/home/aev-plig_research/github_tsBAP_official/data/fep/fep_benchmark_inputs/structure_inputs/merck/hif2a_automap_ligands_split/hif2a_automap_molecule_164.sdf,hif2a_automap,-6.764764785766602,-6.599999904632568,1029,4.836002,4.836002
1030,hif2a_automap_molecule_7a,/rds/general/user/cr725/home/aev-plig_research/github_tsBAP_official/data/fep/fep_benchmark_inputs/structure_inputs/merck/hif2a_automap_protein.pdb,/rds/general/user/cr725/home/aev-plig_research/github_tsBAP_official/data/fep/fep_benchmark_inputs/structure_inputs/merck/hif2a_automap_ligands_split/hif2a_automap_molecule_7a.sdf,hif2a_automap,-9.99706745147705,-8.569999694824219,1030,6.6497416,6.6497416
1031,hif2a_automap_molecule_224,/rds/general/user/cr725/home/aev-plig_research/github_tsBAP_official/data/fep/fep_benchmark_inputs/structure_inputs/merck/hif2a_automap_protein.pdb,/rds/general/user/cr725/home/aev-plig_research/github_tsBAP_official/data/fep/fep_benchmark_inputs/structure_inputs/merck/hif2a_automap_ligands_split/hif2a_automap_molecule_224.sdf,hif2a_automap,-9.660125732421877,-10.279999732971191,1031,5.667992,5.667992
1032,hif2a_automap_molecule_84,/rds/general/user/cr725/home/aev-plig_research/github_tsBAP_official/data/fep/fep_benchmark_inputs/structure_inputs/merck/hif2a_automap_protein.pdb,/rds/general/user/cr725/home/aev-plig_research/github_tsBAP_official/data/fep/fep_benchmark_inputs/structure_inputs/merck/hif2a_automap_ligands_split/hif2a_automap_molecule_84.sdf,hif2a_automap,-7.5754475593566895,-9.369999885559082,1032,4.598289,4.598289
1033,hif2a_automap_molecule_254,/rds/general/user/cr725/home/aev-plig_research/github_tsBAP_official/data/fep/fep_benchmark_inputs/structure_inputs/merck/hif2a_automap_protein.pdb,/rds/general/user/cr725/home/aev-plig_research/github_tsBAP_official/data/fep/fep_benchmark_inputs/structure_inputs/merck/hif2a_automap_ligands_split/hif2a_automap_molecule_254.sdf,hif2a_automap,-9.549728393554688,-10.210000038146973,1033,5.1919813,5.1919813
1034,hif2a_automap_molecule_23,/rds/general/user/cr725/home/aev-plig_research/github_tsBAP_official/data/fep/fep_benchmark_inputs/structure_inputs/merck/hif2a_automap_protein.pdb,/rds/general/user/cr725/home/aev-plig_research/github_tsBAP_official/data/fep/fep_benchmark_inputs/structure_inputs/merck/hif2a_automap_ligands_split/hif2a_automap_molecule_23.sdf,hif2a_automap,-7.067420959472656,-6.900000095367432,1034,5.0726585,5.0726585
1035,hif2a_automap_molecule_251,/rds/general/user/cr725/home/aev-plig_research/github_tsBAP_official/data/fep/fep_benchmark_inputs/structure_inputs/merck/hif2a_automap_protein.pdb,/rds/general/user/cr725/home/aev-plig_research/github_tsBAP_official/data/fep/fep_benchmark_inputs/structure_inputs/merck/hif2a_automap_ligands_split/hif2a_automap_molecule_251.sdf,hif2a_automap,-10.24363613128662,-10.539999961853027,1035,4.803731,4.803731
1036,hif2a_automap_molecule_256,/rds/general/user/cr725/home/aev-plig_research/github_tsBAP_official/data/fep/fep_benchmark_inputs/structure_inputs/merck/hif2a_automap_protein.pdb,/rds/general/user/cr725/home/aev-plig_research/github_tsBAP_official/data/fep/fep_benchmark_inputs/structure_inputs/merck/hif2a_automap_ligands_split/hif2a_automap_molecule_256.sdf,hif2a_automap,-10.67374324798584,-9.720000267028809,1036,5.3727536,5.3727536
1037,hif2a_automap_molecule_50,/rds/general/user/cr725/home/aev-plig_research/github_tsBAP_official/data/fep/fep_benchmark_inputs/structure_inputs/merck/hif2a_automap_protein.pdb,/rds/general/user/cr725/home/aev-plig_research/github_tsBAP_official/data/fep/fep_benchmark_inputs/structure_inputs/merck/hif2a_automap_ligands_split/hif2a_automap_molecule_50.sdf,hif2a_automap,-9.696937561035156,-8.630000114440918,1037,5.4804897,5.4804897
1038,hif2a_automap_molecule_231,/rds/general/user/cr725/home/aev-plig_research/github_tsBAP_official/data/fep/fep_benchmark_inputs/structure_inputs/merck/hif2a_automap_protein.pdb,/rds/general/user/cr725/home/aev-plig_research/github_tsBAP_official/data/fep/fep_benchmark_inputs/structure_inputs/merck/hif2a_automap_ligands_split/hif2a_automap_molecule_231.sdf,hif2a_automap,-10.022831916809082,-9.600000381469728,1038,3.3110886,3.3110886
1039,hif2a_automap_molecule_15,/rds/general/user/cr725/home/aev-plig_research/github_tsBAP_official/data/fep/fep_benchmark_inputs/structure_inputs/merck/hif2a_automap_protein.pdb,/rds/general/user/cr725/home/aev-plig_research/github_tsBAP_official/data/fep/fep_benchmark_inputs/structure_inputs/merck/hif2a_automap_ligands_split/hif2a_automap_molecule_15.sdf,hif2a_automap,-11.046184539794922,-11.40999984741211,1039,5.083385,5.083385
1040,hif2a_automap_molecule_124,/rds/general/user/cr725/home/aev-plig_research/github_tsBAP_official/data/fep/fep_benchmark_inputs/structure_inputs/merck/hif2a_automap_protein.pdb,/rds/general/user/cr725/home/aev-plig_research/github_tsBAP_official/data/fep/fep_benchmark_inputs/structure_inputs/merck/hif2a_automap_ligands_split/hif2a_automap_molecule_124.sdf,hif2a_automap,-10.123006820678713,-10.15999984741211,1040,3.293387,3.293387
1041,hif2a_automap_molecule_25,/rds/general/user/cr725/home/aev-plig_research/github_tsBAP_official/data/fep/fep_benchmark_inputs/structure_inputs/merck/hif2a_automap_protein.pdb,/rds/general/user/cr725/home/aev-plig_research/github_tsBAP_official/data/fep/fep_benchmark_inputs/structure_inputs/merck/hif2a_automap_ligands_split/hif2a_automap_molecule_25.sdf,hif2a_automap,-10.28314971923828,-9.68000030517578,1041,5.446483,5.446483
1042,hif2a_automap_molecule_163,/rds/general/user/cr725/home/aev-plig_research/github_tsBAP_official/data/fep/fep_benchmark_inputs/structure_inputs/merck/hif2a_automap_protein.pdb,/rds/general/user/cr725/home/aev-plig_research/github_tsBAP_official/data/fep/fep_benchmark_inputs/structure_inputs/merck/hif2a_automap_ligands_split/hif2a_automap_molecule_163.sdf,hif2a_automap,-11.010265350341797,-10.470000267028809,1042,5.3149557,5.3149557
1043,tnks2_fullmap_molecule_1a,/rds/general/user/cr725/home/aev-plig_research/github_tsBAP_official/data/fep/fep_benchmark_inputs/structure_inputs/merck/tnks2_fullmap_protein.pdb,/rds/general/user/cr725/home/aev-plig_research/github_tsBAP_official/data/fep/fep_benchmark_inputs/structure_inputs/merck/tnks2_fullmap_ligands_split/tnks2_fullmap_molecule_1a.sdf,tnks2_fullmap,-8.550562858581543,-8.75,1043,4.4290247,4.4290247
1044,tnks2_fullmap_molecule_1b,/rds/general/user/cr725/home/aev-plig_research/github_tsBAP_official/data/fep/fep_benchmark_inputs/structure_inputs/merck/tnks2_fullmap_protein.pdb,/rds/general/user/cr725/home/aev-plig_research/github_tsBAP_official/data/fep/fep_benchmark_inputs/structure_inputs/merck/tnks2_fullmap_ligands_split/tnks2_fullmap_molecule_1b.sdf,tnks2_fullmap,-9.937170028686523,-10.079999923706056,1044,7.247842,7.247842
1045,tnks2_fullmap_molecule_3a,/rds/general/user/cr725/home/aev-plig_research/github_tsBAP_official/data/fep/fep_benchmark_inputs/structure_inputs/merck/tnks2_fullmap_protein.pdb,/rds/general/user/cr725/home/aev-plig_research/github_tsBAP_official/data/fep/fep_benchmark_inputs/structure_inputs/merck/tnks2_fullmap_ligands_split/tnks2_fullmap_molecule_3a.sdf,tnks2_fullmap,-10.996485710144045,-12.5,1045,6.639645,6.639645
1046,tnks2_fullmap_molecule_3b,/rds/general/user/cr725/home/aev-plig_research/github_tsBAP_official/data/fep/fep_benchmark_inputs/structure_inputs/merck/tnks2_fullmap_protein.pdb,/rds/general/user/cr725/home/aev-plig_research/github_tsBAP_official/data/fep/fep_benchmark_inputs/structure_inputs/merck/tnks2_fullmap_ligands_split/tnks2_fullmap_molecule_3b.sdf,tnks2_fullmap,-11.519288063049316,-12.239999771118164,1046,6.0004544,6.0004544
1047,tnks2_fullmap_molecule_5f,/rds/general/user/cr725/home/aev-plig_research/github_tsBAP_official/data/fep/fep_benchmark_inputs/structure_inputs/merck/tnks2_fullmap_protein.pdb,/rds/general/user/cr725/home/aev-plig_research/github_tsBAP_official/data/fep/fep_benchmark_inputs/structure_inputs/merck/tnks2_fullmap_ligands_split/tnks2_fullmap_molecule_5f.sdf,tnks2_fullmap,-10.26306438446045,-11.609999656677246,1047,5.995668,5.995668
1048,tnks2_fullmap_molecule_5l,/rds/general/user/cr725/home/aev-plig_research/github_tsBAP_official/data/fep/fep_benchmark_inputs/structure_inputs/merck/tnks2_fullmap_protein.pdb,/rds/general/user/cr725/home/aev-plig_research/github_tsBAP_official/data/fep/fep_benchmark_inputs/structure_inputs/merck/tnks2_fullmap_ligands_split/tnks2_fullmap_molecule_5l.sdf,tnks2_fullmap,-10.09261703491211,-12.010000228881836,1048,6.492287,6.492287
1049,tnks2_fullmap_molecule_5g,/rds/general/user/cr725/home/aev-plig_research/github_tsBAP_official/data/fep/fep_benchmark_inputs/structure_inputs/merck/tnks2_fullmap_protein.pdb,/rds/general/user/cr725/home/aev-plig_research/github_tsBAP_official/data/fep/fep_benchmark_inputs/structure_inputs/merck/tnks2_fullmap_ligands_split/tnks2_fullmap_molecule_5g.sdf,tnks2_fullmap,-10.805952072143556,-11.899999618530272,1049,5.9355392,5.9355392
1050,tnks2_fullmap_molecule_5e,/rds/general/user/cr725/home/aev-plig_research/github_tsBAP_official/data/fep/fep_benchmark_inputs/structure_inputs/merck/tnks2_fullmap_protein.pdb,/rds/general/user/cr725/home/aev-plig_research/github_tsBAP_official/data/fep/fep_benchmark_inputs/structure_inputs/merck/tnks2_fullmap_ligands_split/tnks2_fullmap_molecule_5e.sdf,tnks2_fullmap,-10.107617378234863,-11.18000030517578,1050,6.9661064,6.9661064
1051,tnks2_fullmap_molecule_5i,/rds/general/user/cr725/home/aev-plig_research/github_tsBAP_official/data/fep/fep_benchmark_inputs/structure_inputs/merck/tnks2_fullmap_protein.pdb,/rds/general/user/cr725/home/aev-plig_research/github_tsBAP_official/data/fep/fep_benchmark_inputs/structure_inputs/merck/tnks2_fullmap_ligands_split/tnks2_fullmap_molecule_5i.sdf,tnks2_fullmap,-12.078866958618164,-13.100000381469728,1051,6.777869,6.777869
1052,tnks2_fullmap_molecule_5b,/rds/general/user/cr725/home/aev-plig_research/github_tsBAP_official/data/fep/fep_benchmark_inputs/structure_inputs/merck/tnks2_fullmap_protein.pdb,/rds/general/user/cr725/home/aev-plig_research/github_tsBAP_official/data/fep/fep_benchmark_inputs/structure_inputs/merck/tnks2_fullmap_ligands_split/tnks2_fullmap_molecule_5b.sdf,tnks2_fullmap,-10.474388122558594,-12.270000457763672,1052,6.093973,6.093973
1053,tnks2_fullmap_molecule_5h,/rds/general/user/cr725/home/aev-plig_research/github_tsBAP_official/data/fep/fep_benchmark_inputs/structure_inputs/merck/tnks2_fullmap_protein.pdb,/rds/general/user/cr725/home/aev-plig_research/github_tsBAP_official/data/fep/fep_benchmark_inputs/structure_inputs/merck/tnks2_fullmap_ligands_split/tnks2_fullmap_molecule_5h.sdf,tnks2_fullmap,-10.04976749420166,-10.68000030517578,1053,5.7509236,5.7509236
1054,tnks2_fullmap_molecule_5a,/rds/general/user/cr725/home/aev-plig_research/github_tsBAP_official/data/fep/fep_benchmark_inputs/structure_inputs/merck/tnks2_fullmap_protein.pdb,/rds/general/user/cr725/home/aev-plig_research/github_tsBAP_official/data/fep/fep_benchmark_inputs/structure_inputs/merck/tnks2_fullmap_ligands_split/tnks2_fullmap_molecule_5a.sdf,tnks2_fullmap,-10.75852870941162,-11.56999969482422,1054,6.6940575,6.6940575
1055,tnks2_fullmap_molecule_5k,/rds/general/user/cr725/home/aev-plig_research/github_tsBAP_official/data/fep/fep_benchmark_inputs/structure_inputs/merck/tnks2_fullmap_protein.pdb,/rds/general/user/cr725/home/aev-plig_research/github_tsBAP_official/data/fep/fep_benchmark_inputs/structure_inputs/merck/tnks2_fullmap_ligands_split/tnks2_fullmap_molecule_5k.sdf,tnks2_fullmap,-10.963377952575684,-10.779999732971191,1055,5.846266,5.846266
1056,tnks2_fullmap_molecule_5p,/rds/general/user/cr725/home/aev-plig_research/github_tsBAP_official/data/fep/fep_benchmark_inputs/structure_inputs/merck/tnks2_fullmap_protein.pdb,/rds/general/user/cr725/home/aev-plig_research/github_tsBAP_official/data/fep/fep_benchmark_inputs/structure_inputs/merck/tnks2_fullmap_ligands_split/tnks2_fullmap_molecule_5p.sdf,tnks2_fullmap,-10.5032958984375,-10.869999885559082,1056,5.606378,5.606378
1057,tnks2_fullmap_molecule_5j,/rds/general/user/cr725/home/aev-plig_research/github_tsBAP_official/data/fep/fep_benchmark_inputs/structure_inputs/merck/tnks2_fullmap_protein.pdb,/rds/general/user/cr725/home/aev-plig_research/github_tsBAP_official/data/fep/fep_benchmark_inputs/structure_inputs/merck/tnks2_fullmap_ligands_split/tnks2_fullmap_molecule_5j.sdf,tnks2_fullmap,-11.08442211151123,-11.449999809265137,1057,6.4002576,6.4002576
1058,tnks2_fullmap_molecule_5d,/rds/general/user/cr725/home/aev-plig_research/github_tsBAP_official/data/fep/fep_benchmark_inputs/structure_inputs/merck/tnks2_fullmap_protein.pdb,/rds/general/user/cr725/home/aev-plig_research/github_tsBAP_official/data/fep/fep_benchmark_inputs/structure_inputs/merck/tnks2_fullmap_ligands_split/tnks2_fullmap_molecule_5d.sdf,tnks2_fullmap,-10.8850679397583,-11.020000457763672,1058,6.6008697,6.6008697
1059,tnks2_fullmap_molecule_5m,/rds/general/user/cr725/home/aev-plig_research/github_tsBAP_official/data/fep/fep_benchmark_inputs/structure_inputs/merck/tnks2_fullmap_protein.pdb,/rds/general/user/cr725/home/aev-plig_research/github_tsBAP_official/data/fep/fep_benchmark_inputs/structure_inputs/merck/tnks2_fullmap_ligands_split/tnks2_fullmap_molecule_5m.sdf,tnks2_fullmap,-12.6889009475708,-12.369999885559082,1059,5.5255103,5.5255103
1060,tnks2_fullmap_molecule_5n,/rds/general/user/cr725/home/aev-plig_research/github_tsBAP_official/data/fep/fep_benchmark_inputs/structure_inputs/merck/tnks2_fullmap_protein.pdb,/rds/general/user/cr725/home/aev-plig_research/github_tsBAP_official/data/fep/fep_benchmark_inputs/structure_inputs/merck/tnks2_fullmap_ligands_split/tnks2_fullmap_molecule_5n.sdf,tnks2_fullmap,-10.71462059020996,-10.989999771118164,1060,6.005406,6.005406
1061,tnks2_fullmap_molecule_5c,/rds/general/user/cr725/home/aev-plig_research/github_tsBAP_official/data/fep/fep_benchmark_inputs/structure_inputs/merck/tnks2_fullmap_protein.pdb,/rds/general/user/cr725/home/aev-plig_research/github_tsBAP_official/data/fep/fep_benchmark_inputs/structure_inputs/merck/tnks2_fullmap_ligands_split/tnks2_fullmap_molecule_5c.sdf,tnks2_fullmap,-9.960407257080078,-12.15999984741211,1061,5.8540754,5.8540754
1062,tnks2_fullmap_molecule_7,/rds/general/user/cr725/home/aev-plig_research/github_tsBAP_official/data/fep/fep_benchmark_inputs/structure_inputs/merck/tnks2_fullmap_protein.pdb,/rds/general/user/cr725/home/aev-plig_research/github_tsBAP_official/data/fep/fep_benchmark_inputs/structure_inputs/merck/tnks2_fullmap_ligands_split/tnks2_fullmap_molecule_7.sdf,tnks2_fullmap,-8.396805763244629,-8.699999809265137,1062,6.127769,6.127769
1063,tnks2_fullmap_molecule_8a_neutral,/rds/general/user/cr725/home/aev-plig_research/github_tsBAP_official/data/fep/fep_benchmark_inputs/structure_inputs/merck/tnks2_fullmap_protein.pdb,/rds/general/user/cr725/home/aev-plig_research/github_tsBAP_official/data/fep/fep_benchmark_inputs/structure_inputs/merck/tnks2_fullmap_ligands_split/tnks2_fullmap_molecule_8a_neutral.sdf,tnks2_fullmap,-10.805952072143556,-10.260000228881836,1063,6.8186007,6.8186007
1064,tnks2_fullmap_molecule_8b_neutral,/rds/general/user/cr725/home/aev-plig_research/github_tsBAP_official/data/fep/fep_benchmark_inputs/structure_inputs/merck/tnks2_fullmap_protein.pdb,/rds/general/user/cr725/home/aev-plig_research/github_tsBAP_official/data/fep/fep_benchmark_inputs/structure_inputs/merck/tnks2_fullmap_ligands_split/tnks2_fullmap_molecule_8b_neutral.sdf,tnks2_fullmap,-11.929967880249023,-11.770000457763672,1064,6.4122944,6.4122944
1065,tnks2_fullmap_molecule_8c_adjust,/rds/general/user/cr725/home/aev-plig_research/github_tsBAP_official/data/fep/fep_benchmark_inputs/structure_inputs/merck/tnks2_fullmap_protein.pdb,/rds/general/user/cr725/home/aev-plig_research/github_tsBAP_official/data/fep/fep_benchmark_inputs/structure_inputs/merck/tnks2_fullmap_ligands_split/tnks2_fullmap_molecule_8c_adjust.sdf,tnks2_fullmap,-10.123006820678713,-8.119999885559082,1065,6.2156916,6.2156916
1066,tnks2_fullmap_molecule_8d,/rds/general/user/cr725/home/aev-plig_research/github_tsBAP_official/data/fep/fep_benchmark_inputs/structure_inputs/merck/tnks2_fullmap_protein.pdb,/rds/general/user/cr725/home/aev-plig_research/github_tsBAP_official/data/fep/fep_benchmark_inputs/structure_inputs/merck/tnks2_fullmap_ligands_split/tnks2_fullmap_molecule_8d.sdf,tnks2_fullmap,-12.489546775817873,-9.8100004196167,1066,5.375824,5.375824
1067,tnks2_fullmap_molecule_8e_adjust_neutral,/rds/general/user/cr725/home/aev-plig_research/github_tsBAP_official/data/fep/fep_benchmark_inputs/structure_inputs/merck/tnks2_fullmap_protein.pdb,/rds/general/user/cr725/home/aev-plig_research/github_tsBAP_official/data/fep/fep_benchmark_inputs/structure_inputs/merck/tnks2_fullmap_ligands_split/tnks2_fullmap_molecule_8e_adjust_neutral.sdf,tnks2_fullmap,-10.24363613128662,-9.010000228881836,1067,6.5626874,6.5626874
1068,tnks2_fullmap_molecule_8f_neutral,/rds/general/user/cr725/home/aev-plig_research/github_tsBAP_official/data/fep/fep_benchmark_inputs/structure_inputs/merck/tnks2_fullmap_protein.pdb,/rds/general/user/cr725/home/aev-plig_research/github_tsBAP_official/data/fep/fep_benchmark_inputs/structure_inputs/merck/tnks2_fullmap_ligands_split/tnks2_fullmap_molecule_8f_neutral.sdf,tnks2_fullmap,-11.811073303222656,-10.65999984741211,1068,6.6415796,6.6415796
1069,tnks2_fullmap_molecule_8d_neutral_equitorial,/rds/general/user/cr725/home/aev-plig_research/github_tsBAP_official/data/fep/fep_benchmark_inputs/structure_inputs/merck/tnks2_fullmap_protein.pdb,/rds/general/user/cr725/home/aev-plig_research/github_tsBAP_official/data/fep/fep_benchmark_inputs/structure_inputs/merck/tnks2_fullmap_ligands_split/tnks2_fullmap_molecule_8d_neutral_equitorial.sdf,tnks2_fullmap,-12.489546775817873,-9.81999969482422,1069,6.61142,6.61142
1070,tnks2_fullmap_molecule_8c_neutral_equitorial,/rds/general/user/cr725/home/aev-plig_research/github_tsBAP_official/data/fep/fep_benchmark_inputs/structure_inputs/merck/tnks2_fullmap_protein.pdb,/rds/general/user/cr725/home/aev-plig_research/github_tsBAP_official/data/fep/fep_benchmark_inputs/structure_inputs/merck/tnks2_fullmap_ligands_split/tnks2_fullmap_molecule_8c_neutral_equitorial.sdf,tnks2_fullmap,-10.123006820678713,-8.119999885559082,1070,6.2456937,6.2456937
1071,tnks2_fullmap_molecule_5o_adjust,/rds/general/user/cr725/home/aev-plig_research/github_tsBAP_official/data/fep/fep_benchmark_inputs/structure_inputs/merck/tnks2_fullmap_protein.pdb,/rds/general/user/cr725/home/aev-plig_research/github_tsBAP_official/data/fep/fep_benchmark_inputs/structure_inputs/merck/tnks2_fullmap_ligands_split/tnks2_fullmap_molecule_5o_adjust.sdf,tnks2_fullmap,-12.03799057006836,-12.149999618530272,1071,5.2116137,5.2116137
1072,tnks2_fullmap_molecule_8f,/rds/general/user/cr725/home/aev-plig_research/github_tsBAP_official/data/fep/fep_benchmark_inputs/structure_inputs/merck/tnks2_fullmap_protein.pdb,/rds/general/user/cr725/home/aev-plig_research/github_tsBAP_official/data/fep/fep_benchmark_inputs/structure_inputs/merck/tnks2_fullmap_ligands_split/tnks2_fullmap_molecule_8f.sdf,tnks2_fullmap,-11.811073303222656,-10.65999984741211,1072,8.888307,8.888307
1073,tnks2_fullmap_molecule_8b,/rds/general/user/cr725/home/aev-plig_research/github_tsBAP_official/data/fep/fep_benchmark_inputs/structure_inputs/merck/tnks2_fullmap_protein.pdb,/rds/general/user/cr725/home/aev-plig_research/github_tsBAP_official/data/fep/fep_benchmark_inputs/structure_inputs/merck/tnks2_fullmap_ligands_split/tnks2_fullmap_molecule_8b.sdf,tnks2_fullmap,-11.929967880249023,-11.779999732971191,1073,8.805353,8.805353
1074,tnks2_fullmap_molecule_8e,/rds/general/user/cr725/home/aev-plig_research/github_tsBAP_official/data/fep/fep_benchmark_inputs/structure_inputs/merck/tnks2_fullmap_protein.pdb,/rds/general/user/cr725/home/aev-plig_research/github_tsBAP_official/data/fep/fep_benchmark_inputs/structure_inputs/merck/tnks2_fullmap_ligands_split/tnks2_fullmap_molecule_8e.sdf,tnks2_fullmap,-10.24363613128662,-9.010000228881836,1074,7.1596823,7.1596823
1075,tnks2_fullmap_molecule_8a,/rds/general/user/cr725/home/aev-plig_research/github_tsBAP_official/data/fep/fep_benchmark_inputs/structure_inputs/merck/tnks2_fullmap_protein.pdb,/rds/general/user/cr725/home/aev-plig_research/github_tsBAP_official/data/fep/fep_benchmark_inputs/structure_inputs/merck/tnks2_fullmap_ligands_split/tnks2_fullmap_molecule_8a.sdf,tnks2_fullmap,-10.805952072143556,-10.270000457763672,1075,8.346528,8.346528
1076,cdk8_5cei_new_helix_loop_extra_molecule_43,/rds/general/user/cr725/home/aev-plig_research/github_tsBAP_official/data/fep/fep_benchmark_inputs/structure_inputs/merck/cdk8_5cei_new_helix_loop_extra_protein.pdb,/rds/general/user/cr725/home/aev-plig_research/github_tsBAP_official/data/fep/fep_benchmark_inputs/structure_inputs/merck/cdk8_5cei_new_helix_loop_extra_ligands_split/cdk8_5cei_new_helix_loop_extra_molecule_43.sdf,cdk8_5cei_new_helix_loop_extra,-11.93795108795166,-11.720000267028809,1076,7.0590806,7.0590806
1077,cdk8_5cei_new_helix_loop_extra_molecule_22,/rds/general/user/cr725/home/aev-plig_research/github_tsBAP_official/data/fep/fep_benchmark_inputs/structure_inputs/merck/cdk8_5cei_new_helix_loop_extra_protein.pdb,/rds/general/user/cr725/home/aev-plig_research/github_tsBAP_official/data/fep/fep_benchmark_inputs/structure_inputs/merck/cdk8_5cei_new_helix_loop_extra_ligands_split/cdk8_5cei_new_helix_loop_extra_molecule_22.sdf,cdk8_5cei_new_helix_loop_extra,-10.28548812866211,-10.260000228881836,1077,4.3161645,4.3161645
1078,cdk8_5cei_new_helix_loop_extra_molecule_30,/rds/general/user/cr725/home/aev-plig_research/github_tsBAP_official/data/fep/fep_benchmark_inputs/structure_inputs/merck/cdk8_5cei_new_helix_loop_extra_protein.pdb,/rds/general/user/cr725/home/aev-plig_research/github_tsBAP_official/data/fep/fep_benchmark_inputs/structure_inputs/merck/cdk8_5cei_new_helix_loop_extra_ligands_split/cdk8_5cei_new_helix_loop_extra_molecule_30.sdf,cdk8_5cei_new_helix_loop_extra,-11.696293830871582,-11.329999923706056,1078,8.232205,8.232205
1079,cdk8_5cei_new_helix_loop_extra_molecule_21,/rds/general/user/cr725/home/aev-plig_research/github_tsBAP_official/data/fep/fep_benchmark_inputs/structure_inputs/merck/cdk8_5cei_new_helix_loop_extra_protein.pdb,/rds/general/user/cr725/home/aev-plig_research/github_tsBAP_official/data/fep/fep_benchmark_inputs/structure_inputs/merck/cdk8_5cei_new_helix_loop_extra_ligands_split/cdk8_5cei_new_helix_loop_extra_molecule_21.sdf,cdk8_5cei_new_helix_loop_extra,-9.754467964172363,-9.630000114440918,1079,5.3539767,5.3539767
1080,cdk8_5cei_new_helix_loop_extra_molecule_24,/rds/general/user/cr725/home/aev-plig_research/github_tsBAP_official/data/fep/fep_benchmark_inputs/structure_inputs/merck/cdk8_5cei_new_helix_loop_extra_protein.pdb,/rds/general/user/cr725/home/aev-plig_research/github_tsBAP_official/data/fep/fep_benchmark_inputs/structure_inputs/merck/cdk8_5cei_new_helix_loop_extra_ligands_split/cdk8_5cei_new_helix_loop_extra_molecule_24.sdf,cdk8_5cei_new_helix_loop_extra,-10.344158172607422,-8.640000343322754,1080,9.080646,9.080646
1081,cdk8_5cei_new_helix_loop_extra_molecule_38,/rds/general/user/cr725/home/aev-plig_research/github_tsBAP_official/data/fep/fep_benchmark_inputs/structure_inputs/merck/cdk8_5cei_new_helix_loop_extra_protein.pdb,/rds/general/user/cr725/home/aev-plig_research/github_tsBAP_official/data/fep/fep_benchmark_inputs/structure_inputs/merck/cdk8_5cei_new_helix_loop_extra_ligands_split/cdk8_5cei_new_helix_loop_extra_molecule_38.sdf,cdk8_5cei_new_helix_loop_extra,-11.391841888427734,-12.739999771118164,1081,7.1879215,7.1879215
1082,cdk8_5cei_new_helix_loop_extra_molecule_31,/rds/general/user/cr725/home/aev-plig_research/github_tsBAP_official/data/fep/fep_benchmark_inputs/structure_inputs/merck/cdk8_5cei_new_helix_loop_extra_protein.pdb,/rds/general/user/cr725/home/aev-plig_research/github_tsBAP_official/data/fep/fep_benchmark_inputs/structure_inputs/merck/cdk8_5cei_new_helix_loop_extra_ligands_split/cdk8_5cei_new_helix_loop_extra_molecule_31.sdf,cdk8_5cei_new_helix_loop_extra,-11.93795108795166,-12.31999969482422,1082,7.981552,7.981552
1083,cdk8_5cei_new_helix_loop_extra_molecule_41,/rds/general/user/cr725/home/aev-plig_research/github_tsBAP_official/data/fep/fep_benchmark_inputs/structure_inputs/merck/cdk8_5cei_new_helix_loop_extra_protein.pdb,/rds/general/user/cr725/home/aev-plig_research/github_tsBAP_official/data/fep/fep_benchmark_inputs/structure_inputs/merck/cdk8_5cei_new_helix_loop_extra_ligands_split/cdk8_5cei_new_helix_loop_extra_molecule_41.sdf,cdk8_5cei_new_helix_loop_extra,-11.283177375793455,-12.770000457763672,1083,3.919935,3.919935
1084,cdk8_5cei_new_helix_loop_extra_molecule_29,/rds/general/user/cr725/home/aev-plig_research/github_tsBAP_official/data/fep/fep_benchmark_inputs/structure_inputs/merck/cdk8_5cei_new_helix_loop_extra_protein.pdb,/rds/general/user/cr725/home/aev-plig_research/github_tsBAP_official/data/fep/fep_benchmark_inputs/structure_inputs/merck/cdk8_5cei_new_helix_loop_extra_ligands_split/cdk8_5cei_new_helix_loop_extra_molecule_29.sdf,cdk8_5cei_new_helix_loop_extra,-9.256064414978027,-11.300000190734863,1084,8.793528,8.793528
1085,cdk8_5cei_new_helix_loop_extra_molecule_26,/rds/general/user/cr725/home/aev-plig_research/github_tsBAP_official/data/fep/fep_benchmark_inputs/structure_inputs/merck/cdk8_5cei_new_helix_loop_extra_protein.pdb,/rds/general/user/cr725/home/aev-plig_research/github_tsBAP_official/data/fep/fep_benchmark_inputs/structure_inputs/merck/cdk8_5cei_new_helix_loop_extra_ligands_split/cdk8_5cei_new_helix_loop_extra_molecule_26.sdf,cdk8_5cei_new_helix_loop_extra,-10.215289115905762,-8.720000267028809,1085,4.5794344,4.5794344
1086,cdk8_5cei_new_helix_loop_extra_molecule_20,/rds/general/user/cr725/home/aev-plig_research/github_tsBAP_official/data/fep/fep_benchmark_inputs/structure_inputs/merck/cdk8_5cei_new_helix_loop_extra_protein.pdb,/rds/general/user/cr725/home/aev-plig_research/github_tsBAP_official/data/fep/fep_benchmark_inputs/structure_inputs/merck/cdk8_5cei_new_helix_loop_extra_ligands_split/cdk8_5cei_new_helix_loop_extra_molecule_20.sdf,cdk8_5cei_new_helix_loop_extra,-10.698603630065918,-9.6899995803833,1086,9.32121,9.32121
1087,cdk8_5cei_new_helix_loop_extra_molecule_35,/rds/general/user/cr725/home/aev-plig_research/github_tsBAP_official/data/fep/fep_benchmark_inputs/structure_inputs/merck/cdk8_5cei_new_helix_loop_extra_protein.pdb,/rds/general/user/cr725/home/aev-plig_research/github_tsBAP_official/data/fep/fep_benchmark_inputs/structure_inputs/merck/cdk8_5cei_new_helix_loop_extra_ligands_split/cdk8_5cei_new_helix_loop_extra_molecule_35.sdf,cdk8_5cei_new_helix_loop_extra,-11.524834632873535,-11.949999809265137,1087,6.7119675,6.7119675
1088,cdk8_5cei_new_helix_loop_extra_molecule_40,/rds/general/user/cr725/home/aev-plig_research/github_tsBAP_official/data/fep/fep_benchmark_inputs/structure_inputs/merck/cdk8_5cei_new_helix_loop_extra_protein.pdb,/rds/general/user/cr725/home/aev-plig_research/github_tsBAP_official/data/fep/fep_benchmark_inputs/structure_inputs/merck/cdk8_5cei_new_helix_loop_extra_ligands_split/cdk8_5cei_new_helix_loop_extra_molecule_40.sdf,cdk8_5cei_new_helix_loop_extra,-11.191304206848145,-12.43000030517578,1088,7.0166535,7.0166535
1089,cdk8_5cei_new_helix_loop_extra_molecule_19,/rds/general/user/cr725/home/aev-plig_research/github_tsBAP_official/data/fep/fep_benchmark_inputs/structure_inputs/merck/cdk8_5cei_new_helix_loop_extra_protein.pdb,/rds/general/user/cr725/home/aev-plig_research/github_tsBAP_official/data/fep/fep_benchmark_inputs/structure_inputs/merck/cdk8_5cei_new_helix_loop_extra_ligands_split/cdk8_5cei_new_helix_loop_extra_molecule_19.sdf,cdk8_5cei_new_helix_loop_extra,-10.737068176269531,-9.630000114440918,1089,7.971071,7.971071
1090,cdk8_5cei_new_helix_loop_extra_molecule_33,/rds/general/user/cr725/home/aev-plig_research/github_tsBAP_official/data/fep/fep_benchmark_inputs/structure_inputs/merck/cdk8_5cei_new_helix_loop_extra_protein.pdb,/rds/general/user/cr725/home/aev-plig_research/github_tsBAP_official/data/fep/fep_benchmark_inputs/structure_inputs/merck/cdk8_5cei_new_helix_loop_extra_ligands_split/cdk8_5cei_new_helix_loop_extra_molecule_33.sdf,cdk8_5cei_new_helix_loop_extra,-11.111719131469728,-10.010000228881836,1090,7.8079753,7.8079753
1091,cdk8_5cei_new_helix_loop_extra_molecule_27,/rds/general/user/cr725/home/aev-plig_research/github_tsBAP_official/data/fep/fep_benchmark_inputs/structure_inputs/merck/cdk8_5cei_new_helix_loop_extra_protein.pdb,/rds/general/user/cr725/home/aev-plig_research/github_tsBAP_official/data/fep/fep_benchmark_inputs/structure_inputs/merck/cdk8_5cei_new_helix_loop_extra_ligands_split/cdk8_5cei_new_helix_loop_extra_molecule_27.sdf,cdk8_5cei_new_helix_loop_extra,-8.463898658752441,-11.029999732971191,1091,8.928759,8.928759
1092,cdk8_5cei_new_helix_loop_extra_molecule_13,/rds/general/user/cr725/home/aev-plig_research/github_tsBAP_official/data/fep/fep_benchmark_inputs/structure_inputs/merck/cdk8_5cei_new_helix_loop_extra_protein.pdb,/rds/general/user/cr725/home/aev-plig_research/github_tsBAP_official/data/fep/fep_benchmark_inputs/structure_inputs/merck/cdk8_5cei_new_helix_loop_extra_ligands_split/cdk8_5cei_new_helix_loop_extra_molecule_13.sdf,cdk8_5cei_new_helix_loop_extra,-11.283177375793455,-9.949999809265137,1092,6.826645,6.826645
1093,cdk8_5cei_new_helix_loop_extra_molecule_39,/rds/general/user/cr725/home/aev-plig_research/github_tsBAP_official/data/fep/fep_benchmark_inputs/structure_inputs/merck/cdk8_5cei_new_helix_loop_extra_protein.pdb,/rds/general/user/cr725/home/aev-plig_research/github_tsBAP_official/data/fep/fep_benchmark_inputs/structure_inputs/merck/cdk8_5cei_new_helix_loop_extra_ligands_split/cdk8_5cei_new_helix_loop_extra_molecule_39.sdf,cdk8_5cei_new_helix_loop_extra,-11.524834632873535,-12.239999771118164,1093,6.9790835,6.9790835
1094,cdk8_5cei_new_helix_loop_extra_molecule_32,/rds/general/user/cr725/home/aev-plig_research/github_tsBAP_official/data/fep/fep_benchmark_inputs/structure_inputs/merck/cdk8_5cei_new_helix_loop_extra_protein.pdb,/rds/general/user/cr725/home/aev-plig_research/github_tsBAP_official/data/fep/fep_benchmark_inputs/structure_inputs/merck/cdk8_5cei_new_helix_loop_extra_ligands_split/cdk8_5cei_new_helix_loop_extra_molecule_32.sdf,cdk8_5cei_new_helix_loop_extra,-9.549580574035645,-9.949999809265137,1094,7.0960135,7.0960135
1095,cdk8_5cei_new_helix_loop_extra_molecule_37,/rds/general/user/cr725/home/aev-plig_research/github_tsBAP_official/data/fep/fep_benchmark_inputs/structure_inputs/merck/cdk8_5cei_new_helix_loop_extra_protein.pdb,/rds/general/user/cr725/home/aev-plig_research/github_tsBAP_official/data/fep/fep_benchmark_inputs/structure_inputs/merck/cdk8_5cei_new_helix_loop_extra_ligands_split/cdk8_5cei_new_helix_loop_extra_molecule_37.sdf,cdk8_5cei_new_helix_loop_extra,-11.524834632873535,-12.880000114440918,1095,4.029734,4.029734
1096,cdk8_5cei_new_helix_loop_extra_molecule_23,/rds/general/user/cr725/home/aev-plig_research/github_tsBAP_official/data/fep/fep_benchmark_inputs/structure_inputs/merck/cdk8_5cei_new_helix_loop_extra_protein.pdb,/rds/general/user/cr725/home/aev-plig_research/github_tsBAP_official/data/fep/fep_benchmark_inputs/structure_inputs/merck/cdk8_5cei_new_helix_loop_extra_ligands_split/cdk8_5cei_new_helix_loop_extra_molecule_23.sdf,cdk8_5cei_new_helix_loop_extra,-9.01440715789795,-7.420000076293945,1096,5.576354,5.576354
1097,cdk8_5cei_new_helix_loop_extra_molecule_15,/rds/general/user/cr725/home/aev-plig_research/github_tsBAP_official/data/fep/fep_benchmark_inputs/structure_inputs/merck/cdk8_5cei_new_helix_loop_extra_protein.pdb,/rds/general/user/cr725/home/aev-plig_research/github_tsBAP_official/data/fep/fep_benchmark_inputs/structure_inputs/merck/cdk8_5cei_new_helix_loop_extra_ligands_split/cdk8_5cei_new_helix_loop_extra_molecule_15.sdf,cdk8_5cei_new_helix_loop_extra,-7.687934875488281,-6.429999828338623,1097,7.833567,7.833567
1098,cdk8_5cei_new_helix_loop_extra_molecule_34,/rds/general/user/cr725/home/aev-plig_research/github_tsBAP_official/data/fep/fep_benchmark_inputs/structure_inputs/merck/cdk8_5cei_new_helix_loop_extra_protein.pdb,/rds/general/user/cr725/home/aev-plig_research/github_tsBAP_official/data/fep/fep_benchmark_inputs/structure_inputs/merck/cdk8_5cei_new_helix_loop_extra_ligands_split/cdk8_5cei_new_helix_loop_extra_molecule_34.sdf,cdk8_5cei_new_helix_loop_extra,-11.191304206848145,-12.029999732971191,1098,7.0794144,7.0794144
1099,cdk8_5cei_new_helix_loop_extra_molecule_25,/rds/general/user/cr725/home/aev-plig_research/github_tsBAP_official/data/fep/fep_benchmark_inputs/structure_inputs/merck/cdk8_5cei_new_helix_loop_extra_protein.pdb,/rds/general/user/cr725/home/aev-plig_research/github_tsBAP_official/data/fep/fep_benchmark_inputs/structure_inputs/merck/cdk8_5cei_new_helix_loop_extra_ligands_split/cdk8_5cei_new_helix_loop_extra_molecule_25.sdf,cdk8_5cei_new_helix_loop_extra,-9.793952941894531,-10.65999984741211,1099,6.3031135,6.3031135
1100,cdk8_5cei_new_helix_loop_extra_molecule_14,/rds/general/user/cr725/home/aev-plig_research/github_tsBAP_official/data/fep/fep_benchmark_inputs/structure_inputs/merck/cdk8_5cei_new_helix_loop_extra_protein.pdb,/rds/general/user/cr725/home/aev-plig_research/github_tsBAP_official/data/fep/fep_benchmark_inputs/structure_inputs/merck/cdk8_5cei_new_helix_loop_extra_ligands_split/cdk8_5cei_new_helix_loop_extra_molecule_14.sdf,cdk8_5cei_new_helix_loop_extra,-8.337959289550781,-7.659999847412109,1100,8.641017,8.641017
1101,cdk8_5cei_new_helix_loop_extra_molecule_36,/rds/general/user/cr725/home/aev-plig_research/github_tsBAP_official/data/fep/fep_benchmark_inputs/structure_inputs/merck/cdk8_5cei_new_helix_loop_extra_protein.pdb,/rds/general/user/cr725/home/aev-plig_research/github_tsBAP_official/data/fep/fep_benchmark_inputs/structure_inputs/merck/cdk8_5cei_new_helix_loop_extra_ligands_split/cdk8_5cei_new_helix_loop_extra_molecule_36.sdf,cdk8_5cei_new_helix_loop_extra,-11.283177375793455,-12.100000381469728,1101,7.9038887,7.9038887
1102,cdk8_5cei_new_helix_loop_extra_molecule_18_flipped,/rds/general/user/cr725/home/aev-plig_research/github_tsBAP_official/data/fep/fep_benchmark_inputs/structure_inputs/merck/cdk8_5cei_new_helix_loop_extra_protein.pdb,/rds/general/user/cr725/home/aev-plig_research/github_tsBAP_official/data/fep/fep_benchmark_inputs/structure_inputs/merck/cdk8_5cei_new_helix_loop_extra_ligands_split/cdk8_5cei_new_helix_loop_extra_molecule_18_flipped.sdf,cdk8_5cei_new_helix_loop_extra,-10.97872543334961,-9.079999923706056,1102,7.935416,7.935416
1103,cdk8_5cei_new_helix_loop_extra_molecule_16_flipped,/rds/general/user/cr725/home/aev-plig_research/github_tsBAP_official/data/fep/fep_benchmark_inputs/structure_inputs/merck/cdk8_5cei_new_helix_loop_extra_protein.pdb,/rds/general/user/cr725/home/aev-plig_research/github_tsBAP_official/data/fep/fep_benchmark_inputs/structure_inputs/merck/cdk8_5cei_new_helix_loop_extra_ligands_split/cdk8_5cei_new_helix_loop_extra_molecule_16_flipped.sdf,cdk8_5cei_new_helix_loop_extra,-9.290130615234377,-8.479999542236328,1103,7.666401,7.666401
1104,cdk8_5cei_new_helix_loop_extra_molecule_17_flipped,/rds/general/user/cr725/home/aev-plig_research/github_tsBAP_official/data/fep/fep_benchmark_inputs/structure_inputs/merck/cdk8_5cei_new_helix_loop_extra_protein.pdb,/rds/general/user/cr725/home/aev-plig_research/github_tsBAP_official/data/fep/fep_benchmark_inputs/structure_inputs/merck/cdk8_5cei_new_helix_loop_extra_ligands_split/cdk8_5cei_new_helix_loop_extra_molecule_17_flipped.sdf,cdk8_5cei_new_helix_loop_extra,-8.992732048034668,-8.949999809265137,1104,7.8976135,7.8976135
1105,cdk8_5cei_new_helix_loop_extra_molecule_44_flipped,/rds/general/user/cr725/home/aev-plig_research/github_tsBAP_official/data/fep/fep_benchmark_inputs/structure_inputs/merck/cdk8_5cei_new_helix_loop_extra_protein.pdb,/rds/general/user/cr725/home/aev-plig_research/github_tsBAP_official/data/fep/fep_benchmark_inputs/structure_inputs/merck/cdk8_5cei_new_helix_loop_extra_ligands_split/cdk8_5cei_new_helix_loop_extra_molecule_44_flipped.sdf,cdk8_5cei_new_helix_loop_extra,-11.524834632873535,-11.390000343322754,1105,6.640986,6.640986
1106,cdk8_5cei_new_helix_loop_extra_molecule_45_flipped,/rds/general/user/cr725/home/aev-plig_research/github_tsBAP_official/data/fep/fep_benchmark_inputs/structure_inputs/merck/cdk8_5cei_new_helix_loop_extra_protein.pdb,/rds/general/user/cr725/home/aev-plig_research/github_tsBAP_official/data/fep/fep_benchmark_inputs/structure_inputs/merck/cdk8_5cei_new_helix_loop_extra_ligands_split/cdk8_5cei_new_helix_loop_extra_molecule_45_flipped.sdf,cdk8_5cei_new_helix_loop_extra,-11.191304206848145,-11.670000076293944,1106,7.880343,7.880343
1107,cdk8_5cei_new_helix_loop_extra_molecule_42_flipped,/rds/general/user/cr725/home/aev-plig_research/github_tsBAP_official/data/fep/fep_benchmark_inputs/structure_inputs/merck/cdk8_5cei_new_helix_loop_extra_protein.pdb,/rds/general/user/cr725/home/aev-plig_research/github_tsBAP_official/data/fep/fep_benchmark_inputs/structure_inputs/merck/cdk8_5cei_new_helix_loop_extra_ligands_split/cdk8_5cei_new_helix_loop_extra_molecule_42_flipped.sdf,cdk8_5cei_new_helix_loop_extra,-11.524834632873535,-11.550000190734863,1107,8.275696,8.275696
1108,urokinase_molecule_10302__1GJ7__no_water_pose_,/rds/general/user/cr725/home/aev-plig_research/github_tsBAP_official/data/fep/fep_benchmark_inputs/structure_inputs/waterset/urokinase_protein.pdb,/rds/general/user/cr725/home/aev-plig_research/github_tsBAP_official/data/fep/fep_benchmark_inputs/structure_inputs/waterset/urokinase_ligands_split/urokinase_molecule_10302__1GJ7__no_water_pose_.sdf,urokinase,-10.82235622406006,-11.039999961853027,1108,5.239463,5.239463
1109,urokinase_molecule_11417__no_water_pose_,/rds/general/user/cr725/home/aev-plig_research/github_tsBAP_official/data/fep/fep_benchmark_inputs/structure_inputs/waterset/urokinase_protein.pdb,/rds/general/user/cr725/home/aev-plig_research/github_tsBAP_official/data/fep/fep_benchmark_inputs/structure_inputs/waterset/urokinase_ligands_split/urokinase_molecule_11417__no_water_pose_.sdf,urokinase,-10.5656099319458,-10.050000190734863,1109,5.266774,5.266774
1110,urokinase_molecule_7806__no_water_pose_,/rds/general/user/cr725/home/aev-plig_research/github_tsBAP_official/data/fep/fep_benchmark_inputs/structure_inputs/waterset/urokinase_protein.pdb,/rds/general/user/cr725/home/aev-plig_research/github_tsBAP_official/data/fep/fep_benchmark_inputs/structure_inputs/waterset/urokinase_ligands_split/urokinase_molecule_7806__no_water_pose_.sdf,urokinase,-8.651498794555664,-8.960000038146973,1110,5.2292542,5.2292542
1111,urokinase_molecule_8696__no_water_pose_,/rds/general/user/cr725/home/aev-plig_research/github_tsBAP_official/data/fep/fep_benchmark_inputs/structure_inputs/waterset/urokinase_protein.pdb,/rds/general/user/cr725/home/aev-plig_research/github_tsBAP_official/data/fep/fep_benchmark_inputs/structure_inputs/waterset/urokinase_ligands_split/urokinase_molecule_8696__no_water_pose_.sdf,urokinase,-9.802173614501951,-9.789999961853027,1111,5.3379045,5.3379045
1112,scyt_dehyd_molecule_3d,/rds/general/user/cr725/home/aev-plig_research/github_tsBAP_official/data/fep/fep_benchmark_inputs/structure_inputs/waterset/scyt_dehyd_protein.pdb,/rds/general/user/cr725/home/aev-plig_research/github_tsBAP_official/data/fep/fep_benchmark_inputs/structure_inputs/waterset/scyt_dehyd_ligands_split/scyt_dehyd_molecule_3d.sdf,scyt_dehyd,-9.19326877593994,-9.1899995803833,1112,4.748293,4.748293
1113,scyt_dehyd_molecule_8d,/rds/general/user/cr725/home/aev-plig_research/github_tsBAP_official/data/fep/fep_benchmark_inputs/structure_inputs/waterset/scyt_dehyd_protein.pdb,/rds/general/user/cr725/home/aev-plig_research/github_tsBAP_official/data/fep/fep_benchmark_inputs/structure_inputs/waterset/scyt_dehyd_ligands_split/scyt_dehyd_molecule_8d.sdf,scyt_dehyd,-10.628399848937988,-10.970000267028809,1113,7.818217,7.818217
1114,scyt_dehyd_molecule_2d,/rds/general/user/cr725/home/aev-plig_research/github_tsBAP_official/data/fep/fep_benchmark_inputs/structure_inputs/waterset/scyt_dehyd_protein.pdb,/rds/general/user/cr725/home/aev-plig_research/github_tsBAP_official/data/fep/fep_benchmark_inputs/structure_inputs/waterset/scyt_dehyd_ligands_split/scyt_dehyd_molecule_2d.sdf,scyt_dehyd,-13.481749534606934,-13.5,1114,8.391523,8.391523
1115,scyt_dehyd_molecule_4d,/rds/general/user/cr725/home/aev-plig_research/github_tsBAP_official/data/fep/fep_benchmark_inputs/structure_inputs/waterset/scyt_dehyd_protein.pdb,/rds/general/user/cr725/home/aev-plig_research/github_tsBAP_official/data/fep/fep_benchmark_inputs/structure_inputs/waterset/scyt_dehyd_ligands_split/scyt_dehyd_molecule_4d.sdf,scyt_dehyd,-15.34340000152588,-13.619999885559082,1115,7.5972595,7.5972595
1116,scyt_dehyd_molecule_5d,/rds/general/user/cr725/home/aev-plig_research/github_tsBAP_official/data/fep/fep_benchmark_inputs/structure_inputs/waterset/scyt_dehyd_protein.pdb,/rds/general/user/cr725/home/aev-plig_research/github_tsBAP_official/data/fep/fep_benchmark_inputs/structure_inputs/waterset/scyt_dehyd_ligands_split/scyt_dehyd_molecule_5d.sdf,scyt_dehyd,-13.253490447998049,-14.68000030517578,1116,16.022984,16.022984
1117,scyt_dehyd_molecule_6d,/rds/general/user/cr725/home/aev-plig_research/github_tsBAP_official/data/fep/fep_benchmark_inputs/structure_inputs/waterset/scyt_dehyd_protein.pdb,/rds/general/user/cr725/home/aev-plig_research/github_tsBAP_official/data/fep/fep_benchmark_inputs/structure_inputs/waterset/scyt_dehyd_ligands_split/scyt_dehyd_molecule_6d.sdf,scyt_dehyd,-9.405847549438477,-10.949999809265137,1117,9.233701,9.233701
1118,scyt_dehyd_molecule_7d,/rds/general/user/cr725/home/aev-plig_research/github_tsBAP_official/data/fep/fep_benchmark_inputs/structure_inputs/waterset/scyt_dehyd_protein.pdb,/rds/general/user/cr725/home/aev-plig_research/github_tsBAP_official/data/fep/fep_benchmark_inputs/structure_inputs/waterset/scyt_dehyd_ligands_split/scyt_dehyd_molecule_7d.sdf,scyt_dehyd,-15.251520156860352,-13.65999984741211,1118,5.3084645,5.3084645
1119,brd41_ASH106_molecule_cmpd_5__1-Butenyl_,/rds/general/user/cr725/home/aev-plig_research/github_tsBAP_official/data/fep/fep_benchmark_inputs/structure_inputs/waterset/brd41_ASH106_protein.pdb,/rds/general/user/cr725/home/aev-plig_research/github_tsBAP_official/data/fep/fep_benchmark_inputs/structure_inputs/waterset/brd41_ASH106_ligands_split/brd41_ASH106_molecule_cmpd_5__1-Butenyl_.sdf,brd41_ASH106,-7.639999866485596,-8.529999732971191,1119,4.49118,4.49118
1120,brd41_ASH106_molecule_cmpd_2__methyl_,/rds/general/user/cr725/home/aev-plig_research/github_tsBAP_official/data/fep/fep_benchmark_inputs/structure_inputs/waterset/brd41_ASH106_protein.pdb,/rds/general/user/cr725/home/aev-plig_research/github_tsBAP_official/data/fep/fep_benchmark_inputs/structure_inputs/waterset/brd41_ASH106_ligands_split/brd41_ASH106_molecule_cmpd_2__methyl_.sdf,brd41_ASH106,-9.59000015258789,-7.550000190734863,1120,7.1301613,7.1301613
1121,brd41_ASH106_molecule_cmpd_3__Allyl_,/rds/general/user/cr725/home/aev-plig_research/github_tsBAP_official/data/fep/fep_benchmark_inputs/structure_inputs/waterset/brd41_ASH106_protein.pdb,/rds/general/user/cr725/home/aev-plig_research/github_tsBAP_official/data/fep/fep_benchmark_inputs/structure_inputs/waterset/brd41_ASH106_ligands_split/brd41_ASH106_molecule_cmpd_3__Allyl_.sdf,brd41_ASH106,-7.090000152587891,-7.710000038146973,1121,4.979805,4.979805
1122,brd41_ASH106_molecule_cmpd_9__methoxyethyl_,/rds/general/user/cr725/home/aev-plig_research/github_tsBAP_official/data/fep/fep_benchmark_inputs/structure_inputs/waterset/brd41_ASH106_protein.pdb,/rds/general/user/cr725/home/aev-plig_research/github_tsBAP_official/data/fep/fep_benchmark_inputs/structure_inputs/waterset/brd41_ASH106_ligands_split/brd41_ASH106_molecule_cmpd_9__methoxyethyl_.sdf,brd41_ASH106,-7.21999979019165,-6.929999828338623,1122,6.189549,6.189549
1123,brd41_ASH106_molecule_cmpd_6__ethyl_,/rds/general/user/cr725/home/aev-plig_research/github_tsBAP_official/data/fep/fep_benchmark_inputs/structure_inputs/waterset/brd41_ASH106_protein.pdb,/rds/general/user/cr725/home/aev-plig_research/github_tsBAP_official/data/fep/fep_benchmark_inputs/structure_inputs/waterset/brd41_ASH106_ligands_split/brd41_ASH106_molecule_cmpd_6__ethyl_.sdf,brd41_ASH106,-8.59000015258789,-7.849999904632568,1123,4.8493648,4.8493648
1124,brd41_ASH106_molecule_cmpd_8__n-Butyl_,/rds/general/user/cr725/home/aev-plig_research/github_tsBAP_official/data/fep/fep_benchmark_inputs/structure_inputs/waterset/brd41_ASH106_protein.pdb,/rds/general/user/cr725/home/aev-plig_research/github_tsBAP_official/data/fep/fep_benchmark_inputs/structure_inputs/waterset/brd41_ASH106_ligands_split/brd41_ASH106_molecule_cmpd_8__n-Butyl_.sdf,brd41_ASH106,-7.659999847412109,-8.59000015258789,1124,5.170253,5.170253
1125,brd41_ASH106_molecule_cmpd_7__n-propyl_,/rds/general/user/cr725/home/aev-plig_research/github_tsBAP_official/data/fep/fep_benchmark_inputs/structure_inputs/waterset/brd41_ASH106_protein.pdb,/rds/general/user/cr725/home/aev-plig_research/github_tsBAP_official/data/fep/fep_benchmark_inputs/structure_inputs/waterset/brd41_ASH106_ligands_split/brd41_ASH106_molecule_cmpd_7__n-propyl_.sdf,brd41_ASH106,-7.019999980926514,-7.909999847412109,1125,5.0496135,5.0496135
1126,brd41_ASH106_molecule_cmpd_4__Crotyl_,/rds/general/user/cr725/home/aev-plig_research/github_tsBAP_official/data/fep/fep_benchmark_inputs/structure_inputs/waterset/brd41_ASH106_protein.pdb,/rds/general/user/cr725/home/aev-plig_research/github_tsBAP_official/data/fep/fep_benchmark_inputs/structure_inputs/waterset/brd41_ASH106_ligands_split/brd41_ASH106_molecule_cmpd_4__Crotyl_.sdf,brd41_ASH106,-8.640000343322754,-8.390000343322754,1126,4.9317927,4.9317927
1127,hsp90_woodhead_molecule_4,/rds/general/user/cr725/home/aev-plig_research/github_tsBAP_official/data/fep/fep_benchmark_inputs/structure_inputs/waterset/hsp90_woodhead_protein.pdb,/rds/general/user/cr725/home/aev-plig_research/github_tsBAP_official/data/fep/fep_benchmark_inputs/structure_inputs/waterset/hsp90_woodhead_ligands_split/hsp90_woodhead_molecule_4.sdf,hsp90_woodhead,-8.930000305175781,-8.800000190734863,1127,6.915374,6.915374
1128,hsp90_woodhead_molecule_1,/rds/general/user/cr725/home/aev-plig_research/github_tsBAP_official/data/fep/fep_benchmark_inputs/structure_inputs/waterset/hsp90_woodhead_protein.pdb,/rds/general/user/cr725/home/aev-plig_research/github_tsBAP_official/data/fep/fep_benchmark_inputs/structure_inputs/waterset/hsp90_woodhead_ligands_split/hsp90_woodhead_molecule_1.sdf,hsp90_woodhead,-12.720000267028809,-13.100000381469728,1128,6.1692915,6.1692915
1129,hsp90_woodhead_molecule_3,/rds/general/user/cr725/home/aev-plig_research/github_tsBAP_official/data/fep/fep_benchmark_inputs/structure_inputs/waterset/hsp90_woodhead_protein.pdb,/rds/general/user/cr725/home/aev-plig_research/github_tsBAP_official/data/fep/fep_benchmark_inputs/structure_inputs/waterset/hsp90_woodhead_ligands_split/hsp90_woodhead_molecule_3.sdf,hsp90_woodhead,-8.079999923706055,-7.949999809265137,1129,6.662051,6.662051
1130,hsp90_woodhead_molecule_2,/rds/general/user/cr725/home/aev-plig_research/github_tsBAP_official/data/fep/fep_benchmark_inputs/structure_inputs/waterset/hsp90_woodhead_protein.pdb,/rds/general/user/cr725/home/aev-plig_research/github_tsBAP_official/data/fep/fep_benchmark_inputs/structure_inputs/waterset/hsp90_woodhead_ligands_split/hsp90_woodhead_molecule_2.sdf,hsp90_woodhead,-10.739999771118164,-10.619999885559082,1130,6.100328,6.100328
1131,throm_nozob_hip75_molecule_2d_pose_2,/rds/general/user/cr725/home/aev-plig_research/github_tsBAP_official/data/fep/fep_benchmark_inputs/structure_inputs/waterset/throm_nozob_hip75_protein.pdb,/rds/general/user/cr725/home/aev-plig_research/github_tsBAP_official/data/fep/fep_benchmark_inputs/structure_inputs/waterset/throm_nozob_hip75_ligands_split/throm_nozob_hip75_molecule_2d_pose_2.sdf,throm_nozob_hip75,-6.630871772766113,-7.0,1131,8.132389,8.132389
1132,throm_nozob_hip75_molecule_2c_pose_2,/rds/general/user/cr725/home/aev-plig_research/github_tsBAP_official/data/fep/fep_benchmark_inputs/structure_inputs/waterset/throm_nozob_hip75_protein.pdb,/rds/general/user/cr725/home/aev-plig_research/github_tsBAP_official/data/fep/fep_benchmark_inputs/structure_inputs/waterset/throm_nozob_hip75_ligands_split/throm_nozob_hip75_molecule_2c_pose_2.sdf,throm_nozob_hip75,-7.285645008087158,-7.300000190734863,1132,7.281471,7.281471
1133,throm_nozob_hip75_molecule_7b,/rds/general/user/cr725/home/aev-plig_research/github_tsBAP_official/data/fep/fep_benchmark_inputs/structure_inputs/waterset/throm_nozob_hip75_protein.pdb,/rds/general/user/cr725/home/aev-plig_research/github_tsBAP_official/data/fep/fep_benchmark_inputs/structure_inputs/waterset/throm_nozob_hip75_ligands_split/throm_nozob_hip75_molecule_7b.sdf,throm_nozob_hip75,-7.409305095672607,-6.900000095367432,1133,6.214287,6.214287
1134,throm_nozob_hip75_molecule_7c_pose_1,/rds/general/user/cr725/home/aev-plig_research/github_tsBAP_official/data/fep/fep_benchmark_inputs/structure_inputs/waterset/throm_nozob_hip75_protein.pdb,/rds/general/user/cr725/home/aev-plig_research/github_tsBAP_official/data/fep/fep_benchmark_inputs/structure_inputs/waterset/throm_nozob_hip75_ligands_split/throm_nozob_hip75_molecule_7c_pose_1.sdf,throm_nozob_hip75,-8.008489608764648,-7.449999809265137,1134,6.082187,6.082187
1135,throm_nozob_hip75_molecule_7f,/rds/general/user/cr725/home/aev-plig_research/github_tsBAP_official/data/fep/fep_benchmark_inputs/structure_inputs/waterset/throm_nozob_hip75_protein.pdb,/rds/general/user/cr725/home/aev-plig_research/github_tsBAP_official/data/fep/fep_benchmark_inputs/structure_inputs/waterset/throm_nozob_hip75_ligands_split/throm_nozob_hip75_molecule_7f.sdf,throm_nozob_hip75,-6.122768878936768,-7.380000114440918,1135,5.0137744,5.0137744
1136,throm_nozob_hip75_molecule_2b_pose_1,/rds/general/user/cr725/home/aev-plig_research/github_tsBAP_official/data/fep/fep_benchmark_inputs/structure_inputs/waterset/throm_nozob_hip75_protein.pdb,/rds/general/user/cr725/home/aev-plig_research/github_tsBAP_official/data/fep/fep_benchmark_inputs/structure_inputs/waterset/throm_nozob_hip75_ligands_split/throm_nozob_hip75_molecule_2b_pose_1.sdf,throm_nozob_hip75,-7.285645008087158,-7.539999961853027,1136,7.0977693,7.0977693
1137,throm_nozob_hip75_molecule_1a_pose_2,/rds/general/user/cr725/home/aev-plig_research/github_tsBAP_official/data/fep/fep_benchmark_inputs/structure_inputs/waterset/throm_nozob_hip75_protein.pdb,/rds/general/user/cr725/home/aev-plig_research/github_tsBAP_official/data/fep/fep_benchmark_inputs/structure_inputs/waterset/throm_nozob_hip75_ligands_split/throm_nozob_hip75_molecule_1a_pose_2.sdf,throm_nozob_hip75,-7.409305095672607,-6.869999885559082,1137,7.48298,7.48298
1138,throm_nozob_hip75_molecule_7e_pose_1,/rds/general/user/cr725/home/aev-plig_research/github_tsBAP_official/data/fep/fep_benchmark_inputs/structure_inputs/waterset/throm_nozob_hip75_protein.pdb,/rds/general/user/cr725/home/aev-plig_research/github_tsBAP_official/data/fep/fep_benchmark_inputs/structure_inputs/waterset/throm_nozob_hip75_ligands_split/throm_nozob_hip75_molecule_7e_pose_1.sdf,throm_nozob_hip75,-5.654734134674072,-7.659999847412109,1138,7.22884,7.22884
1139,throm_nozob_hip75_molecule_6a_pose_1,/rds/general/user/cr725/home/aev-plig_research/github_tsBAP_official/data/fep/fep_benchmark_inputs/structure_inputs/waterset/throm_nozob_hip75_protein.pdb,/rds/general/user/cr725/home/aev-plig_research/github_tsBAP_official/data/fep/fep_benchmark_inputs/structure_inputs/waterset/throm_nozob_hip75_ligands_split/throm_nozob_hip75_molecule_6a_pose_1.sdf,throm_nozob_hip75,-9.910837173461914,-9.09000015258789,1139,8.24587,8.24587
1140,throm_nozob_hip75_molecule_5,/rds/general/user/cr725/home/aev-plig_research/github_tsBAP_official/data/fep/fep_benchmark_inputs/structure_inputs/waterset/throm_nozob_hip75_protein.pdb,/rds/general/user/cr725/home/aev-plig_research/github_tsBAP_official/data/fep/fep_benchmark_inputs/structure_inputs/waterset/throm_nozob_hip75_ligands_split/throm_nozob_hip75_molecule_5.sdf,throm_nozob_hip75,-6.793628215789795,-6.230000019073486,1140,7.5494947,7.5494947
1141,throm_nozob_hip75_molecule_1c_pose_2,/rds/general/user/cr725/home/aev-plig_research/github_tsBAP_official/data/fep/fep_benchmark_inputs/structure_inputs/waterset/throm_nozob_hip75_protein.pdb,/rds/general/user/cr725/home/aev-plig_research/github_tsBAP_official/data/fep/fep_benchmark_inputs/structure_inputs/waterset/throm_nozob_hip75_ligands_split/throm_nozob_hip75_molecule_1c_pose_2.sdf,throm_nozob_hip75,-8.579615592956543,-8.75,1141,7.632459,7.632459
1142,throm_nozob_hip75_molecule_2a_pose_2,/rds/general/user/cr725/home/aev-plig_research/github_tsBAP_official/data/fep/fep_benchmark_inputs/structure_inputs/waterset/throm_nozob_hip75_protein.pdb,/rds/general/user/cr725/home/aev-plig_research/github_tsBAP_official/data/fep/fep_benchmark_inputs/structure_inputs/waterset/throm_nozob_hip75_ligands_split/throm_nozob_hip75_molecule_2a_pose_2.sdf,throm_nozob_hip75,-6.616480827331543,-6.909999847412109,1142,7.2837744,7.2837744
1143,throm_nozob_hip75_molecule_7a_pose_2,/rds/general/user/cr725/home/aev-plig_research/github_tsBAP_official/data/fep/fep_benchmark_inputs/structure_inputs/waterset/throm_nozob_hip75_protein.pdb,/rds/general/user/cr725/home/aev-plig_research/github_tsBAP_official/data/fep/fep_benchmark_inputs/structure_inputs/waterset/throm_nozob_hip75_ligands_split/throm_nozob_hip75_molecule_7a_pose_2.sdf,throm_nozob_hip75,-7.624663829803467,-7.610000133514404,1143,7.8303986,7.8303986
1144,throm_nozob_hip75_molecule_3b_pose_1,/rds/general/user/cr725/home/aev-plig_research/github_tsBAP_official/data/fep/fep_benchmark_inputs/structure_inputs/waterset/throm_nozob_hip75_protein.pdb,/rds/general/user/cr725/home/aev-plig_research/github_tsBAP_official/data/fep/fep_benchmark_inputs/structure_inputs/waterset/throm_nozob_hip75_ligands_split/throm_nozob_hip75_molecule_3b_pose_1.sdf,throm_nozob_hip75,-7.254891872406006,-7.420000076293945,1144,7.901822,7.901822
1145,throm_nozob_hip75_molecule_6d_pose_2,/rds/general/user/cr725/home/aev-plig_research/github_tsBAP_official/data/fep/fep_benchmark_inputs/structure_inputs/waterset/throm_nozob_hip75_protein.pdb,/rds/general/user/cr725/home/aev-plig_research/github_tsBAP_official/data/fep/fep_benchmark_inputs/structure_inputs/waterset/throm_nozob_hip75_ligands_split/throm_nozob_hip75_molecule_6d_pose_2.sdf,throm_nozob_hip75,-8.73290729522705,-9.65999984741211,1145,7.481251,7.481251
1146,throm_nozob_hip75_molecule_6c_pose_1,/rds/general/user/cr725/home/aev-plig_research/github_tsBAP_official/data/fep/fep_benchmark_inputs/structure_inputs/waterset/throm_nozob_hip75_protein.pdb,/rds/general/user/cr725/home/aev-plig_research/github_tsBAP_official/data/fep/fep_benchmark_inputs/structure_inputs/waterset/throm_nozob_hip75_ligands_split/throm_nozob_hip75_molecule_6c_pose_1.sdf,throm_nozob_hip75,-9.01440715789795,-8.869999885559082,1146,7.785575,7.785575
1147,throm_nozob_hip75_molecule_3a_xtal_pose,/rds/general/user/cr725/home/aev-plig_research/github_tsBAP_official/data/fep/fep_benchmark_inputs/structure_inputs/waterset/throm_nozob_hip75_protein.pdb,/rds/general/user/cr725/home/aev-plig_research/github_tsBAP_official/data/fep/fep_benchmark_inputs/structure_inputs/waterset/throm_nozob_hip75_ligands_split/throm_nozob_hip75_molecule_3a_xtal_pose.sdf,throm_nozob_hip75,-8.120434761047363,-7.96999979019165,1147,8.0420265,8.0420265
1148,throm_nozob_hip75_molecule_1b_pose_2,/rds/general/user/cr725/home/aev-plig_research/github_tsBAP_official/data/fep/fep_benchmark_inputs/structure_inputs/waterset/throm_nozob_hip75_protein.pdb,/rds/general/user/cr725/home/aev-plig_research/github_tsBAP_official/data/fep/fep_benchmark_inputs/structure_inputs/waterset/throm_nozob_hip75_ligands_split/throm_nozob_hip75_molecule_1b_pose_2.sdf,throm_nozob_hip75,-9.256064414978027,-8.010000228881836,1148,7.204107,7.204107
1149,throm_nozob_hip75_molecule_6b_pose_2,/rds/general/user/cr725/home/aev-plig_research/github_tsBAP_official/data/fep/fep_benchmark_inputs/structure_inputs/waterset/throm_nozob_hip75_protein.pdb,/rds/general/user/cr725/home/aev-plig_research/github_tsBAP_official/data/fep/fep_benchmark_inputs/structure_inputs/waterset/throm_nozob_hip75_ligands_split/throm_nozob_hip75_molecule_6b_pose_2.sdf,throm_nozob_hip75,-9.03689956665039,-8.34000015258789,1149,7.227246,7.227246
1150,throm_nozob_hip75_molecule_6e_pose_1,/rds/general/user/cr725/home/aev-plig_research/github_tsBAP_official/data/fep/fep_benchmark_inputs/structure_inputs/waterset/throm_nozob_hip75_protein.pdb,/rds/general/user/cr725/home/aev-plig_research/github_tsBAP_official/data/fep/fep_benchmark_inputs/structure_inputs/waterset/throm_nozob_hip75_ligands_split/throm_nozob_hip75_molecule_6e_pose_1.sdf,throm_nozob_hip75,-8.647159576416016,-8.220000267028809,1150,8.137899,8.137899
1151,throm_nozob_hip75_molecule_1d_pose_2,/rds/general/user/cr725/home/aev-plig_research/github_tsBAP_official/data/fep/fep_benchmark_inputs/structure_inputs/waterset/throm_nozob_hip75_protein.pdb,/rds/general/user/cr725/home/aev-plig_research/github_tsBAP_official/data/fep/fep_benchmark_inputs/structure_inputs/waterset/throm_nozob_hip75_ligands_split/throm_nozob_hip75_molecule_1d_pose_2.sdf,throm_nozob_hip75,-8.601290702819824,-8.8100004196167,1151,7.4728284,7.4728284
1152,taf12_molecule_cmpd_5__1-Butenyl_,/rds/general/user/cr725/home/aev-plig_research/github_tsBAP_official/data/fep/fep_benchmark_inputs/structure_inputs/waterset/taf12_protein.pdb,/rds/general/user/cr725/home/aev-plig_research/github_tsBAP_official/data/fep/fep_benchmark_inputs/structure_inputs/waterset/taf12_ligands_split/taf12_molecule_cmpd_5__1-Butenyl_.sdf,taf12,-10.0,-9.59000015258789,1152,4.860409,4.860409
1153,taf12_molecule_cmpd_2__methyl_,/rds/general/user/cr725/home/aev-plig_research/github_tsBAP_official/data/fep/fep_benchmark_inputs/structure_inputs/waterset/taf12_protein.pdb,/rds/general/user/cr725/home/aev-plig_research/github_tsBAP_official/data/fep/fep_benchmark_inputs/structure_inputs/waterset/taf12_ligands_split/taf12_molecule_cmpd_2__methyl_.sdf,taf12,-9.859999656677246,-9.449999809265137,1153,7.6582136,7.6582136
1154,taf12_molecule_cmpd_3__Allyl_,/rds/general/user/cr725/home/aev-plig_research/github_tsBAP_official/data/fep/fep_benchmark_inputs/structure_inputs/waterset/taf12_protein.pdb,/rds/general/user/cr725/home/aev-plig_research/github_tsBAP_official/data/fep/fep_benchmark_inputs/structure_inputs/waterset/taf12_ligands_split/taf12_molecule_cmpd_3__Allyl_.sdf,taf12,-8.34000015258789,-8.670000076293945,1154,4.784543,4.784543
1155,taf12_molecule_cmpd_9__methoxyethyl_,/rds/general/user/cr725/home/aev-plig_research/github_tsBAP_official/data/fep/fep_benchmark_inputs/structure_inputs/waterset/taf12_protein.pdb,/rds/general/user/cr725/home/aev-plig_research/github_tsBAP_official/data/fep/fep_benchmark_inputs/structure_inputs/waterset/taf12_ligands_split/taf12_molecule_cmpd_9__methoxyethyl_.sdf,taf12,-7.690000057220459,-7.610000133514404,1155,6.12292,6.12292
1156,taf12_molecule_cmpd_6__ethyl_,/rds/general/user/cr725/home/aev-plig_research/github_tsBAP_official/data/fep/fep_benchmark_inputs/structure_inputs/waterset/taf12_protein.pdb,/rds/general/user/cr725/home/aev-plig_research/github_tsBAP_official/data/fep/fep_benchmark_inputs/structure_inputs/waterset/taf12_ligands_split/taf12_molecule_cmpd_6__ethyl_.sdf,taf12,-8.529999732971191,-8.819999694824219,1156,4.6494527,4.6494527
1157,taf12_molecule_cmpd_8__n-Butyl_,/rds/general/user/cr725/home/aev-plig_research/github_tsBAP_official/data/fep/fep_benchmark_inputs/structure_inputs/waterset/taf12_protein.pdb,/rds/general/user/cr725/home/aev-plig_research/github_tsBAP_official/data/fep/fep_benchmark_inputs/structure_inputs/waterset/taf12_ligands_split/taf12_molecule_cmpd_8__n-Butyl_.sdf,taf12,-8.279999732971191,-8.680000305175781,1157,5.2745996,5.2745996
1158,taf12_molecule_cmpd_7__n-propyl_,/rds/general/user/cr725/home/aev-plig_research/github_tsBAP_official/data/fep/fep_benchmark_inputs/structure_inputs/waterset/taf12_protein.pdb,/rds/general/user/cr725/home/aev-plig_research/github_tsBAP_official/data/fep/fep_benchmark_inputs/structure_inputs/waterset/taf12_ligands_split/taf12_molecule_cmpd_7__n-propyl_.sdf,taf12,-8.119999885559082,-8.369999885559082,1158,4.8390365,4.8390365
1159,taf12_molecule_cmpd_4__Crotyl_,/rds/general/user/cr725/home/aev-plig_research/github_tsBAP_official/data/fep/fep_benchmark_inputs/structure_inputs/waterset/taf12_protein.pdb,/rds/general/user/cr725/home/aev-plig_research/github_tsBAP_official/data/fep/fep_benchmark_inputs/structure_inputs/waterset/taf12_ligands_split/taf12_molecule_cmpd_4__Crotyl_.sdf,taf12,-8.710000038146973,-8.329999923706055,1159,5.0769644,5.0769644
1160,chk1_molecule_21__Xtal_,/rds/general/user/cr725/home/aev-plig_research/github_tsBAP_official/data/fep/fep_benchmark_inputs/structure_inputs/waterset/chk1_protein.pdb,/rds/general/user/cr725/home/aev-plig_research/github_tsBAP_official/data/fep/fep_benchmark_inputs/structure_inputs/waterset/chk1_ligands_split/chk1_molecule_21__Xtal_.sdf,chk1,-13.06863021850586,-13.100000381469728,1160,16.958956,16.958956
1161,chk1_molecule_22,/rds/general/user/cr725/home/aev-plig_research/github_tsBAP_official/data/fep/fep_benchmark_inputs/structure_inputs/waterset/chk1_protein.pdb,/rds/general/user/cr725/home/aev-plig_research/github_tsBAP_official/data/fep/fep_benchmark_inputs/structure_inputs/waterset/chk1_ligands_split/chk1_molecule_22.sdf,chk1,-13.06863021850586,-12.640000343322754,1161,19.392328,19.392328
1162,chk1_molecule_24_pose_2,/rds/general/user/cr725/home/aev-plig_research/github_tsBAP_official/data/fep/fep_benchmark_inputs/structure_inputs/waterset/chk1_protein.pdb,/rds/general/user/cr725/home/aev-plig_research/github_tsBAP_official/data/fep/fep_benchmark_inputs/structure_inputs/waterset/chk1_ligands_split/chk1_molecule_24_pose_2.sdf,chk1,-13.177300453186035,-11.510000228881836,1162,6.76123,6.76123
1163,chk1_molecule_14_docked,/rds/general/user/cr725/home/aev-plig_research/github_tsBAP_official/data/fep/fep_benchmark_inputs/structure_inputs/waterset/chk1_protein.pdb,/rds/general/user/cr725/home/aev-plig_research/github_tsBAP_official/data/fep/fep_benchmark_inputs/structure_inputs/waterset/chk1_ligands_split/chk1_molecule_14_docked.sdf,chk1,-10.870059967041016,-11.229999542236328,1163,10.028501,10.028501
1164,chk1_molecule_18_docked,/rds/general/user/cr725/home/aev-plig_research/github_tsBAP_official/data/fep/fep_benchmark_inputs/structure_inputs/waterset/chk1_protein.pdb,/rds/general/user/cr725/home/aev-plig_research/github_tsBAP_official/data/fep/fep_benchmark_inputs/structure_inputs/waterset/chk1_ligands_split/chk1_molecule_18_docked.sdf,chk1,-9.549579620361328,-10.270000457763672,1164,4.801542,4.801542
1165,chk1_molecule_13_docked,/rds/general/user/cr725/home/aev-plig_research/github_tsBAP_official/data/fep/fep_benchmark_inputs/structure_inputs/waterset/chk1_protein.pdb,/rds/general/user/cr725/home/aev-plig_research/github_tsBAP_official/data/fep/fep_benchmark_inputs/structure_inputs/waterset/chk1_ligands_split/chk1_molecule_13_docked.sdf,chk1,-9.920853614807127,-11.5,1165,9.3359,9.3359
1166,chk1_molecule_20,/rds/general/user/cr725/home/aev-plig_research/github_tsBAP_official/data/fep/fep_benchmark_inputs/structure_inputs/waterset/chk1_protein.pdb,/rds/general/user/cr725/home/aev-plig_research/github_tsBAP_official/data/fep/fep_benchmark_inputs/structure_inputs/waterset/chk1_ligands_split/chk1_molecule_20.sdf,chk1,-10.082300186157228,-9.229999542236328,1166,5.1741314,5.1741314
1167,chk1_molecule_12_docked,/rds/general/user/cr725/home/aev-plig_research/github_tsBAP_official/data/fep/fep_benchmark_inputs/structure_inputs/waterset/chk1_protein.pdb,/rds/general/user/cr725/home/aev-plig_research/github_tsBAP_official/data/fep/fep_benchmark_inputs/structure_inputs/waterset/chk1_ligands_split/chk1_molecule_12_docked.sdf,chk1,-8.612431526184082,-8.479999542236328,1167,7.4781084,7.4781084
1168,chk1_molecule_16_docked,/rds/general/user/cr725/home/aev-plig_research/github_tsBAP_official/data/fep/fep_benchmark_inputs/structure_inputs/waterset/chk1_protein.pdb,/rds/general/user/cr725/home/aev-plig_research/github_tsBAP_official/data/fep/fep_benchmark_inputs/structure_inputs/waterset/chk1_ligands_split/chk1_molecule_16_docked.sdf,chk1,-11.781579971313477,-12.06999969482422,1168,16.727108,16.727108
1169,chk1_molecule_19,/rds/general/user/cr725/home/aev-plig_research/github_tsBAP_official/data/fep/fep_benchmark_inputs/structure_inputs/waterset/chk1_protein.pdb,/rds/general/user/cr725/home/aev-plig_research/github_tsBAP_official/data/fep/fep_benchmark_inputs/structure_inputs/waterset/chk1_ligands_split/chk1_molecule_19.sdf,chk1,-10.249360084533691,-9.59000015258789,1169,5.529365,5.529365
1170,chk1_molecule_17_torsion_adjust,/rds/general/user/cr725/home/aev-plig_research/github_tsBAP_official/data/fep/fep_benchmark_inputs/structure_inputs/waterset/chk1_protein.pdb,/rds/general/user/cr725/home/aev-plig_research/github_tsBAP_official/data/fep/fep_benchmark_inputs/structure_inputs/waterset/chk1_ligands_split/chk1_molecule_17_torsion_adjust.sdf,chk1,-10.323949813842772,-10.18000030517578,1170,18.139826,18.139826
1171,chk1_molecule_15_docked,/rds/general/user/cr725/home/aev-plig_research/github_tsBAP_official/data/fep/fep_benchmark_inputs/structure_inputs/waterset/chk1_protein.pdb,/rds/general/user/cr725/home/aev-plig_research/github_tsBAP_official/data/fep/fep_benchmark_inputs/structure_inputs/waterset/chk1_ligands_split/chk1_molecule_15_docked.sdf,chk1,-10.043829917907717,-9.109999656677246,1171,10.082039,10.082039
1172,chk1_molecule_11_docked,/rds/general/user/cr725/home/aev-plig_research/github_tsBAP_official/data/fep/fep_benchmark_inputs/structure_inputs/waterset/chk1_protein.pdb,/rds/general/user/cr725/home/aev-plig_research/github_tsBAP_official/data/fep/fep_benchmark_inputs/structure_inputs/waterset/chk1_ligands_split/chk1_molecule_11_docked.sdf,chk1,-10.978730201721191,-12.8100004196167,1172,10.33939,10.33939
1173,hsp90_kung_molecule_cmpd_16,/rds/general/user/cr725/home/aev-plig_research/github_tsBAP_official/data/fep/fep_benchmark_inputs/structure_inputs/waterset/hsp90_kung_protein.pdb,/rds/general/user/cr725/home/aev-plig_research/github_tsBAP_official/data/fep/fep_benchmark_inputs/structure_inputs/waterset/hsp90_kung_ligands_split/hsp90_kung_molecule_cmpd_16.sdf,hsp90_kung,-10.329999923706056,-10.100000381469728,1173,4.8780327,4.8780327
1174,hsp90_kung_molecule_cmpd_9,/rds/general/user/cr725/home/aev-plig_research/github_tsBAP_official/data/fep/fep_benchmark_inputs/structure_inputs/waterset/hsp90_kung_protein.pdb,/rds/general/user/cr725/home/aev-plig_research/github_tsBAP_official/data/fep/fep_benchmark_inputs/structure_inputs/waterset/hsp90_kung_ligands_split/hsp90_kung_molecule_cmpd_9.sdf,hsp90_kung,-7.920000076293945,-8.3100004196167,1174,7.0275035,7.0275035
1175,hsp90_kung_molecule_cmpd_13,/rds/general/user/cr725/home/aev-plig_research/github_tsBAP_official/data/fep/fep_benchmark_inputs/structure_inputs/waterset/hsp90_kung_protein.pdb,/rds/general/user/cr725/home/aev-plig_research/github_tsBAP_official/data/fep/fep_benchmark_inputs/structure_inputs/waterset/hsp90_kung_ligands_split/hsp90_kung_molecule_cmpd_13.sdf,hsp90_kung,-10.149999618530272,-11.4399995803833,1175,4.217356,4.217356
1176,hsp90_kung_molecule_cmpd_14,/rds/general/user/cr725/home/aev-plig_research/github_tsBAP_official/data/fep/fep_benchmark_inputs/structure_inputs/waterset/hsp90_kung_protein.pdb,/rds/general/user/cr725/home/aev-plig_research/github_tsBAP_official/data/fep/fep_benchmark_inputs/structure_inputs/waterset/hsp90_kung_ligands_split/hsp90_kung_molecule_cmpd_14.sdf,hsp90_kung,-7.820000171661377,-7.349999904632568,1176,6.9910483,6.9910483
1177,hsp90_kung_molecule_cmpd_15,/rds/general/user/cr725/home/aev-plig_research/github_tsBAP_official/data/fep/fep_benchmark_inputs/structure_inputs/waterset/hsp90_kung_protein.pdb,/rds/general/user/cr725/home/aev-plig_research/github_tsBAP_official/data/fep/fep_benchmark_inputs/structure_inputs/waterset/hsp90_kung_ligands_split/hsp90_kung_molecule_cmpd_15.sdf,hsp90_kung,-9.609999656677246,-9.43000030517578,1177,7.376687,7.376687
1178,hsp90_kung_molecule_cmpd_7,/rds/general/user/cr725/home/aev-plig_research/github_tsBAP_official/data/fep/fep_benchmark_inputs/structure_inputs/waterset/hsp90_kung_protein.pdb,/rds/general/user/cr725/home/aev-plig_research/github_tsBAP_official/data/fep/fep_benchmark_inputs/structure_inputs/waterset/hsp90_kung_ligands_split/hsp90_kung_molecule_cmpd_7.sdf,hsp90_kung,-9.40999984741211,-7.070000171661377,1178,6.177476,6.177476
1179,hsp90_kung_molecule_cmpd_17,/rds/general/user/cr725/home/aev-plig_research/github_tsBAP_official/data/fep/fep_benchmark_inputs/structure_inputs/waterset/hsp90_kung_protein.pdb,/rds/general/user/cr725/home/aev-plig_research/github_tsBAP_official/data/fep/fep_benchmark_inputs/structure_inputs/waterset/hsp90_kung_ligands_split/hsp90_kung_molecule_cmpd_17.sdf,hsp90_kung,-10.739999771118164,-11.1899995803833,1179,4.5363755,4.5363755
1180,hsp90_kung_molecule_cmpd_11,/rds/general/user/cr725/home/aev-plig_research/github_tsBAP_official/data/fep/fep_benchmark_inputs/structure_inputs/waterset/hsp90_kung_protein.pdb,/rds/general/user/cr725/home/aev-plig_research/github_tsBAP_official/data/fep/fep_benchmark_inputs/structure_inputs/waterset/hsp90_kung_ligands_split/hsp90_kung_molecule_cmpd_11.sdf,hsp90_kung,-9.1899995803833,-9.670000076293944,1180,7.5299067,7.5299067
1181,hsp90_kung_molecule_cmpd_12,/rds/general/user/cr725/home/aev-plig_research/github_tsBAP_official/data/fep/fep_benchmark_inputs/structure_inputs/waterset/hsp90_kung_protein.pdb,/rds/general/user/cr725/home/aev-plig_research/github_tsBAP_official/data/fep/fep_benchmark_inputs/structure_inputs/waterset/hsp90_kung_ligands_split/hsp90_kung_molecule_cmpd_12.sdf,hsp90_kung,-9.1899995803833,-10.529999732971191,1181,7.383489,7.383489
1182,hsp90_kung_molecule_cmpd_10,/rds/general/user/cr725/home/aev-plig_research/github_tsBAP_official/data/fep/fep_benchmark_inputs/structure_inputs/waterset/hsp90_kung_protein.pdb,/rds/general/user/cr725/home/aev-plig_research/github_tsBAP_official/data/fep/fep_benchmark_inputs/structure_inputs/waterset/hsp90_kung_ligands_split/hsp90_kung_molecule_cmpd_10.sdf,hsp90_kung,-9.1899995803833,-10.300000190734863,1182,6.4949145,6.4949145
1183,hsp90_kung_molecule_cmpd_8,/rds/general/user/cr725/home/aev-plig_research/github_tsBAP_official/data/fep/fep_benchmark_inputs/structure_inputs/waterset/hsp90_kung_protein.pdb,/rds/general/user/cr725/home/aev-plig_research/github_tsBAP_official/data/fep/fep_benchmark_inputs/structure_inputs/waterset/hsp90_kung_ligands_split/hsp90_kung_molecule_cmpd_8.sdf,hsp90_kung,-6.860000133514404,-5.039999961853027,1183,4.611441,4.611441
